{"_timestamp":1.745576777902384e+09,"test/achieved_goal":[0.5177882313728333,-0.16074422001838684,0.028991512954235077],"test/steps":3,"global_step":3,"test/env_info":[1,1],"test/observations":[[0.5152426958084106,-0.15566328167915344,0.07710088789463043,0.0800003856420517,0.5177882313728333,-0.16074422001838684,0.028991512954235077,0.07230126112699509,-0.053678277879953384,-0.03527750447392464]],"_step":3,"_wandb":{"runtime":34},"test/done":false,"test/action":[-0.5234372019767761,-0.9697945713996887,-0.935009777545929,0.8261474370956421],"test/desired_goal":[0.6000000238418579,0.019999999552965164,0.029999999329447746],"test/episode":0,"test/causal_embedding":[0.035047855228185654,0.08768172562122345,-0.040959469974040985,0.012919148430228233,0.08527323603630066,0.0096636563539505],"_runtime":34.705420386,"test/reward":-0.1985655128955841}