{"_runtime":96.502969554,"_timestamp":1.745577745146224e+09,"test/reward":-0.08601231873035431,"test/env_info":[1,1],"test/achieved_goal":[0.6206907033920288,-0.06348621845245361,0.030255861580371857],"test/episode":1,"test/steps":8,"_wandb":{"runtime":96},"test/observations":[[0.5901567339897156,-0.08804032951593399,0.08222217112779617,0.08000104129314423,0.6206907033920288,-0.06348621845245361,0.030255861580371857,0.08839723467826843,-0.06869085878133774,-0.01884741708636284]],"test/causal_embedding":[0.09154427796602249,-0.4595267176628113,-0.025787129998207092,0.0900665745139122,-0.2637169659137726,0.34040284156799316],"global_step":17,"test/desired_goal":[0.6000000238418579,0.019999999552965164,0.029999999329447746],"_step":17,"test/action":[0.6811399459838867,0.9381190538406372,-0.19263452291488647,0.6210757493972778],"test/done":false}