_step,test/achieved_goal,test/action,test/done,test/desired_goal,test/observations,test/causal_embedding,test/env_info,_runtime,test/reward,test/episode,global_step,_timestamp,test/steps
0,"[0.5842756628990173, -0.1284683793783188, 0.028339795768260956]","[-0.5066657066345215, -0.40087568759918213, -0.30320531129837036, 0.5154100656509399]",False,"[0.6000000238418579, 0.019999999552965164, 0.029999999329447746]","[[0.612672746181488, -0.02021883614361286, 0.1819399744272232, 0.07999709993600845, 0.5842756628990173, -0.1284683793783188, 0.028339795768260956, 0.0834389477968216, -0.062212031334638596, 0.07638156414031982]]","[0.17046460509300232, 0.02303852140903473, 0.3227945566177368, 0.1159282773733139, 0.26311761140823364, 0.1455909162759781]","[1, 1]",22.404065256,-0.1493079662322998,0,0,1745573288.4512513,0
1,"[0.5842658877372742, -0.12853768467903137, 0.02835906110703945]","[0.05099129676818848, -0.9573251605033875, -0.9384368658065796, 0.6011654138565063]",False,"[0.6000000238418579, 0.019999999552965164, 0.029999999329447746]","[[0.6148979067802429, -0.06780558079481125, 0.13467170298099518, 0.07999776303768158, 0.5842658877372742, -0.12853768467903137, 0.02835906110703945, 0.08434496819972992, -0.06191793456673622, 0.07581514865159988]]","[0.2150888741016388, 0.30285370349884033, -0.013554982841014862, -0.11479850858449936, 0.1906813532114029, -0.1454913169145584]","[1, 1]",25.3689625,-0.149377703666687,0,1,1745573291.6549966,1
2,"[0.5842766761779785, -0.12819530069828033, 0.02898334339261055]","[-0.2998839020729065, -0.9318906664848328, -0.9108142852783203, 0.8083579540252686]",False,"[0.6000000238418579, 0.019999999552965164, 0.029999999329447746]","[[0.5999008417129517, -0.11413419991731644, 0.089154914021492, 0.07999972999095917, 0.5842766761779785, -0.12819530069828033, 0.02898334339261055, 0.08354818820953369, -0.06078648939728737, 0.07526350766420364]]","[0.2328566014766693, 0.1823716014623642, 0.0015743076801300049, -0.09374706447124481, 0.15974047780036926, -0.0920315757393837]","[1, 1]",28.704806476999998,-0.14903055131435394,0,2,1745573294.6198792,2
3,"[0.5841235518455505, -0.1285291165113449, 0.028112394735217094]","[0.42945337295532227, -0.42739808559417725, -0.9686678051948547, 0.400790810585022]",False,"[0.6000000238418579, 0.019999999552965164, 0.029999999329447746]","[[0.6212143301963806, -0.13511040806770325, 0.04062925651669502, 0.0800003856420517, 0.5841235518455505, -0.1285291165113449, 0.028112394735217094, 0.08388657867908478, -0.06331686675548553, 0.07606038451194763]]","[0.3666948676109314, 0.1473545879125595, 0.023583069443702698, -0.19244806468486786, 0.046292465180158615, -0.28860634565353394]","[1, 1]",31.952846791,-0.1493871659040451,0,3,1745573297.9553673,3
4,"[0.584269642829895, -0.12830409407615662, 0.028215328231453896]","[-0.2189931869506836, 0.5480862855911255, 0.28829073905944824, -0.44233232736587524]",False,"[0.6000000238418579, 0.019999999552965164, 0.029999999329447746]","[[0.6097245216369629, -0.10772395133972168, 0.054105471819639206, 0.064000703394413, 0.584269642829895, -0.12830409407615662, 0.028215328231453896, 0.0833287313580513, -0.06216263771057129, 0.07568024843931198]]","[0.02425023913383484, 0.04646526277065277, 0.23282429575920105, 0.19994746148586273, -0.4357061982154846, -0.23913325369358063]","[1, 1]",38.956737361,-0.1491466909646988,0,4,1745573301.20375,4
5,"[0.5759931802749634, -0.10823161154985428, 0.03534689545631409]","[-0.2189931869506836, 0.5480862855911255, 0.28829073905944824, -0.44233232736587524]",True,"[0.6000000238418579, 0.019999999552965164, 0.029999999329447746]","[[0.5994645953178406, 0.019751066341996193, 0.058994270861148834, 0.07998265326023102, 0.5759931802749634, -0.10823161154985428, 0.03534689545631409, 0.0896918773651123, -0.38862350583076477, -0.0030513948295265436]]","[0.03896528482437134, 0.1636585146188736, 0.36379820108413696, 0.19218479096889496, -0.4139591157436371, -0.1231420710682869]","[1, 1]",51.903581045,-0.1305689960718155,0,5,1745573308.207722,5
6,"[0.5973517298698425, 0.01776622049510479, 0.02966383658349514]","[-0.4299775958061218, 0.45159220695495605, -0.7767806649208069, 0.7903742790222168]",False,"[0.6000000238418579, 0.019999999552965164, 0.029999999329447746]","[[0.6165130734443665, 0.022638438269495964, 0.15841394662857056, 0.07999709993600845, 0.5973517298698425, 0.01776622049510479, 0.02966383658349514, 0.08101516962051392, -0.041099365800619125, -0.1262204498052597]]","[0.22812649607658386, 0.019738689064979553, -0.05876937508583069, 0.13937251269817352, 0.00046800076961517334, -0.011495895683765411]","[1, 1]",54.900414679,-0.0034808204509317875,1,6,1745573321.1544998,0
7,"[0.5979229211807251, 0.019887076690793037, 0.030661145225167274]","[0.10611152648925781, -0.21713519096374512, -0.9386487007141113, 0.6162019968032837]",False,"[0.6000000238418579, 0.019999999552965164, 0.029999999329447746]","[[0.6214950680732727, 0.011978949420154095, 0.1112251877784729, 0.07999841868877411, 0.5979229211807251, 0.019887076690793037, 0.030661145225167274, 0.08487649261951447, -0.0395200178027153, -0.12936100363731384]]","[0.0683736801147461, 0.14088867604732513, -0.03244037181138992, -0.04014571011066437, 0.13691727817058563, -0.016119293868541718]","[1, 1]",57.980331757,-0.0021826867014169693,1,7,1745573324.1513162,1
8,"[0.596596360206604, 0.01695198193192482, 0.02876753732562065]","[-0.09470242261886597, -0.0970107913017273, -0.969111442565918, 0.44105565547943115]",False,"[0.6000000238418579, 0.019999999552965164, 0.029999999329447746]","[[0.6167316436767578, 0.007382705807685852, 0.0628310889005661, 0.07999972999095917, 0.596596360206604, 0.01695198193192482, 0.02876753732562065, 0.07986867427825928, -0.042222730815410614, -0.1249723732471466]]","[0.010609779506921768, 0.039632707834243774, -0.1185164824128151, -0.040555909276008606, 0.02699749916791916, 0.0017664320766925812]","[1, 1]",60.948021854,-0.004732245113700628,1,8,1745573327.2312284,2
9,"[0.5649856328964233, -0.14311262965202332, 0.028059184551239014]","[0.010609745979309082, -0.8123590350151062, -0.5528355836868286, -0.0047994256019592285]",False,"[0.6000000238418579, 0.019999999552965164, 0.029999999329447746]","[[0.6170169115066528, -0.032963354140520096, 0.03509894758462906, 0.07904230803251266, 0.5649856328964233, -0.14311262965202332, 0.028059184551239014, 0.10884983092546463, -0.07301770895719528, -0.00492723798379302]]","[-0.11024891585111618, 0.04370735585689545, 0.2868693768978119, 0.09362081438302994, 0.23907050490379333, -0.012347833253443241]","[1, 1]",64.08796574,-0.16683974862098694,1,9,1745573330.1989803,3
10,"[0.565229058265686, -0.1430472731590271, 0.028196271508932114]","[0.5345733165740967, 0.9375617504119873, 0.9767131805419922, 0.8741433620452881]",False,"[0.6000000238418579, 0.019999999552965164, 0.029999999329447746]","[[0.6433056592941284, 0.013734972104430199, 0.08331263810396194, 0.07999709993600845, 0.565229058265686, -0.1430472731590271, 0.028196271508932114, 0.10790453851222992, -0.0725516527891159, -0.0036500031128525734]]","[-0.025887440890073776, -0.6643890738487244, 0.1873723566532135, 0.22680114209651947, -0.03553169220685959, 0.10155816376209259]","[1, 1]",67.203683166,-0.16672338545322418,1,10,1745573333.3388524,4
11,"[0.5649194717407227, -0.1426868587732315, 0.02811204269528389]","[-0.6935086250305176, -0.9244856834411621, 0.6066082715988159, 0.4854933023452759]",False,"[0.6000000238418579, 0.019999999552965164, 0.029999999329447746]","[[0.6083685159683228, -0.03227279707789421, 0.1128472089767456, 0.07999841868877411, 0.5649194717407227, -0.1426868587732315, 0.02811204269528389, 0.0931098461151123, -0.07214496284723282, -0.009186257608234882]]","[-0.29009413719177246, -0.46835845708847046, 0.18393896520137787, 0.025979693979024887, 0.18684379756450653, 0.25527453422546387]","[1, 1]",70.312284124,-0.1664368361234665,1,11,1745573336.4545732,5
12,"[0.5654979944229126, -0.14208772778511047, 0.026488684117794037]","[-0.7203972339630127, -0.9821513891220093, -0.1995631456375122, 0.6133263111114502]",False,"[0.6000000238418579, 0.019999999552965164, 0.029999999329447746]","[[0.5721007585525513, -0.08103617280721664, 0.10220134258270264, 0.07999907433986664, 0.5654979944229126, -0.14208772778511047, 0.026488684117794037, 0.09033064544200897, -0.0678594559431076, -0.00948676373809576]]","[-0.16220751404762268, -0.28843969106674194, 0.08943013101816177, 0.0732283741235733, 0.08745831251144409, 0.08815717697143555]","[1, 1]",73.267975712,-0.16575630009174347,1,12,1745573339.563194,6
13,"[0.5655262470245361, -0.14197196066379547, 0.028361864387989044]","[-0.30192089080810547, -0.9697624444961548, -0.4991445541381836, 0.645510196685791]",False,"[0.6000000238418579, 0.019999999552965164, 0.029999999329447746]","[[0.5570344924926758, -0.12929919362068176, 0.07724839448928833, 0.0800003856420517, 0.5655262470245361, -0.14197196066379547, 0.028361864387989044, 0.08716855198144913, -0.05990450456738472, -0.011200792156159878]]","[0.04229147359728813, -0.21663519740104675, 0.201922208070755, 0.2119423896074295, 0.0380680076777935, 0.18916648626327515]","[1, 1]",76.164299833,-0.16560809314250946,1,13,1745573342.5185578,7
14,"[0.5648854374885559, -0.14332522451877594, 0.02776937372982502]","[0.4502173662185669, -0.4594501256942749, -0.9512364864349365, 0.26078128814697266]",False,"[0.6000000238418579, 0.019999999552965164, 0.029999999329447746]","[[0.5794077515602112, -0.15184274315834045, 0.029605599120259285, 0.07999972999095917, 0.5648854374885559, -0.14332522451877594, 0.02776937372982502, 0.09563543647527695, -0.06108745560050011, -0.01210781279951334]]","[0.03834616392850876, 0.16561143100261688, -0.13618218898773193, -0.0698978528380394, -0.08785140514373779, 0.14765585958957672]","[1, 1]",79.944911533,-0.16707225143909454,1,14,1745573345.415235,8
15,"[0.5664990544319153, -0.14309938251972198, 0.028934355825185776]","[0.38101184368133545, 0.9731202125549316, 0.706602931022644, -0.5691372752189636]",False,"[0.6000000238418579, 0.019999999552965164, 0.029999999329447746]","[[0.5977564454078674, -0.10317955911159515, 0.06389080733060837, 0.064000703394413, 0.5664990544319153, -0.14309938251972198, 0.028934355825185776, 0.09016826748847961, -0.06605446338653564, -0.018544374033808708]]","[0.0695793479681015, -0.0465468168258667, 0.25899240374565125, -0.05289878696203232, -0.40722131729125977, -0.19833014905452728]","[1, 1]",85.796659354,-0.16650782525539398,1,15,1745573349.1954465,9
16,"[0.5837839245796204, -0.10365074872970581, 0.06217912212014198]","[0.38101184368133545, 0.9731202125549316, 0.706602931022644, -0.5691372752189636]",True,"[0.6000000238418579, 0.019999999552965164, 0.029999999329447746]","[[0.5995281934738159, 0.01978171057999134, 0.05949079245328903, 0.07859905809164047, 0.5837839245796204, -0.10365074872970581, 0.06217912212014198, 0.09364766627550125, -0.056984078139066696, -0.019379334524273872]]","[0.08536382764577866, 0.06244973838329315, 0.27054205536842346, -0.12897558510303497, -0.4735257625579834, -0.15463770925998688]","[1, 1]",85.839463849,-0.12879426777362823,1,16,1745573355.0475802,10
0,"[0.4661857485771179, -0.0636446624994278, 0.029155690222978592]","[-0.3092484474182129, 0.013629674911499023, -0.15879619121551514, 0.5612953901290894]",False,"[0.6000000238418579, 0.019999999552965164, 0.029999999329447746]","[[0.6225027441978455, 0.0008588451892137527, 0.18913619220256805, 0.0008904400165192783, 0.4661857485771179, -0.0636446624994278, 0.029155690222978592, 0.08947817236185074, -0.061751388013362885, 0.00037192701711319387]]","[0.25760310888290405, -0.06702367216348648, 0.28820884227752686, 0.28431394696235657, 0.11888788640499115, 0.21161510050296783]","[1, 1]",20.526561334,-0.1578080952167511,0,0,1745573490.6723015,0
1,"[0.465907484292984, -0.06410397589206696, 0.029311830177903175]","[-0.966437816619873, -0.7184041738510132, -0.9663695693016052, 0.8581042289733887]",False,"[0.6000000238418579, 0.019999999552965164, 0.029999999329447746]","[[0.5739853382110596, -0.03482767194509506, 0.140172079205513, 0.07999709993600845, 0.465907484292984, -0.06410397589206696, 0.029311830177903175, 0.08683783560991287, -0.05505739897489548, -0.003207996254786849]]","[0.046563614159822464, 0.35484832525253296, 0.053322091698646545, 0.08419498056173325, 0.1191578134894371, 0.2267346829175949]","[1, 1]",23.702808682,-0.1582869440317154,0,1,1745573495.041711,1
2,"[0.4662008583545685, -0.06354774534702301, 0.029965214431285858]","[-0.9769275188446045, -0.5286017656326294, -0.9717450141906738, 0.9359829425811768]",False,"[0.6000000238418579, 0.019999999552965164, 0.029999999329447746]","[[0.5251373052597046, -0.061032507568597794, 0.0915289893746376, 0.07999841868877411, 0.4662008583545685, -0.06354774534702301, 0.029965214431285858, 0.08405374735593796, -0.05724915862083435, 0.0006881122244521976]]","[0.0965971127152443, 0.10172955691814423, -0.061695344746112823, 0.13624516129493713, -0.01737073063850403, 0.10449284315109253]","[1, 1]",26.819550728,-0.15774168074131012,0,2,1745573498.2179499,2
3,"[0.4661433696746826, -0.06363978981971741, 0.029403161257505417]","[-0.9403055310249329, -0.2110501527786255, -0.9572958946228027, 0.5917428731918335]",False,"[0.6000000238418579, 0.019999999552965164, 0.029999999329447746]","[[0.47818461060523987, -0.07131059467792511, 0.04368986934423447, 0.07999907433986664, 0.4661433696746826, -0.06363978981971741, 0.029403161257505417, 0.0873042494058609, -0.06109294667840004, -0.0003892001695930958]]","[0.05115165561437607, 0.01481907069683075, -0.08547487109899521, 0.04557836800813675, 0.06980432569980621, 0.12052810192108154]","[1, 1]",30.570435967999998,-0.1578403264284134,0,3,1745573501.3343248,3
4,"[0.46616411209106445, -0.06369618326425552, 0.029569178819656372]","[0.9114203453063965, 0.725717306137085, 0.8181990385055542, -0.7410709857940674]",False,"[0.6000000238418579, 0.019999999552965164, 0.029999999329447746]","[[0.5231361985206604, -0.035062141716480255, 0.08370594680309296, 0.064000703394413, 0.46616411209106445, -0.06369618326425552, 0.029569178819656372, 0.08650729805231094, -0.06028621271252632, -4.546255240711616e-06]]","[0.10680785030126572, 0.10127060115337372, 0.3032413423061371, -0.04343842715024948, -0.2789451479911804, -0.5198286175727844]","[1, 1]",34.999735827,-0.15785208344459534,0,4,1745573505.085481,4
5,"[0.5805204510688782, 0.01969028264284134, 0.029521869495511055]","[0.9114203453063965, 0.725717306137085, 0.8181990385055542, -0.7410709857940674]",True,"[0.6000000238418579, 0.019999999552965164, 0.029999999329447746]","[[0.5995275974273682, 0.019766857847571373, 0.05956307426095009, 0.07697775214910507, 0.5804603695869446, 0.01969589665532112, 0.029546663165092468, 0.08730665594339371, -0.040160492062568665, -0.09090694785118103]]","[0.1423090398311615, -0.004721716046333313, 0.22215917706489563, -0.1033329889178276, -0.37845003604888916, -0.28448373079299927]","[1, 1]",48.067952832,-0.019487876445055008,0,5,1745573509.5149682,5
6,"[0.5386245846748352, -0.18734440207481384, 0.028112825006246567]","[-0.39182519912719727, 0.541917085647583, -0.7888673543930054, 0.7881932258605957]",False,"[0.6000000238418579, 0.019999999552965164, 0.029999999329447746]","[[0.6184311509132385, 0.027189670130610466, 0.1579321324825287, 0.07999709993600845, 0.5386245846748352, -0.18734440207481384, 0.028112825006246567, 0.10011228919029236, -0.06951189041137695, -0.032428205013275146]]","[0.2578980326652527, 0.0005767643451690674, -0.06294288486242294, 0.17143593728542328, -0.06702393293380737, -0.02956569194793701]","[1, 1]",51.075369219,-0.21624569594860077,1,6,1745573522.583107,0
7,"[0.538709819316864, -0.18475669622421265, 0.02963361330330372]","[-0.34706664085388184, -0.8100248575210571, 0.2103825807571411, 0.5642596483230591]",False,"[0.6000000238418579, 0.019999999552965164, 0.029999999329447746]","[[0.6009130477905273, -0.013106242753565311, 0.16771094501018524, 0.07999841868877411, 0.538709819316864, -0.18475669622421265, 0.02963361330330372, 0.09575790166854858, -0.07228295505046844, -0.03661125898361206]]","[-0.017622575163841248, -0.19057101011276245, 0.24397975206375122, 0.18909314274787903, 0.21557697653770447, 0.020446620881557465]","[1, 1]",54.39046024,-0.21373330056667328,1,7,1745573525.5905378,1
8,"[0.5357679128646851, -0.186940997838974, 0.028716111555695534]","[-0.5525507926940918, -0.9806430339813232, -0.30958127975463867, 0.6469488143920898]",False,"[0.6000000238418579, 0.019999999552965164, 0.029999999329447746]","[[0.5730310678482056, -0.061868589371442795, 0.15146863460540771, 0.07999907433986664, 0.5357679128646851, -0.186940997838974, 0.028716111555695534, 0.10150360316038132, -0.03535355255007744, -0.1139906570315361]]","[-0.07034173607826233, 0.10300134122371674, 0.17625737190246582, 0.14772707223892212, 0.1882200837135315, 0.13119634985923767]","[1, 1]",57.77881883,-0.21668407320976257,1,8,1745573528.9056878,2
9,"[0.5373697876930237, -0.18693864345550537, 0.028346780687570572]","[-0.3783525228500366, -0.9893355965614319, -0.3689519166946411, 0.8058962821960449]",False,"[0.6000000238418579, 0.019999999552965164, 0.029999999329447746]","[[0.5540953278541565, -0.11100522428750992, 0.13292787969112396, 0.07999972999095917, 0.5373697876930237, -0.18693864345550537, 0.028346780687570572, 0.10845682770013809, -0.050465177744627, -0.07802411168813705]]","[-0.14863941073417664, -0.1668785661458969, 0.19684278964996338, 0.1336982697248459, 0.15417909622192383, 0.03619439899921417]","[1, 1]",60.946159821,-0.21621489524841309,1,9,1745573532.2939959,3
10,"[0.5111326575279236, -0.10866214334964752, 0.02891436778008938]","[-0.41109609603881836, -0.9831575155258179, -0.7921764254570007, 0.7552434206008911]",False,"[0.6000000238418579, 0.019999999552965164, 0.029999999329447746]","[[0.5335748791694641, -0.15988367795944214, 0.09330505132675171, 0.0800003856420517, 0.5111326575279236, -0.10866214334964752, 0.02891436778008938, 0.08840322494506836, -0.06104321777820587, -0.044487252831459045]]","[0.022038502618670464, -0.056319788098335266, 0.02385789155960083, 0.06182929128408432, 0.062413573265075684, 0.022272631525993347]","[1, 1]",63.8633826,-0.1563730537891388,1,10,1745573535.461467,4
11,"[0.5101273655891418, -0.11043918132781982, 0.02845620922744274]","[-0.16751950979232788, 0.8042309284210205, -0.35213303565979004, 0.5835838317871094]",False,"[0.6000000238418579, 0.019999999552965164, 0.029999999329447746]","[[0.5251959562301636, -0.11969124525785446, 0.07569395005702972, 0.08000104129314423, 0.5101273655891418, -0.11043918132781982, 0.02845620922744274, 0.0912502259016037, -0.059796128422021866, -0.039456069469451904]]","[0.165541410446167, -0.17648401856422424, -0.013941876590251923, 0.13986092805862427, -0.17724257707595825, 0.059681057929992676]","[1, 1]",66.695141619,-0.15841040015220642,1,11,1745573538.378503,5
12,"[0.5104106664657593, -0.10969161242246628, 0.028435461223125458]","[-0.14143890142440796, 0.13238000869750977, -0.8766895532608032, 0.30411601066589355]",False,"[0.6000000238418579, 0.019999999552965164, 0.029999999329447746]","[[0.518190860748291, -0.11326739937067032, 0.032008036971092224, 0.08000104129314423, 0.5104106664657593, -0.10969161242246628, 0.028435461223125458, 0.09415563941001892, -0.07128650695085526, -0.033236708492040634]]","[-0.014287199825048447, 0.019160717725753784, -0.170683354139328, -0.019729843363165855, -0.07240977883338928, 0.2262505143880844]","[1, 1]",70.359880044,-0.1576344221830368,1,12,1745573541.2102897,6
13,"[0.5002867579460144, -0.23693221807479858, 0.027979135513305664]","[0.7474250793457031, 0.9613305330276489, 0.720599889755249, -0.650266170501709]",False,"[0.6000000238418579, 0.019999999552965164, 0.029999999329447746]","[[0.5549945831298828, -0.06524702161550522, 0.06724020838737488, 0.06400135904550552, 0.5002867579460144, -0.23693221807479858, 0.027979135513305664, 0.08349491655826569, -0.061168916523456573, -0.0849764421582222]]","[-0.050374336540699005, 0.03704535961151123, 0.19633865356445312, -0.15009476244449615, -0.4109575152397156, -0.10968179255723953]","[1, 1]",75.122194382,-0.27561020851135254,1,13,1745573544.875042,7
14,"[0.5009992718696594, -0.23496019840240479, 0.028518734499812126]","[0.7474250793457031, 0.9613305330276489, 0.720599889755249, -0.650266170501709]",True,"[0.6000000238418579, 0.019999999552965164, 0.029999999329447746]","[[0.5996749401092529, 0.01977481320500374, 0.059757065027952194, 0.07974494248628616, 0.5009992718696594, -0.23496019840240479, 0.028518734499812126, 0.06792262196540833, -0.042227234691381454, -0.11142773181200027]]","[0.05347659811377525, 0.0016751885414123535, 0.21387642621994019, -0.30041584372520447, -0.46874934434890747, -0.027558133006095886]","[1, 1]",75.163254148,-0.27351057529449463,1,14,1745573549.6353462,8
0,"[0.5012039542198181, -0.23405709862709045, 0.02879926934838295]","[-0.43948042392730713, -0.10770630836486816, -0.08997666835784912, 0.2961989641189575]",False,"[0.6000000238418579, 0.019999999552965164, 0.029999999329447746]","[[0.6159836053848267, -0.004821451380848885, 0.19253665208816528, 0.013087366707623005, 0.5012039542198181, -0.23405709862709045, 0.02879926934838295, 0.0720587968826294, -0.042219702154397964, -0.1119178757071495]]","[0.07112817466259003, -0.03400230407714844, 0.27997663617134094, 0.2545381188392639, 0.15232236683368683, 0.38011133670806885]","[1, 1]",19.949722968,-0.27259331941604614,0,0,1745573659.6407907,0
1,"[0.5010248422622681, -0.23430068790912628, 0.02876773476600647]","[-0.6376917362213135, -0.9817028045654297, -0.18983745574951172, 0.5365829467773438]",False,"[0.6000000238418579, 0.019999999552965164, 0.029999999329447746]","[[0.5839120149612427, -0.05357126519083977, 0.18232165277004242, 0.07999776303768158, 0.5010248422622681, -0.23430068790912628, 0.02876773476600647, 0.07157976925373077, -0.042292818427085876, -0.1111382320523262]]","[-0.0467773899435997, 0.013941287994384766, 0.30387482047080994, 0.22147484123706818, 0.1490515023469925, 0.4016640782356262]","[1, 1]",23.057460712,-0.27288541197776794,0,1,1745573663.7777476,1
2,"[0.5007254481315613, -0.23451192677021027, 0.028814872726798058]","[-0.7284701466560364, -0.991768479347229, -0.38796985149383545, 0.6884720325469971]",False,"[0.6000000238418579, 0.019999999552965164, 0.029999999329447746]","[[0.5473141074180603, -0.10287199169397354, 0.16227605938911438, 0.07999841868877411, 0.5007254481315613, -0.23451192677021027, 0.028814872726798058, 0.09383880347013474, -0.06576764583587646, -0.07938850671052933]]","[0.03378085047006607, -0.028209656476974487, 0.2374563217163086, 0.28369614481925964, 0.09114786982536316, 0.33761727809906006]","[1, 1]",26.402109661,-0.2731907069683075,0,2,1745573666.8859174,2
3,"[0.5009968280792236, -0.23282836377620697, 0.02964845485985279]","[-0.7682579159736633, -0.9907675981521606, -0.5186067223548889, 0.7202447652816772]",False,"[0.6000000238418579, 0.019999999552965164, 0.029999999329447746]","[[0.5088847875595093, -0.15208719670772552, 0.13609051704406738, 0.07999841868877411, 0.5009968280792236, -0.23282836377620697, 0.02964845485985279, 0.06971009820699692, -0.039379093796014786, -0.11078211665153503]]","[0.04671235755085945, -0.07750342041254044, 0.05549159646034241, 0.12720206379890442, 0.0572996661067009, 0.21364377439022064]","[1, 1]",29.674231484,-0.27152150869369507,0,3,1745573670.2304428,3
4,"[0.5010994672775269, -0.23249828815460205, 0.028871888294816017]","[-0.286429762840271, -0.9839577078819275, -0.6774410009384155, 0.7197779417037964]",False,"[0.6000000238418579, 0.019999999552965164, 0.029999999329447746]","[[0.49448487162590027, -0.20100396871566772, 0.10201862454414368, 0.07999907433986664, 0.5010994672775269, -0.23249828815460205, 0.028871888294816017, 0.07028088718652725, -0.04086935147643089, -0.1113627478480339]]","[-0.0059499591588974, 0.0758913904428482, 0.02338958904147148, 0.05491216480731964, 0.1273500621318817, 0.1100136786699295]","[1, 1]",33.650307889,-0.27117887139320374,0,4,1745573673.502591,4
5,"[0.5009933710098267, -0.23262105882167816, 0.03025069832801819]","[0.1591261625289917, -0.8996003866195679, -0.9785701036453247, 0.617522120475769]",False,"[0.6000000238418579, 0.019999999552965164, 0.029999999329447746]","[[0.502452552318573, -0.24553464353084564, 0.05316483601927757, 0.08000169694423676, 0.5009933710098267, -0.23262105882167816, 0.03025069832801819, 0.0677156150341034, -0.04104837030172348, -0.11219783127307892]]","[0.0377030074596405, 0.16961060464382172, -0.07642702013254166, -0.07004086673259735, 0.03932526707649231, 0.03749255836009979]","[1, 1]",37.321014971,-0.2713296413421631,0,5,1745573677.47867,5
6,"[0.5013701915740967, -0.2326710969209671, 0.02998868189752102]","[0.30778491497039795, 0.8344968557357788, 0.2322596311569214, -0.5830947160720825]",False,"[0.6000000238418579, 0.019999999552965164, 0.029999999329447746]","[[0.5173162221908569, -0.20368406176567078, 0.06401237100362778, 0.06400201469659805, 0.5013701915740967, -0.2326710969209671, 0.02998868189752102, 0.07037968933582306, -0.04435814544558525, -0.10873942822217941]]","[0.09573372453451157, 0.13525594770908356, 0.23552843928337097, 0.12573008239269257, -0.3210948705673218, -0.27871692180633545]","[1, 1]",46.107031339,-0.27123886346817017,0,6,1745573681.1493762,6
7,"[0.5029528737068176, -0.2309354692697525, 0.0301078949123621]","[0.30778491497039795, 0.8344968557357788, 0.2322596311569214, -0.5830947160720825]",True,"[0.6000000238418579, 0.019999999552965164, 0.029999999329447746]","[[0.5997111797332764, 0.019733427092432976, 0.05978839471936226, 0.07883808761835098, 0.5029528737068176, -0.2309354692697525, 0.0301078949123621, 0.0659106969833374, -0.03964783996343613, -0.13640111684799194]]","[-0.01643233746290207, 0.0868748277425766, 0.18805503845214844, 0.030062254518270493, -0.45901280641555786, -0.08502306044101715]","[1, 1]",56.202644345,-0.26904788613319397,0,7,1745573689.9354446,7
8,"[0.5033770799636841, -0.2324812114238739, 0.02870546653866768]","[0.5957522392272949, 0.5436320304870605, -0.48869937658309937, -0.4480116367340088]",False,"[0.6000000238418579, 0.019999999552965164, 0.029999999329447746]","[[0.6677749156951904, 0.027285302057862282, 0.17319355905056, 0.00010309666686225682, 0.5033770799636841, -0.2324812114238739, 0.02870546653866768, 0.07157963514328003, -0.0431983508169651, -0.13698695600032806]]","[0.17479118704795837, -0.40868842601776123, -0.18475234508514404, -0.29243841767311096, -0.1658148616552353, 0.37396395206451416]","[1, 1]",62.158904984,-0.27034130692481995,1,8,1745573700.0310035,0
9,"[0.5029230117797852, -0.23351874947547913, 0.02849915623664856]","[-0.5957436561584473, -0.8617788553237915, -0.05533492565155029, 0.5838199853897095]",False,"[0.6000000238418579, 0.019999999552965164, 0.029999999329447746]","[[0.6377939581871033, -0.01564781181514263, 0.1697089821100235, 0.07999709993600845, 0.5029230117797852, -0.23351874947547913, 0.02849915623664856, 0.0708339661359787, -0.04309838265180588, -0.13490766286849976]]","[-0.1988433599472046, -0.19319820404052734, 0.33069729804992676, 0.18028853833675385, 0.07845845073461533, 0.5111621618270874]","[1, 1]",65.50979453,-0.2714736759662628,1,9,1745573705.9869394,1
10,"[0.5026238560676575, -0.23629020154476166, 0.027938976883888245]","[-0.828226625919342, -0.9923525452613831, 0.056542277336120605, 0.6156314611434937]",False,"[0.6000000238418579, 0.019999999552965164, 0.029999999329447746]","[[0.5962370038032532, -0.06492358446121216, 0.17184662818908691, 0.07999776303768158, 0.5026238560676575, -0.23629020154476166, 0.027938976883888245, 0.09395993500947952, -0.062384139746427536, -0.10365870594978333]]","[0.075896717607975, -0.14654183387756348, 0.24942821264266968, 0.11857999861240387, 0.07722509652376175, 0.5480981469154358]","[1, 1]",68.818206926,-0.2741733491420746,1,10,1745573709.3381608,2
11,"[0.5027520060539246, -0.23550193011760712, 0.028018437325954437]","[-0.8063864707946777, -0.9912675023078918, -0.2875235080718994, 0.6062086820602417]",False,"[0.6000000238418579, 0.019999999552965164, 0.029999999329447746]","[[0.5557676553726196, -0.11421126872301102, 0.1568387746810913, 0.07999907433986664, 0.5027520060539246, -0.23550193011760712, 0.028018437325954437, 0.09250592440366745, -0.062351442873477936, -0.10500483214855194]]","[-0.11271270364522934, -0.11709906160831451, 0.27740952372550964, 0.24518537521362305, 0.08618480712175369, 0.47621506452560425]","[1, 1]",71.853665432,-0.27339044213294983,1,11,1745573712.6465867,3
12,"[0.54732346534729, -0.11648113280534744, 0.029763806611299515]","[-0.8322184085845947, -0.9910157918930054, -0.7065334916114807, 0.7299232482910156]",False,"[0.6000000238418579, 0.019999999552965164, 0.029999999329447746]","[[0.5141988396644592, -0.16355514526367188, 0.12145320326089859, 0.07999972999095917, 0.54732346534729, -0.11648113280534744, 0.029763806611299515, 0.1709306538105011, -0.09037622064352036, -0.05162189155817032]]","[-0.008863311260938644, 0.011986806988716125, 0.031095873564481735, 0.16866515576839447, -0.010663427412509918, 0.25474268198013306]","[1, 1]",74.897702404,-0.14629413187503815,1,12,1745573715.6820211,4
13,"[0.5501136779785156, -0.11067354679107666, 0.02858152613043785]","[0.7334597110748291, 0.5743570327758789, -0.9693299531936646, 0.5356351137161255]",False,"[0.6000000238418579, 0.019999999552965164, 0.029999999329447746]","[[0.5505591034889221, -0.13484983146190643, 0.07284747809171677, 0.08000104129314423, 0.5501136779785156, -0.11067354679107666, 0.02858152613043785, 0.08824893832206726, -0.05839118734002113, -0.017574168741703033]]","[0.15041705965995789, -0.09556644409894943, -0.11053737252950668, -0.10020514577627182, -0.1673799604177475, 0.1339925080537796]","[1, 1]",77.665971352,-0.13987934589385986,1,13,1745573718.7260578,5
14,"[0.5500777363777161, -0.11041272431612015, 0.02901456318795681]","[0.17203116416931152, 0.7815243005752563, -0.7138395309448242, 0.3636890649795532]",False,"[0.6000000238418579, 0.019999999552965164, 0.029999999329447746]","[[0.5588306784629822, -0.09588664770126343, 0.037067435681819916, 0.08000169694423676, 0.5500777363777161, -0.11041272431612015, 0.02901456318795681, 0.08753511309623718, -0.05752239376306534, -0.017186440527439117]]","[0.0354158841073513, -0.2144775688648224, -0.10070203989744186, -0.04548633098602295, -0.10963079333305359, 0.2532978057861328]","[1, 1]",81.345774478,-0.13964484632015228,1,14,1745573721.4943283,6
15,"[0.5500139594078064, -0.10107902437448502, 0.02904052473604679]","[0.44294559955596924, 0.9659054279327393, 0.6671929359436035, -0.8796683549880981]",False,"[0.6000000238418579, 0.019999999552965164, 0.029999999329447746]","[[0.5803038477897644, -0.0476791076362133, 0.0694747343659401, 0.06400135904550552, 0.5500139594078064, -0.10107902437448502, 0.02904052473604679, 0.0920921042561531, -0.06252817809581757, -0.05512363463640213]]","[0.015598408877849579, -0.032340601086616516, 0.19668087363243103, -0.01590467058122158, -0.44390732049942017, -0.012787390500307083]","[1, 1]",85.522592659,-0.13099487125873566,1,15,1745573725.1741478,7
16,"[0.5723416805267334, -0.04728049784898758, 0.06118091568350792]","[0.44294559955596924, 0.9659054279327393, 0.6671929359436035, -0.8796683549880981]",True,"[0.6000000238418579, 0.019999999552965164, 0.029999999329447746]","[[0.5996097326278687, 0.019808458164334297, 0.0596633180975914, 0.0787520632147789, 0.5723416805267334, -0.04728049784898758, 0.06118091568350792, 0.09246987104415894, -0.055046260356903076, -0.05447149649262428]]","[0.09320167452096939, 0.08660601079463959, 0.20918747782707214, -0.06646023690700531, -0.5133288502693176, -0.06979329138994217]","[1, 1]",85.524854737,-0.07914479076862335,1,16,1745573729.3509634,8
0,"[0.4106735289096832, -0.06431993842124939, 0.02955043502151966]","[-0.3286474943161011, 0.10255491733551025, -0.023122668266296387, 0.5790739059448242]",False,"[0.6000000238418579, 0.019999999552965164, 0.029999999329447746]","[[0.6215437054634094, 0.004466511774808168, 0.19592773914337158, 0.01327188964933157, 0.4106735289096832, -0.06431993842124939, 0.02955043502151966, 0.0859183594584465, -0.06282537430524826, 0.014922050759196281]]","[0.25495409965515137, -0.09177975356578827, 0.2919256389141083, 0.3353411853313446, 0.08014001697301865, 0.24202881753444672]","[1, 1]",22.742393547,-0.20725484192371368,0,0,1745574391.8842509,0
1,"[0.4105212986469269, -0.06460022926330566, 0.02942231297492981]","[-0.974088728427887, -0.5664288401603699, -0.8211707472801208, 0.8435992002487183]",False,"[0.6000000238418579, 0.019999999552965164, 0.029999999329447746]","[[0.5726193189620972, -0.023662690073251724, 0.15422028303146362, 0.07999907433986664, 0.4105212986469269, -0.06460022926330566, 0.02942231297492981, 0.08523677289485931, -0.0621512345969677, 0.014475420117378235]]","[0.06401525437831879, 0.3069440722465515, 0.1259053647518158, 0.14971457421779633, 0.1297091841697693, 0.3532280921936035]","[1, 1]",26.518192606,-0.20750834047794342,0,1,1745574396.4692087,1
2,"[0.4106181263923645, -0.064313143491745, 0.030446656048297882]","[-0.9810680747032166, -0.5641340613365173, -0.8648725152015686, 0.9560551643371582]",False,"[0.6000000238418579, 0.019999999552965164, 0.029999999329447746]","[[0.5235558152198792, -0.0516912005841732, 0.11085522174835205, 0.07999972999095917, 0.4106181263923645, -0.064313143491745, 0.030446656048297882, 0.08514377474784851, -0.061143163591623306, 0.015567474998533726]]","[0.07204362750053406, 0.20632047951221466, 0.02847636491060257, 0.2437046617269516, -0.017979949712753296, 0.2326754778623581]","[1, 1]",30.385633036,-0.20730267465114594,0,2,1745574400.2450078,2
3,"[0.41060078144073486, -0.06438781321048737, 0.030003029853105545]","[-0.9907796382904053, -0.30019307136535645, -0.9339777231216431, 0.8479149341583252]",False,"[0.6000000238418579, 0.019999999552965164, 0.029999999329447746]","[[0.47405174374580383, -0.06652910262346268, 0.06416994333267212, 0.0800003856420517, 0.41060078144073486, -0.06438781321048737, 0.030003029853105545, 0.08149779587984085, -0.06333532929420471, 0.020466849207878113]]","[0.020597387105226517, 0.013437673449516296, -0.12484963983297348, 0.00871390663087368, 0.049661196768283844, 0.1155989021062851]","[1, 1]",34.102508998,-0.20734842121601105,0,3,1745574404.1125004,3
4,"[0.4107128381729126, -0.06404567509889603, 0.02997520938515663]","[-0.9730226397514343, -0.0108909010887146, -0.7935977578163147, 0.2937878370285034]",False,"[0.6000000238418579, 0.019999999552965164, 0.029999999329447746]","[[0.42549213767051697, -0.06684905290603638, 0.024544034153223038, 0.08000104129314423, 0.4107128381729126, -0.06404567509889603, 0.02997520938515663, 0.08186345547437668, -0.06344456225633621, 0.01976957358419895]]","[-0.004785869270563126, -0.11053888499736786, 0.027231857180595398, 0.07404579222202301, 0.013590030372142792, 0.059640735387802124]","[1, 1]",38.15412088,-0.20710699260234833,0,4,1745574407.8293424,4
5,"[0.4107610583305359, -0.06397910416126251, 0.03035007417201996]","[0.8358321189880371, 0.39021003246307373, 0.9124329090118408, -0.8347219228744507]",False,"[0.6000000238418579, 0.019999999552965164, 0.029999999329447746]","[[0.4666055738925934, -0.047388169914484024, 0.06935190409421921, 0.06400004774332047, 0.4107610583305359, -0.06397910416126251, 0.03035007417201996, 0.08158411830663681, -0.06379824876785278, 0.02179586887359619]]","[-0.024852551519870758, 0.02613857388496399, 0.30217573046684265, -0.014590626582503319, -0.23819667100906372, -0.30995988845825195]","[1, 1]",44.291314368,-0.20703619718551636,0,5,1745574411.8809433,5
6,"[0.4520525634288788, -0.04750591516494751, 0.0740661472082138]","[0.8358321189880371, 0.39021003246307373, 0.9124329090118408, -0.8347219228744507]",True,"[0.6000000238418579, 0.019999999552965164, 0.029999999329447746]","[[0.599536120891571, 0.01973152346909046, 0.059587638825178146, 0.07583186775445938, 0.4520525634288788, -0.04750591516494751, 0.0740661472082138, 0.09379050880670547, -0.057729821652173996, -0.017706241458654404]]","[0.04392622783780098, 0.19094218313694, 0.3337547779083252, -0.13758905231952667, -0.4125675857067108, -0.05209378898143768]","[1, 1]",59.066581467,-0.1684853583574295,0,6,1745574418.018123,6
7,"[0.4379693269729614, -0.1580696702003479, 0.02926652878522873]","[0.0934915542602539, 0.3039100170135498, -0.9556645750999451, 0.7593873739242554]",False,"[0.6000000238418579, 0.019999999552965164, 0.029999999329447746]","[[0.6424685716629028, 0.01526955608278513, 0.1496957689523697, 0.07999841868877411, 0.4379693269729614, -0.1580696702003479, 0.02926652878522873, 0.0988348051905632, -0.06740623712539673, -0.06772857159376144]]","[0.21404480934143066, -0.08283748477697372, -0.19760870933532715, -0.04737928509712219, -0.0036110058426856995, -0.03541742265224457]","[1, 1]",61.533672414,-0.24075564742088318,1,7,1745574432.7934022,0
8,"[0.43837326765060425, -0.15904346108436584, 0.029463212937116623]","[-0.30515289306640625, -0.304057240486145, 0.03465855121612549, 0.4028153419494629]",False,"[0.6000000238418579, 0.019999999552965164, 0.029999999329447746]","[[0.626998245716095, 0.0003198867489118129, 0.15073564648628235, 0.07999972999095917, 0.43837326765060425, -0.15904346108436584, 0.029463212937116623, 0.08692922443151474, -0.06238546967506409, -0.0734025314450264]]","[0.01188003271818161, -0.21730709075927734, 0.07085900753736496, 0.038725368678569794, 0.1702221930027008, -0.0979498028755188]","[1, 1]",64.966624234,-0.24120540916919708,1,8,1745574435.2606351,1
9,"[0.4388646185398102, -0.15595658123493195, 0.03204856067895889]","[-0.8466317653656006, -0.9381272792816162, 0.10819220542907715, 0.5970592498779297]",False,"[0.6000000238418579, 0.019999999552965164, 0.029999999329447746]","[[0.5844372510910034, -0.046313103288412094, 0.1554347276687622, 0.0800003856420517, 0.4388646185398102, -0.15595658123493195, 0.03204856067895889, 0.08447347581386566, -0.05823720991611481, -0.08067984133958817]]","[-0.10407475382089615, 0.0036441385746002197, 0.36896073818206787, 0.2423221468925476, 0.3064287304878235, 0.12141068279743195]","[1, 1]",68.495105667,-0.23859909176826477,1,9,1745574438.6934397,2
10,"[0.4382466971874237, -0.1574670672416687, 0.030282801017165184]","[-0.9645978808403015, -0.9790686964988708, -0.38265442848205566, 0.898019552230835]",False,"[0.6000000238418579, 0.019999999552965164, 0.029999999329447746]","[[0.5360251069068909, -0.09503844380378723, 0.1357402354478836, 0.08000104129314423, 0.4382466971874237, -0.1574670672416687, 0.030282801017165184, 0.08714891970157623, -0.06426121294498444, -0.07502689957618713]]","[-0.20087581872940063, -0.07924391329288483, 0.11343032121658325, 0.28403395414352417, 0.14152784645557404, 0.09014960378408432]","[1, 1]",72.411223686,-0.24012240767478943,1,10,1745574442.2218506,3
11,"[0.4376620352268219, -0.1607096940279007, 0.028549794107675552]","[-0.9709101915359497, -0.9627724885940552, -0.8779798746109009, 0.893670916557312]",False,"[0.6000000238418579, 0.019999999552965164, 0.029999999329447746]","[[0.4874930679798126, -0.1429896205663681, 0.09177075326442719, 0.08000169694423676, 0.4376620352268219, -0.1607096940279007, 0.028549794107675552, 0.10335636138916016, -0.0708605945110321, -0.07063222676515579]]","[-0.058389775454998016, 0.019551679491996765, 0.01171255111694336, 0.057834066450595856, 0.03718942031264305, 0.06170521676540375]","[1, 1]",76.474604359,-0.24292325973510742,1,11,1745574446.1377199,4
12,"[0.6331340670585632, -0.14392973482608795, 0.02447100169956684]","[-0.9381846785545349, -0.5986008644104004, -0.9716099500656128, 0.676276683807373]",False,"[0.6000000238418579, 0.019999999552965164, 0.029999999329447746]","[[0.4406552016735077, -0.17275193333625793, 0.04319237917661667, 0.08000169694423676, 0.6331340670585632, -0.14392973482608795, 0.02447100169956684, 0.11746915429830551, -0.15536275506019592, 0.04258319362998009]]","[-0.06564104557037354, -0.06626024097204208, -0.09463157504796982, -0.05420845001935959, -0.010634928941726685, 0.2172771841287613]","[1, 1]",80.214045556,-0.16733616590499878,1,12,1745574450.2013984,5
13,"[0.6398442387580872, -0.13383620977401733, 0.02803099900484085]","[0.9999964237213135, 1, 1, 0.9999974966049194]",False,"[0.6000000238418579, 0.019999999552965164, 0.029999999329447746]","[[0.49008792638778687, -0.12273027002811432, 0.09245236963033676, 0.08000169694423676, 0.6398442387580872, -0.13383620977401733, 0.02803099900484085, 0.08521425724029541, -0.05570270121097565, -0.06672176718711853]]","[-0.5821496844291687, -1.5242210626602173, -0.08805304020643234, -0.371974915266037, -0.7177644371986389, 0.8583579659461975]","[1, 1]",83.638114243,-0.15892457962036133,1,13,1745574453.940805,6
14,"[0.6398307085037231, -0.1339476853609085, 0.02784867398440838]","[0.7975773811340332, 0.49675452709198, -0.9766747951507568, 0.4991447925567627]",False,"[0.6000000238418579, 0.019999999552965164, 0.029999999329447746]","[[0.5294995903968811, -0.09788762032985687, 0.043362680822610855, 0.08000169694423676, 0.6398307085037231, -0.1339476853609085, 0.02784867398440838, 0.0847662091255188, -0.056186601519584656, -0.06688908487558365]]","[-0.4899147152900696, -0.916649580001831, 0.1461157500743866, -0.540486216545105, -0.9819771647453308, 1.9121487140655518]","[1, 1]",87.138871232,-0.1590314507484436,1,14,1745574457.3649411,7
15,"[0.6391286253929138, -0.13391940295696259, 0.028108084574341774]","[0.8326482772827148, -0.7169449329376221, -0.4555778503417969, 0.632404088973999]",False,"[0.6000000238418579, 0.019999999552965164, 0.029999999329447746]","[[0.5709213018417358, -0.13350830972194672, 0.020482392981648445, 0.08000169694423676, 0.6391286253929138, -0.13391940295696259, 0.028108084574341774, 0.08682969957590103, -0.04057157039642334, -0.08098359405994415]]","[0.14708256721496582, -0.8447409868240356, 0.33281078934669495, -0.41840216517448425, -0.6775566339492798, 2.053297758102417]","[1, 1]",91.158064955,-0.15882635116577148,1,15,1745574460.8657823,8
16,"[0.6387612223625183, -0.13556557893753052, 0.02679373137652874]","[-0.033582866191864014, 0.9181540012359619, 0.6100765466690063, -0.8788498044013977]",False,"[0.6000000238418579, 0.019999999552965164, 0.029999999329447746]","[[0.5689533352851868, -0.08776047825813293, 0.050299763679504395, 0.06400135904550552, 0.6387612223625183, -0.13556557893753052, 0.02679373137652874, 0.09352008253335953, -0.07518552243709564, -0.054322339594364166]]","[0.09379051625728607, -0.2023385614156723, 0.680769681930542, -0.07709496468305588, -0.9725201725959778, 2.3506901264190674]","[1, 1]",96.470986504,-0.1603538691997528,1,16,1745574464.8849843,9
17,"[0.6392351984977722, -0.13422271609306335, 0.028005734086036682]","[-0.033582866191864014, 0.9181540012359619, 0.6100765466690063, -0.8788498044013977]",True,"[0.6000000238418579, 0.019999999552965164, 0.029999999329447746]","[[0.5996806025505066, 0.019708925858139992, 0.05970010906457901, 0.07841978967189789, 0.6392351984977722, -0.13422271609306335, 0.028005734086036682, 0.08856219798326492, -0.041484933346509933, -0.0748700350522995]]","[0.15586769580841064, -0.3927367925643921, 0.7451027631759644, -0.20513583719730377, -0.7823225855827332, 2.598848819732666]","[1, 1]",96.474544119,-0.15914779901504517,1,17,1745574470.1978052,10
0,"[0.5761200785636902, -0.08260795474052429, 0.03093128465116024]","[-0.6562004685401917, -0.26537907123565674, -0.6083142757415771, 0.5583076477050781]",False,"[0.6000000238418579, 0.019999999552965164, 0.029999999329447746]","[[0.6051586270332336, -0.013358254916965961, 0.16672542691230774, 0.028417905792593956, 0.5761200785636902, -0.08260795474052429, 0.03093128465116024, 0.08575396984815598, -0.06790489703416824, 0.02304062806069851]]","[0.25573837757110596, 0.1423255056142807, 0.13543230295181274, 0.11276038736104965, 0.17746949195861816, 0.047848835587501526]","[1, 1]",18.781516006,-0.10535421222448349,0,0,1745577557.5887854,0
1,"[0.5761623978614807, -0.082474485039711, 0.030454328283667564]","[-0.15155190229415894, -0.8370093107223511, -0.937575101852417, 0.6466212272644043]",False,"[0.6000000238418579, 0.019999999552965164, 0.029999999329447746]","[[0.5975647568702698, -0.054928313940763474, 0.11981610208749771, 0.07999776303768158, 0.5761623978614807, -0.082474485039711, 0.030454328283667564, 0.0870738998055458, -0.06946559250354767, 0.0228466484695673]]","[0.13370633125305176, 0.2749482989311218, -0.0074810609221458435, -0.07107336819171906, 0.16150054335594177, -0.10055894404649734]","[1, 1]",22.168993953,-0.10521148890256882,0,1,1745577561.423417,1
2,"[0.5762650370597839, -0.08255511522293091, 0.03147177770733833]","[-0.2724905014038086, -0.7058408260345459, -0.9670404195785522, 0.7681041955947876]",False,"[0.6000000238418579, 0.019999999552965164, 0.029999999329447746]","[[0.583939790725708, -0.0899849459528923, 0.07150351256132126, 0.07999841868877411, 0.5762650370597839, -0.08255511522293091, 0.03147177770733833, 0.08873176574707031, -0.06797413527965546, 0.0227239690721035]]","[0.22004929184913635, 0.18573983013629913, -0.0416928231716156, -0.12440694123506546, 0.16880156099796295, -0.11818256229162216]","[1, 1]",25.533446063,-0.10527614504098892,0,2,1745577564.810884,2
3,"[0.575888454914093, -0.08493149280548096, 0.029509583488106728]","[0.23372650146484375, 0.4907325506210327, -0.5690324306488037, 0.22427749633789062]",False,"[0.6000000238418579, 0.019999999552965164, 0.029999999329447746]","[[0.5953032970428467, -0.06553053110837936, 0.04286884516477585, 0.0800003856420517, 0.575888454914093, -0.08493149280548096, 0.029509583488106728, 0.08616986125707626, -0.06893637776374817, 0.02369008958339691]]","[0.23640912771224976, -0.05909091234207153, 0.10579092055559158, 0.03933214396238327, -0.028822720050811768, -0.1632556915283203]","[1, 1]",29.573841519,-0.10766720026731491,0,3,1745577568.175346,3
4,"[0.5768965482711792, -0.07023908942937851, 0.03013695776462555]","[0.22401165962219238, 0.91408371925354, 0.46279239654541016, -0.5332304835319519]",False,"[0.6000000238418579, 0.019999999552965164, 0.029999999329447746]","[[0.605779767036438, -0.019962510094046593, 0.06484783440828323, 0.06400135904550552, 0.5768965482711792, -0.07023908942937851, 0.03013695776462555, 0.08422166109085083, -0.06647277623414993, -0.018625127151608467]]","[0.10069083422422409, 0.02611994743347168, 0.3006832003593445, 0.14164534211158752, -0.3892979025840759, -0.3016553521156311]","[1, 1]",32.989825293,-0.09314978122711182,0,4,1745577572.2157333,4
5,"[0.5866066217422485, -0.017712222412228584, 0.05260251462459564]","[0.22401165962219238, 0.91408371925354, 0.46279239654541016, -0.5332304835319519]",True,"[0.6000000238418579, 0.019999999552965164, 0.029999999329447746]","[[0.5994817614555359, 0.019743062555789948, 0.05908263847231865, 0.07754117250442505, 0.5866066217422485, -0.017712222412228584, 0.05260251462459564, 0.08090047538280487, -0.04151790961623192, -0.056119732558727264]]","[0.12192893773317337, 0.03198562562465668, 0.2667059004306793, 0.11622165143489838, -0.46602505445480347, -0.14208245277404785]","[1, 1]",46.872743482,-0.045961592346429825,0,5,1745577575.6318302,5
6,"[0.5803704261779785, 0.01711265929043293, 0.03126867860555649]","[-0.5906428098678589, 0.369684100151062, -0.7791885137557983, 0.7108604907989502]",False,"[0.6000000238418579, 0.019999999552965164, 0.029999999329447746]","[[0.6084625124931335, 0.01860402151942253, 0.15820063650608063, 0.07999709993600845, 0.5803704261779785, 0.01711265929043293, 0.03126867860555649, 0.08720287680625916, -0.06271768361330032, 0.08243122696876526]]","[0.2208702266216278, 0.0705985575914383, -0.052455902099609375, 0.21777547895908356, -0.06141071021556854, 0.005983598530292511]","[1, 1]",50.481536819,-0.01988130994141102,1,6,1745577589.5146961,0
7,"[0.5744827389717102, 0.018274519592523575, 0.029921816661953926]","[0.12221026420593262, 0.09985876083374023, -0.9597676992416382, 0.686275839805603]",False,"[0.6000000238418579, 0.019999999552965164, 0.029999999329447746]","[[0.6142778396606445, 0.02328430488705635, 0.11001656949520111, 0.07999841868877411, 0.5744827389717102, 0.018274519592523575, 0.029921816661953926, 0.10463619977235794, -0.0906904861330986, 0.09718197584152222]]","[0.0685112327337265, 0.19131167232990265, -0.07305508106946945, 0.043129242956638336, 0.05652084946632385, 0.09604060649871826]","[1, 1]",54.185192241,-0.025575652718544006,1,7,1745577593.1230574,1
8,"[0.5136407613754272, -0.1611151099205017, 0.028898639604449272]","[-0.08253520727157593, -0.1575295329093933, -0.9567701816558838, 0.5344269275665283]",False,"[0.6000000238418579, 0.019999999552965164, 0.029999999329447746]","[[0.6100786924362183, 0.015635840594768524, 0.06221843138337135, 0.07999972999095917, 0.5136407613754272, -0.1611151099205017, 0.028898639604449272, 0.07947231084108353, -0.07409559935331345, -0.054091885685920715]]","[-0.015787728130817413, 0.09726421535015106, -0.11296506971120834, -0.043920256197452545, 0.05575612932443619, 0.03376615047454834]","[1, 1]",57.716886162,-0.20065346360206604,1,8,1745577596.827069,2
9,"[0.5140612721443176, -0.15987366437911987, 0.029732439666986465]","[0.7700023651123047, 0.7854987382888794, 0.9753047227859497, 0.467728853225708]",False,"[0.6000000238418579, 0.019999999552965164, 0.029999999329447746]","[[0.6482729315757751, 0.05453646183013916, 0.11057430505752563, 0.07999907433986664, 0.5140612721443176, -0.15987366437911987, 0.029732439666986465, 0.08324337005615234, -0.07357099652290344, -0.06590177863836288]]","[0.0780140683054924, -0.45166540145874023, 0.21789208054542542, 0.055331386625766754, 0.04901815950870514, -0.3039799928665161]","[1, 1]",60.27660552,-0.19934912025928497,1,9,1745577600.358768,3
10,"[0.5140966773033142, -0.15927846729755402, 0.0304831825196743]","[-0.1580449938774109, -0.17790961265563965, 0.05531191825866699, 0.31971800327301025]",False,"[0.6000000238418579, 0.019999999552965164, 0.029999999329447746]","[[0.640033483505249, 0.04588371142745018, 0.11254672706127167, 0.08000104129314423, 0.5140966773033142, -0.15927846729755402, 0.0304831825196743, 0.07703999429941177, -0.054029591381549835, -0.0746290311217308]]","[-0.04701638221740723, -0.2716001570224762, 0.0658072754740715, 0.007418030872941017, 0.04336594417691231, 0.02433951199054718]","[1, 1]",64.884381683,-0.198797345161438,1,10,1745577602.918492,4
11,"[0.513897716999054, -0.15981286764144897, 0.029002772644162178]","[-0.484516978263855, -0.9172200560569763, 0.33535826206207275, 0.6290320158004761]",False,"[0.6000000238418579, 0.019999999552965164, 0.029999999329447746]","[[0.615531325340271, 0.00030372972832992673, 0.12849172949790955, 0.08000104129314423, 0.513897716999054, -0.15981286764144897, 0.029002772644162178, 0.0773557499051094, -0.057723648846149445, -0.07394102960824966]]","[-0.16950374841690063, -0.43468910455703735, 0.09750986099243164, 0.049527063965797424, 0.08715381473302841, 0.11315466463565826]","[1, 1]",68.529828867,-0.19936716556549072,1,11,1745577607.5262868,5
12,"[0.5141192674636841, -0.15738223493099213, 0.031682610511779785]","[-0.7033412456512451, -0.9791973233222961, 0.17814934253692627, 0.5842617750167847]",False,"[0.6000000238418579, 0.019999999552965164, 0.029999999329447746]","[[0.5801443457603455, -0.048364266753196716, 0.13668495416641235, 0.0800003856420517, 0.5141192674636841, -0.15738223493099213, 0.031682610511779785, 0.08305422961711884, -0.05855744332075119, -0.07048368453979492]]","[-0.12988898158073425, -0.2823026180267334, 0.2830963730812073, 0.18995575606822968, 0.13599126040935516, 0.18168990314006805]","[1, 1]",71.856835788,-0.19708573818206787,1,12,1745577611.1717088,6
13,"[0.5144755244255066, -0.1569695770740509, 0.03128375858068466]","[-0.8451057076454163, -0.9874300956726074, -0.4086589217185974, 0.7468626499176025]",False,"[0.6000000238418579, 0.019999999552965164, 0.029999999329447746]","[[0.5377211570739746, -0.09746652841567993, 0.11573351174592972, 0.0800003856420517, 0.5144755244255066, -0.1569695770740509, 0.03128375858068466, 0.08157943934202194, -0.055707141757011414, -0.07502904534339905]]","[0.005071781575679779, -0.23606669902801514, 0.1402345895767212, 0.19658014178276062, 0.031411368399858475, 0.14463679492473602]","[1, 1]",75.60609731,-0.19655613601207733,1,13,1745577614.4987211,7
14,"[0.5143136382102966, -0.15700367093086243, 0.031529251486063004]","[-0.7255713939666748, -0.9753807783126831, -0.7506154775619507, 0.7099194526672363]",False,"[0.6000000238418579, 0.019999999552965164, 0.029999999329447746]","[[0.501537561416626, -0.14600491523742676, 0.07823210209608078, 0.0800003856420517, 0.5143136382102966, -0.15700367093086243, 0.031529251486063004, 0.082008495926857, -0.05827147513628006, -0.0737270712852478]]","[0.11063650995492935, -0.1307470053434372, 0.06012614816427231, 0.20370151102542877, -0.0728098452091217, 0.4171215891838074]","[1, 1]",79.401661572,-0.19665907323360443,1,14,1745577618.2478955,8
15,"[0.5147250294685364, -0.15895392000675201, 0.030532319098711014]","[0.5375579595565796, -0.6271452307701111, -0.9486645460128784, 0.22319841384887695]",False,"[0.6000000238418579, 0.019999999552965164, 0.029999999329447746]","[[0.5282772779464722, -0.17688453197479248, 0.030709093436598778, 0.08000104129314423, 0.5147250294685364, -0.15895392000675201, 0.030532319098711014, 0.09557265043258667, -0.07454227656126022, -0.06495809555053711]]","[0.0062589142471551895, 0.08133520185947418, -0.12333432585000992, -0.10980669409036636, -0.08937640488147736, 0.17819781601428986]","[1, 1]",83.41679656,-0.1982337236404419,1,15,1745577622.0432012,9
16,"[0.515447199344635, -0.16723176836967468, 0.031499892473220825]","[0.4424492120742798, 0.9497562646865845, 0.7550512552261353, -0.6156045198440552]",False,"[0.6000000238418579, 0.019999999552965164, 0.029999999329447746]","[[0.549691379070282, -0.12939409911632538, 0.06746362149715424, 0.06400135904550552, 0.515447199344635, -0.16723176836967468, 0.031499892473220825, 0.0768074169754982, -0.05431627854704857, -0.05098528042435646]]","[0.07096375524997711, -0.037137433886528015, 0.18343952298164368, -0.1184442862868309, -0.37304550409317017, -0.15211619436740875]","[1, 1]",90.033642282,-0.20544381439685822,1,16,1745577626.0585504,10
17,"[0.5367336869239807, -0.12842556834220886, 0.06689111888408661]","[0.4424492120742798, 0.9497562646865845, 0.7550512552261353, -0.6156045198440552]",True,"[0.6000000238418579, 0.019999999552965164, 0.029999999329447746]","[[0.5996334552764893, 0.019763950258493423, 0.059677183628082275, 0.07877504825592041, 0.5367336869239807, -0.12842556834220886, 0.06689111888408661, 0.09313320368528366, -0.06318443268537521, -0.02203328162431717]]","[0.08664887398481369, 0.08452142775058746, 0.27406546473503113, -0.19004060328006744, -0.4614384174346924, -0.11307629942893982]","[1, 1]",90.037728799,-0.16551052033901215,1,17,1745577632.6755385,11
0,"[0.5464098453521729, -0.09818723052740097, 0.030646685510873795]","[-0.33599138259887695, -0.305098295211792, -0.2156931757926941, 0.4755387306213379]",False,"[0.6000000238418579, 0.019999999552965164, 0.029999999329447746]","[[0.6211734414100647, -0.01545041799545288, 0.18632204830646515, 0.0799938216805458, 0.5464098453521729, -0.09818723052740097, 0.030646685510873795, 0.08888237923383713, -0.06983505189418793, 0.046658292412757874]]","[0.18347501754760742, -0.03982621431350708, 0.3333185017108917, 0.17492523789405823, 0.23417234420776367, 0.16286435723304749]","[1, 1]",23.601018954,-0.1297711282968521,0,0,1745668871.5052505,0
1,"[0.5462522506713867, -0.09829198569059372, 0.0305341724306345]","[-0.7436428070068359, -0.8607553839683533, -0.9804660081863403, 0.6757793426513672]",False,"[0.6000000238418579, 0.019999999552965164, 0.029999999329447746]","[[0.5838252902030945, -0.05825668200850487, 0.13687193393707275, 0.0799957886338234, 0.5462522506713867, -0.09829198569059372, 0.0305341724306345, 0.08875907212495804, -0.06958077847957611, 0.047858841717243195]]","[0.1346718668937683, 0.3717411756515503, 0.008901774883270264, 0.0012589823454618454, 0.1236441433429718, 0.06323237717151642]","[1, 1]",27.156307283,-0.12993113696575165,0,1,1745668875.1862097,1
2,"[0.5469990968704224, -0.09548158943653107, 0.03142590448260307]","[-0.25159966945648193, -0.7809579968452454, -0.9822418093681335, 0.7998967170715332]",False,"[0.6000000238418579, 0.019999999552965164, 0.029999999329447746]","[[0.5712538361549377, -0.09703035652637482, 0.0877014696598053, 0.0799957886338234, 0.5469990968704224, -0.09548158943653107, 0.03142590448260307, 0.08386778086423874, -0.06639177352190018, 0.04193754494190216]]","[0.09116654843091965, 0.16830648481845856, -0.02983466535806656, -0.035386838018894196, 0.06726375222206116, -0.014204028062522411]","[1, 1]",30.488132091,-0.127071350812912,0,2,1745668878.74152,2
3,"[0.5464168190956116, -0.0978488177061081, 0.030565092340111732]","[-0.08843058347702026, 0.24585258960723877, -0.9210293292999268, 0.44133830070495605]",False,"[0.6000000238418579, 0.019999999552965164, 0.029999999329447746]","[[0.5668574571609497, -0.08505222201347351, 0.04183785989880562, 0.07999709993600845, 0.5464168190956116, -0.0978488177061081, 0.030565092340111732, 0.08841649442911148, -0.0706145390868187, 0.04755977541208267]]","[0.32284602522850037, -0.026497885584831238, -0.0043584853410720825, 0.1590428203344345, -0.11212468147277832, -0.09889443218708038]","[1, 1]",34.176082659,-0.12945972383022308,0,3,1745668882.0733669,3
4,"[0.5439679026603699, -0.08729925751686096, 0.031499460339546204]","[0.09600424766540527, 0.9180350303649902, 0.5121572017669678, -0.5593307018280029]",False,"[0.6000000238418579, 0.019999999552965164, 0.029999999329447746]","[[0.5712152719497681, -0.03933298960328102, 0.0667250007390976, 0.07000132650136948, 0.5439679026603699, -0.08729925751686096, 0.031499460339546204, 0.07637476921081543, -0.06374535709619522, -0.024591051042079926]]","[0.16043373942375183, 0.05120593309402466, 0.3288707137107849, 0.2134324461221695, -0.407635360956192, -0.3412593603134155]","[1, 1]",37.780844167,-0.12105773389339447,0,4,1745668885.7613332,4
5,"[0.5447597503662109, -0.05882032960653305, 0.031698279082775116]","[0.09600424766540527, 0.9180350303649902, 0.5121572017669678, -0.5593307018280029]",True,"[0.6000000238418579, 0.019999999552965164, 0.029999999329447746]","[[0.599716067314148, 0.019695045426487923, 0.059792410582304, 0.07940807193517685, 0.5447597503662109, -0.05882032960653305, 0.031698279082775116, 0.09111320227384567, -0.07001500576734543, 0.04764586687088013]]","[0.14968262612819672, 0.04457487165927887, 0.3014258146286011, 0.1438339650630951, -0.4187536835670471, -0.296352744102478]","[1, 1]",48.452358774,-0.09626533091068268,0,5,1745668889.3660452,5
6,"[0.5447008609771729, -0.058935169130563736, 0.032152555882930756]","[-0.7242075204849243, -0.20633405447006226, -0.8530343770980835, 0.14970433712005615]",False,"[0.6000000238418579, 0.019999999552965164, 0.029999999329447746]","[[0.6017425060272217, -0.009699488058686256, 0.1543944776058197, 0.03008321300148964, 0.5447008609771729, -0.058935169130563736, 0.032152555882930756, 0.09007929265499115, -0.06801372021436691, 0.047491077333688736]]","[0.19423863291740417, 0.16301585733890533, 0.08454515039920807, 0.12205404043197632, 0.17535175383090973, 0.1130148321390152]","[1, 1]",53.700019451,-0.09640222787857056,1,6,1745668900.037588,0
7,"[0.5448284149169922, -0.0585712268948555, 0.03290919214487076]","[-0.5117102861404419, -0.7118020057678223, -0.9588133096694946, 0.7737064361572266]",False,"[0.6000000238418579, 0.019999999552965164, 0.029999999329447746]","[[0.5761257410049438, -0.04502760246396065, 0.1064496785402298, 0.0799938216805458, 0.5448284149169922, -0.0585712268948555, 0.03290919214487076, 0.08671680092811584, -0.06587620824575424, 0.04712308943271637]]","[0.0893368273973465, 0.20792610943317413, -0.08131366223096848, -0.02093450166285038, 0.07051628082990646, -0.004853731021285057]","[1, 1]",57.280549447,-0.09605105221271515,1,7,1745668905.2852342,1
8,"[0.5449389219284058, -0.05803268402814865, 0.031053602695465088]","[-0.252590537071228, -0.5163573026657104, -0.9719146490097046, 0.6392635107040405]",False,"[0.6000000238418579, 0.019999999552965164, 0.029999999329447746]","[[0.5635450482368469, -0.0706505998969078, 0.057935964316129684, 0.0799957886338234, 0.5449389219284058, -0.05803268402814865, 0.031053602695465088, 0.08909972012042999, -0.06878320872783661, 0.04535369947552681]]","[0.09714962542057037, 0.1407318264245987, -0.05348880589008331, 0.009905366227030754, 0.05606513470411301, -0.017093831673264503]","[1, 1]",63.371754955,-0.09550880640745163,1,8,1745668908.865766,2
9,"[0.543945848941803, -0.061574794352054596, 0.030445551499724388]","[0.654289960861206, 0.8410263061523438, 0.426098108291626, -0.625550389289856]",False,"[0.6000000238418579, 0.019999999552965164, 0.029999999329447746]","[[0.5959444046020508, -0.028816184028983116, 0.07898474484682083, 9.652999870013446e-05, 0.543945848941803, -0.061574794352054596, 0.030445551499724388, 0.09387481957674026, -0.07563567161560059, 0.057009752839803696]]","[0.11376120895147324, 0.08341391384601593, 0.3481517434120178, 0.10475189238786697, -0.3189789056777954, -0.38943570852279663]","[1, 1]",69.23598733,-0.09897834807634354,1,9,1745668914.9569674,3
10,"[0.5444734692573547, -0.05905136466026306, 0.031613051891326904]","[-0.7825044393539429, -0.577088475227356, -0.5414727330207825, 0.6299842596054077]",False,"[0.6000000238418579, 0.019999999552965164, 0.029999999329447746]","[[0.5567672252655029, -0.05745336040854454, 0.05180282145738602, 0.07999447733163834, 0.5444734692573547, -0.05905136466026306, 0.031613051891326904, 0.08963704109191895, -0.0681496113538742, 0.047526586800813675]]","[-0.06702590733766556, -0.0076240599155426025, 0.06516502797603607, 0.07850871980190277, 0.1474686861038208, 0.11270852386951447]","[1, 1]",74.079557533,-0.09661737084388733,1,10,1745668920.8212104,4
11,"[0.5434181690216064, -0.06203722581267357, 0.030057042837142944]","[0.71598219871521, 0.9055392742156982, 0.41890716552734375, -0.717810869216919]",False,"[0.6000000238418579, 0.019999999552965164, 0.029999999329447746]","[[0.5922805070877075, -0.012368039228022099, 0.07258298248052597, 0.070001982152462, 0.5434181690216064, -0.06203722581267357, 0.030057042837142944, 0.09180574119091034, -0.07711281627416611, 0.05949889495968819]]","[-0.05500877648591995, 0.030606627464294434, 0.18752163648605347, 0.043069399893283844, -0.4759477972984314, 0.20898808538913727]","[1, 1]",76.892838955,-0.09965748339891434,1,11,1745668925.6647906,5
12,"[0.5452662110328674, -0.04959762841463089, 0.031632620841264725]","[0.71598219871521, 0.9055392742156982, 0.41890716552734375, -0.717810869216919]",True,"[0.6000000238418579, 0.019999999552965164, 0.029999999329447746]","[[0.5996056795120239, 0.019734201952815056, 0.0597391314804554, 0.07952693104743958, 0.5452662110328674, -0.04959762841463089, 0.031632620841264725, 0.08318940550088882, -0.06990804523229599, 0.03521222248673439]]","[0.1502486765384674, -0.028101608157157898, 0.1818820834159851, -0.10909458249807358, -0.48930054903030396, -0.18518902361392975]","[1, 1]",76.895473879,-0.08855666220188141,1,12,1745668928.4780717,6
0,"[0.46006888151168823, 0.0320613794028759, 0.029989998787641525]","[0.8608942031860352, -0.9957272410392761, -0.6470214128494263, 0.4829092025756836]",False,"[0.6811601519584656, -0.22564472258090973, 0.029999999329447746]","[[0.6705234050750732, -0.02263881266117096, 0.18602436780929565, 0.04241986945271492, 0.46006888151168823, 0.0320613794028759, 0.029989998787641525, -1.4674657222712995e-07, 1.1813904166046996e-07, 9.284202773978192e-14]]","[0.3347795009613037, -0.3054392337799072, 0.196997731924057, 0.20861321687698364, 0.27166008949279785, 0.08265413343906403]","[0, 30]",2.292372637,-0.33954939246177673,0.0,0.0,1747830091.9252987,0.0,
3,"[0.46006888151168823, 0.0320613794028759, 0.029989998787641525]","[-0.9811834692955017, 0.8641781806945801, -0.43611013889312744, 0.22105193138122559]",False,"[0.6811601519584656, -0.22564472258090973, 0.029999999329447746]","[[0.555097222328186, 0.024894792586565018, 0.09282615780830383, 0.07993245869874954, 0.46006888151168823, 0.0320613794028759, 0.029989998787641525, -1.5072637893354113e-07, 1.181441788844495e-07, 9.237183636262927e-14]]","[-0.15877681970596313, -0.18597376346588135, 0.2061854600906372, 0.3632035255432129, 0.03017956018447876, -0.19920554757118225]","[0, 30]",2.674444468,-0.33954939246177673,0.0,3.0,1747830092.3062768,3.0,
4,"[0.46006888151168823, 0.0320613794028759, 0.029989998787641525]","[-0.9781858325004578, -0.007430851459503174, -0.901888370513916, 0.16173243522644043]",False,"[0.6811601519584656, -0.22564472258090973, 0.029999999329447746]","[[0.5226121544837952, 0.026164017617702484, 0.05686571076512337, 0.07999174296855927, 0.46006888151168823, 0.0320613794028759, 0.029989998787641525, -4.844362777589595e-08, 2.305428417614941e-11, 9.556463557774605e-14]]","[0.005972743034362793, -0.015786126255989075, 0.21173900365829468, 0.25957226753234863, 0.2102680206298828, 0.0010378360748291016]","[0, 30]",2.807878918,-0.33954939246177673,0.0,4.0,1747830092.433454,4.0,
7,"[0.46459802985191345, 0.018915683031082153, 0.030100800096988678]","[0.994096040725708, -0.9411529302597046, 0.5419387817382812, -0.9562979936599731]",False,"[0.6811601519584656, -0.22564472258090973, 0.029999999329447746]","[[0.46630236506462097, 0.004528385121375322, 0.02872500941157341, 0.05186877027153969, 0.46459802985191345, 0.018915683031082153, 0.030100800096988678, 0.003705241484567523, 6.193194622028386e-06, 0.03515256941318512]]","[0.13960325717926025, 0.3532581627368927, 0.05782586336135864, 0.0708751231431961, 0.006954669952392578, 0.3647574186325073]","[0, 30]",3.190336011,-0.32666337490081787,0.0,7.0,1747830092.821463,7.0,
10,"[0.5094274282455444, -0.06081748008728027, 0.029952047392725945]","[0.982097864151001, -0.9794493317604065, 0.49656856060028076, -0.8898959755897522]",False,"[0.6811601519584656, -0.22564472258090973, 0.029999999329447746]","[[0.5103580951690674, -0.07200615853071213, 0.02881699614226818, 0.052109621465206146, 0.5094274282455444, -0.06081748008728027, 0.029952047392725945, -0.0005170852527953684, -0.0007471597054973245, 0.005947609432041645]]","[0.5707718133926392, 0.10641691088676453, 0.026869624853134155, -0.37245166301727295, -0.3153104782104492, 0.2914470434188843]","[0, 30]",3.576664624,-0.2380339354276657,0.0,10.0,1747830093.2059767,10.0,
11,"[0.5339050889015198, -0.09828084707260132, 0.029970360919833183]","[0.958317756652832, -0.9595070481300354, 0.4128916263580322, -0.8083513975143433]",False,"[0.6811601519584656, -0.22564472258090973, 0.029999999329447746]","[[0.5341638922691345, -0.10638251900672913, 0.02900831215083599, 0.05275314301252365, 0.5339050889015198, -0.09828084707260132, 0.029970360919833183, -0.0003376952081453055, -0.0003155283338855952, 0.005454824306070805]]","[0.7134175896644592, 0.017517894506454468, 0.13158778846263885, -0.32986384630203247, -0.3562997281551361, 0.23724351823329926]","[0, 30]",3.706413832,-0.1946936547756195,0.0,11.0,1747830093.335663,11.0,
15,"[0.6272580623626709, -0.250485897064209, 0.029987899586558342]","[0.6089353561401367, -0.682753324508667, 0.358304500579834, -0.5327406525611877]",False,"[0.6811601519584656, -0.22564472258090973, 0.029999999329447746]","[[0.607562780380249, -0.23172180354595184, 0.033139295876026154, 0.04944267123937607, 0.6272580623626709, -0.250485897064209, 0.029987899586558342, -0.0008766102837398648, 0.00039579239091835916, -0.03223197162151337]]","[1.2918769121170044, -0.6289399862289429, 0.19964668154716492, -0.5591162443161011, -0.11820821464061737, 0.3665114641189575]","[0, 30]",4.218740988,-0.05935082957148552,0.0,15.0,1747830093.8528705,15.0,
16,"[0.6358594298362732, -0.27809813618659973, 0.029997751116752625]","[0.410258412361145, 0.3087775707244873, 0.10467875003814697, -0.6934361457824707]",False,"[0.6811601519584656, -0.22564472258090973, 0.029999999329447746]","[[0.6084651947021484, -0.2537376880645752, 0.03462947532534599, 0.04736190661787987, 0.6358594298362732, -0.27809813618659973, 0.029997751116752625, -0.0010318630374968052, 0.00040924499626271427, -0.19236545264720917]]","[1.5721170902252197, -1.2822736501693726, -0.13423141837120056, -0.7803395390510559, -0.08274799585342407, 0.13447213172912598]","[0, 30]",4.343187142,-0.06930740922689438,0.0,16.0,1747830093.9777195,16.0,
17,"[0.6427335143089294, -0.29799455404281616, 0.029981886968016624]","[0.38846325874328613, 0.4124974012374878, -0.8666512966156006, -0.12508320808410645]",False,"[0.6811601519584656, -0.22564472258090973, 0.029999999329447746]","[[0.6129075884819031, -0.2764177620410919, 0.022158799692988396, 0.05253070220351219, 0.6427335143089294, -0.29799455404281616, 0.029981886968016624, 5.10505196871236e-05, -0.0003202171064913273, -0.39429450035095215]]","[1.4040937423706055, -1.3243175745010376, -0.06564632058143616, -0.4140350818634033, 0.23768287897109985, 0.1375925987958908]","[0, 30]",4.466848824,-0.08192133903503418,0.0,17.0,1747830094.102174,17.0,
18,"[0.6528825759887695, -0.3125969469547272, 0.029988212510943413]","[0.7042733430862427, 0.9407232999801636, -0.9838275909423828, -0.1393398642539978]",False,"[0.6811601519584656, -0.22564472258090973, 0.029999999329447746]","[[0.6192178726196289, -0.29788467288017273, 0.022056667134165764, 0.0455184131860733, 0.6528825759887695, -0.3125969469547272, 0.029988212510943413, 4.651580184145132e-06, -5.3187137382337824e-05, -0.5676335692405701]]","[1.2299481630325317, -1.1832619905471802, -0.1388610303401947, -0.06563100218772888, 0.48261332511901855, 0.1242070347070694]","[0, 30]",4.590122479,-0.09143473953008652,0.0,18.0,1747830094.2258394,18.0,
19,"[0.6667475700378418, -0.3225645124912262, 0.02997838333249092]","[0.8183444738388062, 0.971938967704773, -0.8704167604446411, -0.12071537971496582]",False,"[0.6811601519584656, -0.22564472258090973, 0.029999999329447746]","[[0.6280122995376587, -0.31028586626052856, 0.02175733633339405, 0.03493805602192879, 0.6667475700378418, -0.3225645124912262, 0.02997838333249092, 0.00017390541324857622, -0.0005589319625869393, -0.8264679312705994]]","[1.6427760124206543, -1.6616419553756714, -0.10776418447494507, -0.21682235598564148, 0.7380293011665344, 0.3243228793144226]","[0, 30]",4.713075422,-0.09798555076122284,0.0,19.0,1747830094.3491225,19.0,
20,"[0.6825609803199768, -0.3287964165210724, 0.029927603900432587]","[-0.3731914162635803, 0.8705134391784668, -0.4239036440849304, -0.30864012241363525]",False,"[0.6811601519584656, -0.22564472258090973, 0.029999999329447746]","[[0.6224244236946106, -0.2913927137851715, 0.017288055270910263, 0.008237411268055439, 0.6825609803199768, -0.3287964165210724, 0.029927603900432587, 0.00020955968648195267, -0.002290204167366028, -1.1891580820083618]]","[1.8303248882293701, -2.0125372409820557, -0.4388798773288727, -0.3740347623825073, 0.6743272542953491, -0.18393085896968842]","[0, 30]",4.83634028,-0.10316123068332672,0.0,20.0,1747830094.4718301,20.0,
21,"[0.6981818079948425, -0.3346776068210602, 0.029937924817204475]","[-0.7526523470878601, 0.9436004161834717, -0.5286005139350891, -0.23414790630340576]",False,"[0.6811601519584656, -0.22564472258090973, 0.029999999329447746]","[[0.6053963899612427, -0.25558358430862427, 0.0058701918460428715, 0.0010015042498707771, 0.6981818079948425, -0.3346776068210602, 0.029937924817204475, -0.00040565826930105686, -0.0013162930263206363, -1.5463286638259888]]","[1.969521403312683, -2.017611265182495, -0.7166694402694702, -0.5954389572143555, 0.8868085145950317, -0.30284589529037476]","[0, 30]",4.97026062,-0.11035356670618057,0.0,21.0,1747830094.5952559,21.0,
23,"[0.7293173670768738, -0.34640008211135864, 0.029986238107085228]","[-0.7768396139144897, 0.9866211414337158, -0.8572041988372803, -0.14248478412628174]",False,"[0.6811601519584656, -0.22564472258090973, 0.029999999329447746]","[[0.5722102522850037, -0.1842428296804428, 0.005794498138129711, 1.4810190805292223e-05, 0.7293173670768738, -0.34640008211135864, 0.029986238107085228, 1.8943092072731815e-05, -0.00010351042146794498, -2.2056384086608887]]","[2.3065450191497803, -1.9930479526519775, -1.770347237586975, -0.9023163914680481, 1.567723035812378, -0.43083852529525757]","[0, 30]",5.224237281,-0.13000373542308807,0.0,23.0,1747830094.8554428,23.0,
27,"[0.7911672592163086, -0.36968645453453064, 0.029989225789904594]","[-0.861402153968811, 0.2751889228820801, -0.4562414884567261, -0.8778700828552246]",False,"[0.6811601519584656, -0.22564472258090973, 0.029999999329447746]","[[0.4774380624294281, -0.07488401979207993, 0.005293102934956551, 9.009481516386586e-08, 0.7911672592163086, -0.36968645453453064, 0.029989225789904594, 2.0252642570994794e-05, -8.734822358746896e-07, 2.9653449058532715]]","[1.3826149702072144, -1.577287197113037, -1.6756337881088257, 0.41599565744400024, 2.0503902435302734, -0.9228912591934204]","[0, 30]",5.741141145,-0.18124453723430634,0.0,27.0,1747830095.3730438,27.0,
31,"[0.852461040019989, -0.3927634358406067, 0.029989762231707573]","[-0.6501838564872742, 0.9355510473251343, -0.9747248291969299, -0.27894580364227295]",False,"[0.6811601519584656, -0.22564472258090973, 0.029999999329447746]","[[0.41978126764297485, 0.045529745519161224, 0.004250978585332632, -3.1038467351862664e-09, 0.852461040019989, -0.3927634358406067, 0.029989762231707573, -5.47747276868904e-06, -2.995917384396307e-06, 2.107931613922119]]","[0.9932659268379211, -1.4457844495773315, -2.01567006111145, 0.903468668460846, 2.0735387802124023, -1.4646567106246948]","[0, 30]",6.246730051,-0.23931705951690674,0.0,31.0,1747830095.879163,31.0,
34,"[0.8980703353881836, -0.40993523597717285, 0.029989831149578094]","[-0.016772210597991943, 0.8934141397476196, -0.9807519912719727, -0.1536540389060974]",False,"[0.6811601519584656, -0.22564472258090973, 0.029999999329447746]","[[0.3893602788448334, 0.15260036289691925, 0.0036362092941999435, -6.940644681208141e-08, 0.8980703353881836, -0.40993523597717285, 0.029989831149578094, -5.909789706493029e-06, -2.924682576121995e-07, 1.620708703994751]]","[0.5282964110374451, -1.237557053565979, -2.0458004474639893, 1.1383111476898193, 2.1936256885528564, -1.7893414497375488]","[0, 30]",6.625620539,-0.28462785482406616,0.0,34.0,1747830096.257914,34.0,
35,"[0.9132051467895508, -0.4156334698200226, 0.029989831149578094]","[-0.08442986011505127, 0.880882740020752, -0.9782334566116333, -0.2527194023132324]",False,"[0.6811601519584656, -0.22564472258090973, 0.029999999329447746]","[[0.3893863558769226, 0.18584075570106506, 0.003717839950695634, 8.885868929553453e-09, 0.9132051467895508, -0.4156334698200226, 0.029989831149578094, -5.91193429499981e-06, -2.776878034183028e-07, 1.4867753982543945]]","[0.3927871286869049, -1.1726254224777222, -2.0446510314941406, 1.1252012252807617, 2.156736373901367, -1.9024419784545898]","[0, 30]",6.752390568,-0.29990097880363464,0.0,35.0,1747830096.3846197,35.0,
36,"[0.9283060431480408, -0.421318918466568, 0.029989831149578094]","[0.009856820106506348, 0.8007363080978394, -0.9837905764579773, -0.2830944061279297]",False,"[0.6811601519584656, -0.22564472258090973, 0.029999999329447746]","[[0.3937300443649292, 0.2182009518146515, 0.003857231233268976, 1.475081035096082e-07, 0.9283060431480408, -0.421318918466568, 0.029989831149578094, -5.912329015700379e-06, -2.7490600018609257e-07, 1.3667751550674438]]","[0.12526732683181763, -0.7938956022262573, -1.8910249471664429, 1.2465317249298096, 1.9827406406402588, -2.153245449066162]","[0, 30]",6.879605342,-0.31522923707962036,0.0,36.0,1747830096.51141,36.0,
37,"[0.9433730840682983, -0.42699161171913147, 0.029989831149578094]","[0.07290291786193848, 0.6152695417404175, -0.9949573278427124, -0.4223027229309082]",False,"[0.6811601519584656, -0.22564472258090973, 0.029999999329447746]","[[0.3999326229095459, 0.24403034150600433, 0.003975830040872097, 1.8920854927273467e-07, 0.9433730840682983, -0.42699161171913147, 0.029989831149578094, -5.912401775276521e-06, -2.743823301898374e-07, 1.2605526447296143]]","[-0.12669304013252258, -0.5131895542144775, -1.5630488395690918, 1.440023422241211, 1.9563231468200684, -2.2721660137176514]","[0, 30]",7.008256209,-0.33059972524642944,0.0,37.0,1747830096.6386003,37.0,
38,"[0.9584063291549683, -0.4326515793800354, 0.029989831149578094]","[0.5571613311767578, -0.3710278272628784, -0.9973990321159363, 0.163857102394104]",False,"[0.6811601519584656, -0.22564472258090973, 0.029999999329447746]","[[0.41970422863960266, 0.23609058558940887, 0.004073867108672857, 0.014393776655197144, 0.9584063291549683, -0.4326515793800354, 0.029989831149578094, -5.912415417697048e-06, -2.742837068581139e-07, 1.16796875]]","[-0.22760862112045288, -0.44231152534484863, -1.4388326406478882, 1.587085247039795, 2.0540871620178223, -2.3362579345703125]","[0, 30]",7.137296747,-0.34600183367729187,0.0,38.0,1747830096.767252,38.0,
39,"[0.9734058976173401, -0.43829891085624695, 0.029989778995513916]","[0.6977561712265015, -0.6376268863677979, -0.9974512457847595, 0.19654488563537598]",False,"[0.6811601519584656, -0.22564472258090973, 0.029999999329447746]","[[0.45035240054130554, 0.21117766201496124, 0.004167011473327875, 0.031658727675676346, 0.9734058976173401, -0.43829891085624695, 0.029989778995513916, -6.807505542383296e-06, 5.457160909827508e-07, 1.0889006853103638]]","[-0.4524216651916504, -0.4225730001926422, -1.1552343368530273, 1.8660173416137695, 2.08235502243042, -2.2947256565093994]","[0, 30]",7.272027365,-0.36142686009407043,0.0,39.0,1747830096.8962986,39.0,
40,"[0.9883719086647034, -0.4439335763454437, 0.02998991310596466]","[0.8208179473876953, -0.9036059379577637, -0.9981460571289062, 0.06915116310119629]",False,"[0.6811601519584656, -0.22564472258090973, 0.029999999329447746]","[[0.4837771952152252, 0.1812051385641098, 0.004453647416085005, 0.03773310035467148, 0.9883719086647034, -0.4439335763454437, 0.02998991310596466, -2.9453813112922944e-06, -5.225744459380621e-08, 1.0232417583465576]]","[-0.5836741328239441, -0.28775835037231445, -0.9376600980758667, 2.019869089126587, 2.0049257278442383, -2.2791802883148193]","[0, 30]",7.402035657,-0.3768674433231354,0.0,40.0,1747830097.0310273,40.0,
41,"[1.0033044815063477, -0.4495556652545929, 0.02998783253133297]","[0.9173107147216797, -0.971621036529541, -0.9972132444381714, 0.2923579216003418]",False,"[0.6811601519584656, -0.22564472258090973, 0.029999999329447746]","[[0.5232019424438477, 0.13920916616916656, 0.004996323958039284, 0.06341450661420822, 1.0033044815063477, -0.4495556652545929, 0.02998783253133297, 0.0005854959599673748, 0.00040360126877203584, 0.9709051847457886]]","[-0.6658402681350708, 0.0028541088104248047, -0.7371039390563965, 2.1921820640563965, 1.9066579341888428, -2.248274326324463]","[0, 30]",7.532095907,-0.3923175632953644,0.0,41.0,1747830097.1610184,41.0,
42,"[1.0182822942733765, -0.45516517758369446, 0.028501952067017555]","[0.9676759243011475, -0.9941349625587463, -0.9923723340034485, 0.31475508213043213]",False,"[0.6811601519584656, -0.22564472258090973, 0.029999999329447746]","[[0.5623535513877869, 0.09701806306838989, 0.005511196330189705, 0.07798358052968979, 1.0182822942733765, -0.45516517758369446, 0.028501952067017555, 0.07069048285484314, 0.05258690565824509, 0.9326927661895752]]","[-0.6943982839584351, 0.20846641063690186, -0.6504913568496704, 2.2751388549804688, 1.8682975769042969, -2.27575421333313]","[0, 30]",7.661570819,-0.40783968567848206,0.0,42.0,1747830097.2910676,42.0,
43,"[1.0338634252548218, -0.4607619643211365, 0.01937500573694706]","[0.9734605550765991, -0.9963018298149109, -0.9854415059089661, 0.2211681604385376]",False,"[0.6811601519584656, -0.22564472258090973, 0.029999999329447746]","[[0.5993454456329346, 0.05383792892098427, 0.005798611789941788, 0.07975484430789948, 1.0338634252548218, -0.4607619643211365, 0.01937500573694706, 0.28628093004226685, 0.22343000769615173, 0.930467426776886]]","[-0.6867837309837341, 0.3365524709224701, -0.6277801990509033, 2.316072940826416, 1.8631231784820557, -2.319406270980835]","[0, 30]",7.790738735,-0.42401957511901855,0.0,43.0,1747830097.4205747,43.0,
45,"[1.0662282705307007, -0.4719108045101166, -0.04094916954636574]","[0.9849412441253662, -0.9867709875106812, -0.9417370557785034, 0.6398475170135498]",False,"[0.6811601519584656, -0.22564472258090973, 0.029999999329447746]","[[0.6633424758911133, -0.03242325410246849, 0.005895555950701237, 0.07999636977910995, 1.0662282705307007, -0.4719108045101166, -0.04094916954636574, 0.9562771916389465, 0.6121745109558105, 1.1507176160812378]]","[-0.8500601649284363, 0.3878205716609955, -0.7242635488510132, 2.4539437294006348, 1.7760505676269531, -2.3531548976898193]","[0, 30]",8.047743931,-0.4625561833381653,0.0,45.0,1747830097.6785645,45.0,
46,"[1.0823613405227661, -0.4774572551250458, -0.09438349306583405]","[0.9865535497665405, -0.9825534820556641, -0.9519071578979492, 0.621957540512085]",False,"[0.6811601519584656, -0.22564472258090973, 0.029999999329447746]","[[0.6888472437858582, -0.07385767251253128, 0.005767090246081352, 0.07999955117702484, 1.0823613405227661, -0.4774572551250458, -0.09438349306583405, 1.386178731918335, 0.7232599258422852, 1.3877609968185425]]","[-0.9672502875328064, 0.4556253254413605, -0.7517470121383667, 2.5906152725219727, 1.770804762840271, -2.37358021736145]","[0, 30]",8.175195529,-0.489737868309021,0.0,46.0,1747830097.806753,46.0,
48,"[1.114418864250183, -0.4884784519672394, -0.24747437238693237]","[0.9913733005523682, -0.9887065887451172, -0.8756086826324463, -0.38832175731658936]",False,"[0.6811601519584656, -0.22564472258090973, 0.029999999329447746]","[[0.7250332236289978, -0.1512700915336609, 0.005973386578261852, 0.04588877409696579, 1.114418864250183, -0.4884784519672394, -0.24747437238693237, 2.296624183654785, 0.665436863899231, 1.9304338693618774]]","[-0.9759758114814758, 0.7265501022338867, -0.646760106086731, 2.62630295753479, 1.7877196073532104, -2.4424126148223877]","[0, 30]",8.428412009,-0.5777427554130554,0.0,48.0,1747830098.0607314,48.0,
49,"[0.5743057727813721, 0.07393164187669754, 0.029999999329447746]","[0.9830689430236816, -0.9502543210983276, -0.9535017609596252, -0.5975395441055298]",True,"[0.6255463361740112, -0.11259209364652634, 0.029999999329447746]","[[0.6384396553039551, -2.194472251484947e-12, 0.19740013778209686, 0, 0.5743057727813721, 0.07393164187669754, 0.029999999329447746, 0, 0, 0]]","[-1.0340114831924438, 0.5346469879150391, -0.6893706321716309, 2.3311798572540283, 1.6073235273361206, -2.257943868637085]","[0, 30]",8.757392278,-0.6448139548301697,0.0,49.0,1747830098.1874206,49.0,
53,"[0.4999735653400421, 0.01852530799806118, 0.029989998787641525]","[-0.8273440599441528, -0.36036229133605957, -0.9674344062805176, 0.2794163227081299]",False,"[0.49380114674568176, 0.16496898233890533, 0.029999999329447746]","[[0.5286449193954468, 0.016504531726241112, 0.08891678601503372, 0.07985583692789078, 0.4999735653400421, 0.01852530799806118, 0.029989998787641525, -5.264098845714216e-08, 5.0118378197572255e-11, 9.5569710999166e-14]]","[0.0024599656462669373, 0.04594212770462036, 0.26392948627471924, 0.20112216472625732, 0.2642192840576172, -0.012597993016242981]","[0, 30]",9.28718195,-0.14657369256019592,1.0,53.0,1747830098.90584,3.0,
55,"[0.49952369928359985, 0.02129025012254715, 0.029989931732416153]","[0.012097716331481934, 0.9765231609344482, 0.4548221826553345, -0.5476716756820679]",False,"[0.49380114674568176, 0.16496898233890533, 0.029999999329447746]","[[0.4845331013202667, 0.035839661955833435, 0.025149928405880928, 0.0569990873336792, 0.49952369928359985, 0.02129025012254715, 0.029989931732416153, 5.165659786143806e-06, -2.2815320335212164e-06, -0.09964060038328171]]","[-0.4383199214935303, 0.15158811211585999, 0.15883155167102814, 0.38366538286209106, -0.2182343602180481, -0.2939397692680359]","[0, 30]",9.5645396,-0.14379264414310455,1.0,55.0,1747830099.1836743,5.0,
56,"[0.5016505122184753, 0.03225727379322052, 0.029990127310156822]","[-0.005689561367034912, 0.9338494539260864, 0.06262636184692383, -0.3957035541534424]",False,"[0.49380114674568176, 0.16496898233890533, 0.029999999329447746]","[[0.4871714413166046, 0.05030457302927971, 0.02508613094687462, 0.05072115361690521, 0.5016505122184753, 0.03225727379322052, 0.029990127310156822, 1.3106100595905446e-05, 1.4904486306477338e-05, -0.12180376797914505]]","[-0.4035798907279968, 0.002642005681991577, 0.06709405779838562, 0.1897975504398346, -0.1670798361301422, -0.09143409132957458]","[0, 30]",9.705871816,-0.13294363021850586,1.0,56.0,1747830099.3235219,6.0,
57,"[0.5027897953987122, 0.050897255539894104, 0.02999463863670826]","[0.049636244773864746, 0.9487766027450562, 0.17359161376953125, -0.5315407514572144]",False,"[0.49380114674568176, 0.16496898233890533, 0.029999999329447746]","[[0.4882839322090149, 0.06924180686473846, 0.025224460288882256, 0.04887071251869202, 0.5027897953987122, 0.050897255539894104, 0.02999463863670826, -0.00047446871758438647, 0.000630991708021611, -0.10850482434034348]]","[-0.34942981600761414, -0.028046295046806335, 0.07617485523223877, 0.024481922388076782, -0.1909017562866211, 0.006706923246383667]","[0, 30]",9.835591145,-0.11442531645298004,1.0,57.0,1747830099.464855,7.0,
58,"[0.5013905763626099, 0.07652425020933151, 0.02998998388648033]","[0.017256855964660645, 0.9355204105377197, 0.19473493099212646, -0.5426468849182129]",False,"[0.49380114674568176, 0.16496898233890533, 0.029999999329447746]","[[0.4871220886707306, 0.0944610983133316, 0.025418758392333984, 0.04832557961344719, 0.5013905763626099, 0.07652425020933151, 0.02998998388648033, -0.0002180049050366506, 0.000218999179196544, -0.09129556268453598]]","[-0.22677019238471985, -0.1641581952571869, 0.09059043228626251, -0.1459444910287857, -0.3371840715408325, 0.0006839707493782043]","[0, 30]",9.959199373,-0.08876975625753403,1.0,58.0,1747830099.5946221,8.0,
59,"[0.49640730023384094, 0.1085752323269844, 0.029981156811118126]","[-0.12010931968688965, 0.9062625169754028, 0.09480679035186768, -0.5056300759315491]",False,"[0.49380114674568176, 0.16496898233890533, 0.029999999329447746]","[[0.482107013463974, 0.12549030780792236, 0.025693146511912346, 0.04880087450146675, 0.49640730023384094, 0.1085752323269844, 0.029981156811118126, -0.00013582210522145033, -0.00015002692816779017, -0.07386822253465652]]","[-0.07917105406522751, -0.3229638338088989, 0.04787909984588623, -0.1386064887046814, -0.43880319595336914, 0.060243502259254456]","[0, 30]",10.084047919,-0.05645393580198288,1.0,59.0,1747830099.7182252,9.0,
60,"[0.48609253764152527, 0.2908362150192261, 0.029999999329447746]","[-0.12312841415405273, 0.7767548561096191, -0.06956839561462402, -0.37699997425079346]",True,"[0.4234536588191986, 0.07177282124757767, 0.029999999329447746]","[[0.6384396553039551, -2.194472251484947e-12, 0.19740013778209686, 0, 0.48609253764152527, 0.2908362150192261, 0.029999999329447746, 0, 0, 0]]","[-0.0002230033278465271, -0.26022452116012573, -0.10478881001472473, -0.2253580093383789, -0.3779359757900238, 0.04622773826122284]","[0, 30]",10.313065328,-0.02036617323756218,1.0,60.0,1747830099.8430638,10.0,
62,"[0.6852495074272156, 0.1778407096862793, 0.029989873990416527]","[0.673255205154419, 0.992985725402832, -0.014830231666564941, 0.9227981567382812]",False,"[0.4042953848838806, 0.1312580108642578, 0.029999999329447746]","[[0.6501677632331848, 0.0151597298681736, 0.19885557889938354, 0.07881748676300049, 0.6852495074272156, 0.1778407096862793, 0.029989873990416527, -5.646077738674649e-07, 4.290050128474832e-06, 1.8109276231359495e-11]]","[0.10639872401952744, -0.085612952709198, 0.2882573902606964, 0.56251460313797, 0.15038922429084778, -0.10668860375881195]","[0, 30]",10.5699101,-0.28478968143463135,2.0,62.0,1747830100.2007265,1.0,
64,"[0.6852495074272156, 0.1778407096862793, 0.029989875853061676]","[0.6755808591842651, 0.9852101802825928, -0.4193328022956848, 0.8606061935424805]",False,"[0.4042953848838806, 0.1312580108642578, 0.029999999329447746]","[[0.688116729259491, 0.10241389274597168, 0.1824425607919693, 0.07998250424861908, 0.6852495074272156, 0.1778407096862793, 0.029989875853061676, -3.465584654804843e-07, 4.4875928324472625e-06, 1.9066255518840336e-11]]","[0.08542636036872864, -0.006767719984054565, 0.218063622713089, 0.5531659722328186, 0.14372095465660095, -0.052821651101112366]","[0, 30]",10.829165312,-0.28478968143463135,2.0,64.0,1747830100.457394,3.0,
67,"[0.6852495074272156, 0.1778407096862793, 0.02998998574912548]","[0.41555702686309814, 0.23525142669677734, -0.9839451909065247, 0.060340285301208496]",False,"[0.4042953848838806, 0.1312580108642578, 0.029999999329447746]","[[0.704862654209137, 0.17713017761707306, 0.034799061715602875, 0.07999999821186066, 0.6852495074272156, 0.1778407096862793, 0.02998998574912548, -5.4041774527613384e-11, 4.578205050620454e-07, 2.0524621932582754e-11]]","[0.014172039926052094, -0.008017659187316895, -0.11866065859794617, 0.1638096272945404, 0.3359147310256958, 0.08617784082889557]","[0, 30]",11.226971094,-0.28478968143463135,2.0,67.0,1747830100.8531165,6.0,
69,"[0.6701967716217041, 0.16410966217517853, 0.0302249975502491]","[-0.9968774914741516, -0.4584866762161255, 0.9580891132354736, -0.9699414372444153]",False,"[0.4042953848838806, 0.1312580108642578, 0.029999999329447746]","[[0.6456552147865295, 0.1460248976945877, 0.028465304523706436, 0.049247611314058304, 0.6701967716217041, 0.16410966217517853, 0.0302249975502491, -5.450888693303568e-06, 0.007875330746173859, 0.0598146878182888]]","[-0.031479619443416595, 0.43960288166999817, 0.3294275999069214, 0.0639895647764206, -0.13047975301742554, 0.04931578040122986]","[0, 30]",11.491268221,-0.26792317628860474,2.0,69.0,1747830101.1186447,8.0,
71,"[0.6358059644699097, 0.13300053775310516, 0.030289432033896446]","[-0.3351008892059326, -0.2733771800994873, 0.5383083820343018, -0.7653898000717163]",False,"[0.4042953848838806, 0.1312580108642578, 0.029999999329447746]","[[0.5976617336273193, 0.1487104892730713, 0.05320095270872116, 0.0022067148238420486, 0.6358059644699097, 0.13300053775310516, 0.030289432033896446, -0.0014827513368800282, 0.011530684307217598, -0.018357887864112854]]","[0.3629871606826782, 0.21682190895080566, 0.216650128364563, -0.25150391459465027, -0.26584720611572266, 0.08078739047050476]","[0, 30]",11.753250926,-0.23151731491088867,2.0,71.0,1747830101.3814785,10.0,
74,"[0.6336202025413513, 0.09045964479446411, 0.02994975820183754]","[-0.8141828775405884, -0.08860671520233154, 0.5054891109466553, -0.5622698068618774]",False,"[0.4042953848838806, 0.1312580108642578, 0.029999999329447746]","[[0.5531363487243652, 0.1225087121129036, 0.021119236946105957, 0.029658513143658638, 0.6336202025413513, 0.09045964479446411, 0.02994975820183754, -0.002051373478025198, -0.001761268824338913, 0.7892279028892517]]","[0.7834606766700745, -0.23454630374908447, 0.16806268692016602, -0.5310505628585815, -0.3973742723464966, 0.2664797902107239]","[0, 30]",12.144853123,-0.23292569816112518,2.0,74.0,1747830101.7731788,13.0,
75,"[0.6422185897827148, 0.07889392971992493, 0.0299824308604002]","[0.21435534954071045, 0.3233296871185303, 0.990847110748291, 0.8352851867675781]",False,"[0.4042953848838806, 0.1312580108642578, 0.029999999329447746]","[[0.5502322912216187, 0.13329850137233734, 0.04229166731238365, 0.07387982308864594, 0.6422185897827148, 0.07889392971992493, 0.0299824308604002, -0.00011939617252210155, -7.555011688964441e-05, 1.212697148323059]]","[0.7514167428016663, -0.21141736209392548, 0.17594359815120697, -0.33418941497802734, -0.37638747692108154, 0.21275146305561066]","[0, 30]",12.274873966,-0.24361743032932281,2.0,75.0,1747830101.9038646,14.0,
76,"[0.6507983207702637, 0.06735336035490036, 0.029964299872517586]","[0.16479146480560303, 0.007887482643127441, 0.9395706653594971, 0.9358067512512207]",False,"[0.4042953848838806, 0.1312580108642578, 0.029999999329447746]","[[0.5594114065170288, 0.13435381650924683, 0.08094307035207748, 0.07925591617822647, 0.6507983207702637, 0.06735336035490036, 0.029964299872517586, -4.3450661905808374e-05, -0.000789678655564785, 1.6156011819839478]]","[1.0647530555725098, -0.47109663486480713, 0.055153876543045044, -0.5130876898765564, -0.4019802510738373, 0.3583559989929199]","[0, 30]",12.404384982,-0.2546517252922058,2.0,76.0,1747830102.0339239,15.0,
78,"[0.667901873588562, 0.04434735327959061, 0.029983539134263992]","[0.047383904457092285, -0.4665185213088989, 0.8472278118133545, 0.9451339244842529]",False,"[0.4042953848838806, 0.1312580108642578, 0.029999999329447746]","[[0.5623192191123962, 0.10364259779453278, 0.1456630527973175, 0.07998839020729065, 0.667901873588562, 0.04434735327959061, 0.029983539134263992, -0.00023654900724068284, 6.379961268976331e-05, 2.3621151447296143]]","[1.381761074066162, -0.8880975246429443, -0.06360897421836853, -0.6515946984291077, -0.19748611748218536, 0.2527920603752136]","[0, 30]",12.664631761,-0.277564138174057,2.0,78.0,1747830102.2958224,17.0,
83,"[0.7103372812271118, -0.012732511386275291, 0.029989076778292656]","[-0.7347551584243774, 0.8016133308410645, 0.9303462505340576, -0.07438033819198608]",False,"[0.4042953848838806, 0.1312580108642578, 0.029999999329447746]","[[0.4659247100353241, 0.07272662222385406, 0.3247082233428955, 0.06988142430782318, 0.7103372812271118, -0.012732511386275291, 0.029989076778292656, -3.699969056469854e-06, -1.7128548279288225e-05, -2.373933792114258]]","[1.788368821144104, -1.8778676986694336, -0.727027416229248, -0.6175075769424438, 0.7543227672576904, -0.554108202457428]","[0, 30]",13.300082764999999,-0.3382231891155243,2.0,83.0,1747830102.9334419,22.0,
84,"[0.7187693119049072, -0.024074433371424675, 0.029989179223775864]","[-0.8355993628501892, 0.7162008285522461, 0.6705278158187866, -0.5560096502304077]",False,"[0.4042953848838806, 0.1312580108642578, 0.029999999329447746]","[[0.4338858425617218, 0.10125141590833664, 0.3544260859489441, 0.02104029804468155, 0.7187693119049072, -0.024074433371424675, 0.029989179223775864, -2.438463866383245e-07, -1.4698171071358956e-05, -2.115293264389038]]","[1.9109647274017334, -1.926474928855896, -1.047653079032898, -0.5976037383079529, 1.0296063423156738, -0.4917498230934143]","[0, 30]",13.426171282,-0.35074496269226074,2.0,84.0,1747830103.059101,23.0,
86,"[0.735578715801239, -0.046684760600328445, 0.02998880110681057]","[-0.6676243543624878, 0.5521948337554932, 0.6997528076171875, -0.32600754499435425]",False,"[0.4042953848838806, 0.1312580108642578, 0.029999999329447746]","[[0.37445273995399475, 0.1500963717699051, 0.41592109203338623, 0.0003110417746938765, 0.735578715801239, -0.046684760600328445, 0.02998880110681057, -5.752769538958091e-06, -3.712243415066041e-05, -1.6456899642944336]]","[1.984788417816162, -1.7673959732055664, -1.5904250144958496, -0.7988133430480957, 1.4716784954071045, -0.8209607005119324]","[0, 30]",13.677518962,-0.3760482370853424,2.0,86.0,1747830103.3105078,25.0,
87,"[0.7439562082290649, -0.057953301817178726, 0.029988333582878113]","[-0.5915864706039429, 0.34484875202178955, 0.8981635570526123, -0.24976694583892822]",False,"[0.4042953848838806, 0.1312580108642578, 0.029999999329447746]","[[0.34895703196525574, 0.16397443413734436, 0.44895273447036743, 3.782374915317632e-05, 0.7439562082290649, -0.057953301817178726, 0.029988333582878113, -5.746023362007691e-06, -5.272142880130559e-05, -1.434088110923767]]","[1.7685198783874512, -1.8319376707077026, -1.8381680250167847, -0.38620689511299133, 1.6405844688415527, -0.6813151240348816]","[0, 30]",13.803860935,-0.38880637288093567,2.0,87.0,1747830103.4365566,26.0,
88,"[0.7523155808448792, -0.06919751316308975, 0.02998824417591095]","[-0.7298564910888672, 0.05300617218017578, 0.9625871181488037, -0.4423472285270691]",False,"[0.4042953848838806, 0.1312580108642578, 0.029999999329447746]","[[0.3192925453186035, 0.16651582717895508, 0.4854073226451874, 4.611579697666457e-06, 0.7523155808448792, -0.06919751316308975, 0.02998824417591095, -5.7458473747828975e-06, -5.5680906370980665e-05, -1.2375664710998535]]","[1.8255869150161743, -1.80436110496521, -1.7181822061538696, -0.1649080216884613, 1.9246561527252197, -0.650723397731781]","[0, 30]",13.929705646,-0.40162229537963867,2.0,88.0,1747830103.5628598,27.0,
91,"[0.7772857546806335, -0.10278484970331192, 0.02998984232544899]","[-0.4569437503814697, -0.17668163776397705, 0.9781136512756348, -0.1386479139328003]",False,"[0.4042953848838806, 0.1312580108642578, 0.029999999329447746]","[[0.23588618636131287, 0.15036502480506897, 0.5952434539794922, -7.203801288824252e-08, 0.7772857546806335, -0.10278484970331192, 0.02998984232544899, -4.39008226749138e-06, -1.5285897916328395e-06, -0.7359950542449951]]","[1.0135679244995117, -1.2856993675231934, -1.6367892026901245, 0.6043117046356201, 1.6353189945220947, -1.0894078016281128]","[0, 30]",14.308213914,-0.4403383731842041,2.0,91.0,1747830103.9408872,30.0,
95,"[0.810329020023346, -0.14723137021064758, 0.029989875853061676]","[0.15306484699249268, -0.2945138216018677, 0.9127264022827148, -0.15743637084960938]",False,"[0.4042953848838806, 0.1312580108642578, 0.029999999329447746]","[[0.23406271636486053, 0.08362865447998047, 0.7121105790138245, 0.007953399792313576, 0.810329020023346, -0.14723137021064758, 0.029989875853061676, -4.494729637372075e-06, -3.4003099358415056e-07, -0.26495620608329773]]","[0.5773517489433289, -0.8324509859085083, -1.6449966430664062, 1.1222553253173828, 1.953127384185791, -1.6296414136886597]","[0, 30]",14.809873128,-0.49236130714416504,2.0,95.0,1747830104.4440885,34.0,
98,"[0.8349254727363586, -0.18031607568264008, 0.029989875853061676]","[-0.21547985076904297, 0.44101250171661377, 0.11820507049560547, -0.8127044439315796]",False,"[0.4042953848838806, 0.1312580108642578, 0.029999999329447746]","[[0.20854750275611877, 0.10569065064191818, 0.7472161650657654, 1.432461340300506e-05, 0.8349254727363586, -0.18031607568264008, 0.029989875853061676, -4.494885160966078e-06, -3.385184186299739e-07, -0.05459126457571983]]","[0.22357982397079468, -0.6792908906936646, -1.672294020652771, 1.3636817932128906, 2.0744357109069824, -2.132805347442627]","[0, 30]",15.184550491,-0.5315267443656921,2.0,98.0,1747830104.8186624,37.0,
99,"[0.8430891036987305, -0.1912969946861267, 0.029989875853061676]","[-0.1694246530532837, 0.4382592439651489, -0.14078426361083984, -0.8468999266624451]",False,"[0.4042953848838806, 0.1312580108642578, 0.029999999329447746]","[[0.2021687775850296, 0.12375964969396591, 0.7433997392654419, 1.757272571012436e-06, 0.8430891036987305, -0.1912969946861267, 0.029989875853061676, -4.49488607046078e-06, -3.385100910691108e-07, -0.01111125573515892]]","[0.13970625400543213, -0.6349996328353882, -1.611035943031311, 1.4158174991607666, 2.0742344856262207, -2.175353765487671]","[0, 30]",15.309159944,-0.544593095779419,2.0,99.0,1747830104.9435513,38.0,
104,"[0.8836457133293152, -0.2458496391773224, 0.029989875853061676]","[0.716672420501709, -0.9667761921882629, -0.7761965394020081, -0.8745892643928528]",False,"[0.4042953848838806, 0.1312580108642578, 0.029999999329447746]","[[0.2695636451244354, 0.016840072348713875, 0.6817910671234131, 4.5449635166505686e-08, 0.8836457133293152, -0.2458496391773224, 0.029989875853061676, -4.4948865252081305e-06, -3.385081583928695e-07, 0.0405910462141037]]","[-0.25169259309768677, 0.23993438482284546, -0.937027096748352, 2.3296432495117188, 2.163571834564209, -2.3251583576202393]","[0, 30]",15.947325729,-0.609907329082489,2.0,104.0,1747830105.5818713,43.0,
105,"[0.8917050361633301, -0.25669020414352417, 0.029989875853061676]","[0.85882568359375, -0.9929403066635132, -0.8389937877655029, -0.848266065120697]",False,"[0.4042953848838806, 0.1312580108642578, 0.029999999329447746]","[[0.3085436522960663, -0.02587885595858097, 0.6515184640884399, 3.646005453106227e-08, 0.8917050361633301, -0.25669020414352417, 0.029989875853061676, -4.4948865252081305e-06, -3.385081583928695e-07, 0.0405910462141037]]","[-0.20534884929656982, 0.5927464962005615, -0.8842453956604004, 2.4265286922454834, 2.2558839321136475, -2.2681472301483154]","[0, 30]",16.071739535,-0.622954249382019,2.0,105.0,1747830105.7063854,44.0,
107,"[0.9077720046043396, -0.2783018946647644, 0.029989875853061676]","[0.893552303314209, -0.996679961681366, -0.9143202900886536, -0.7078900933265686]",False,"[0.4042953848838806, 0.1312580108642578, 0.029999999329447746]","[[0.38860082626342773, -0.10995164513587952, 0.5763558745384216, 1.01588435441613e-08, 0.9077720046043396, -0.2783018946647644, 0.029989875853061676, -4.4948865252081305e-06, -3.385081583928695e-07, 0.0405910462141037]]","[-0.2549465298652649, 0.9960030317306519, -0.7171387672424316, 2.3085947036743164, 2.1230955123901367, -2.1413967609405518]","[0, 30]",16.319814636,-0.6490208506584167,2.0,107.0,1747830105.9552317,46.0,
109,"[0.9237704277038574, -0.2998214066028595, 0.029989875853061676]","[0.9462070465087891, -0.9913790225982666, -0.9606140851974487, -0.6649670600891113]",False,"[0.4042953848838806, 0.1312580108642578, 0.029999999329447746]","[[0.46465003490448, -0.1873566210269928, 0.48769816756248474, 3.171443196947621e-08, 0.9237704277038574, -0.2998214066028595, 0.029989875853061676, -4.4948865252081305e-06, -3.385081583928695e-07, 0.0405910462141037]]","[-0.1959822177886963, 1.0899286270141602, -0.6180398464202881, 2.273101568222046, 2.0435526371002197, -2.043192148208618]","[0, 30]",16.571353761,-0.675043523311615,2.0,109.0,1747830106.2019413,48.0,
110,"[0.48327481746673584, -0.01528687123209238, 0.029999999329447746]","[0.959540605545044, -0.9799865484237671, -0.9754486083984375, -0.6577534675598145]",True,"[0.6694880127906799, 0.2295823097229004, 0.029999999329447746]","[[0.6384396553039551, -2.194472251484947e-12, 0.19740013778209686, 0, 0.48327481746673584, -0.01528687123209238, 0.029999999329447746, 0, 0, 0]]","[-0.250903844833374, 1.182840347290039, -0.6808441877365112, 2.1508309841156006, 1.9106676578521729, -2.014341354370117]","[0, 30]",16.874941811,-0.6880359649658203,2.0,110.0,1747830106.3303664,49.0,
111,"[0.4667743146419525, 0.2554408013820648, 0.029985502362251282]","[-0.1444324254989624, 0.8188034296035767, 0.8593316078186035, 0.8726170063018799]",False,"[0.6459392309188843, 0.14112412929534912, 0.029999999329447746]","[[0.6277881264686584, 0.023632533848285675, 0.20584525167942047, 0.07027383148670197, 0.4667743146419525, 0.2554408013820648, 0.029985502362251282, -7.5068004662171e-05, -7.508859562221915e-05, 2.8197320034450968e-09]]","[0.10906241089105606, -0.09972286224365234, 0.36525478959083557, 0.2778874337673187, -0.11358658224344254, -0.493746817111969]","[0, 30]",17.000957049,-0.21252849698066711,3.0,111.0,1747830106.6339328,0.0,
112,"[0.4667743146419525, 0.2554408013820648, 0.029989151284098625]","[-0.9905627369880676, 0.8979318141937256, 0.6292366981506348, 0.7348124980926514]",False,"[0.6459392309188843, 0.14112412929534912, 0.029999999329447746]","[[0.5939965844154358, 0.0672837421298027, 0.22279681265354156, 0.07881755381822586, 0.4667743146419525, 0.2554408013820648, 0.029989151284098625, -1.426063863618765e-05, -1.4290918443293776e-05, 1.022658971394641e-10]]","[0.02329973131418228, -0.24954110383987427, 0.2316051870584488, 0.5035607218742371, -0.04181057587265968, -0.29614847898483276]","[0, 30]",17.127769102,-0.21252849698066711,3.0,112.0,1747830106.7599971,1.0,
113,"[0.4667743146419525, 0.2554408013820648, 0.02998983860015869]","[-0.982173502445221, 0.9582068920135498, -0.4576685428619385, 0.5918434858322144]",False,"[0.6459392309188843, 0.14112412929534912, 0.029999999329447746]","[[0.5681962966918945, 0.11171438544988632, 0.22169865667819977, 0.07985618710517883, 0.4667743146419525, 0.2554408013820648, 0.02998983860015869, -2.7867370135936653e-06, -2.8188899250380928e-06, 4.107824323751341e-12]]","[-0.1962183117866516, -0.10596765577793121, 0.2675042748451233, 0.5809731483459473, 0.06721830368041992, -0.059856630861759186]","[0, 30]",17.254630738,-0.21252849698066711,3.0,113.0,1747830106.8868058,2.0,
114,"[0.4667743146419525, 0.2554408013820648, 0.029989968985319138]","[-0.9480991959571838, 0.9476723670959473, -0.8678983449935913, 0.28156113624572754]",False,"[0.6459392309188843, 0.14112412929534912, 0.029999999329447746]","[[0.5300853252410889, 0.15564443171024323, 0.18151156604290009, 0.07998257875442505, 0.4667743146419525, 0.2554408013820648, 0.029989968985319138, -6.216897645572317e-07, -6.542094865835679e-07, 3.481147661799078e-13]]","[-0.11224117130041122, -0.0009002983570098877, 0.20995092391967773, 0.5067541003227234, 0.14247657358646393, -0.009955540299415588]","[0, 30]",17.38171989,-0.21252849698066711,3.0,114.0,1747830107.0136232,3.0,
117,"[0.4667743146419525, 0.2554408013820648, 0.029989998787641525]","[-0.23042690753936768, 0.4955604076385498, -0.9232072830200195, 0.06179153919219971]",False,"[0.6459392309188843, 0.14112412929534912, 0.029999999329447746]","[[0.4467874765396118, 0.25452032685279846, 0.05305825173854828, 0.07999998331069946, 0.4667743146419525, 0.2554408013820648, 0.029989998787641525, -3.3830553913816175e-09, -1.6142319481105005e-08, 1.3024767354062605e-13]]","[-0.10196032375097275, 0.20566663146018982, -0.04013684391975403, 0.25112271308898926, 0.22754314541816711, 0.19521264731884003]","[0, 30]",17.763482062,-0.21252849698066711,3.0,117.0,1747830107.3954678,6.0,
119,"[0.4717459976673126, 0.24765644967556, 0.0300075002014637]","[0.7825747728347778, -0.9007693529129028, 0.5524603128433228, -0.7404220104217529]",False,"[0.6459392309188843, 0.14112412929534912, 0.029999999329447746]","[[0.473051518201828, 0.23264238238334656, 0.022688060998916626, 0.052519816905260086, 0.4717459976673126, 0.24765644967556, 0.0300075002014637, 0.0005809845752082765, -7.327892603825603e-07, 0.05657407268881798]]","[0.4976971745491028, 0.6152969598770142, 0.10700014233589172, -0.010358959436416626, 0.013078704476356506, 0.39295756816864014]","[0, 30]",18.020073572,-0.20418719947338104,3.0,119.0,1747830107.6506765,8.0,
120,"[0.48038533329963684, 0.23325325548648834, 0.02998986281454563]","[0.8908791542053223, -0.9069423079490662, 0.6575722694396973, -0.8554387092590332]",False,"[0.6459392309188843, 0.14112412929534912, 0.029999999329447746]","[[0.4828090965747833, 0.22091379761695862, 0.02278618887066841, 0.053316667675971985, 0.48038533329963684, 0.23325325548648834, 0.02998986281454563, -2.446273538225796e-05, -7.032083885860629e-06, 0.04392053559422493]]","[0.6226070523262024, 0.5863103866577148, 0.08909398317337036, -0.10591191053390503, -0.039015188813209534, 0.42846542596817017]","[0, 30]",18.148105742,-0.18946203589439392,3.0,120.0,1747830107.779116,9.0,
122,"[0.5168654322624207, 0.18904323875904083, 0.02998979575932026]","[0.9301185607910156, -0.8506762981414795, 0.4750404357910156, -0.8319145441055298]",False,"[0.6459392309188843, 0.14112412929534912, 0.029999999329447746]","[[0.5192729830741882, 0.1768409162759781, 0.022938380017876625, 0.05273796245455742, 0.5168654322624207, 0.18904323875904083, 0.02998979575932026, 0.000214854022487998, -0.00023038173094391823, 0.028114648535847664]]","[0.9180594086647034, 0.4913303554058075, 0.1572243571281433, -0.1856643259525299, -0.18486380577087402, 0.33322715759277344]","[0, 30]",18.405531023,-0.13768181204795837,3.0,122.0,1747830108.0353408,11.0,
124,"[0.5679716467857361, 0.12573707103729248, 0.029965883120894432]","[0.8146777153015137, -0.3207188844680786, 0.19082129001617432, -0.7284976243972778]",False,"[0.6459392309188843, 0.14112412929534912, 0.029999999329447746]","[[0.5679566860198975, 0.13226363062858582, 0.023722222074866295, 0.05383573845028877, 0.5679716467857361, 0.12573707103729248, 0.029965883120894432, -0.0009867437183856964, -0.00018322331015951931, 0.01003416907042265]]","[0.9126655459403992, -0.0746077299118042, 0.2440449744462967, -0.34511345624923706, -0.3007674515247345, 0.46138542890548706]","[0, 30]",18.667416217,-0.0794714018702507,3.0,124.0,1747830108.2962167,13.0,
126,"[0.6202782988548279, 0.0792052149772644, 0.03035791590809822]","[0.21158623695373535, 0.9300553798675537, -0.040541231632232666, -0.528516948223114]",False,"[0.6459392309188843, 0.14112412929534912, 0.029999999329447746]","[[0.6199492812156677, 0.09588329493999481, 0.022746492177248, 0.0503280945122242, 0.6202782988548279, 0.0792052149772644, 0.03035791590809822, -0.012661623768508434, -0.0001710340438876301, -0.09849295020103455]]","[1.086685299873352, -0.6408838033676147, 0.16967567801475525, -0.31652700901031494, -0.2014462649822235, 0.28569960594177246]","[0, 30]",18.931314477,-0.06702657788991928,3.0,126.0,1747830108.558357,15.0,
127,"[0.6356850266456604, 0.06518659740686417, 0.030230650678277016]","[0.05342268943786621, 0.949286937713623, 0.33645904064178467, -0.6895856261253357]",False,"[0.6459392309188843, 0.14112412929534912, 0.029999999329447746]","[[0.6235029101371765, 0.08394908159971237, 0.02509269304573536, 0.0490649938583374, 0.6356850266456604, 0.06518659740686417, 0.030230650678277016, -0.008329546079039574, -0.00024566956562921405, -0.10253623127937317]]","[1.1904938220977783, -0.8716678619384766, 0.01687481999397278, -0.5452394485473633, -0.2642133831977844, 0.013080708682537079]","[0, 30]",19.063260746,-0.07662708312273026,3.0,127.0,1747830108.6902897,16.0,
130,"[0.6429581642150879, 0.05772196874022484, 0.02998053841292858]","[-0.16626352071762085, 0.9466385841369629, 0.013008475303649902, -0.5047038197517395]",False,"[0.6459392309188843, 0.14112412929534912, 0.029999999329447746]","[[0.6151652336120605, 0.07828414440155029, 0.02887011133134365, 0.049719057977199554, 0.6429581642150879, 0.05772196874022484, 0.02998053841292858, 2.5931489290087484e-05, -0.00029183103470131755, -0.10485506802797318]]","[1.421261191368103, -1.4037898778915405, -0.2008768618106842, -0.21602240204811096, 0.44213593006134033, 0.12833990156650543]","[0, 30]",19.459669161,-0.08345542103052139,3.0,130.0,1747830109.0869234,19.0,
131,"[0.6403195261955261, 0.06622268259525299, 0.02996908314526081]","[-0.2512381076812744, 0.901848316192627, 0.3834742307662964, -0.7268696427345276]",False,"[0.6459392309188843, 0.14112412929534912, 0.029999999329447746]","[[0.6040329933166504, 0.09532031416893005, 0.03226028382778168, 0.017297284677624702, 0.6403195261955261, 0.06622268259525299, 0.02996908314526081, 3.899012881447561e-06, -0.0006930040544830263, -0.12243375182151794]]","[1.6799671649932861, -1.7088364362716675, -0.26266440749168396, -0.40129008889198303, 0.4862483739852905, -0.22696855664253235]","[0, 30]",19.591342809,-0.07511197030544281,3.0,131.0,1747830109.2186673,20.0,
132,"[0.6379606127738953, 0.07561405748128891, 0.029986053705215454]","[-0.5667486190795898, 0.8940927982330322, -0.045948803424835205, -0.3290950059890747]",False,"[0.6459392309188843, 0.14112412929534912, 0.029999999329447746]","[[0.5850648283958435, 0.13770997524261475, 0.030646054074168205, 0.002102974336594343, 0.6379606127738953, 0.07561405748128891, 0.029986053705215454, 7.098846026565298e-07, -0.00013076789036858827, -0.12710493803024292]]","[1.935233235359192, -2.048429012298584, -0.7463738918304443, -0.6384262442588806, 0.7185336351394653, -0.3352925181388855]","[0, 30]",19.721968411,-0.06599414348602295,3.0,132.0,1747830109.3503063,21.0,
133,"[0.6356064081192017, 0.08498679101467133, 0.029989255592226982]","[-0.46141254901885986, 0.68727707862854, -0.27683550119400024, 0.01989305019378662]",False,"[0.6459392309188843, 0.14112412929534912, 0.029999999329447746]","[[0.5666550993919373, 0.16859236359596252, 0.018067657947540283, 0.003850433975458145, 0.6356064081192017, 0.08498679101467133, 0.029989255592226982, 1.3395047915309988e-07, -2.4675029635545798e-05, -0.12710493803024292]]","[2.007220983505249, -1.9861634969711304, -1.0307388305664062, -0.5978199243545532, 1.0929232835769653, -0.44740909337997437]","[0, 30]",19.852610394,-0.057080358266830444,3.0,133.0,1747830109.480985,22.0,
136,"[0.4746437072753906, 0.2156316339969635, 0.02998925745487213]","[-0.8730522394180298, 0.9424042701721191, 0.3467702865600586, 0.9183915853500366]",False,"[0.5415341258049011, -0.047782883048057556, 0.029999999329447746]","[[0.600127100944519, 0.06383053958415985, 0.1786012053489685, 0.07675615698099136, 0.4746437072753906, 0.2156316339969635, 0.02998925745487213, -3.6207754874340026e-06, -1.6889260223251767e-05, 1.1487787388020365e-09]]","[0.10794733464717865, -0.23303064703941345, 0.24058733880519867, 0.36390724778175354, -0.04871032387018204, -0.2520296573638916]","[0, 30]",20.362455457,-0.2717747986316681,4.0,136.0,1747830109.9919853,1.0,
138,"[0.4746437072753906, 0.2156316339969635, 0.02998986467719078]","[-0.7455577850341797, 0.9735114574432373, -0.6748367547988892, 0.7061587572097778]",False,"[0.5415341258049011, -0.047782883048057556, 0.029999999329447746]","[[0.544600784778595, 0.15245021879673004, 0.14026565849781036, 0.07995209842920303, 0.4746437072753906, 0.2156316339969635, 0.02998986467719078, -1.1445075642768643e-06, 4.02872183258296e-06, 1.1579895931035367e-09]]","[-0.12787726521492004, 0.046235352754592896, 0.1783769726753235, 0.5521407127380371, 0.11450305581092834, -0.05115051567554474]","[0, 30]",20.620348052,-0.2717747986316681,4.0,138.0,1747830110.250241,3.0,
139,"[0.4746437072753906, 0.2156316339969635, 0.02998991869390011]","[-0.6003646850585938, 0.9407753944396973, -0.9138174057006836, 0.35007405281066895]",False,"[0.5415341258049011, -0.047782883048057556, 0.029999999329447746]","[[0.5198619365692139, 0.19350367784500122, 0.10087449103593826, 0.07999420166015625, 0.4746437072753906, 0.2156316339969635, 0.02998991869390011, -1.5208767933927447e-07, 2.549565579101909e-06, 1.1620275852664008e-09]]","[-0.03918040543794632, 0.04146036505699158, 0.05732336640357971, 0.4398912787437439, 0.21347364783287048, -0.09218800067901611]","[0, 30]",20.74936172,-0.2717747986316681,4.0,139.0,1747830110.3793962,4.0,
142,"[0.4757574498653412, 0.20431996881961823, 0.03013286180794239]","[0.498737096786499, -0.947335958480835, 0.45435893535614014, -0.6688264608383179]",False,"[0.5415341258049011, -0.047782883048057556, 0.029999999329447746]","[[0.47675466537475586, 0.19101205468177795, 0.031783297657966614, 0.05523417890071869, 0.4757574498653412, 0.20431996881961823, 0.03013286180794239, 0.004769958555698395, 2.2064996301196516e-06, 0.05473680794239044]]","[0.3800364136695862, 0.748466968536377, 0.054231494665145874, 0.062374234199523926, 0.17264381051063538, 0.3587490916252136]","[0, 30]",21.139140832,-0.2605425715446472,4.0,142.0,1747830110.7672465,7.0,
145,"[0.513141393661499, 0.1399177759885788, 0.030010046437382698]","[0.6824686527252197, -0.9669145941734314, 0.43476641178131104, -0.6991811990737915]",False,"[0.5415341258049011, -0.047782883048057556, 0.029999999329447746]","[[0.5132924914360046, 0.1303965449333191, 0.0317864753305912, 0.05470428243279457, 0.513141393661499, 0.1399177759885788, 0.030010046437382698, 0.002245323732495308, -0.0015732947504147887, 0.01773046888411045]]","[0.789149284362793, 0.5523312091827393, 0.033971965312957764, -0.29563337564468384, -0.15610016882419586, 0.355584979057312]","[0, 30]",21.528784227,-0.18983593583106995,4.0,145.0,1747830111.157227,10.0,
148,"[0.5304837226867676, 0.023945335298776627, 0.029977919533848763]","[-0.26764076948165894, -0.9472241997718811, 0.13990378379821777, -0.38482600450515747]",False,"[0.5415341258049011, -0.047782883048057556, 0.029999999329447746]","[[0.5147853493690491, 0.01809541881084442, 0.03808699548244476, 0.05314960703253746, 0.5304837226867676, 0.023945335298776627, 0.029977919533848763, -0.0006326099974103272, 0.00023030841839499772, 0.028334088623523712]]","[0.8512975573539734, -0.04583394527435303, 0.3506445586681366, -0.477954626083374, -0.26016122102737427, 0.3563939929008484]","[0, 30]",21.914613359,-0.0725744366645813,4.0,148.0,1747830111.5451543,13.0,
149,"[0.5379394888877869, 0.13654989004135132, 0.029999999329447746]","[-0.3452647924423218, -0.9391124248504639, 0.2241675853729248, -0.31243836879730225]",True,"[0.4834860861301422, -0.0535016767680645, 0.029999999329447746]","[[0.6384396553039551, -2.194472251484947e-12, 0.19740013778209686, 0, 0.5379394888877869, 0.13654989004135132, 0.029999999329447746, 0, 0, 0]]","[0.9483516216278076, -0.23830510675907135, 0.264965295791626, -0.38026928901672363, -0.25093716382980347, 0.3039095401763916]","[0, 30]",22.157069375,-0.034877240657806396,4.0,149.0,1747830111.6736364,14.0,
151,"[0.4622597098350525, -0.2689608931541443, 0.029989834874868393]","[-0.6784312725067139, -0.9666391611099243, 0.15387964248657227, 0.29466187953948975]",False,"[0.6441369652748108, -0.2125617265701294, 0.029999999329447746]","[[0.6176214218139648, -0.07374007254838943, 0.2163722664117813, 0.030286459252238274, 0.4622597098350525, -0.2689608931541443, 0.029989834874868393, 5.72323597225477e-06, 3.018887753114541e-07, 3.4818944602554858e-12]]","[0.009299851953983307, -0.038118183612823486, 0.2744590640068054, 0.10851356387138367, 0.24466505646705627, -0.34842920303344727]","[0, 30]",22.4108776,-0.19042110443115234,5.0,151.0,1747830112.043697,1.0,
154,"[0.4622597098350525, -0.2689608931541443, 0.029989831149578094]","[-0.9485634565353394, -0.986168384552002, -0.7786524295806885, 0.35066962242126465]",False,"[0.6441369652748108, -0.2125617265701294, 0.029999999329447746]","[[0.5220003724098206, -0.20733284950256348, 0.15823976695537567, 0.07969465851783752, 0.4622597098350525, -0.2689608931541443, 0.029989831149578094, 5.9111471273354255e-06, 2.7444644956631237e-07, 3.5360442872389708e-12]]","[-0.14079135656356812, 0.031622618436813354, 0.22413180768489838, -0.10883533209562302, 0.1763610541820526, -0.0632384866476059]","[0, 30]",22.786331965,-0.19042110443115234,5.0,154.0,1747830112.420372,4.0,
156,"[0.4622597098350525, -0.2689608931541443, 0.029989957809448242]","[-0.7829417586326599, -0.2543739080429077, -0.9785202741622925, 0.17264342308044434]",False,"[0.6441369652748108, -0.2125617265701294, 0.029999999329447746]","[[0.4498290717601776, -0.2618686854839325, 0.07061975449323654, 0.0799953043460846, 0.4622597098350525, -0.2689608931541443, 0.029989957809448242, 1.3883582141716033e-06, 6.467044347951978e-12, 3.4131311058699376e-12]]","[-0.2514757513999939, -0.07251809537410736, 0.025786101818084717, -0.19088004529476166, 0.003129050135612488, -0.041286639869213104]","[0, 30]",23.041162726,-0.19042110443115234,5.0,156.0,1747830112.6715546,6.0,
159,"[0.4769945442676544, -0.24612006545066833, 0.029984334483742714]","[0.9473562240600586, 0.9754195213317871, 0.3171727657318115, -0.978517472743988]",False,"[0.6441369652748108, -0.2125617265701294, 0.029999999329447746]","[[0.482869952917099, -0.232247993350029, 0.025858765468001366, 0.052763164043426514, 0.4769945442676544, -0.24612006545066833, 0.029984334483742714, -0.00033920706482604146, -0.000523527036421001, 0.049836259335279465]]","[0.31272584199905396, -0.429101824760437, -0.46074607968330383, -0.2533711791038513, -0.496837317943573, 0.17324750125408173]","[0, 30]",23.433624473,-0.1704780012369156,5.0,159.0,1747830113.0632164,9.0,
161,"[0.5185596942901611, -0.20578841865062714, 0.029973061755299568]","[0.9066561460494995, 0.9008972644805908, 0.3882383108139038, -0.9231361150741577]",False,"[0.6441369652748108, -0.2125617265701294, 0.029999999329447746]","[[0.523838460445404, -0.18901127576828003, 0.02628958225250244, 0.04738790541887283, 0.5185596942901611, -0.20578841865062714, 0.029973061755299568, -0.0020117254462093115, -0.0018955994164571166, -0.026301629841327667]]","[0.15161167085170746, -0.6377021074295044, -0.1466207206249237, 0.10450568795204163, -0.7187412977218628, 0.21049781143665314]","[0, 30]",23.690510858,-0.1257597953081131,5.0,161.0,1747830113.3212087,11.0,
162,"[0.5453715920448303, -0.17679767310619354, 0.029945475980639458]","[0.941756010055542, 0.7523688077926636, 0.07503831386566162, -0.9363957643508911]",False,"[0.6441369652748108, -0.2125617265701294, 0.029999999329447746]","[[0.555462121963501, -0.16168367862701416, 0.025897497311234474, 0.04950059577822685, 0.5453715920448303, -0.17679767310619354, 0.029945475980639458, -0.0012374293291941285, -0.00024699579807929695, -0.013421697542071342]]","[0.1125289723277092, -0.8732967376708984, -0.5047687292098999, -0.04280894994735718, -0.698168158531189, 0.19739662110805511]","[0, 30]",23.818174173,-0.1050412654876709,5.0,162.0,1747830113.4494965,12.0,
165,"[0.6177286505699158, -0.10890393704175949, 0.030767645686864853]","[0.5707323551177979, -0.9431394934654236, 0.7519245147705078, -0.5674091577529907]",False,"[0.6441369652748108, -0.2125617265701294, 0.029999999329447746]","[[0.6151440739631653, -0.12453103065490723, 0.029716046527028084, 0.05082583799958229, 0.6177286505699158, -0.10890393704175949, 0.030767645686864853, 0.026346122846007347, -7.424643263220787e-05, 0.06431643664836884]]","[1.2403627634048462, -0.8327857255935669, 0.013778895139694214, -0.3507084250450134, 0.007623940706253052, 0.0353250652551651]","[0, 30]",24.196175603,-0.1069716066122055,5.0,165.0,1747830113.8297477,15.0,
167,"[0.6407525539398193, -0.0947827622294426, 0.03031420148909092]","[-0.3469788432121277, -0.9830760955810547, 0.2758105993270874, -0.6858741641044617]",False,"[0.6441369652748108, -0.2125617265701294, 0.029999999329447746]","[[0.6214311122894287, -0.11329184472560883, 0.033136796206235886, 0.04880240559577942, 0.6407525539398193, -0.0947827622294426, 0.03031420148909092, 0.01086830161511898, -2.4435657905996777e-06, 0.06507512927055359]]","[1.5051709413528442, -1.2831302881240845, -0.12082186341285706, -0.32820630073547363, 0.2084571123123169, 0.19708041846752167]","[0, 30]",24.448624746,-0.11782799661159515,5.0,167.0,1747830114.081329,17.0,
168,"[0.6398146152496338, -0.0956914871931076, 0.030392538756132126]","[-0.39571690559387207, -0.9842424392700195, 0.40005946159362793, -0.7366143465042114]",False,"[0.6441369652748108, -0.2125617265701294, 0.029999999329447746]","[[0.6109775900840759, -0.1157204657793045, 0.03571130335330963, 0.04851970449090004, 0.6398146152496338, -0.0956914871931076, 0.030392538756132126, 0.01351275946944952, -1.0644323538144818e-06, 0.10595212131738663]]","[1.6820210218429565, -1.477564811706543, -0.21942761540412903, -0.29742875695228577, 0.4094964861869812, 0.1108374148607254]","[0, 30]",24.575522925,-0.11695079505443573,5.0,168.0,1747830114.2076578,18.0,
170,"[0.6329486966133118, -0.11684433370828629, 0.02996642328798771]","[-0.40869295597076416, -0.9359623193740845, -0.0018690824508666992, -0.44115138053894043]",False,"[0.6441369652748108, -0.2125617265701294, 0.029999999329447746]","[[0.591894805431366, -0.12277750670909882, 0.03610742837190628, 0.011502685025334358, 0.6329486966133118, -0.11684433370828629, 0.02996642328798771, 0.0005530758644454181, -0.0013474485604092479, 0.6854172945022583]]","[1.9894284009933472, -1.9335986375808716, -0.8254612684249878, -0.3583177924156189, 0.8990206718444824, -0.157767191529274]","[0, 30]",24.828999955,-0.09636906534433365,5.0,170.0,1747830114.4611247,20.0,
174,"[0.5525934100151062, 0.0655619278550148, 0.029986348003149033]","[0.33526933193206787, 0.4986112117767334, 0.8859832286834717, -0.23886358737945557]",False,"[0.6906014680862427, -0.027189383283257484, 0.029999999329447746]","[[0.6422091722488403, 0.017834970727562904, 0.21229776740074158, 9.433154559701507e-07, 0.5525934100151062, 0.0655619278550148, 0.029986348003149033, -3.0948183393775253e-06, -0.00011509648902574554, 1.114112246902721e-09]]","[0.06368254125118256, -0.1333407759666443, 0.43091773986816406, 0.5079280734062195, -0.08357661962509155, -0.40870410203933716]","[0, 30]",25.463278383,-0.16627998650074005,6.0,174.0,1747830115.0937648,0.0,
175,"[0.5525934100151062, 0.0655619278550148, 0.02998925745487213]","[-0.937273383140564, 0.4007885456085205, -0.7434108257293701, 0.8916025161743164]",False,"[0.6906014680862427, -0.027189383283257484, 0.029999999329447746]","[[0.6308179497718811, 0.036306966096162796, 0.20872460305690765, 0.07027485221624374, 0.5525934100151062, 0.0655619278550148, 0.02998925745487213, -3.6207754874340026e-06, -1.6889260223251767e-05, 1.1487787388020365e-09]]","[0.09912154823541641, -0.19491133093833923, 0.2551383674144745, 0.5865340828895569, 0.11024817824363708, -0.13962487876415253]","[0, 30]",25.592018385,-0.16627998650074005,6.0,175.0,1747830115.2222946,1.0,
176,"[0.5525934100151062, 0.0655619278550148, 0.029989806935191154]","[-0.9139801263809204, 0.5567888021469116, -0.8952754735946655, 0.5268070697784424]",False,"[0.6906014680862427, -0.027189383283257484, 0.029999999329447746]","[[0.5953680276870728, 0.058293379843235016, 0.16396689414978027, 0.0788176879286766, 0.5525934100151062, 0.0655619278550148, 0.029989806935191154, -3.7211132166703464e-06, 1.6437454632978188e-06, 1.1495421281537688e-09]]","[-0.05067140609025955, -0.08815991878509521, 0.2778187692165375, 0.4394729733467102, 0.18930676579475403, -0.04264461249113083]","[0, 30]",25.720990023,-0.16627998650074005,6.0,176.0,1747830115.35103,2.0,
177,"[0.5525934100151062, 0.0655619278550148, 0.02998986467719078]","[-0.8355832695960999, 0.14932525157928467, -0.9390664100646973, 0.19886839389801025]",False,"[0.6906014680862427, -0.027189383283257484, 0.029999999329447746]","[[0.566808819770813, 0.06579282134771347, 0.12148426473140717, 0.07985655218362808, 0.5525934100151062, 0.0655619278550148, 0.02998986467719078, -1.1445075642768643e-06, 4.02872183258296e-06, 1.1579895931035367e-09]]","[0.09901298582553864, -0.12307338416576385, 0.23101477324962616, 0.2806747555732727, 0.1897067427635193, 0.009979844093322754]","[0, 30]",25.856130437,-0.16627998650074005,6.0,177.0,1747830115.4800024,3.0,
180,"[0.5569965839385986, 0.06393100321292877, 0.030004912987351418]","[0.9348390102386475, -0.8690915107727051, 0.3262826204299927, -0.659903883934021]",False,"[0.6906014680862427, -0.027189383283257484, 0.029999999329447746]","[[0.5479949116706848, 0.049346331506967545, 0.022352751344442368, 0.054172493517398834, 0.5569965839385986, 0.06393100321292877, 0.030004912987351418, 0.0004988876753486693, 6.195738819769758e-07, 0.06759154051542282]]","[0.03126639872789383, 0.4003300964832306, 0.13091835379600525, 0.26986369490623474, 0.09102886915206909, 0.17545093595981598]","[0, 30]",26.243529356,-0.16171948611736298,6.0,180.0,1747830115.872385,6.0,
181,"[0.5705926418304443, 0.05590851977467537, 0.030246352776885033]","[0.9338259696960449, -0.9025436043739319, 0.34317588806152344, -0.8653128743171692]",False,"[0.6906014680862427, -0.027189383283257484, 0.029999999329447746]","[[0.5644205808639526, 0.0389731340110302, 0.022614052519202232, 0.05000504106283188, 0.5705926418304443, 0.05590851977467537, 0.030246352776885033, 0.008583654649555683, 1.1198973197679152e-06, 0.04565146937966347]]","[0.12373122572898865, 0.3616752326488495, 0.08787927031517029, 0.03372505307197571, 0.00017859041690826416, 0.31117886304855347]","[0, 30]",26.374089882,-0.1459706872701645,6.0,181.0,1747830116.0025618,7.0,
183,"[0.6193684935569763, 0.019918261095881462, 0.02997896820306778]","[0.926902174949646, -0.921563982963562, 0.3173999786376953, -0.7945616245269775]",False,"[0.6906014680862427, -0.027189383283257484, 0.029999999329447746]","[[0.6132299900054932, 0.00513118552044034, 0.022965559735894203, 0.05182052031159401, 0.6193684935569763, 0.019918261095881462, 0.02997896820306778, 0.0008617053972557187, -0.0011471905745565891, 0.03120795078575611]]","[0.43172770738601685, 0.1285417377948761, 0.0935785174369812, -0.16697515547275543, -0.16762763261795044, 0.3941521644592285]","[0, 30]",26.634297641,-0.08540063351392746,6.0,183.0,1747830116.2643297,9.0,
184,"[0.6432119607925415, -0.007966100238263607, 0.029969457536935806]","[0.8783566951751709, -0.9368722438812256, 0.5134823322296143, -0.6996700763702393]",False,"[0.6906014680862427, -0.027189383283257484, 0.029999999329447746]","[[0.6327512860298157, -0.022159138694405556, 0.024086322635412216, 0.05187079682946205, 0.6432119607925415, -0.007966100238263607, 0.029969457536935806, -0.0003758787934202701, -0.0002975394600071013, 0.037370480597019196]]","[0.5384129881858826, 0.14315876364707947, 0.07478299736976624, -0.34708166122436523, -0.2558939456939697, 0.27980393171310425]","[0, 30]",26.763168138,-0.05114002153277397,6.0,184.0,1747830116.3933663,10.0,
185,"[0.4229333996772766, 0.13115167617797852, 0.029999999329447746]","[0.6724272966384888, -0.8539400100708008, 0.4268087148666382, -0.5707883834838867]",True,"[0.6844056248664856, 0.11106804758310318, 0.029999999329447746]","[[0.6384396553039551, -2.194472251484947e-12, 0.19740013778209686, 0, 0.4229333996772766, 0.13115167617797852, 0.029999999329447746, 0, 0, 0]]","[0.6620898246765137, -0.045502111315727234, 0.07815027236938477, -0.3865324854850769, -0.2921559512615204, 0.1579684168100357]","[0, 30]",26.995265725,-0.030913235619664192,6.0,185.0,1747830116.5222473,11.0,
188,"[0.5919132828712463, 0.117405004799366, 0.029989831149578094]","[-0.5301916003227234, 0.9851992130279541, -0.278316855430603, 0.8423254489898682]",False,"[0.582454264163971, -0.1030653715133667, 0.029999999329447746]","[[0.6089200973510742, 0.013676280155777931, 0.15790069103240967, 0.07946818321943283, 0.5919132828712463, 0.117405004799366, 0.029989831149578094, 5.8767213886312675e-06, 2.794740510125848e-07, 3.5265098133341333e-12]]","[-0.023036636412143707, -0.11065278947353363, 0.29348573088645935, 0.38713201880455017, 0.08589495718479156, -0.1340210884809494]","[0, 30]",27.377172813,-0.22067320346832275,7.0,188.0,1747830117.0081303,2.0,
190,"[0.5919132828712463, 0.117405004799366, 0.02998988702893257]","[0.18143856525421143, 0.9622204303741455, -0.8800248503684998, 0.5508157014846802]",False,"[0.582454264163971, -0.1030653715133667, 0.029999999329447746]","[[0.6202532649040222, 0.09638166427612305, 0.10072953999042511, 0.07999216765165329, 0.5919132828712463, 0.117405004799366, 0.02998988702893257, 3.7751055970147718e-06, 3.6197977948404514e-10, 3.4122977880801653e-12]]","[0.06674210727214813, -0.15314538776874542, 0.11157704889774323, 0.3201979100704193, 0.19684797525405884, -0.06807732582092285]","[0, 30]",27.632417755,-0.22067320346832275,7.0,190.0,1747830117.2636626,4.0,
191,"[0.5919132828712463, 0.117405004799366, 0.029989978298544884]","[-0.16235089302062988, 0.6738170385360718, -0.9641172885894775, 0.16675961017608643]",False,"[0.582454264163971, -0.1030653715133667, 0.029999999329447746]","[[0.6073107719421387, 0.1250680685043335, 0.047414060682058334, 0.07999906688928604, 0.5919132828712463, 0.117405004799366, 0.029989978298544884, 7.123149998733425e-07, 3.4939585946691665e-11, 3.411918967841099e-12]]","[-0.056831277906894684, -0.08750741183757782, 0.06799167394638062, 0.25588905811309814, 0.24700450897216797, 0.02942989021539688]","[0, 30]",27.761093947,-0.22067320346832275,7.0,191.0,1747830117.3914511,5.0,
193,"[0.5878958106040955, 0.11131682246923447, 0.030178070068359375]","[-0.36195802688598633, -0.9520488977432251, 0.5388424396514893, -0.8596801161766052]",False,"[0.582454264163971, -0.1030653715133667, 0.029999999329447746]","[[0.575288712978363, 0.09313266724348068, 0.026500852778553963, 0.04874546825885773, 0.5878958106040955, 0.11131682246923447, 0.030178070068359375, 0.006686122622340918, -0.0004017231985926628, 0.06021254137158394]]","[0.06505808234214783, 0.477942556142807, 0.22250996530056, 0.08238330483436584, -0.01832740753889084, 0.20212210714817047]","[0, 30]",28.018797078,-0.21445131301879883,7.0,193.0,1747830117.6493692,7.0,
194,"[0.5765460133552551, 0.09498803317546844, 0.030914664268493652]","[-0.47037386894226074, -0.9617788791656494, 0.32623934745788574, -0.8410305976867676]",False,"[0.582454264163971, -0.1030653715133667, 0.029999999329447746]","[[0.5560764074325562, 0.07553499937057495, 0.029704933986067772, 0.048792511224746704, 0.5765460133552551, 0.09498803317546844, 0.030914664268493652, 0.024608656764030457, 0.006540919188410044, 0.11859821528196335]]","[0.20430849492549896, 0.37099143862724304, 0.2132914811372757, -0.031679607927799225, -0.1028737872838974, 0.2404640167951584]","[0, 30]",28.146807551,-0.1981436312198639,7.0,194.0,1747830117.777835,8.0,
195,"[0.56157386302948, 0.0711660236120224, 0.030027681961655617]","[-0.31896770000457764, -0.9584014415740967, 0.3818352222442627, -0.830337405204773]",False,"[0.582454264163971, -0.1030653715133667, 0.029999999329447746]","[[0.5362747311592102, 0.05189787968993187, 0.02997897006571293, 0.047832783311605453, 0.56157386302948, 0.0711660236120224, 0.030027681961655617, 0.0017067085718736053, -0.0004496914625633508, 0.09459853917360306]]","[0.3287242352962494, 0.3416113555431366, 0.2123245745897293, -0.22585000097751617, -0.10452529042959213, 0.23654569685459137]","[0, 30]",28.274268334,-0.17547811567783356,7.0,195.0,1747830117.9058123,9.0,
197,"[0.5387672781944275, 0.0034766148310154676, 0.029984919354319572]","[0.18975114822387695, -0.9824874401092529, 0.6055957078933716, -0.5683526396751404]",False,"[0.582454264163971, -0.1030653715133667, 0.029999999329447746]","[[0.5115523338317871, -0.01331995241343975, 0.030623935163021088, 0.04811065271496773, 0.5387672781944275, 0.0034766148310154676, 0.029984919354319572, -0.0004896176396869123, 0.00032644945895299315, 0.06121959537267685]]","[0.5869024395942688, 0.2551967203617096, 0.1989695429801941, -0.33777865767478943, -0.28582763671875, 0.15277646481990814]","[0, 30]",28.528405728,-0.11515098065137863,7.0,197.0,1747830118.1606412,11.0,
198,"[0.5353224277496338, -0.035996291786432266, 0.029965830966830254]","[0.5238878726959229, -0.9843953251838684, 0.44884610176086426, -0.3767733573913574]",False,"[0.582454264163971, -0.1030653715133667, 0.029999999329447746]","[[0.5082350373268127, -0.0488237626850605, 0.030605047941207886, 0.04949989169836044, 0.5353224277496338, -0.035996291786432266, 0.029965830966830254, -0.00032754868152551353, -0.0004779428709298372, 0.037439726293087006]]","[0.6606866717338562, 0.1470281481742859, 0.16635531187057495, -0.38476091623306274, -0.21228212118148804, 0.1840483397245407]","[0, 30]",28.655350432,-0.0819736123085022,7.0,198.0,1747830118.2874448,12.0,
201,"[0.6807698011398315, -0.2858912944793701, 0.029986348003149033]","[-0.9690877199172974, 0.9906480312347412, 0.9827226400375366, -0.7519365549087524]",False,"[0.5983266234397888, 0.2331342250108719, 0.029999999329447746]","[[0.5958108305931091, 0.023855052888393402, 0.19306357204914093, 1.1088585161189712e-08, 0.6807698011398315, -0.2858912944793701, 0.029986348003149033, -3.0948183393775253e-06, -0.00011509648902574554, 1.114112246902721e-09]]","[-0.08743739873170853, -0.11303916573524475, 0.5014797449111938, 0.49022728204727173, -0.1829375922679901, -0.49630433320999146]","[0, 30]",29.152299953,-0.5255324840545654,8.0,201.0,1747830118.7835715,0.0,
202,"[0.6807698011398315, -0.2858912944793701, 0.02998925745487213]","[0.8337244987487793, -0.989761471748352, 0.7095526456832886, 0.8914138078689575]",False,"[0.5983266234397888, 0.2331342250108719, 0.029999999329447746]","[[0.619739294052124, 0.05084589123725891, 0.2159101963043213, 0.07027386873960495, 0.6807698011398315, -0.2858912944793701, 0.02998925745487213, -3.6207754874340026e-06, -1.6889260223251767e-05, 1.1487787388020365e-09]]","[0.04673900455236435, -0.08448344469070435, 0.33426690101623535, 0.28438514471054077, 0.24578160047531128, -0.20122313499450684]","[0, 30]",29.279893543,-0.5255324840545654,8.0,202.0,1747830118.911337,1.0,
204,"[0.6807698011398315, -0.2858912944793701, 0.02998986467719078]","[0.5977534055709839, -0.9882320165634155, -0.2748676538467407, 0.7557207345962524]",False,"[0.5983266234397888, 0.2331342250108719, 0.029999999329447746]","[[0.6656747460365295, -0.02126351371407509, 0.2322990894317627, 0.07985632121562958, 0.6807698011398315, -0.2858912944793701, 0.02998986467719078, -1.1445075642768643e-06, 4.02872183258296e-06, 1.1579895931035367e-09]]","[-0.020917080342769623, 0.23799782991409302, 0.3525382876396179, 0.14385440945625305, 0.20372289419174194, -0.33228588104248047]","[0, 30]",29.53162275,-0.5255324840545654,8.0,204.0,1747830119.1654377,3.0,
205,"[0.6807698011398315, -0.2858912944793701, 0.029989873990416527]","[0.6248127222061157, -0.9907087087631226, -0.060161709785461426, 0.5406733751296997]",False,"[0.5983266234397888, 0.2331342250108719, 0.029999999329447746]","[[0.6786738634109497, -0.062059395015239716, 0.21393747627735138, 0.07998253405094147, 0.6807698011398315, -0.2858912944793701, 0.029989873990416527, -4.905948571831686e-07, 4.406920652400004e-06, 1.160747720163613e-09]]","[-0.06253925710916519, 0.3017028272151947, 0.3186704218387604, -0.006183207035064697, 0.2560100555419922, -0.280815452337265]","[0, 30]",29.655369367,-0.5255324840545654,8.0,205.0,1747830119.2906413,4.0,
207,"[0.6807698011398315, -0.2858912944793701, 0.029989875853061676]","[0.5335969924926758, -0.9829784631729126, 0.074432373046875, 0.3826279640197754]",False,"[0.5983266234397888, 0.2331342250108719, 0.029999999329447746]","[[0.7025701999664307, -0.14279234409332275, 0.20339392125606537, 0.07999973744153976, 0.6807698011398315, -0.2858912944793701, 0.029989875853061676, -3.4392323300380667e-07, 4.4917542254552245e-06, 1.1614003092574876e-09]]","[-0.1985267996788025, -0.019708454608917236, 0.11481975018978119, -0.13242898881435394, 0.13919247686862946, -0.02706727385520935]","[0, 30]",29.898909428,-0.5255324840545654,8.0,207.0,1747830119.536265,6.0,
211,"[0.6807698011398315, -0.2858912944793701, 0.029989970847964287]","[0.5288269519805908, -0.643665075302124, -0.9931190609931946, 0.18704044818878174]",False,"[0.5983266234397888, 0.2331342250108719, 0.029999999329447746]","[[0.6867489218711853, -0.28757166862487793, 0.06308472901582718, 0.07999998331069946, 0.6807698011398315, -0.2858912944793701, 0.029989970847964287, -6.783209844513083e-12, 9.6972701157938e-07, 1.1628481511039013e-09]]","[0.21568050980567932, -0.41679808497428894, -0.2711063325405121, -0.348116934299469, -0.24308696389198303, -0.057521313428878784]","[0, 30]",30.386317634,-0.5255324840545654,8.0,211.0,1747830120.0226073,10.0,
214,"[0.6693434715270996, -0.25644978880882263, 0.030820902436971664]","[-0.3152826428413391, 0.9986028671264648, 0.939777135848999, -0.990482747554779]",False,"[0.5983266234397888, 0.2331342250108719, 0.029999999329447746]","[[0.6357280015945435, -0.23741455376148224, 0.030171826481819153, 0.039157234132289886, 0.6693434715270996, -0.25644978880882263, 0.030820902436971664, 1.2911424164485652e-05, 0.028101056814193726, -0.2554458677768707]]","[0.20689573884010315, -0.47652387619018555, -0.05996650457382202, -0.16180558502674103, -0.6245872378349304, 0.051110461354255676]","[0, 30]",30.757260826,-0.4947085678577423,8.0,214.0,1747830120.392344,13.0,
215,"[0.6665370464324951, -0.23105239868164062, 0.02991717867553234]","[0.6260194778442383, 0.9881141185760498, 0.6202471256256104, -0.5078775882720947]",False,"[0.5983266234397888, 0.2331342250108719, 0.029999999329447746]","[[0.6255024075508118, -0.22933264076709747, 0.029509317129850388, 0.009516764432191849, 0.6665370464324951, -0.23105239868164062, 0.02991717867553234, -0.0001932452287292108, -0.0016034763539209962, -0.633080244064331]]","[0.43264612555503845, -0.9448007345199585, -0.33910420536994934, -0.35017621517181396, -0.6278703808784485, 0.09739075601100922]","[0, 30]",30.881314177,-0.4691714942455292,8.0,215.0,1747830120.5162818,14.0,
216,"[0.6695122718811035, -0.20590807497501373, 0.029878756031394005]","[-0.39556050300598145, 0.9695167541503906, -0.810110330581665, 0.33848512172698975]",False,"[0.5983266234397888, 0.2331342250108719, 0.029999999329447746]","[[0.6304316520690918, -0.1977999359369278, 0.021817509084939957, 0.03925011307001114, 0.6695122718811035, -0.20590807497501373, 0.029878756031394005, -0.00017286358342971653, -0.0025632104370743036, -0.9890779852867126]]","[0.7605571746826172, -1.2497905492782593, -0.21105393767356873, -0.43796780705451965, -0.4165588319301605, 0.46350353956222534]","[0, 30]",31.00578386,-0.44477584958076477,8.0,216.0,1747830120.6403494,15.0,
217,"[0.6816292405128479, -0.18104147911071777, 0.029970839619636536]","[0.2833815813064575, 0.9499560594558716, -0.44067466259002686, -0.3148406744003296]",False,"[0.5983266234397888, 0.2331342250108719, 0.029999999329447746]","[[0.6451736688613892, -0.16871610283851624, 0.021598080173134804, 0.018593089655041695, 0.6816292405128479, -0.18104147911071777, 0.029970839619636536, 0.006801265757530928, -0.007234643213450909, -1.207892656326294]]","[0.8561601042747498, -0.9568929672241211, -0.08878970146179199, -0.41477513313293457, -0.2780793309211731, 0.10696728527545929]","[0, 30]",31.131013457,-0.4224699139595032,8.0,217.0,1747830120.7648337,16.0,
218,"[0.6997784376144409, -0.1545812487602234, 0.029985740780830383]","[0.14458191394805908, 0.7087169885635376, -0.6302244663238525, 0.15637218952178955]",False,"[0.5983266234397888, 0.2331342250108719, 0.029999999329447746]","[[0.6574217677116394, -0.13653302192687988, 0.021221814677119255, 0.032329022884368896, 0.6997784376144409, -0.1545812487602234, 0.029985740780830383, 0.005738006439059973, -0.005826211534440517, -1.4186794757843018]]","[1.0859509706497192, -1.1562806367874146, -0.190983384847641, -0.6172822117805481, -0.08324131369590759, 0.15383876860141754]","[0, 30]",31.256776765,-0.4007689654827118,8.0,218.0,1747830120.890143,17.0,
219,"[0.7171143293380737, -0.12851418554782867, 0.029989056289196014]","[0.10975527763366699, 0.7927552461624146, -0.5843225121498108, -0.02232801914215088]",False,"[0.5983266234397888, 0.2331342250108719, 0.029999999329447746]","[[0.6650941967964172, -0.10488572716712952, 0.016437847167253494, 0.030367691069841385, 0.7171143293380737, -0.12851418554782867, 0.029989056289196014, 0.002790855010971427, -0.002817153697833419, -1.547864317893982]]","[1.3044054508209229, -1.2578691244125366, -0.18745729327201843, -0.3597298264503479, 0.15885692834854126, 0.07642233371734619]","[0, 30]",31.38413354,-0.380657434463501,8.0,219.0,1747830121.015902,18.0,
220,"[0.7344919443130493, -0.10229825228452682, 0.0299893356859684]","[0.12911880016326904, 0.8007111549377441, -0.5851579904556274, -0.15252673625946045]",False,"[0.5983266234397888, 0.2331342250108719, 0.029999999329447746]","[[0.6690069437026978, -0.07076200097799301, 0.005720319226384163, 0.016969388350844383, 0.7344919443130493, -0.10229825228452682, 0.0299893356859684, -1.663906550675165e-05, -5.427586529549444e-06, -1.6775156259536743]]","[1.2005940675735474, -1.2035174369812012, -0.11609899997711182, -0.20231522619724274, 0.37383589148521423, -0.02806490659713745]","[0, 30]",31.512760126,-0.362016499042511,8.0,220.0,1747830121.1431556,19.0,
221,"[0.7518200278282166, -0.0761571079492569, 0.029989873990416527]","[0.14614665508270264, 0.760472297668457, -0.7689210772514343, -0.0697411298751831]",False,"[0.5983266234397888, 0.2331342250108719, 0.029999999329447746]","[[0.6751092076301575, -0.03755297511816025, 0.0052038454450666904, 0.01084316335618496, 0.7518200278282166, -0.0761571079492569, 0.029989873990416527, -3.1464740004594205e-06, -1.0017430440711905e-06, -1.7932847738265991]]","[1.5039907693862915, -1.6703163385391235, -0.12080040574073792, -0.41279563307762146, 0.5267019271850586, 0.09433524310588837]","[0, 30]",31.642210638,-0.34528443217277527,8.0,221.0,1747830121.2717834,20.0,
222,"[0.7690987586975098, -0.05009043589234352, 0.029977859929203987]","[0.13505101203918457, 0.9109224081039429, -0.880354642868042, -0.5221961736679077]",False,"[0.5983266234397888, 0.2331342250108719, 0.029999999329447746]","[[0.6802653074264526, -0.001338185858912766, 0.005069547798484564, 0.0013182676630094647, 0.7690987586975098, -0.05009043589234352, 0.029977859929203987, -0.0005717689055018127, 0.00016881701594684273, -1.895325779914856]]","[1.803378939628601, -2.0356814861297607, -0.5719367265701294, -0.6212486624717712, 0.6599175930023193, -0.006606310606002808]","[0, 30]",31.771862416,-0.33072546124458313,8.0,222.0,1747830121.40123,21.0,
223,"[0.7863283157348633, -0.02409793622791767, 0.029986461624503136]","[0.21466708183288574, 0.9132636785507202, -0.9477460980415344, -0.3465646505355835]",False,"[0.5983266234397888, 0.2331342250108719, 0.029999999329447746]","[[0.6864033341407776, 0.039168331772089005, 0.005037500057369471, 0.00016027137462515384, 0.7863283157348633, -0.02409793622791767, 0.029986461624503136, -0.00010286934411851689, -1.475278622820042e-05, -1.9837286472320557]]","[2.06227445602417, -2.0952951908111572, -0.9437278509140015, -0.732117772102356, 0.983285665512085, -0.23858338594436646]","[0, 30]",31.902366083,-0.3186110854148865,8.0,223.0,1747830121.530884,22.0,
224,"[0.8035088777542114, 0.0018206981476396322, 0.029989270493388176]","[0.2263927459716797, 0.9129096269607544, -0.926028311252594, -0.12226903438568115]",False,"[0.5983266234397888, 0.2331342250108719, 0.029999999329447746]","[[0.6917139291763306, 0.07787773013114929, 0.005034042987972498, 1.947982127603609e-05, 0.8035088777542114, 0.0018206981476396322, 0.029989270493388176, -2.2714712031302042e-05, -6.643614369750139e-07, -2.058654308319092]]","[2.0671591758728027, -2.077573299407959, -1.3812998533248901, -0.6819645762443542, 1.3016204833984375, -0.30141645669937134]","[0, 30]",32.033479262,-0.309201717376709,8.0,224.0,1747830121.661419,23.0,
225,"[0.8206407427787781, 0.027665765956044197, 0.029982512816786766]","[0.5524044036865234, 0.7899465560913086, -0.923710823059082, -0.06713426113128662]",False,"[0.5983266234397888, 0.2331342250108719, 0.029999999329447746]","[[0.7034325003623962, 0.1118430569767952, 0.005152134690433741, 2.3591214812768158e-06, 0.8206407427787781, 0.027665765956044197, 0.029982512816786766, -0.00024807322188280523, -2.5504274958620954e-07, -2.1202075481414795]]","[2.2157230377197266, -2.2695059776306152, -2.0005903244018555, -0.8649578094482422, 1.7289575338363647, -0.2759005129337311]","[0, 30]",32.16421311,-0.30272239446640015,8.0,225.0,1747830121.7925189,24.0,
229,"[0.8886843323707581, 0.1303163468837738, 0.029981978237628937]","[0.7205421924591064, -0.581849217414856, -0.7019407749176025, 0.12766003608703613]",False,"[0.5983266234397888, 0.2331342250108719, 0.029999999329447746]","[[0.7550631761550903, 0.08625057339668274, 0.005138293374329805, 0.041834767907857895, 0.8886843323707581, 0.1303163468837738, 0.029981978237628937, -0.00023282720940187573, -1.0334998478356283e-05, -2.2340314388275146]]","[1.4566490650177002, -1.5083643198013306, -1.8512428998947144, 0.5229436755180359, 1.872988224029541, -0.8285272717475891]","[0, 30]",32.69661994,-0.308024525642395,8.0,229.0,1747830122.3225703,28.0,
231,"[0.9224186539649963, 0.18120795488357544, 0.029988346621394157]","[0.4767860174179077, -0.573300838470459, 0.05955696105957031, -0.288963258266449]",False,"[0.5983266234397888, 0.2331342250108719, 0.029999999329447746]","[[0.7708828449249268, 0.03528512269258499, 0.009703910909593105, 0.010988980531692505, 0.9224186539649963, 0.18120795488357544, 0.029988346621394157, -1.5436613466590643e-05, -6.648201065218018e-07, -2.2342069149017334]]","[1.1107794046401978, -1.2612183094024658, -1.8895739316940308, 0.8236522078514099, 1.718491792678833, -1.2349599599838257]","[0, 30]",32.961660304,-0.3282254934310913,8.0,231.0,1747830122.5887923,30.0,
234,"[0.9726651906967163, 0.2570098042488098, 0.029945140704512596]","[0.2972322702407837, -0.565094530582428, 0.7812421321868896, -0.651831865310669]",False,"[0.5983266234397888, 0.2331342250108719, 0.029999999329447746]","[[0.783234179019928, -0.042556360363960266, 0.07021579146385193, 1.974603219423443e-05, 0.9726651906967163, 0.2570098042488098, 0.029945140704512596, -0.00027297003543935716, -0.0003571719862520695, -2.2342073917388916]]","[0.8382766246795654, -1.13877534866333, -2.092353343963623, 0.7412912845611572, 1.743830919265747, -1.4989341497421265]","[0, 30]",33.354887028,-0.37509918212890625,8.0,234.0,1747830122.9833136,33.0,
238,"[1.0401192903518677, 0.3570903241634369, 0.0147667545825243]","[-0.929546594619751, -0.3252248167991638, 0.4872168302536011, -0.9827471971511841]",False,"[0.5983266234397888, 0.2331342250108719, 0.029999999329447746]","[[0.7537975311279297, -0.07058689743280411, 0.14737065136432648, 3.773570611542709e-08, 1.0401192903518677, 0.3570903241634369, 0.0147667545825243, -0.3435400724411011, -0.2573168873786926, -2.1893692016601562]]","[-0.16403469443321228, -0.2234736979007721, -1.0474755764007568, 1.0564711093902588, 1.418890118598938, -1.8396220207214355]","[0, 30]",33.872404065,-0.45910558104515076,8.0,238.0,1747830123.5040617,37.0,
240,"[1.0754117965698242, 0.40668216347694397, -0.05438537895679474]","[-0.698898434638977, -0.9399372339248657, 0.9131795167922974, -0.9668155312538147]",False,"[0.5983266234397888, 0.2331342250108719, 0.029999999329447746]","[[0.7191766500473022, -0.14837278425693512, 0.20902906358242035, 2.7852573580844364e-08, 1.0754117965698242, 0.40668216347694397, -0.05438537895679474, -0.9790108799934387, -0.5715116858482361, -1.9253625869750977]]","[-0.24706655740737915, 0.06557205319404602, -0.8184621334075928, 1.2287812232971191, 1.7151429653167725, -2.082306146621704]","[0, 30]",34.121967495,-0.5146358013153076,8.0,240.0,1747830123.756767,39.0,
241,"[1.0929607152938843, 0.43133825063705444, -0.11224520206451416]","[-0.6087789535522461, -0.9601276516914368, 0.9031699895858765, -0.9666922092437744]",False,"[0.5983266234397888, 0.2331342250108719, 0.029999999329447746]","[[0.6979488134384155, -0.19248174130916595, 0.24246665835380554, -3.863326991648819e-09, 1.0929607152938843, 0.43133825063705444, -0.11224520206451416, -1.36063814163208, -0.6479511857032776, -1.7064257860183716]]","[-0.17869549989700317, 0.28269192576408386, -0.6807595491409302, 1.235093593597412, 1.5811091661453247, -1.920157551765442]","[0, 30]",34.243892865,-0.5515264272689819,8.0,241.0,1747830123.8809927,40.0,
242,"[1.11043119430542, 0.4558842182159424, -0.1855078488588333]","[0.3071662187576294, -0.9788368940353394, 0.9159541130065918, -0.9069839715957642]",False,"[0.5983266234397888, 0.2331342250108719, 0.029999999329447746]","[[0.693840503692627, -0.2334408462047577, 0.276084840297699, 2.2151594691877108e-07, 1.11043119430542, 0.4558842182159424, -0.1855078488588333, -1.7591081857681274, -0.650084376335144, -1.4650856256484985]]","[0.07308947294950485, 0.26330235600471497, -0.8279162645339966, 1.4156177043914795, 1.692431092262268, -2.150740385055542]","[0, 30]",34.364592115,-0.5985919237136841,8.0,242.0,1747830124.002902,41.0,
243,"[1.1278139352798462, 0.4803067743778229, -0.2740591764450073]","[0.3754560947418213, -0.9580700397491455, 0.759631872177124, -0.8668410181999207]",False,"[0.5983266234397888, 0.2331342250108719, 0.029999999329447746]","[[0.6894346475601196, -0.26708540320396423, 0.2996571958065033, 3.316960714982997e-07, 1.1278139352798462, 0.4803067743778229, -0.2740591764450073, -2.1327099800109863, -0.5803900361061096, -1.2491573095321655]]","[-0.013970322906970978, 0.3803740441799164, -0.9362223148345947, 1.5752077102661133, 1.866930603981018, -1.983284831047058]","[0, 30]",34.485587189,-0.658713161945343,8.0,243.0,1747830124.1236126,42.0,
244,"[1.1466788053512573, 0.5011427998542786, -0.3501913547515869]","[0.725817084312439, -0.9598163962364197, -0.026753664016723633, -0.8911617398262024]",False,"[0.5983266234397888, 0.2331342250108719, 0.029999999329447746]","[[0.6943711638450623, -0.29779112339019775, 0.2984166145324707, 6.867175983416018e-08, 1.1466788053512573, 0.5011427998542786, -0.3501913547515869, -2.5211243629455566, -0.48269447684288025, -1.050086259841919]]","[-0.21294164657592773, 0.38311776518821716, -0.9176747798919678, 1.382596731185913, 1.675765872001648, -1.7812707424163818]","[0, 30]",34.606122552,-0.7190717458724976,8.0,244.0,1747830124.2446325,43.0,
246,"[1.1924254894256592, 0.5191919207572937, -0.37025266885757446]","[0.9591217041015625, -0.9381219148635864, -0.9300516843795776, -0.9290705323219299]",False,"[0.5983266234397888, 0.2331342250108719, 0.029999999329447746]","[[0.7066088914871216, -0.34433743357658386, 0.20404131710529327, -6.162370169704445e-08, 1.1924254894256592, 0.5191919207572937, -0.37025266885757446, 3.137805461883545, 0.003177735721692443, -0.743908166885376]]","[-0.1469167172908783, 0.8581110239028931, -0.38430342078208923, 1.6004438400268555, 1.7210416793823242, -1.5938161611557007]","[0, 30]",34.847969151,-0.7713524699211121,8.0,246.0,1747830124.4858675,45.0,
248,"[1.2216869592666626, 0.5275980830192566, -0.3700183033943176]","[0.9049112796783447, 0.9254910945892334, 0.2780308723449707, -0.41799312829971313]",False,"[0.5983266234397888, 0.2331342250108719, 0.029999999329447746]","[[0.7229248881340027, -0.2936159670352936, 0.10965573042631149, -4.729682423487702e-09, 1.2216869592666626, 0.5275980830192566, -0.3700183033943176, 3.1415281295776367, 2.468095590302255e-05, -0.8508119583129883]]","[-0.3197643458843231, 0.5843533277511597, -0.39015820622444153, 1.9715652465820312, 1.458261251449585, -1.7790807485580444]","[0, 30]",35.09267904,-0.7970581650733948,8.0,248.0,1747830124.728027,47.0,
249,"[1.2308217287063599, 0.5301111936569214, -0.3700115382671356]","[0.8778213262557983, 0.9440593719482422, 0.4912576675415039, -0.13110995292663574]",False,"[0.5983266234397888, 0.2331342250108719, 0.029999999329447746]","[[0.7448199391365051, -0.24405090510845184, 0.08594638109207153, -1.1004480882093048e-08, 1.2308217287063599, 0.5301111936569214, -0.3700115382671356, 3.141556978225708, 1.58726325025782e-05, -0.8748985528945923]]","[-0.35192230343818665, 0.8169807195663452, -0.6259421110153198, 2.0002846717834473, 1.5791987180709839, -1.8650816679000854]","[0, 30]",35.218771232,-0.8051425814628601,8.0,249.0,1747830124.851631,48.0,
251,"[0.6765891313552856, 0.2429344356060028, 0.029989998787641525]","[-0.9962445497512817, 0.9997785091400146, 0.9627313613891602, -0.8730523586273193]",False,"[0.6756672263145447, -0.004290687385946512, 0.029999999329447746]","[[0.5945295691490173, 0.023823948577046394, 0.19248022139072418, 3.0003064921402256e-08, 0.6765891313552856, 0.2429344356060028, 0.029989998787641525, -1.4674657222712995e-07, 1.1813904166046996e-07, 9.284202773978192e-14]]","[-0.07327910512685776, -0.0840417891740799, 0.5770435333251953, 0.45561689138412476, -0.259499728679657, -0.5652855634689331]","[0, 30]",35.650786144,-0.24722684919834137,9.0,251.0,1747830125.2805424,0.0,
252,"[0.6765891313552856, 0.2429344356060028, 0.029989998787641525]","[0.5700092315673828, 0.9432269334793091, 0.10167050361633301, 0.8415745496749878]",False,"[0.6756672263145447, -0.004290687385946512, 0.029999999329447746]","[[0.6150990128517151, 0.07151338458061218, 0.1995324343442917, 0.07027392089366913, 0.6765891313552856, 0.2429344356060028, 0.029989998787641525, -1.499974899843437e-07, 1.181441788844495e-07, 9.245794912017893e-14]]","[-0.08975128084421158, -0.13395217061042786, 0.3702322840690613, 0.6643054485321045, -0.038027167320251465, -0.2700945734977722]","[0, 30]",35.779158873,-0.24722684919834137,9.0,252.0,1747830125.4098113,1.0,
255,"[0.6765891313552856, 0.2429344356060028, 0.029989998787641525]","[0.6155111789703369, 0.9797536134719849, -0.8059958815574646, 0.7754555940628052]",False,"[0.6756672263145447, -0.004290687385946512, 0.029999999329447746]","[[0.6506263613700867, 0.19081729650497437, 0.1415746659040451, 0.07998251914978027, 0.6765891313552856, 0.2429344356060028, 0.029989998787641525, -1.5074820680638368e-07, 1.181441788844495e-07, 9.236925460620604e-14]]","[0.03095095604658127, -0.059604912996292114, 0.22366726398468018, 0.5119920969009399, 0.1827426254749298, -0.08095695078372955]","[0, 30]",36.16563854,-0.24722684919834137,9.0,255.0,1747830125.7956786,4.0,
256,"[0.6765891313552856, 0.2429344356060028, 0.029989998787641525]","[0.607509970664978, 0.9184055328369141, -0.962174117565155, 0.44321227073669434]",False,"[0.6756672263145447, -0.004290687385946512, 0.029999999329447746]","[[0.6591162085533142, 0.2233971655368805, 0.09358350932598114, 0.07999780029058456, 0.6765891313552856, 0.2429344356060028, 0.029989998787641525, -6.774839533818522e-08, 5.148937387566832e-10, 9.556002771851299e-14]]","[0.1281682550907135, -0.13116639852523804, 0.11087141931056976, 0.24715164303779602, 0.27308911085128784, -0.036653801798820496]","[0, 30]",36.296749984,-0.24722684919834137,9.0,256.0,1747830125.9246936,5.0,
257,"[0.6765891313552856, 0.2429344356060028, 0.029989998787641525]","[0.531380295753479, 0.6376312971115112, -0.9807519316673279, 0.1657031774520874]",False,"[0.6756672263145447, -0.004290687385946512, 0.029999999329447746]","[[0.6633343696594238, 0.24377869069576263, 0.0388704277575016, 0.0799999088048935, 0.6765891313552856, 0.2429344356060028, 0.029989998787641525, -1.2759380219051764e-08, 4.067585620404343e-16, 9.556358525689146e-14]]","[0.08369491249322891, -0.1281326711177826, -0.015867948532104492, 0.16974404454231262, 0.3339853286743164, 0.06934227049350739]","[0, 30]",36.428928467,-0.24722684919834137,9.0,257.0,1747830126.0557976,6.0,
258,"[0.6796556115150452, 0.2432641088962555, 0.029990017414093018]","[0.4763725996017456, -0.9701400399208069, -0.008239388465881348, -0.5875753164291382]",False,"[0.6756672263145447, -0.004290687385946512, 0.029999999329447746]","[[0.6650762557983398, 0.23471885919570923, 0.02187579683959484, 0.05518545210361481, 0.6796556115150452, 0.2432641088962555, 0.029990017414093018, -9.005906775882977e-08, 1.3147983679573372e-07, 0.03186807408928871]]","[0.09731869399547577, 0.3558228313922882, 0.10584872961044312, 0.11105377972126007, 0.18788191676139832, 0.18781952559947968]","[0, 30]",36.561058881,-0.2475869208574295,9.0,258.0,1747830126.1879632,7.0,
260,"[0.6809751987457275, 0.2216453105211258, 0.02994440123438835]","[-0.37852585315704346, -0.8986597657203674, -0.052781641483306885, -0.8404438495635986]",False,"[0.6756672263145447, -0.004290687385946512, 0.029999999329447746]","[[0.6339914202690125, 0.21041220426559448, 0.023033268749713898, 0.01001754030585289, 0.6809751987457275, 0.2216453105211258, 0.02994440123438835, -0.0010299168061465025, -7.543223182437941e-05, 0.8577244877815247]]","[0.3060944378376007, 0.32524821162223816, 0.1917489767074585, -0.19719690084457397, -0.16209495067596436, 0.2451697736978531]","[0, 30]",36.823961782,-0.22599834203720093,9.0,260.0,1747830126.4515667,9.0,
263,"[0.7086838483810425, 0.17401041090488434, 0.029988741502165794]","[0.051314592361450195, -0.02072310447692871, 0.4379127025604248, 0.9062762260437012]",False,"[0.6756672263145447, -0.004290687385946512, 0.029999999329447746]","[[0.6506102681159973, 0.15230867266654968, 0.03317797929048538, 0.0795258954167366, 0.7086838483810425, 0.17401041090488434, 0.029988741502165794, -3.902523167198524e-05, -2.4765427042439114e-07, 1.8628082275390625]]","[0.800437867641449, 0.017707139253616333, 0.06794056296348572, -0.5825672745704651, -0.3158414363861084, 0.2238624542951584]","[0, 30]",37.217426966,-0.18133223056793213,9.0,263.0,1747830126.845579,12.0,
264,"[0.723068118095398, 0.15983320772647858, 0.029989760369062424]","[0.009270310401916504, -0.3162515163421631, 0.6301274299621582, 0.9517582654953003]",False,"[0.6756672263145447, -0.004290687385946512, 0.029999999329447746]","[[0.6523503065109253, 0.14061369001865387, 0.05675336718559265, 0.07994215935468674, 0.723068118095398, 0.15983320772647858, 0.029989760369062424, -7.604133315908257e-06, -2.64352848944327e-07, 1.92257559299469]]","[0.8458754420280457, -0.21338039636611938, 0.16063643991947174, -0.6018882989883423, -0.34800031781196594, 0.3259865641593933]","[0, 30]",37.347762715,-0.17083178460597992,9.0,264.0,1747830126.9764519,13.0,
265,"[0.7374177575111389, 0.14569009840488434, 0.029989952221512794]","[0.06391274929046631, -0.47136998176574707, 0.7322477102279663, 0.9744863510131836]",False,"[0.6756672263145447, -0.004290687385946512, 0.029999999329447746]","[[0.653466522693634, 0.12199115753173828, 0.07919944077730179, 0.0799928680062294, 0.7374177575111389, 0.14569009840488434, 0.029989952221512794, -1.4585712051484734e-06, -1.2046143638144713e-07, 1.9690626859664917]]","[0.797382652759552, -0.17402994632720947, 0.1979839950799942, -0.4153292775154114, -0.2965240478515625, 0.3435376286506653]","[0, 30]",37.477421883,-0.16219545900821686,9.0,265.0,1747830127.1067657,14.0,
270,"[0.8086512088775635, 0.07548200339078903, 0.029989873990416527]","[-0.5732614994049072, -0.9761675596237183, 0.7986388206481934, 0.6688917875289917]",False,"[0.6756672263145447, -0.004290687385946512, 0.029999999329447746]","[[0.6374615430831909, -0.04521350562572479, 0.24118034541606903, 0.07999998331069946, 0.8086512088775635, 0.07548200339078903, 0.029989873990416527, 4.452912889973959e-06, -4.2190023918919906e-07, 2.029482841491699]]","[1.8354039192199707, -1.5343700647354126, -0.3162885010242462, -1.0109491348266602, 0.16488003730773926, 0.009756259620189667]","[0, 30]",38.111767922,-0.1550755500793457,9.0,270.0,1747830127.7450907,19.0,
272,"[0.8369063138961792, 0.047633565962314606, 0.029989875853061676]","[-0.738760232925415, -0.5585269927978516, 0.978729248046875, 0.20624494552612305]",False,"[0.6756672263145447, -0.004290687385946512, 0.029999999329447746]","[[0.5811351537704468, -0.1074150949716568, 0.3101920485496521, 0.0799991711974144, 0.8369063138961792, 0.047633565962314606, 0.029989875853061676, 4.493391770665767e-06, -3.414773459553544e-07, 2.029482841491699]]","[1.7519627809524536, -1.6789987087249756, -0.3278052508831024, -0.7926986217498779, 0.40298163890838623, -0.2946995794773102]","[0, 30]",38.360590638,-0.16939355432987213,9.0,272.0,1747830127.9954774,21.0,
274,"[0.8650266528129578, 0.01991802267730236, 0.029989875853061676]","[-0.9248884916305542, -0.2586253881454468, 0.9685405492782593, -0.5958544015884399]",False,"[0.6756672263145447, -0.004290687385946512, 0.029999999329447746]","[[0.5130245089530945, -0.13584087789058685, 0.3859137296676636, 0.006841655354946852, 0.8650266528129578, 0.01991802267730236, 0.029989875853061676, 4.494833319768077e-06, -3.386138587302412e-07, 2.029482841491699]]","[1.9406450986862183, -1.8870141506195068, -1.2208868265151978, -0.6511228680610657, 0.977006196975708, -0.6658542156219482]","[0, 30]",38.607134722,-0.19090065360069275,9.0,274.0,1747830128.2433653,23.0,
275,"[0.8790364861488342, 0.006109822541475296, 0.029989875853061676]","[-0.9657349586486816, 0.2455151081085205, 0.9112062454223633, -0.4467426538467407]",False,"[0.6756672263145447, -0.004290687385946512, 0.029999999329447746]","[[0.47584643959999084, -0.12659412622451782, 0.4235980808734894, 0.0008318172767758369, 0.8790364861488342, 0.006109822541475296, 0.029989875853061676, 4.49487606601906e-06, -3.3852811043288966e-07, 2.029482841491699]]","[1.7124313116073608, -1.700398325920105, -1.5182949304580688, -0.605007529258728, 1.3470691442489624, -0.9432552456855774]","[0, 30]",38.730412224,-0.2036350518465042,9.0,275.0,1747830128.3661501,24.0,
276,"[0.8930129408836365, -0.007665468379855156, 0.029989875853061676]","[-0.9408109784126282, 0.5337207317352295, 0.8998630046844482, -0.30594801902770996]",False,"[0.6756672263145447, -0.004290687385946512, 0.029999999329447746]","[[0.43875738978385925, -0.10515514761209488, 0.46193841099739075, 0.00010143660620087758, 0.8930129408836365, -0.007665468379855156, 0.029989875853061676, 4.494884251471376e-06, -3.3851191005851433e-07, 2.029482841491699]]","[1.4491595029830933, -1.5595959424972534, -1.5451525449752808, -0.2304268628358841, 1.6419048309326172, -1.0600037574768066]","[0, 30]",38.853531921,-0.21737192571163177,9.0,276.0,1747830128.489451,25.0,
278,"[0.9208661317825317, -0.0351177416741848, 0.029989875853061676]","[-0.8599147200584412, 0.05388593673706055, 0.9528558254241943, -0.3823997378349304]",False,"[0.6756672263145447, -0.004290687385946512, 0.029999999329447746]","[[0.3638414442539215, -0.10070119053125381, 0.5442591309547424, 1.4928040172890178e-06, 0.9208661317825317, -0.0351177416741848, 0.029989875853061676, 4.49488607046078e-06, -3.3850830050141667e-07, 2.029482841491699]]","[1.3312464952468872, -1.4707238674163818, -1.5415629148483276, 0.2592797875404358, 1.832646131515503, -0.6032654643058777]","[0, 30]",39.100512692,-0.2471291571855545,9.0,278.0,1747830128.735673,27.0,
280,"[0.9485870599746704, -0.062439627945423126, 0.029989875853061676]","[-0.6507787108421326, -0.6077009439468384, 0.9669067859649658, -0.5568833351135254]",False,"[0.6756672263145447, -0.004290687385946512, 0.029999999329447746]","[[0.30805498361587524, -0.15045864880084991, 0.610163688659668, 2.6219542093031123e-08, 0.9485870599746704, -0.062439627945423126, 0.029989875853061676, 4.4948865252081305e-06, -3.385081583928695e-07, 2.029482841491699]]","[1.30665123462677, -1.313599944114685, -1.5843642950057983, 0.5678072571754456, 1.9377038478851318, -1.1320691108703613]","[0, 30]",39.348846593,-0.2790457606315613,9.0,280.0,1747830128.9834437,29.0,
289,"[1.0778074264526367, -0.18375131487846375, -0.09105973690748215]","[0.8433177471160889, -0.840553879737854, -0.6576950550079346, -0.7421067953109741]",False,"[0.6756672263145447, -0.004290687385946512, 0.029999999329447746]","[[0.2254960983991623, -0.3544592261314392, 0.6953261494636536, -1.7214555114719587e-08, 1.0778074264526367, -0.18375131487846375, -0.09105973690748215, 1.492529034614563, -0.45771002769470215, 1.6050111055374146]]","[-0.17619597911834717, -0.2764110565185547, -0.9346201419830322, 2.0619311332702637, 2.1752336025238037, -2.358297824859619]","[0, 30]",40.459481067,-0.4567037522792816,9.0,289.0,1747830130.09287,38.0,
290,"[1.0930464267730713, -0.19702492654323578, -0.1589488834142685]","[0.9497972726821899, -0.9726575016975403, -0.4837554693222046, -0.5954183340072632]",False,"[0.6756672263145447, -0.004290687385946512, 0.029999999329447746]","[[0.26438108086586, -0.3871671259403229, 0.6630717515945435, 1.8889632968921433e-08, 1.0930464267730713, -0.19702492654323578, -0.1589488834142685, 1.9011554718017578, -0.43721163272857666, 1.4260647296905518]]","[-0.3660357594490051, -0.14185470342636108, -0.7752606868743896, 2.287313222885132, 2.1902976036071777, -2.4815728664398193]","[0, 30]",40.581793589,-0.4970448315143585,9.0,290.0,1747830130.218482,39.0,
291,"[1.1082136631011963, -0.2102361023426056, -0.2421780675649643]","[0.9560620784759521, -0.9866631031036377, -0.6214691996574402, -0.6506909132003784]",False,"[0.6756672263145447, -0.004290687385946512, 0.029999999329447746]","[[0.3048016428947449, -0.42055389285087585, 0.6223289370536804, 9.289158775516171e-09, 1.1082136631011963, -0.2102361023426056, -0.2421780675649643, 2.285130739212036, -0.35722973942756653, 1.2757240533828735]]","[-0.48513078689575195, -0.03163990378379822, -0.6872506141662598, 2.398395299911499, 2.1587514877319336, -2.476740837097168]","[0, 30]",40.704070133,-0.5509907603263855,9.0,291.0,1747830130.3408306,40.0,
292,"[1.1233006715774536, -0.22337734699249268, -0.3406216502189636]","[0.97298264503479, -0.9802587032318115, -0.9130761027336121, -0.5815267562866211]",False,"[0.6756672263145447, -0.004290687385946512, 0.029999999329447746]","[[0.3453863263130188, -0.45469555258750916, 0.5711627006530762, 9.560401537100915e-08, 1.1233006715774536, -0.22337734699249268, -0.3406216502189636, 2.6359152793884277, -0.23477743566036224, 1.1721302270889282]]","[-0.5591461658477783, 0.1294231116771698, -0.6545922756195068, 2.3930482864379883, 2.099877119064331, -2.4257137775421143]","[0, 30]",40.825424547,-0.6210757493972778,9.0,292.0,1747830130.4631062,41.0,
296,"[1.2099579572677612, -0.24687355756759644, -0.3675227463245392]","[0.15763378143310547, -0.8064128160476685, -0.9749056100845337, -0.9469095468521118]",False,"[0.6756672263145447, -0.004290687385946512, 0.029999999329447746]","[[0.42013391852378845, -0.5676757097244263, 0.3244108259677887, -1.3577650115337292e-08, 1.2099579572677612, -0.24687355756759644, -0.3675227463245392, -3.0549256801605225, -0.0002328475093236193, -0.08717013895511627]]","[-0.756103515625, 0.10870632529258728, -0.8607196807861328, 1.7624187469482422, 1.6874854564666748, -1.63186776638031]","[0, 30]",41.312138257,-0.7087576389312744,9.0,296.0,1747830130.9493694,45.0,
298,"[1.2338311672210693, -0.25205233693122864, -0.37002554535865784]","[0.9391224384307861, 0.5603320598602295, -0.8397396206855774, -0.5249361395835876]",False,"[0.6756672263145447, -0.004290687385946512, 0.029999999329447746]","[[0.4385836124420166, -0.5880944132804871, 0.203120157122612, -1.3587197145170649e-07, 1.2338311672210693, -0.25205233693122864, -0.37002554535865784, 3.141080856323242, -5.585055987467058e-06, -0.4392448961734772]]","[-0.8839022517204285, 0.3027859032154083, -0.49719569087028503, 1.8825840950012207, 1.7531954050064087, -2.0113651752471924]","[0, 30]",41.555015943,-0.7300364971160889,9.0,298.0,1747830131.1931024,47.0,
299,"[1.2402158975601196, -0.2530404031276703, -0.3700130879878998]","[0.9444310665130615, 0.5334802865982056, -0.8395292162895203, -0.49212324619293213]",False,"[0.6756672263145447, -0.004290687385946512, 0.029999999329447746]","[[0.47807076573371887, -0.564910888671875, 0.15101797878742218, 4.413937304548199e-08, 1.2402158975601196, -0.2530404031276703, -0.3700130879878998, 3.141498327255249, -9.40226800594246e-06, -0.49901124835014343]]","[-0.7269900441169739, 0.22038766741752625, -0.5755856037139893, 1.840850591659546, 1.6163058280944824, -1.969525694847107]","[0, 30]",41.675751497,-0.7352564930915833,9.0,299.0,1747830131.3140037,48.0,
300,"[0.6591518521308899, -0.2959066331386566, 0.029999999329447746]","[0.9460350275039673, 0.6429245471954346, -0.8125537037849426, -0.43857699632644653]",True,"[0.4414871335029602, -0.14104251563549042, 0.029999999329447746]","[[0.6384396553039551, -2.194472251484947e-12, 0.19740013778209686, 0, 0.6591518521308899, -0.2959066331386566, 0.029999999329447746, 0, 0, 0]]","[-0.742336630821228, -0.016546696424484253, -0.7047373056411743, 1.495187520980835, 1.4687433242797852, -1.9154659509658813]","[0, 30]",42.124932877,-0.7373765707015991,9.0,300.0,1747830131.434774,49.0,
301,"[0.5317854881286621, 0.22434602677822113, 0.02998952753841877]","[0.5815808773040771, -0.9963277578353882, -0.03117835521697998, 0.8691878318786621]",False,"[0.6601017117500305, -0.0843634158372879, 0.029999999329447746]","[[0.655817449092865, -0.023122381418943405, 0.19510088860988617, 0.07027386873960495, 0.5317854881286621, 0.22434602677822113, 0.02998952753841877, 3.005894996022107e-06, -2.0607802071026526e-05, -2.8306608328421135e-06]]","[0.32966217398643494, -0.03752782940864563, 0.39215075969696045, 0.19429194927215576, 0.2240491807460785, -0.06514164060354233]","[1, 5]",42.251346757,-0.33431506156921387,0.0,301.0,1747830131.8839355,0.0,
303,"[0.5317853093147278, 0.22434692084789276, 0.029989415779709816]","[-0.6401812434196472, 0.9895830154418945, 0.47310423851013184, 0.8910768032073975]",False,"[0.6601017117500305, -0.0843634158372879, 0.029999999329447746]","[[0.6116875410079956, -0.01945343054831028, 0.2079155445098877, 0.07985629886388779, 0.5317853093147278, 0.22434692084789276, 0.029989415779709816, 3.006697852470097e-06, -2.43706217588624e-05, -8.480304131808225e-06]]","[-0.08279112726449966, -0.10853669047355652, 0.3173317611217499, 0.46446138620376587, 0.02115491032600403, -0.211025670170784]","[1, 5]",42.505646059,-0.3343159556388855,0.0,303.0,1747830132.137011,2.0,
305,"[0.5317853093147278, 0.22434782981872559, 0.029989412054419518]","[-0.744777500629425, 0.992467999458313, -0.562886118888855, 0.7940402030944824]",False,"[0.6601017117500305, -0.0843634158372879, 0.029999999329447746]","[[0.5689351558685303, 0.0740361288189888, 0.17934831976890564, 0.07999788224697113, 0.5317853093147278, 0.22434782981872559, 0.029989412054419518, 3.006728547916282e-06, -2.4504341126885265e-05, -1.4128427210380323e-05]]","[-0.06414181739091873, -0.018037378787994385, 0.19584226608276367, 0.3674347996711731, 0.13272468745708466, -0.18622331321239471]","[1, 5]",42.763936083,-0.33431681990623474,0.0,305.0,1747830132.3932917,4.0,
309,"[0.5317859053611755, 0.22434915602207184, 0.02998991683125496]","[-0.052020370960235596, 0.7746114730834961, -0.9796932935714722, 0.06746125221252441]",False,"[0.6601017117500305, -0.0843634158372879, 0.029999999329447746]","[[0.5162087082862854, 0.23037029802799225, 0.0536809116601944, 0.08000007271766663, 0.5317859053611755, 0.22434915602207184, 0.02998991683125496, -4.985877932739413e-09, -2.7618057174549904e-06, -2.1958805518806912e-05]]","[-0.14914920926094055, 0.07009974122047424, -0.08636021614074707, -0.0672331303358078, 0.0479128360748291, 0.04935640096664429]","[1, 5]",43.281527287,-0.33431780338287354,0.0,309.0,1747830132.9101336,8.0,
310,"[0.5347693562507629, 0.2255713939666748, 0.029989732429385185]","[0.8556852340698242, -0.9653171896934509, -0.5467376708984375, -0.48659372329711914]",False,"[0.6601017117500305, -0.0843634158372879, 0.029999999329447746]","[[0.531874418258667, 0.21790777146816254, 0.021973704919219017, 0.05640963464975357, 0.5347693562507629, 0.2255713939666748, 0.029989732429385185, 1.1835494660772383e-05, 4.0383258692600066e-07, 0.06371708959341049]]","[0.3045324981212616, 0.2746814787387848, -0.12406334280967712, -0.03457483649253845, -0.04898712411522865, 0.28812116384506226]","[1, 5]",43.412681667,-0.3343168795108795,0.0,310.0,1747830133.0405781,9.0,
311,"[0.5405707955360413, 0.20098280906677246, 0.03530748188495636]","[0.5132616758346558, -0.972903847694397, 0.7221102714538574, -0.9170695543289185]",False,"[0.6601017117500305, -0.0843634158372879, 0.029999999329447746]","[[0.5371832251548767, 0.19035156071186066, 0.02702692337334156, 0.055896107107400894, 0.5405707955360413, 0.20098280906677246, 0.03530748188495636, 0.0005388879799284041, 0.032279662787914276, 0.033160898834466934]]","[0.5562095046043396, 0.32969364523887634, 0.0945524275302887, -0.14832553267478943, -0.25207018852233887, 0.28066009283065796]","[1, 5]",43.544234373,-0.3094160258769989,0.0,311.0,1747830133.1716895,10.0,
312,"[0.5621019601821899, 0.15511460602283478, 0.04532898962497711]","[0.6529536247253418, -0.9805381894111633, 0.5460277795791626, -0.877005934715271]",False,"[0.6601017117500305, -0.0843634158372879, 0.029999999329447746]","[[0.5583990216255188, 0.14895357191562653, 0.036734264343976974, 0.056897763162851334, 0.5621019601821899, 0.15511460602283478, 0.04532898962497711, -0.00526839355006814, 0.012047950178384781, 0.011785382404923439]]","[0.7837343811988831, 0.3582274615764618, 0.07968780398368835, -0.2500073313713074, -0.23474624752998352, 0.3742706775665283]","[1, 5]",43.675031983,-0.25920772552490234,0.0,312.0,1747830133.30325,11.0,
318,"[0.6042816042900085, 0.19912269711494446, 0.02998952753841877]","[0.04041123390197754, -0.15430492162704468, 0.171012282371521, -0.09476625919342041]",False,"[0.49486854672431946, -0.17261973023414612, 0.029999999329447746]","[[0.6393194794654846, -0.0064297630451619625, 0.20390209555625916, -5.031087102480569e-09, 0.6042816042900085, 0.19912269711494446, 0.02998952753841877, 3.005894996022107e-06, -2.0607802071026526e-05, -2.8306608328421135e-06]]","[0.21817925572395325, -0.05613788962364197, 0.43180176615715027, 0.2357724905014038, 0.036532625555992126, -0.21103549003601074]","[1, 5]",44.566193361,-0.3875095546245575,1.0,318.0,1747830134.1979568,0.0,
319,"[0.604281485080719, 0.19912315905094147, 0.02998943440616131]","[-0.1989649534225464, 0.9722883701324463, -0.43437904119491577, 0.9224345684051514]",False,"[0.49486854672431946, -0.17261973023414612, 0.029999999329447746]","[[0.6347900032997131, 0.015355522744357586, 0.18638870120048523, 0.07027387619018555, 0.604281485080719, 0.19912315905094147, 0.02998943440616131, 3.006569613717147e-06, -2.377380405960139e-05, -5.656060693581821e-06]]","[0.2081761658191681, -0.10723963379859924, 0.30983269214630127, 0.4702567458152771, 0.040707871317863464, -0.15163351595401764]","[1, 5]",44.693686694,-0.3875099718570709,1.0,319.0,1747830134.3252158,1.0,
320,"[0.6042814254760742, 0.19912360608577728, 0.029989415779709816]","[-0.4875298738479614, 0.9931795597076416, -0.23115456104278564, 0.8229806423187256]",False,"[0.49486854672431946, -0.17261973023414612, 0.029999999329447746]","[[0.6180136203765869, 0.06533381342887878, 0.17566600441932678, 0.07881752401590347, 0.6042814254760742, 0.19912360608577728, 0.029989415779709816, 3.006697852470097e-06, -2.43706217588624e-05, -8.480304131808225e-06]]","[0.06807637214660645, -0.004134029150009155, 0.305215060710907, 0.4792925715446472, 0.11542148888111115, -0.05358928442001343]","[1, 5]",44.821348464,-0.38751038908958435,1.0,320.0,1747830134.4527357,2.0,
324,"[0.6042820811271667, 0.19912482798099518, 0.029989944770932198]","[0.07073593139648438, 0.328049898147583, -0.984058678150177, 0.032380104064941406]",False,"[0.49486854672431946, -0.17261973023414612, 0.029999999329447746]","[[0.6079269051551819, 0.200771763920784, 0.03217562660574913, 0.07999992370605469, 0.6042820811271667, 0.19912482798099518, 0.029989944770932198, -4.495130379034151e-10, -1.8208155552201788e-06, -1.5610934497090057e-05]]","[0.02431780844926834, 0.1350311040878296, -0.10402178764343262, 0.21105030179023743, 0.2942928075790405, 0.12898913025856018]","[1, 5]",45.334956836,-0.3875117301940918,1.0,324.0,1747830134.9636605,6.0,
326,"[0.5604177713394165, 0.14680592715740204, 0.04574171081185341]","[-0.8851573467254639, -0.9762597680091858, 0.5961489677429199, -0.9185972213745117]",False,"[0.49486854672431946, -0.17261973023414612, 0.029999999329447746]","[[0.5526453256607056, 0.14019285142421722, 0.039300866425037384, 0.05386427044868469, 0.5604177713394165, 0.14680592715740204, 0.04574171081185341, -0.0028190442826598883, 0.11311788856983185, 0.025836601853370667]]","[0.193403959274292, 0.570125937461853, 0.23823925852775574, 0.04647819697856903, -0.0418320968747139, 0.19675008952617645]","[1, 5]",45.594790551,-0.3264617323875427,1.0,326.0,1747830135.2239678,8.0,
327,"[0.5348235368728638, 0.09630598872900009, 0.05197875574231148]","[-0.627651572227478, -0.9826146364212036, 0.2697885036468506, -0.7296759486198425]",False,"[0.49486854672431946, -0.17261973023414612, 0.029999999329447746]","[[0.5269278287887573, 0.10155211389064789, 0.0452742874622345, 0.054610561579465866, 0.5348235368728638, 0.09630598872900009, 0.05197875574231148, -0.0003620515635702759, 0.05864736810326576, 0.0021310755982995033]]","[0.39041033387184143, 0.5043561458587646, 0.13602082431316376, -0.2604609727859497, -0.1684725284576416, 0.28321903944015503]","[1, 5]",45.722926209,-0.27276456356048584,1.0,327.0,1747830135.3538065,9.0,
330,"[0.46837544441223145, -0.022161051630973816, 0.029798520728945732]","[-0.5443846583366394, -0.9566202163696289, -0.1886863112449646, -0.3930474519729614]",False,"[0.49486854672431946, -0.17261973023414612, 0.029999999329447746]","[[0.4593042731285095, -0.01905382238328457, 0.022431638091802597, 0.05400756746530533, 0.46837544441223145, -0.022161051630973816, 0.029798520728945732, 0.001366469543427229, 0.0028774170204997063, -0.022457635030150414]]","[0.6684042811393738, 0.34482303261756897, 0.12909430265426636, -0.49044355750083923, -0.15132154524326324, 0.09747453033924103]","[1, 5]",46.108616308,-0.15277349948883057,1.0,330.0,1747830135.7387404,12.0,
331,"[0.4653599262237549, -0.03740781545639038, 0.029954902827739716]","[-0.1262388825416565, -0.950286865234375, -0.016055941581726074, -0.3569144010543823]",False,"[0.49486854672431946, -0.17261973023414612, 0.029999999329447746]","[[0.4554755687713623, -0.05082050710916519, 0.021883726119995117, 0.054271284490823746, 0.4653599262237549, -0.03740781545639038, 0.029954902827739716, -0.000684340251609683, -0.00028399669099599123, 0.024430666118860245]]","[0.6127785444259644, 0.21798017621040344, 0.2512853145599365, -0.47186166048049927, -0.1181243434548378, 0.11154553294181824]","[1, 5]",46.237401153,-0.13839444518089294,1.0,331.0,1747830135.8676226,13.0,
332,"[0.46899595856666565, -0.0729818120598793, 0.032462071627378464]","[0.0884547233581543, -0.9582187533378601, 0.10083198547363281, -0.4038163423538208]",False,"[0.49486854672431946, -0.17261973023414612, 0.029999999329447746]","[[0.45855438709259033, -0.08247087150812149, 0.024553490802645683, 0.056095365434885025, 0.46899595856666565, -0.0729818120598793, 0.032462071627378464, 0.0025709085166454315, 0.0224307868629694, 0.021182943135499954]]","[0.7236378788948059, 0.004581481218338013, 0.3669896721839905, -0.39352676272392273, -0.2125956118106842, 0.27960097789764404]","[1, 5]",46.367577227,-0.10297168791294098,1.0,332.0,1747830135.9965215,14.0,
333,"[0.4697290360927582, -0.11188407987356186, 0.029917575418949127]","[-0.06601756811141968, -0.9580885171890259, -0.19670283794403076, -0.13324737548828125]",False,"[0.49486854672431946, -0.17261973023414612, 0.029999999329447746]","[[0.45975562930107117, -0.11973144859075546, 0.02192559652030468, 0.058731917291879654, 0.4697290360927582, -0.11188407987356186, 0.029917575418949127, -0.0014815825270488858, -0.002918124897405505, 0.00946719478815794]]","[0.8755155205726624, -0.21417313814163208, 0.3080863356590271, -0.5047132968902588, -0.19539031386375427, 0.3717989921569824]","[1, 5]",46.497316841,-0.06573295593261719,1.0,333.0,1747830136.1266396,15.0,
334,"[0.4975002110004425, 0.008044674061238766, 0.029999999329447746]","[0.08297455310821533, -0.9451491832733154, -0.12996268272399902, -0.12818336486816406]",True,"[0.46066874265670776, 0.12678773701190948, 0.029999999329447746]","[[0.6384396553039551, -2.194472251484947e-12, 0.19740013778209686, 0, 0.4975002110004425, 0.008044674061238766, 0.029999999329447746, 0, 0, 0]]","[1.0105608701705933, -0.5599044561386108, 0.10390789806842804, -0.5341925621032715, -0.13942287862300873, 0.29999375343322754]","[1, 5]",46.748924501,-0.0439021959900856,1.0,334.0,1747830136.2563467,16.0,
335,"[0.5094316601753235, -0.036119572818279266, 0.0299898199737072]","[0.0652163028717041, -0.9937950968742371, -0.9969140291213989, 0.6248738765716553]",False,"[0.6593018174171448, 0.24251623451709747, 0.029999999329447746]","[[0.6471062302589417, -0.023764973506331444, 0.17384789884090424, 0.05489037558436394, 0.5094316601753235, -0.036119572818279266, 0.0299898199737072, 1.0719993042584974e-05, 3.3503115446364973e-06, 3.5290363484818954e-06]]","[0.3589188754558563, -0.31761497259140015, 0.27401039004325867, 0.13343246281147003, 0.21218973398208618, 0.16464035212993622]","[1, 5]",46.876127409,-0.3163842260837555,2.0,335.0,1747830136.5079348,0.0,
336,"[0.5094314813613892, -0.03611933812499046, 0.029989777132868767]","[-0.9702398180961609, -0.36809444427490234, -0.9819340109825134, 0.6674351692199707]",False,"[0.6593018174171448, 0.24251623451709747, 0.029999999329447746]","[[0.6094737648963928, -0.047899238765239716, 0.12118969112634659, 0.07694724202156067, 0.5094314813613892, -0.03611933812499046, 0.029989777132868767, 1.2199959201097954e-05, 3.350321094330866e-06, 7.288826509466162e-06]]","[0.35316723585128784, -0.2690781354904175, 0.2115231305360794, 0.13987520337104797, 0.21015900373458862, 0.005088180303573608]","[1, 5]",47.004172025,-0.31638410687446594,2.0,336.0,1747830136.6351671,1.0,
337,"[0.5094313025474548, -0.03611895442008972, 0.029989875853061676]","[-0.9831764101982117, 0.15948951244354248, -0.9800113439559937, 0.2167903184890747]",False,"[0.6593018174171448, 0.24251623451709747, 0.029999999329447746]","[[0.5745442509651184, -0.041599340736866, 0.07364433258771896, 0.07962895929813385, 0.5094313025474548, -0.03611895442008972, 0.029989875853061676, 4.11031305702636e-06, 1.3884339641542787e-12, 9.168639735435136e-06]]","[0.15365660190582275, -0.15768641233444214, 0.2489849328994751, 0.18599194288253784, 0.23118802905082703, -0.07551661878824234]","[1, 5]",47.132676995,-0.31638386845588684,2.0,337.0,1747830136.7631578,2.0,
340,"[0.5108695030212402, 0.009057600051164627, 0.03174547478556633]","[0.9355671405792236, 0.9866178035736084, 0.4989515542984009, -0.9353219866752625]",False,"[0.6593018174171448, 0.24251623451709747, 0.029999999329447746]","[[0.5117466449737549, 0.015250910073518753, 0.032064806669950485, 0.056109484285116196, 0.5108695030212402, 0.009057600051164627, 0.03174547478556633, -0.018212445080280304, 0.017877401784062386, -0.009037379175424576]]","[-0.46165233850479126, -0.009803473949432373, 0.0361805260181427, 0.566921591758728, -0.26745426654815674, -0.0753992348909378]","[1, 5]",47.517687708,-0.27665525674819946,2.0,340.0,1747830137.1483722,5.0,
342,"[0.569638729095459, 0.0779031440615654, 0.030550356954336166]","[0.9543859958648682, 0.9736464023590088, -0.027105331420898438, -0.8590387105941772]",False,"[0.6593018174171448, 0.24251623451709747, 0.029999999329447746]","[[0.5732102990150452, 0.08896449953317642, 0.029901254922151566, 0.05391210690140724, 0.569638729095459, 0.0779031440615654, 0.030550356954336166, -0.0030289296992123127, 0.005936733912676573, -0.007352083921432495]]","[-0.22676998376846313, -0.11942611634731293, 0.09940837323665619, 0.19511589407920837, -0.25763970613479614, 0.2520233988761902]","[1, 5]",47.771677834,-0.18744930624961853,2.0,342.0,1747830137.4041646,7.0,
343,"[0.5939233303070068, 0.11229857057332993, 0.03065873309969902]","[0.9207255840301514, 0.9724243879318237, -0.023440122604370117, -0.8240885734558105]",False,"[0.6593018174171448, 0.24251623451709747, 0.029999999329447746]","[[0.6013495326042175, 0.1227092519402504, 0.02880234085023403, 0.05386023595929146, 0.5939233303070068, 0.11229857057332993, 0.03065873309969902, 0.0004205811710562557, -0.0014825578546151519, -0.0012427695328369737]]","[-0.10019246488809586, -0.339241623878479, -0.04870066046714783, 0.03711242973804474, -0.4102092385292053, 0.19266377389431]","[1, 5]",47.899342427,-0.1457100659608841,2.0,343.0,1747830137.5307255,8.0,
345,"[0.6254280805587769, 0.1741989701986313, 0.02969050034880638]","[0.4715777635574341, 0.964766263961792, -0.08819359540939331, -0.5230085253715515]",False,"[0.6593018174171448, 0.24251623451709747, 0.029999999329447746]","[[0.6383118033409119, 0.18554890155792236, 0.02287808060646057, 0.05498407036066055, 0.6254280805587769, 0.1741989701986313, 0.02969050034880638, -2.2350373910740018e-05, -0.009919587522745132, -0.012759075500071049]]","[0.29051119089126587, -0.37566548585891724, -0.14746782183647156, -0.1468464583158493, -0.3585987091064453, 0.17412199079990387]","[1, 5]",48.159628147,-0.07625467330217361,2.0,345.0,1747830137.7868233,10.0,
346,"[0.641884446144104, 0.1263454109430313, 0.029999999329447746]","[0.1882389783859253, 0.9589216709136963, 0.04849863052368164, -0.45276176929473877]",True,"[0.662602424621582, -0.15804311633110046, 0.029999999329447746]","[[0.6384396553039551, -2.194472251484947e-12, 0.19740013778209686, 0, 0.641884446144104, 0.1263454109430313, 0.029999999329447746, 0, 0, 0]]","[0.2985548973083496, -0.39471346139907837, -0.15799102187156677, -0.14505784213542938, -0.4629560708999634, 0.10409918427467346]","[1, 5]",48.387259838,-0.045556019991636276,2.0,346.0,1747830137.9186451,11.0,
349,"[0.5744282007217407, -0.09320075809955597, 0.02998971939086914]","[-0.9339715242385864, -0.4769444465637207, -0.944928765296936, 0.2577030658721924]",False,"[0.6632388234138489, -0.12618283927440643, 0.029999999329447746]","[[0.5980774164199829, -0.09008712321519852, 0.09048120677471161, 0.07962145656347275, 0.5744282007217407, -0.09320075809955597, 0.02998971939086914, -3.4047777930368284e-09, -9.366806807520334e-06, -7.0861951826373115e-06]]","[0.0688827708363533, -0.11601999402046204, 0.2652251720428467, 0.1288370043039322, 0.23465025424957275, -0.12548521161079407]","[1, 5]",48.772789661,-0.09473725408315659,3.0,349.0,1747830138.4029074,2.0,
352,"[0.6003154516220093, -0.10601425170898438, 0.030958181247115135]","[0.9541771411895752, -0.7008053064346313, 0.045715928077697754, -0.8743414878845215]",False,"[0.6632388234138489, -0.12618283927440643, 0.029999999329447746]","[[0.603111982345581, -0.11971019953489304, 0.02323034591972828, 0.05159218981862068, 0.6003154516220093, -0.10601425170898438, 0.030958181247115135, 0.010707592591643333, -0.0008132326765917242, 0.018899161368608475]]","[-0.018842555582523346, 0.16150489449501038, 0.11220797896385193, 0.17125803232192993, -0.05547709763050079, 0.26663458347320557]","[1, 5]",49.15898904,-0.06608360260725021,3.0,352.0,1747830138.7926629,5.0,
353,"[0.6599544286727905, -0.08634144812822342, 0.029999999329447746]","[0.9211008548736572, -0.6452726125717163, 0.040522217750549316, -0.7927953600883484]",True,"[0.5259469747543335, -0.042124439030885696, 0.029999999329447746]","[[0.6384396553039551, -2.194472251484947e-12, 0.19740013778209686, 0, 0.6599544286727905, -0.08634144812822342, 0.029999999329447746, 0, 0, 0]]","[-0.09619364887475967, -0.005595177412033081, 0.1305900365114212, -0.2540765404701233, -0.05190826952457428, 0.054704055190086365]","[1, 5]",49.377502793,-0.04068461433053017,3.0,353.0,1747830138.9180236,6.0,
354,"[0.5188000798225403, 0.2101774662733078, 0.02998989447951317]","[-0.6705493330955505, 0.6456925868988037, 0.9599320888519287, -0.6861501336097717]",False,"[0.4726473391056061, -0.24918079376220703, 0.029999999329447746]","[[0.6084029078483582, 0.021348796784877777, 0.19805392622947693, 4.6906443174066226e-08, 0.5188000798225403, 0.2101774662733078, 0.02998989447951317, -2.8357353585306555e-06, 7.784965418977663e-06, 1.933568000822561e-06]]","[0.06968513876199722, -0.042347878217697144, 0.5280634164810181, 0.3000769019126892, -0.1776321530342102, -0.4330809712409973]","[1, 5]",49.501470634,-0.46167096495628357,4.0,354.0,1747830139.136502,0.0,
355,"[0.518799901008606, 0.21017734706401825, 0.029989875853061676]","[-0.37050580978393555, 0.9576362371444702, -0.8155015707015991, 0.8805009126663208]",False,"[0.4726473391056061, -0.24918079376220703, 0.029999999329447746]","[[0.6084151864051819, 0.06325434893369675, 0.1903395801782608, 0.07027379423379898, 0.518799901008606, 0.21017734706401825, 0.029989875853061676, -2.8357389965094626e-06, 8.34959701023763e-06, 4.22911125497194e-06]]","[0.021576784551143646, -0.24479514360427856, 0.3173636496067047, 0.48971766233444214, -0.028977222740650177, -0.15169620513916016]","[1, 5]",49.625111751,-0.461670845746994,4.0,355.0,1747830139.2604907,1.0,
356,"[0.5187997221946716, 0.2101772278547287, 0.029989873990416527]","[-0.9078695178031921, 0.9885801076889038, -0.7785799503326416, 0.8449317216873169]",False,"[0.4726473391056061, -0.24918079376220703, 0.029999999329447746]","[[0.5736621022224426, 0.10667293518781662, 0.1529572308063507, 0.07881751656532288, 0.5187997221946716, 0.2101772278547287, 0.029989873990416527, -2.8357405881251907e-06, 8.456109753751662e-06, 6.5246736085100565e-06]]","[-0.009077377617359161, -0.1888216882944107, 0.18242225050926208, 0.4964074492454529, 0.08078761398792267, -0.03214874118566513]","[1, 5]",49.7479586,-0.4616706967353821,4.0,356.0,1747830139.3841214,2.0,
357,"[0.5187995433807373, 0.21017710864543915, 0.029989872127771378]","[-0.510719895362854, 0.9896438121795654, -0.5889158248901367, 0.6695189476013184]",False,"[0.4726473391056061, -0.24918079376220703, 0.029999999329447746]","[[0.5522923469543457, 0.1506805270910263, 0.12412718683481216, 0.07985630631446838, 0.5187995433807373, 0.21017710864543915, 0.029989872127771378, -2.8357414976198925e-06, 8.476203220197931e-06, 8.820268703857437e-06]]","[-0.14896568655967712, -0.11231860518455505, 0.2320704609155655, 0.4969942569732666, 0.07267767190933228, -0.04937535524368286]","[1, 5]",49.869913075,-0.46167057752609253,4.0,357.0,1747830139.5070066,3.0,
358,"[0.5187993049621582, 0.2101769745349884, 0.029989929869771004]","[-0.33217543363571167, 0.9728611707687378, -0.96843421459198, 0.36734938621520996]",False,"[0.4726473391056061, -0.24918079376220703, 0.029999999329447746]","[[0.5390959978103638, 0.19246044754981995, 0.08629457652568817, 0.07998252660036087, 0.5187993049621582, 0.2101769745349884, 0.029989929869771004, -3.449567742563886e-08, 2.3555708139610942e-06, 9.853424671746325e-06]]","[0.015040673315525055, -0.06980492174625397, 0.10018664598464966, 0.467376172542572, 0.1822391152381897, -0.07316280901432037]","[1, 5]",49.991632449,-0.4616703987121582,4.0,358.0,1747830139.6289783,4.0,
359,"[0.5187991857528687, 0.2101769745349884, 0.029989982023835182]","[-0.5078843832015991, 0.42026853561401367, -0.9897526502609253, 0.035510897636413574]",False,"[0.4726473391056061, -0.24918079376220703, 0.029999999329447746]","[[0.5128940939903259, 0.2089483141899109, 0.03307962417602539, 0.07999800890684128, 0.5187991857528687, 0.2101769745349884, 0.029989982023835182, -5.964745586339859e-09, 5.859177463207743e-07, 1.0018557077273726e-05]]","[0.0374404713511467, 0.12178516387939453, 0.027929961681365967, 0.4517820477485657, 0.21106138825416565, 0.042010948061943054]","[1, 5]",50.114509765,-0.4616703987121582,4.0,359.0,1747830139.7506628,5.0,
362,"[0.4772617220878601, 0.12588661909103394, 0.04928668215870857]","[-0.7684892416000366, -0.9805340766906738, 0.4464606046676636, -0.8629951477050781]",False,"[0.4726473391056061, -0.24918079376220703, 0.029999999329447746]","[[0.4587385356426239, 0.12031013518571854, 0.052087366580963135, 0.05488698184490204, 0.4772617220878601, 0.12588661909103394, 0.04928668215870857, 0.010350941680371761, 0.474983811378479, -0.0026281222235411406]]","[0.2862226665019989, 0.6485484838485718, 0.2557036876678467, 0.08426102995872498, 0.0010315030813217163, 0.2561345100402832]","[1, 5]",50.481521553,-0.37559130787849426,4.0,362.0,1747830140.118378,8.0,
364,"[0.42887890338897705, 0.04923802614212036, 0.03321909159421921]","[-0.5384989976882935, -0.7856684327125549, -0.29381799697875977, -0.4955374598503113]",False,"[0.4726473391056061, -0.24918079376220703, 0.029999999329447746]","[[0.40975499153137207, 0.059479452669620514, 0.029694443568587303, 0.05448063835501671, 0.42887890338897705, 0.04923802614212036, 0.03321909159421921, 0.010099285282194614, 0.10408388823270798, 0.011890275403857231]]","[0.5639050006866455, 0.44240447878837585, 0.14327549934387207, -0.33520957827568054, -0.17729295790195465, 0.2530495524406433]","[1, 5]",50.72814905,-0.30162861943244934,4.0,364.0,1747830140.3637836,10.0,
365,"[0.42939838767051697, 0.030424807220697403, 0.03018251806497574]","[0.7048155069351196, -0.9785434007644653, 0.04631686210632324, -0.5319766402244568]",False,"[0.4726473391056061, -0.24918079376220703, 0.029999999329447746]","[[0.4164816439151764, 0.025808142498135567, 0.022451940923929214, 0.05407875403761864, 0.42939838767051697, 0.030424807220697403, 0.03018251806497574, -0.0016005040379241109, -0.010868532583117485, 0.019531697034835815]]","[0.7553900480270386, 0.3416862189769745, -0.03068944811820984, -0.38115406036376953, -0.24625037610530853, 0.26171308755874634]","[1, 5]",50.851336838,-0.28293073177337646,4.0,365.0,1747830140.4871907,11.0,
367,"[0.4569169580936432, -0.03904685750603676, 0.040445487946271896]","[0.10524153709411621, -0.9827294945716858, 0.09052419662475586, -0.5681214928627014]",False,"[0.4726473391056061, -0.24918079376220703, 0.029999999329447746]","[[0.44388502836227417, -0.04386354610323906, 0.03328463435173035, 0.0577906034886837, 0.4569169580936432, -0.03904685750603676, 0.040445487946271896, -0.0021122724283486605, 0.01003586407750845, 0.012115176767110825]]","[0.7705675959587097, -0.028371065855026245, 0.23140937089920044, -0.4828980565071106, -0.23688554763793945, 0.3592945337295532]","[1, 5]",51.099448497,-0.210980623960495,4.0,367.0,1747830140.7346792,13.0,
368,"[0.4567904472351074, -0.08304978162050247, 0.03364149108529091]","[-0.016492247581481934, -0.9786611199378967, -0.14009159803390503, -0.40074992179870605]",False,"[0.4726473391056061, -0.24918079376220703, 0.029999999329447746]","[[0.4434170722961426, -0.08023617416620255, 0.02771531045436859, 0.058060210198163986, 0.4567904472351074, -0.08304978162050247, 0.03364149108529091, -0.0002999901189468801, 0.058145616203546524, 0.01196256186813116]]","[0.7752255797386169, -0.06887941062450409, 0.3743766248226166, -0.4128715395927429, -0.2662382125854492, 0.25053685903549194]","[1, 5]",51.223064758,-0.16692577302455902,4.0,368.0,1747830140.8585148,14.0,
370,"[0.44538795948028564, -0.13186408579349518, 0.029920361936092377]","[-0.18027198314666748, -0.933880627155304, -0.054373323917388916, -0.23254692554473877]",False,"[0.4726473391056061, -0.24918079376220703, 0.029999999329447746]","[[0.429166316986084, -0.14286395907402039, 0.02180546149611473, 0.05614619702100754, 0.44538795948028564, -0.13186408579349518, 0.029920361936092377, 0.0010126566048711538, -0.00316397612914443, 0.05166121944785118]]","[1.1377577781677246, -0.44176816940307617, 0.16129347681999207, -0.6088193655014038, -0.01312197744846344, 0.45875877141952515]","[1, 5]",51.472608503000004,-0.12044206261634827,4.0,370.0,1747830141.1068547,16.0,
371,"[0.4459003806114197, -0.16252489387989044, 0.03412925824522972]","[0.17322170734405518, -0.9708591103553772, 0.332594633102417, -0.413191556930542]",False,"[0.4726473391056061, -0.24918079376220703, 0.029999999329447746]","[[0.4283828139305115, -0.17487430572509766, 0.026252945885062218, 0.05213715136051178, 0.4459003806114197, -0.16252489387989044, 0.03412925824522972, 0.011595098301768303, 0.03377189114689827, 0.022695694118738174]]","[1.3660259246826172, -0.9230880737304688, 0.009431451559066772, -0.7591884732246399, -0.09561428427696228, 0.0106879323720932]","[1, 5]",51.599879405,-0.09078378975391388,4.0,371.0,1747830141.2316294,17.0,
372,"[0.44871285557746887, -0.20429451763629913, 0.033314675092697144]","[0.04267537593841553, -0.9354792237281799, -0.008802652359008789, -0.5273892879486084]",False,"[0.4726473391056061, -0.24918079376220703, 0.029999999329447746]","[[0.43094852566719055, -0.21066926419734955, 0.026661301031708717, 0.055071208626031876, 0.44871285557746887, -0.20429451763629913, 0.033314675092697144, -0.000242637048359029, 0.057840168476104736, 0.01610560528934002]]","[1.4708925485610962, -1.1434141397476196, -0.11872503161430359, -0.7347038388252258, -0.006402686238288879, 0.14232562482357025]","[1, 5]",51.725951771,-0.0509767085313797,4.0,372.0,1747830141.35886,18.0,
375,"[0.4979091286659241, 0.06299228221178055, 0.029989078640937805]","[-0.5991408824920654, 0.14895129203796387, -0.9318366646766663, 0.8277626037597656]",False,"[0.5405354499816895, 0.1384294629096985, 0.029999999329447746]","[[0.5964833498001099, 0.0494554378092289, 0.1844133883714676, 0.07235550135374069, 0.4979091286659241, 0.06299228221178055, 0.029989078640937805, 3.913843465852551e-05, 7.06591572452453e-06, -5.638323727907846e-06]]","[0.0063881054520606995, -0.2922573685646057, 0.22272083163261414, 0.370957612991333, 0.14830699563026428, 0.041532739996910095]","[1, 5]",52.227560325,-0.0866474136710167,5.0,375.0,1747830141.8632028,1.0,
377,"[0.4979076087474823, 0.06299271434545517, 0.029989391565322876]","[-0.888320803642273, 0.019333839416503906, -0.949504017829895, 0.2809358835220337]",False,"[0.5405354499816895, 0.1384294629096985, 0.029999999329447746]","[[0.5326581597328186, 0.053218062967061996, 0.09633157402276993, 0.07988713681697845, 0.4979076087474823, 0.06299271434545517, 0.029989391565322876, 2.029953793680761e-05, 1.904486767942415e-13, -1.1125929631816689e-05]]","[0.00760921835899353, -0.045680999755859375, 0.22128444910049438, 0.2292289137840271, 0.23258137702941895, 0.01957497000694275]","[1, 5]",52.473356151,-0.08664778620004654,5.0,377.0,1747830142.1096354,3.0,
378,"[0.4979075789451599, 0.06299320608377457, 0.029989877715706825]","[-0.760279655456543, 0.26294589042663574, -0.9531611204147339, 0.08787977695465088]",False,"[0.5405354499816895, 0.1384294629096985, 0.029999999329447746]","[[0.5011634230613708, 0.0632605105638504, 0.051009684801101685, 0.07998654991388321, 0.4979075789451599, 0.06299320608377457, 0.029989877715706825, 4.0979953155328985e-06, -8.517313521139158e-10, -1.1321839338052087e-05]]","[-0.04552558809518814, -0.014700844883918762, 0.14338800311088562, 0.23414194583892822, 0.19729962944984436, 0.045136526226997375]","[1, 5]",52.595753305,-0.08664736896753311,5.0,378.0,1747830142.2323873,4.0,
381,"[0.6207311153411865, 0.019695177674293518, 0.029987523332238197]","[-0.6459552049636841, -0.6200597286224365, -0.339293897151947, 0.5833543539047241]",False,"[0.5259461402893066, -0.03757344186306, 0.029999999329447746]","[[0.619834840297699, -0.0215502567589283, 0.18506233394145966, 0.051243189722299576, 0.6207311153411865, 0.019695177674293518, 0.029987523332238197, -4.382838596939109e-05, 2.5775023459573276e-05, -2.8170009045425104e-06]]","[0.22295986115932465, -0.11531952023506165, 0.4088670313358307, 0.03476840257644653, 0.15040501952171326, -0.10775185376405716]","[1, 5]",53.070913866,-0.11074241995811462,6.0,381.0,1747830142.7004611,0.0,
382,"[0.6207299828529358, 0.019692761823534966, 0.029989130795001984]","[-0.09070223569869995, 0.6002295017242432, -0.8818014860153198, 0.7808351516723633]",False,"[0.5259461402893066, -0.03757344186306, 0.029999999329447746]","[[0.6194883584976196, -0.019034046679735184, 0.15598487854003906, 0.07650384306907654, 0.6207299828529358, 0.019692761823534966, 0.029989130795001984, 3.500048114801757e-05, 9.412821782461833e-06, -5.957068424322642e-06]]","[0.14884307980537415, -0.25200703740119934, 0.2087036669254303, 0.264926016330719, 0.23649677634239197, -0.03504950553178787]","[1, 5]",53.200053051,-0.11074019968509674,6.0,382.0,1747830142.8299203,1.0,
391,"[0.42721009254455566, 0.2026042938232422, 0.029989872127771378]","[-0.9261106848716736, 0.940131425857544, -0.6597246527671814, 0.7750495672225952]",False,"[0.42381811141967773, -0.040797602385282516, 0.029999999329447746]","[[0.5582857728004456, 0.09745271503925323, 0.16875948011875153, 0.07985629141330719, 0.42721009254455566, 0.2026042938232422, 0.029989872127771378, -2.8357414976198925e-06, 8.476203220197931e-06, 8.820268703857437e-06]]","[-0.06472181528806686, 0.19882532954216003, 0.3060358464717865, 0.5951206088066101, 0.17581108212471008, -0.14462627470493317]","[1, 5]",54.468183864,-0.24342553317546844,7.0,391.0,1747830144.0986392,3.0,
393,"[0.42720964550971985, 0.2026040256023407, 0.02998991683125496]","[-0.8536403775215149, 0.9155932664871216, -0.8761200904846191, 0.2548816204071045]",False,"[0.42381811141967773, -0.040797602385282516, 0.029999999329447746]","[[0.4897406995296478, 0.17785261571407318, 0.09423995763063431, 0.07999789714813232, 0.42720964550971985, 0.2026040256023407, 0.02998991683125496, -1.0787409188139918e-08, 2.7795474579761503e-06, 1.2378381143207662e-05]]","[-0.03399296849966049, 0.22298267483711243, 0.1635648012161255, 0.4456401467323303, 0.11736121773719788, -0.13979372382164001]","[1, 5]",54.725062829,-0.24342525005340576,7.0,393.0,1747830144.3554444,5.0,
394,"[0.4272095561027527, 0.2026040107011795, 0.029989976435899734]","[-0.8516815304756165, 0.5664098262786865, -0.967041015625, 0.18251895904541016]",False,"[0.42381811141967773, -0.040797602385282516, 0.029999999329447746]","[[0.4533825218677521, 0.20226095616817474, 0.04904770478606224, 0.07999977469444275, 0.4272095561027527, 0.2026040107011795, 0.029989976435899734, -1.669015858851708e-08, 7.807169026818883e-07, 1.2663806046475656e-05]]","[-0.09875798970460892, 0.3082582652568817, 0.0522884726524353, 0.28259751200675964, 0.1378278136253357, 0.03600117564201355]","[1, 5]",54.853766917,-0.24342523515224457,7.0,394.0,1747830144.4840803,6.0,
395,"[0.4245879352092743, 0.19207940995693207, 0.030290527269244194]","[-0.21174538135528564, -0.8626256585121155, 0.05654871463775635, -0.3974846601486206]",False,"[0.42381811141967773, -0.040797602385282516, 0.029999999329447746]","[[0.42860135436058044, 0.18597540259361267, 0.03232356160879135, 0.05821389704942703, 0.4245879352092743, 0.19207940995693207, 0.030290527269244194, -0.0029872346203774214, -0.0023041218519210815, 0.0485871396958828]]","[0.13512307405471802, 0.6911213397979736, 0.20001687109470367, 0.2580719292163849, 0.12265610694885254, 0.19987572729587555]","[1, 5]",54.982311386,-0.23287846148014069,7.0,395.0,1747830144.6127923,7.0,
396,"[0.4380764663219452, 0.16187936067581177, 0.03533092513680458]","[0.5223437547683716, -0.9532088041305542, 0.4361003637313843, -0.6503910422325134]",False,"[0.42381811141967773, -0.040797602385282516, 0.029999999329447746]","[[0.4411623775959015, 0.15205475687980652, 0.03702782094478607, 0.056410323828458786, 0.4380764663219452, 0.16187936067581177, 0.03533092513680458, -0.0021459367126226425, -0.0069673554971814156, 0.024248031899333]]","[0.39875277876853943, 0.7637780904769897, 0.08465740084648132, 0.06119769811630249, 0.15122288465499878, 0.3683146834373474]","[1, 5]",55.11044767,-0.2032478004693985,7.0,396.0,1747830144.741289,8.0,
399,"[0.4512920081615448, 0.03314121440052986, 0.03488970920443535]","[-0.5351486802101135, -0.9350220561027527, -0.14667582511901855, -0.40581977367401123]",False,"[0.42381811141967773, -0.040797602385282516, 0.029999999329447746]","[[0.4554503262042999, 0.03500970080494881, 0.03776329755783081, 0.0577894002199173, 0.4512920081615448, 0.03314121440052986, 0.03488970920443535, -0.004170182626694441, -0.040710821747779846, -1.1528890354384203e-05]]","[0.6887768507003784, 0.5409377813339233, 0.07447147369384766, -0.35971927642822266, -0.12473338842391968, 0.1763126105070114]","[1, 5]",55.494868774,-0.07902957499027252,7.0,399.0,1747830145.125751,11.0,
404,"[0.43889039754867554, 0.27725949883461, 0.02998892404139042]","[-0.9115701913833618, 0.9887843132019043, -0.49569571018218994, 0.6689307689666748]",False,"[0.5208079218864441, -0.22557833790779114, 0.029999999329447746]","[[0.5504621267318726, 0.08309324830770493, 0.21948252618312836, 0.07996132224798203, 0.43889039754867554, 0.27725949883461, 0.02998892404139042, 4.479591370909475e-05, 6.188558018038748e-06, -1.3700810086447746e-05]]","[-0.1718141734600067, 0.008604377508163452, 0.26658791303634644, 0.4149368405342102, 0.09203463792800903, -0.12107406556606293]","[1, 5]",56.242450445,-0.5094667673110962,8.0,404.0,1747830145.8738942,3.0,
406,"[0.4388887584209442, 0.27725934982299805, 0.02998892217874527]","[-0.9545228481292725, 0.9916744232177734, -0.72812819480896, 0.5501867532730103]",False,"[0.5208079218864441, -0.22557833790779114, 0.029999999329447746]","[[0.4760265648365021, 0.17149123549461365, 0.1566179245710373, 0.0799993947148323, 0.4388887584209442, 0.27725934982299805, 0.02998892217874527, 4.484623423195444e-05, 6.188575753185432e-06, -2.053361458820291e-05]]","[-0.15804404020309448, 0.047709256410598755, 0.043140679597854614, 0.2662177085876465, 0.17801374197006226, -0.05658756196498871]","[1, 5]",56.495704992,-0.5094668865203857,8.0,406.0,1747830146.1279705,5.0,
408,"[0.43888723850250244, 0.2772599458694458, 0.02998938411474228]","[-0.4700460433959961, 0.9845001697540283, -0.6471810340881348, 0.12562263011932373]",False,"[0.5208079218864441, -0.22557833790779114, 0.029999999329447746]","[[0.4187956750392914, 0.25373050570487976, 0.10138056427240372, 0.08000007271766663, 0.43888723850250244, 0.2772599458694458, 0.02998938411474228, 2.051324008789379e-05, -1.5629508354209065e-08, -2.601527376100421e-05]]","[-0.16308224201202393, 0.19865462183952332, 0.08974537253379822, 0.10931241512298584, 0.07650277018547058, 0.05657462775707245]","[1, 5]",56.752382607,-0.5094677209854126,8.0,408.0,1747830146.3828642,7.0,
409,"[0.43888723850250244, 0.277260422706604, 0.029989883303642273]","[0.275435209274292, 0.6290194988250732, -0.9883831143379211, 0.025874853134155273]",False,"[0.5208079218864441, -0.22557833790779114, 0.029999999329447746]","[[0.4292547404766083, 0.2766490876674652, 0.0694810301065445, 0.07999980449676514, 0.43888723850250244, 0.277260422706604, 0.029989883303642273, 3.886155809595948e-06, 5.565384319564567e-17, -2.603579923743382e-05]]","[0.09476099908351898, 0.33284470438957214, -0.11473137140274048, -0.041228026151657104, 0.19820797443389893, 0.18310366570949554]","[1, 5]",56.880899934,-0.509468138217926,8.0,409.0,1747830146.5113995,8.0,
410,"[0.43827491998672485, 0.2686624825000763, 0.02998962625861168]","[0.015131711959838867, -0.6784206628799438, -0.8340342044830322, -0.19078713655471802]",False,"[0.5208079218864441, -0.22557833790779114, 0.029999999329447746]","[[0.42444485425949097, 0.2580345869064331, 0.03337814286351204, 0.0704478770494461, 0.43827491998672485, 0.2686624825000763, 0.02998962625861168, 0.002362149069085717, -0.0023701435420662165, 0.11251361668109894]]","[0.49195706844329834, 0.6298648118972778, -0.15688636898994446, -0.058167263865470886, 0.05238790810108185, 0.2497580200433731]","[1, 5]",57.010413468,-0.5010845065116882,8.0,410.0,1747830146.6399293,9.0,
413,"[0.4853455722332001, 0.1480204164981842, 0.03863907977938652]","[0.5115537643432617, -0.9359795451164246, 0.005212306976318359, -0.8551161289215088]",False,"[0.5208079218864441, -0.22557833790779114, 0.029999999329447746]","[[0.4720436930656433, 0.1430373191833496, 0.04498601332306862, 0.05639676749706268, 0.4853455722332001, 0.1480204164981842, 0.03863907977938652, 0.014060343615710735, 0.30130812525749207, -0.0025835006963461637]]","[1.0109480619430542, 0.5576105117797852, 0.12289276719093323, -0.38666582107543945, -0.14859963953495026, 0.37283968925476074]","[1, 5]",57.396428789,-0.37537744641304016,8.0,413.0,1747830147.0258415,12.0,
416,"[0.47878536581993103, 0.017878852784633636, 0.03903641924262047]","[0.11618363857269287, -0.9613804221153259, 0.2609267234802246, -0.6764851808547974]",False,"[0.5208079218864441, -0.22557833790779114, 0.029999999329447746]","[[0.4647608697414398, 0.029054317623376846, 0.042140692472457886, 0.05747266113758087, 0.47878536581993103, 0.017878852784633636, 0.03903641924262047, -0.0018523945473134518, 0.08154116570949554, 0.0009877250995486975]]","[0.9755068421363831, -0.10306483507156372, 0.42790278792381287, -0.30632978677749634, -0.20084555447101593, 0.371502161026001]","[1, 5]",57.78620026,-0.24722246825695038,8.0,416.0,1747830147.4147625,15.0,
418,"[0.4819108843803406, -0.05072246119379997, 0.03773370385169983]","[0.06915950775146484, -0.9698721766471863, 0.1014479398727417, -0.5450725555419922]",False,"[0.5208079218864441, -0.22557833790779114, 0.029999999329447746]","[[0.46808376908302307, -0.04748833552002907, 0.04116138443350792, 0.058451779186725616, 0.4819108843803406, -0.05072246119379997, 0.03773370385169983, -0.0006975204451009631, 0.08752704411745071, 0.003235809039324522]]","[1.322999358177185, -0.8053501844406128, 0.04362252354621887, -0.6694864630699158, -0.031134426593780518, 0.002409540116786957]","[1, 5]",58.049146238,-0.17929686605930328,8.0,418.0,1747830147.6760087,17.0,
419,"[0.488017737865448, -0.0845831036567688, 0.03367450088262558]","[0.18899738788604736, -0.974707305431366, -0.059623539447784424, -0.5284902453422546]",False,"[0.5208079218864441, -0.22557833790779114, 0.029999999329447746]","[[0.4741957187652588, -0.08544662594795227, 0.03745931386947632, 0.05841800197958946, 0.488017737865448, -0.0845831036567688, 0.03367450088262558, 0.0005312463035807014, 0.10007444769144058, 0.006074564531445503]]","[1.5779138803482056, -1.260434627532959, -0.1809973418712616, -0.712655782699585, -0.03973740339279175, 0.19458036124706268]","[1, 5]",58.181785553,-0.14480452239513397,8.0,419.0,1747830147.808151,18.0,
421,"[0.4753126800060272, -0.15409162640571594, 0.03230349346995354]","[0.013448476791381836, -0.9551642537117004, 0.24890577793121338, -0.5789421796798706]",False,"[0.5208079218864441, -0.22557833790779114, 0.029999999329447746]","[[0.46121886372566223, -0.1579282283782959, 0.035100601613521576, 0.05891157686710358, 0.4753126800060272, -0.15409162640571594, 0.03230349346995354, 0.001466368674300611, 0.05776389315724373, 0.013847939670085907]]","[1.6123896837234497, -1.4381686449050903, -0.29757651686668396, -0.26060518622398376, 0.42520010471343994, 0.1068040132522583]","[1, 5]",58.446413263,-0.08476715534925461,8.0,421.0,1747830148.072632,20.0,
422,"[0.48011019825935364, -0.19753651320934296, 0.03959711268544197]","[0.16241896152496338, -0.963236927986145, 0.2630946636199951, -0.5310782194137573]",False,"[0.5208079218864441, -0.22557833790779114, 0.029999999329447746]","[[0.46560102701187134, -0.19389505684375763, 0.04315202310681343, 0.058570295572280884, 0.48011019825935364, -0.19753651320934296, 0.03959711268544197, -0.008595732040703297, 0.08447416126728058, 0.004886214155703783]]","[1.870348572731018, -1.7667332887649536, -0.45843228697776794, -0.23618200421333313, 0.6805112361907959, -0.14958883821964264]","[1, 5]",58.579246432,-0.050346311181783676,8.0,422.0,1747830148.205403,21.0,
423,"[0.6997935175895691, -0.03115788660943508, 0.029999999329447746]","[0.30307960510253906, -0.9698264002799988, 0.2302706241607666, -0.7025371789932251]",True,"[0.44870641827583313, -0.08077538758516312, 0.029999999329447746]","[[0.6384396553039551, -2.194472251484947e-12, 0.19740013778209686, 0, 0.6997935175895691, -0.03115788660943508, 0.029999999329447746, 0, 0, 0]]","[1.9949054718017578, -2.0373754501342773, -0.8229749202728271, -0.5848618745803833, 0.8720458745956421, -0.2718468904495239]","[1, 5]",58.839282431,-0.038805339485406876,8.0,423.0,1747830148.338263,22.0,
424,"[0.6990439295768738, -0.254780650138855, 0.02998952753841877]","[-0.9097417593002319, 0.9191000461578369, 0.9506473541259766, -0.7020043134689331]",False,"[0.6665818095207214, 0.08941572159528732, 0.029999999329447746]","[[0.5972927212715149, 0.023744309321045876, 0.1935683637857437, 1.1369337471478502e-07, 0.6990439295768738, -0.254780650138855, 0.02998952753841877, 3.005894996022107e-06, -2.0607802071026526e-05, -2.8306608328421135e-06]]","[-0.06327898055315018, -0.11319756507873535, 0.5128872990608215, 0.4873456358909607, -0.17623206973075867, -0.47028762102127075]","[1, 5]",58.969812321,-0.3457237780094147,9.0,424.0,1747830148.5982134,0.0,
425,"[0.699043869972229, -0.25478020310401917, 0.02998943440616131]","[0.705773115158081, -0.9911394119262695, 0.41096246242523193, 0.5691280364990234]",False,"[0.6665818095207214, 0.08941572159528732, 0.029999999329447746]","[[0.620700478553772, 0.0465729683637619, 0.20987285673618317, 0.04999364912509918, 0.699043869972229, -0.25478020310401917, 0.02998943440616131, 3.0065698410908226e-06, -2.377380405960139e-05, -5.656060693581821e-06]]","[0.05309265851974487, -0.10423007607460022, 0.33602437376976013, 0.28547203540802, 0.2039690613746643, -0.1596558541059494]","[1, 5]",59.093670331,-0.34572333097457886,9.0,425.0,1747830148.7288396,1.0,
427,"[0.6990438103675842, -0.25477927923202515, 0.029989412054419518]","[0.6382732391357422, -0.9815970063209534, 0.06943535804748535, 0.46621716022491455]",False,"[0.6665818095207214, 0.08941572159528732, 0.029999999329447746]","[[0.660866379737854, -0.02793181873857975, 0.2246682047843933, 0.07955647259950638, 0.6990438103675842, -0.25477927923202515, 0.029989412054419518, 3.006722863574396e-06, -2.4483129891450517e-05, -1.1304365216346923e-05]]","[-0.07831423729658127, 0.2466854751110077, 0.3480703830718994, 0.17596450448036194, 0.1450284868478775, -0.3582038879394531]","[1, 5]",59.338050344,-0.34572240710258484,9.0,427.0,1747830148.9754376,3.0,
429,"[0.6990437507629395, -0.2547783851623535, 0.029989412054419518]","[0.5080498456954956, -0.9831799268722534, -0.15727341175079346, 0.5474752187728882]",False,"[0.6665818095207214, 0.08941572159528732, 0.029999999329447746]","[[0.6879799962043762, -0.109451062977314, 0.2107900232076645, 0.07999348640441895, 0.6990437507629395, -0.2547783851623535, 0.029989412054419518, 3.0067303669056855e-06, -2.4508342903573066e-05, -1.6952526493696496e-05]]","[-0.1818617284297943, 0.10504856705665588, 0.19258233904838562, -0.12313269078731537, 0.19097578525543213, -0.1505330353975296]","[1, 5]",59.576912993,-0.3457215130329132,9.0,429.0,1747830149.2171726,5.0,
430,"[0.6990437507629395, -0.2547779381275177, 0.029989412054419518]","[0.32599878311157227, -0.9802901744842529, -0.3201862573623657, 0.6527655124664307]",False,"[0.6665818095207214, 0.08941572159528732, 0.029999999329447746]","[[0.693002462387085, -0.14942610263824463, 0.1916772574186325, 0.0799991711974144, 0.6990437507629395, -0.2547779381275177, 0.029989412054419518, 3.006731731147738e-06, -2.4509101422154345e-05, -1.9776665794779547e-05]]","[-0.18447458744049072, -0.08369103074073792, 0.07504469156265259, -0.1434011608362198, 0.14160001277923584, -0.002390243113040924]","[1, 5]",59.694782724,-0.3457210659980774,9.0,430.0,1747830149.335933,6.0,
432,"[0.6990436911582947, -0.25477704405784607, 0.029989412054419518]","[-0.021546781063079834, -0.9727440476417542, -0.9513043165206909, 0.4838024377822876]",False,"[0.6665818095207214, 0.08941572159528732, 0.029999999329447746]","[[0.6854539513587952, -0.22989755868911743, 0.11242838203907013, 0.07999995350837708, 0.6990436911582947, -0.25477704405784607, 0.029989412054419518, 3.006733777510817e-06, -2.450927786412649e-05, -2.542507900216151e-05]]","[0.01867976039648056, -0.43534964323043823, -0.16972169280052185, -0.2119668424129486, -0.05633459985256195, -0.08322324603796005]","[1, 5]",59.930120061,-0.34572017192840576,9.0,432.0,1747830149.5714207,8.0,
434,"[0.699428141117096, -0.2527432441711426, 0.030391762033104897]","[0.3633856773376465, 0.9087882041931152, -0.847375750541687, -0.3590446710586548]",False,"[0.6665818095207214, 0.08941572159528732, 0.029999999329447746]","[[0.6928983926773071, -0.24878740310668945, 0.022401781752705574, 0.05697202682495117, 0.699428141117096, -0.2527432441711426, 0.030391762033104897, -0.013490431010723114, -6.129987013991922e-06, -0.021262235939502716]]","[0.0932958796620369, -0.5348553657531738, -0.3102233111858368, -0.09264393150806427, -0.3479585647583008, -0.07259944081306458]","[1, 5]",60.170184693,-0.34373214840888977,9.0,434.0,1747830149.8086379,10.0,
435,"[0.6811826825141907, -0.2338661253452301, 0.033913031220436096]","[-0.9350889325141907, 0.9953814744949341, 0.980327844619751, -0.9757753610610962]",False,"[0.6665818095207214, 0.08941572159528732, 0.029999999329447746]","[[0.6670045852661133, -0.21926957368850708, 0.027214504778385162, 0.051946695894002914, 0.6811826825141907, -0.2338661253452301, 0.033913031220436096, -0.012873411178588867, 0.09550085663795471, -0.06422042101621628]]","[-0.020889677107334137, -0.5608068108558655, -0.2405017912387848, -0.06188870966434479, -0.570568859577179, -0.11748982965946198]","[1, 5]",60.290462989,-0.3236350417137146,9.0,435.0,1747830149.9292247,11.0,
439,"[0.6285531520843506, -0.060358889400959015, 0.05300863832235336]","[-0.42949414253234863, 0.9873082637786865, -0.19480323791503906, -0.7244802713394165]",False,"[0.6665818095207214, 0.08941572159528732, 0.029999999329447746]","[[0.6117331385612488, -0.05701974779367447, 0.04924088716506958, 0.05743873491883278, 0.6285531520843506, -0.060358889400959015, 0.05300863832235336, 0.0010015672305598855, 0.1369546353816986, 0.0010011419653892517]]","[0.5728370547294617, -1.200102686882019, -0.09799692034721375, -0.49461373686790466, -0.3889445662498474, 0.2523707151412964]","[1, 5]",60.780531466,-0.156230628490448,9.0,439.0,1747830150.4155848,15.0,
440,"[0.6171951293945312, -0.01815413497388363, 0.032462164759635925]","[-0.24153512716293335, 0.985456109046936, -0.3587993383407593, -0.6556837558746338]",False,"[0.6665818095207214, 0.08941572159528732, 0.029999999329447746]","[[0.6006350517272949, -0.015162802301347256, 0.027974514290690422, 0.05756836012005806, 0.6171951293945312, -0.01815413497388363, 0.032462164759635925, 0.0005541078862734139, 0.09295487403869629, -0.009939520619809628]]","[0.8207768797874451, -1.0255159139633179, -0.04041609168052673, -0.6195985674858093, -0.33431708812713623, 0.11150731146335602]","[1, 5]",60.906361503,-0.11839079111814499,9.0,440.0,1747830150.539587,16.0,
441,"[0.6143934726715088, 0.015301089733839035, 0.03048863261938095]","[-0.023973524570465088, 0.9784359931945801, -0.06098330020904541, -0.755707859992981]",False,"[0.6665818095207214, 0.08941572159528732, 0.029999999329447746]","[[0.5989469289779663, 0.023359639570116997, 0.022642046213150024, 0.05722338333725929, 0.6143934726715088, 0.015301089733839035, 0.03048863261938095, 0.0032666921615600586, 0.013713978230953217, 0.0001960323133971542]]","[0.7802088260650635, -0.9552789926528931, -0.11586692929267883, -0.5319753885269165, -0.29737165570259094, -0.09419924020767212]","[1, 5]",61.033203907,-0.09064677357673645,9.0,441.0,1747830150.6653986,17.0,
443,"[0.6237903237342834, 0.13148562610149384, 0.029999999329447746]","[0.504824161529541, 0.8425157070159912, 0.08353292942047119, -0.7216321229934692]",True,"[0.5778660178184509, 0.27179357409477234, 0.029999999329447746]","[[0.6384396553039551, -2.194472251484947e-12, 0.19740013778209686, 0, 0.6237903237342834, 0.13148562610149384, 0.029999999329447746, 0, 0, 0]]","[1.1441688537597656, -1.1654706001281738, 0.019809573888778687, -0.3293021321296692, 0.1433183252811432, 0.10010237991809845]","[1, 5]",61.576055124,-0.032328665256500244,9.0,443.0,1747830150.918329,19.0,
445,"[0.6978127360343933, 0.25806835293769836, 0.02998943440616131]","[0.9707068204879761, 0.9470714330673218, 0.9582204818725586, 0.8197180032730103]",False,"[0.42561495304107666, -0.22290752828121185, 0.029999999329447746]","[[0.6152975559234619, -0.035314928740262985, 0.21085640788078308, 0.07027388364076614, 0.6978127360343933, 0.25806835293769836, 0.02998943440616131, 3.0065698410908226e-06, -2.377380405960139e-05, -5.656060693581821e-06]]","[0.04334138333797455, 0.21568340063095093, 0.5918206572532654, 0.44617193937301636, -0.14069604873657227, -0.2272959053516388]","[1, 1]",61.837948312,-0.5526567101478577,0.0,445.0,1747830151.4675894,1.0,
447,"[0.6978126764297485, 0.25806924700737, 0.029989412054419518]","[0.35919189453125, 0.9901362657546997, 0.42412304878234863, 0.7564941644668579]",False,"[0.42561495304107666, -0.22290752828121185, 0.029999999329447746]","[[0.6544985771179199, 0.0443558506667614, 0.24416780471801758, 0.07985618710517883, 0.6978126764297485, 0.25806924700737, 0.029989412054419518, 3.006722863574396e-06, -2.4483129891450517e-05, -1.1304365216346923e-05]]","[0.09528572857379913, -0.05534780025482178, 0.31709977984428406, 0.2625988721847534, 0.0626780092716217, -0.06600353121757507]","[1, 1]",62.096550841,-0.5526574850082397,0.0,447.0,1747830151.7255213,3.0,
448,"[0.6978126168251038, 0.2580696940422058, 0.029989412054419518]","[0.1337900161743164, 0.9946871995925903, -0.08077502250671387, 0.7166275978088379]",False,"[0.42561495304107666, -0.22290752828121185, 0.029999999329447746]","[[0.6577730178833008, 0.08612963557243347, 0.24107424914836884, 0.07998250424861908, 0.6978126168251038, 0.2580696940422058, 0.029989412054419518, 3.006728547916282e-06, -2.4504341126885265e-05, -1.4128427210380323e-05]]","[0.1667303591966629, -0.08983209729194641, 0.24937446415424347, 0.24072551727294922, 0.13908694684505463, -0.06506481766700745]","[1, 1]",62.226997553,-0.5526578426361084,0.0,448.0,1747830151.8555791,4.0,
453,"[0.697813093662262, 0.25807175040245056, 0.029989778995513916]","[0.7165049314498901, 0.5645442008972168, -0.9963920712471008, 0.1942073106765747]",False,"[0.42561495304107666, -0.22290752828121185, 0.029999999329447746]","[[0.6798770427703857, 0.263912171125412, 0.07525578886270523, 0.08000000566244125, 0.697813093662262, 0.25807175040245056, 0.029989778995513916, 2.8496695033762944e-16, -7.390689006570028e-06, -2.641357059474103e-05]]","[0.1684369444847107, 0.14604970812797546, -0.23436984419822693, -0.14035817980766296, 0.29671454429626465, 0.19437702000141144]","[1, 1]",62.884201721,-0.5526598691940308,0.0,453.0,1747830152.5097191,9.0,
455,"[0.6811581254005432, 0.22802697122097015, 0.033958323299884796]","[-0.9931939244270325, -0.9923108816146851, 0.3689056634902954, -0.9947261214256287]",False,"[0.42561495304107666, -0.22290752828121185, 0.029999999329447746]","[[0.6723270416259766, 0.22038467228412628, 0.025328626856207848, 0.054547738283872604, 0.6811581254005432, 0.22802697122097015, 0.033958323299884796, -0.004385072737932205, 0.0001516692282166332, 0.016242289915680885]]","[0.367967426776886, 0.33681508898735046, 0.2498503029346466, -0.3777647018432617, -0.32607555389404297, 0.054154977202415466]","[1, 1]",63.151941901,-0.5183241367340088,0.0,455.0,1747830152.7770345,11.0,
460,"[0.525296688079834, 0.023472459986805916, 0.061698876321315765]","[-0.8967707753181458, -0.965179979801178, -0.2121368646621704, -0.665665864944458]",False,"[0.42561495304107666, -0.22290752828121185, 0.029999999329447746]","[[0.5164234638214111, 0.026955991983413696, 0.054198816418647766, 0.05538563430309296, 0.525296688079834, 0.023472459986805916, 0.061698876321315765, 0.0010239254916086793, 0.01628410816192627, 0.006674080155789852]]","[0.8199657797813416, 0.03833231329917908, 0.37200304865837097, -0.49868443608283997, -0.22762367129325867, 0.24840794503688812]","[1, 1]",63.808245749,-0.26766467094421387,0.0,460.0,1747830153.4374895,16.0,
461,"[0.49657997488975525, -0.011012548580765724, 0.05685202777385712]","[-0.7615363597869873, -0.9594315886497498, -0.06561464071273804, -0.5104533433914185]",False,"[0.42561495304107666, -0.22290752828121185, 0.029999999329447746]","[[0.4872867166996002, -0.011529436334967613, 0.04902280867099762, 0.05545955151319504, 0.49657997488975525, -0.011012548580765724, 0.05685202777385712, 0.00099384190980345, 0.01173656340688467, 0.00884915329515934]]","[1.0180795192718506, -0.3539068102836609, 0.2632506489753723, -0.7206595540046692, -0.18884173035621643, 0.31342869997024536]","[1, 1]",63.939180665,-0.22507010400295258,0.0,461.0,1747830153.567248,17.0,
462,"[0.4672963619232178, -0.04840517044067383, 0.057202164083719254]","[-0.8148746490478516, -0.9329681992530823, 0.044576406478881836, -0.6980503797531128]",False,"[0.42561495304107666, -0.22290752828121185, 0.029999999329447746]","[[0.4582454562187195, -0.050060782581567764, 0.04929305613040924, 0.055490538477897644, 0.4672963619232178, -0.04840517044067383, 0.057202164083719254, -0.00023674101976212114, 0.006893366575241089, 0.007184050977230072]]","[1.1644262075424194, -0.5253863334655762, 0.15735924243927002, -0.5044572353363037, -0.11083535850048065, 0.3478323817253113]","[1, 1]",64.070064886,-0.18146176636219025,0.0,462.0,1747830153.6982079,18.0,
463,"[0.43975311517715454, -0.08694526553153992, 0.04978229105472565]","[-0.7389740943908691, -0.9625722169876099, -0.16270339488983154, -0.5098965167999268]",False,"[0.42561495304107666, -0.22290752828121185, 0.029999999329447746]","[[0.43066927790641785, -0.08804845809936523, 0.042026158422231674, 0.05550360307097435, 0.43975311517715454, -0.08694526553153992, 0.04978229105472565, -0.0015843717847019434, 0.0061658937484025955, 0.00914592482149601]]","[1.455854058265686, -1.0235347747802734, -0.01477786898612976, -0.7586802244186401, -0.055014535784721375, 0.025713063776493073]","[1, 1]",64.201143011,-0.1381193846464157,0.0,463.0,1747830153.829082,19.0,
464,"[0.4149352014064789, -0.1264120638370514, 0.032944295555353165]","[-0.6087939143180847, -0.9762745499610901, -0.38484102487564087, -0.5860869884490967]",False,"[0.42561495304107666, -0.22290752828121185, 0.029999999329447746]","[[0.405935674905777, -0.12618450820446014, 0.025683125481009483, 0.05550901219248772, 0.4149352014064789, -0.1264120638370514, 0.032944295555353165, -0.001090795616619289, 0.010882268659770489, 0.008132935501635075]]","[1.5542973279953003, -1.2239181995391846, -0.0022691190242767334, -0.7498955130577087, 0.17886921763420105, 0.21893180906772614]","[1, 1]",64.332591781,-0.09712930768728256,0.0,464.0,1747830153.9601514,20.0,
467,"[0.6209449768066406, 0.2551538348197937, 0.02998952753841877]","[-0.010905981063842773, -0.14104914665222168, 0.279075026512146, -0.1462741494178772]",False,"[0.6952131390571594, 0.27460387349128723, 0.029999999329447746]","[[0.6371546387672424, -0.005910293664783239, 0.2064903974533081, -6.707160604690898e-09, 0.6209449768066406, 0.2551538348197937, 0.02998952753841877, 3.005894996022107e-06, -2.0607802071026526e-05, -2.8306608328421135e-06]]","[0.21100911498069763, -0.01869429647922516, 0.4788183569908142, 0.30885279178619385, 0.05310501158237457, -0.26638561487197876]","[1, 1]",64.853253102,-0.0767727792263031,1.0,467.0,1747830154.4787688,0.0,
469,"[0.6209448575973511, 0.25515472888946533, 0.029989415779709816]","[-0.6382309794425964, 0.9134595394134521, 0.2016127109527588, 0.49004578590393066]",False,"[0.6952131390571594, 0.27460387349128723, 0.029999999329447746]","[[0.5927650332450867, 0.053211625665426254, 0.2106172740459442, 0.07709680497646332, 0.6209448575973511, 0.25515472888946533, 0.029989415779709816, 3.006697852470097e-06, -2.43706217588624e-05, -8.480304131808225e-06]]","[0.019556403160095215, 0.08618834614753723, 0.4035363495349884, 0.48697787523269653, 0.1046755313873291, -0.15663054585456848]","[1, 1]",65.113384554,-0.07677266746759415,1.0,469.0,1747830154.7426558,2.0,
470,"[0.6209447979927063, 0.25515520572662354, 0.029989412054419518]","[-0.4235895872116089, 0.9225747585296631, -0.29175591468811035, 0.40020275115966797]",False,"[0.6952131390571594, 0.27460387349128723, 0.029999999329447746]","[[0.5790225267410278, 0.09396331757307053, 0.20093627274036407, 0.07964703440666199, 0.6209447979927063, 0.25515520572662354, 0.029989412054419518, 3.006722863574396e-06, -2.4483129891450517e-05, -1.1304365216346923e-05]]","[0.00634465366601944, 0.22252044081687927, 0.3451845347881317, 0.5133383274078369, 0.14967283606529236, -0.12924867868423462]","[1, 1]",65.242629701,-0.07677260786294937,1.0,470.0,1747830154.8724089,3.0,
478,"[0.6846510767936707, 0.0010929431300610304, 0.02998952753841877]","[-0.14280498027801514, 0.5264092683792114, 0.5517983436584473, 0.6896688938140869]",False,"[0.6134583353996277, 0.0252729170024395, 0.029999999329447746]","[[0.630275547504425, 0.018700063228607178, 0.2058534175157547, 0.06058239936828613, 0.6846510767936707, 0.0010929431300610304, 0.02998952753841877, 3.005894996022107e-06, -2.0607802071026526e-05, -2.8306608328421135e-06]]","[0.1198643147945404, -0.12287303805351257, 0.3778746426105499, 0.30593493580818176, -0.057561784982681274, -0.3484960198402405]","[1, 1]",66.378790823,-0.07518692314624786,2.0,478.0,1747830156.0085833,0.0,
480,"[0.6846508979797363, 0.0010938446503132582, 0.029989415779709816]","[0.3317168951034546, -0.2066657543182373, -0.9287698268890381, 0.667833685874939]",False,"[0.6134583353996277, 0.0252729170024395, 0.029999999329447746]","[[0.6542754173278809, 0.0017388324486091733, 0.1623905748128891, 0.07971280813217163, 0.6846508979797363, 0.0010938446503132582, 0.029989415779709816, 3.006697852470097e-06, -2.43706217588624e-05, -8.480304131808225e-06]]","[0.08221537619829178, -0.01591438055038452, 0.3019810914993286, 0.39430707693099976, 0.2282613217830658, -0.03847459703683853]","[1, 1]",66.635744675,-0.07518646866083145,2.0,480.0,1747830156.266485,2.0,
483,"[0.6875261068344116, 0.01865939423441887, 0.030409852042794228]","[0.4452948570251465, 0.7809340953826904, -0.49821698665618896, -0.3780197501182556]",False,"[0.6134583353996277, 0.0252729170024395, 0.029999999329447746]","[[0.6836372017860413, 0.02304038219153881, 0.02204996347427368, 0.05738605558872223, 0.6875261068344116, 0.01865939423441887, 0.030409852042794228, -0.012726683169603348, 0.00039391289465129375, -0.023352624848484993]]","[-0.2624198794364929, 0.0032902956008911133, -0.03996172547340393, 0.31101518869400024, 0.06760767102241516, -0.0594157949090004]","[1, 1]",67.02781955,-0.07436355203390121,2.0,483.0,1747830156.6536598,5.0,
484,"[0.45861688256263733, -0.2630152404308319, 0.029999999329447746]","[-0.8220251798629761, 0.5418188571929932, 0.8041965961456299, -0.8119379281997681]",True,"[0.443851500749588, -0.029910091310739517, 0.029999999329447746]","[[0.6384396553039551, -2.194472251484947e-12, 0.19740013778209686, 0, 0.45861688256263733, -0.2630152404308319, 0.029999999329447746, 0, 0, 0]]","[-0.21484720706939697, 0.14317718148231506, 0.08095860481262207, -0.06595692038536072, 0.025062352418899536, -0.0684516578912735]","[1, 1]",67.246741532,-0.042833369225263596,2.0,484.0,1747830156.7868316,6.0,
485,"[0.5543320775032043, 0.012354487553238869, 0.02998952753841877]","[-0.30146896839141846, -0.5844964385032654, -0.1462579369544983, 0.2717975378036499]",False,"[0.6192847490310669, -0.27120885252952576, 0.029999999329447746]","[[0.6293418407440186, -0.020436422899365425, 0.1916864812374115, 0.023875311017036438, 0.5543320775032043, 0.012354487553238869, 0.02998952753841877, 3.005894996022107e-06, -2.0607802071026526e-05, -2.8306608328421135e-06]]","[0.21560247242450714, -0.14754930138587952, 0.3622758984565735, 0.03531840443611145, 0.13167373836040497, -0.13719789683818817]","[1, 1]",67.370296339,-0.29090723395347595,3.0,485.0,1747830157.0057108,0.0,
486,"[0.5543319582939148, 0.012354938313364983, 0.02998943440616131]","[-0.8441187739372253, 0.6496800184249878, -0.9231024980545044, 0.8380564451217651]",False,"[0.6192847490310669, -0.27120885252952576, 0.029999999329447746]","[[0.6104252338409424, -0.01527388021349907, 0.1592387855052948, 0.0731765404343605, 0.5543319582939148, 0.012354938313364983, 0.02998943440616131, 3.006569613717147e-06, -2.377380405960139e-05, -5.656060693581821e-06]]","[0.1018119752407074, -0.28696516156196594, 0.1767595410346985, 0.18281546235084534, 0.1510172188282013, -0.15091931819915771]","[1, 1]",67.49429141,-0.29090771079063416,3.0,486.0,1747830157.1293325,1.0,
487,"[0.5543320775032043, 0.012355433776974678, 0.029989449307322502]","[-0.7323033809661865, 0.6372182369232178, -0.9790014028549194, 0.27865517139434814]",False,"[0.6192847490310669, -0.27120885252952576, 0.029999999329447746]","[[0.5814118981361389, 0.01386466808617115, 0.10819631814956665, 0.07917053252458572, 0.5543320775032043, 0.012355433776974678, 0.029989449307322502, 3.976767715130336e-08, -1.8377539163338952e-05, -8.197865099646151e-06]]","[0.005750998854637146, -0.24843159317970276, 0.20126262307167053, 0.2727726697921753, 0.1647261679172516, -0.049768149852752686]","[1, 1]",67.617565731,-0.29090815782546997,3.0,487.0,1747830157.2533116,2.0,
488,"[0.5543325543403625, 0.012355434708297253, 0.029989896342158318]","[-0.5651766061782837, -0.050156593322753906, -0.9835749268531799, 0.07976019382476807]",False,"[0.6192847490310669, -0.27120885252952576, 0.029999999329447746]","[[0.558296799659729, 0.01189928688108921, 0.05752921104431152, 0.07989911735057831, 0.5543325543403625, 0.012355434708297253, 0.029989896342158318, -4.284624322004049e-10, -3.4715333185886266e-06, -8.2115866462118e-06]]","[0.07854166626930237, -0.09165394306182861, 0.19823427498340607, 0.23710694909095764, 0.20875662565231323, 0.07723946869373322]","[1, 1]",67.742074466,-0.2909080386161804,3.0,488.0,1747830157.3765688,3.0,
491,"[0.5923007130622864, -0.091530442237854, 0.047583840787410736]","[0.7257418632507324, -0.9705759286880493, 0.17186689376831055, -0.8558470010757446]",False,"[0.6192847490310669, -0.27120885252952576, 0.029999999329447746]","[[0.5952567458152771, -0.08350270986557007, 0.04940566420555115, 0.0575820654630661, 0.5923007130622864, -0.091530442237854, 0.047583840787410736, -0.00011003865802194923, -0.022385111078619957, 0.006693204864859581]]","[0.09611448645591736, 0.4102407395839691, 0.17030908167362213, 0.09825843572616577, -0.04401437193155289, 0.2876679301261902]","[1, 1]",68.112621855,-0.18254221975803375,3.0,491.0,1747830157.7488308,6.0,
492,"[0.6035997271537781, -0.13613739609718323, 0.04588015377521515]","[0.39705586433410645, -0.9757516384124756, -0.05821585655212402, -0.8381564617156982]",False,"[0.6192847490310669, -0.27120885252952576, 0.029999999329447746]","[[0.6070137619972229, -0.12383776158094406, 0.04788876324892044, 0.05747440084815025, 0.6035997271537781, -0.13613739609718323, 0.04588015377521515, -0.0005797844496555626, -0.025976581498980522, 0.0044719805009663105]]","[0.1692957729101181, 0.22821134328842163, 0.18336430191993713, -0.04091750830411911, -0.06249214708805084, 0.3332362174987793]","[1, 1]",68.236841529,-0.13690324127674103,3.0,492.0,1747830157.8716526,7.0,
494,"[0.5958609580993652, -0.19601298868656158, 0.04043707996606827]","[0.11656785011291504, -0.9552361965179443, -0.06736773252487183, -0.7082614898681641]",False,"[0.6192847490310669, -0.27120885252952576, 0.029999999329447746]","[[0.5993942618370056, -0.20583675801753998, 0.04237736761569977, 0.05761590600013733, 0.5958609580993652, -0.19601298868656158, 0.04043707996606827, -0.00038723478792235255, -0.025021322071552277, 0.0019412016263231635]]","[0.47889453172683716, 0.021115392446517944, 0.10007372498512268, -0.3490276038646698, -0.2861427664756775, 0.2672262191772461]","[1, 1]",68.480531749,-0.07944825291633606,3.0,494.0,1747830158.118086,9.0,
497,"[0.6802886128425598, 0.25568392872810364, 0.02998943440616131]","[0.5391566753387451, 0.9855527877807617, 0.3685569763183594, 0.8431051969528198]",False,"[0.5515056252479553, -0.17755499482154846, 0.029999999329447746]","[[0.6286852359771729, 0.07249973714351654, 0.19113023579120636, 0.07027381658554077, 0.6802886128425598, 0.25568392872810364, 0.02998943440616131, 3.0065698410908226e-06, -2.377380405960139e-05, -5.656060693581821e-06]]","[0.050874702632427216, -0.2042301893234253, 0.23522719740867615, 0.6805611252784729, 0.03642891347408295, -0.32134824991226196]","[1, 1]",68.947642704,-0.4519746005535126,4.0,497.0,1747830158.582773,1.0,
498,"[0.680288553237915, 0.25568437576293945, 0.029989415779709816]","[-0.15976238250732422, 0.995876669883728, -0.060355424880981445, 0.6503967046737671]",False,"[0.5515056252479553, -0.17755499482154846, 0.029999999329447746]","[[0.6244720220565796, 0.11250033229589462, 0.18932238221168518, 0.07881756871938705, 0.680288553237915, 0.25568437576293945, 0.029989415779709816, 3.006697852470097e-06, -2.43706217588624e-05, -8.480304131808225e-06]]","[0.00380069762468338, -0.1085088849067688, 0.2482384741306305, 0.6010530591011047, 0.0648047924041748, -0.06492350250482559]","[1, 1]",69.070950897,-0.4519749879837036,4.0,498.0,1747830158.7066839,2.0,
499,"[0.680288553237915, 0.25568485260009766, 0.029989412054419518]","[0.1653987169265747, 0.9943774938583374, -0.23749160766601562, 0.6974040269851685]",False,"[0.5515056252479553, -0.17755499482154846, 0.029999999329447746]","[[0.6267406344413757, 0.15593330562114716, 0.1782432496547699, 0.079856276512146, 0.680288553237915, 0.25568485260009766, 0.029989412054419518, 3.006722863574396e-06, -2.4483129891450517e-05, -1.1304365216346923e-05]]","[-0.015122555196285248, -0.040664806962013245, 0.234481543302536, 0.5655537247657776, 0.10963462293148041, -0.019920572638511658]","[1, 1]",69.193977062,-0.4519754648208618,4.0,499.0,1747830158.829963,3.0,
505,"[0.6354880332946777, 0.19089916348457336, 0.03279813379049301]","[-0.9471045136451721, -0.9850366115570068, 0.39727139472961426, -0.9809197783470154]",False,"[0.5515056252479553, -0.17755499482154846, 0.029999999329447746]","[[0.6162781119346619, 0.183836430311203, 0.024830657988786697, 0.057666439563035965, 0.6354880332946777, 0.19089916348457336, 0.03279813379049301, -0.006267297547310591, 0.02569671720266342, 0.016112400218844414]]","[0.3882635533809662, 0.5071629285812378, 0.16249077022075653, -0.2336137294769287, -0.1999220848083496, 0.23111887276172638]","[1, 1]",69.944373907,-0.3779144585132599,4.0,505.0,1747830159.5784476,9.0,
506,"[0.6071704626083374, 0.14788611233234406, 0.04303208366036415]","[-0.7780066728591919, -0.9881648421287537, 0.49706459045410156, -0.9337773323059082]",False,"[0.5515056252479553, -0.17755499482154846, 0.029999999329447746]","[[0.5876659154891968, 0.14387677609920502, 0.03483438864350319, 0.058195777237415314, 0.6071704626083374, 0.14788611233234406, 0.04303208366036415, -0.005181114189326763, 0.023526642471551895, 0.01196118351072073]]","[0.5263115763664246, 0.45277008414268494, 0.29499608278274536, -0.28559496998786926, -0.26913344860076904, 0.18978498876094818]","[1, 1]",70.069100048,-0.3304244577884674,4.0,506.0,1747830159.7033904,10.0,
508,"[0.5647760629653931, 0.07153554260730743, 0.051765549927949905]","[-0.7116982340812683, -0.9758430123329163, -0.06337231397628784, -0.626762866973877]",False,"[0.5515056252479553, -0.17755499482154846, 0.029999999329447746]","[[0.5456129312515259, 0.0639534518122673, 0.043911006301641464, 0.05843309685587883, 0.5647760629653931, 0.07153554260730743, 0.051765549927949905, -5.7797642512014136e-05, -0.001108053489588201, 0.008264902979135513]]","[0.6664772629737854, 0.34456297755241394, 0.2206738293170929, -0.39599597454071045, -0.19058635830879211, 0.11767272651195526]","[1, 1]",70.316281874,-0.25039157271385193,4.0,508.0,1747830159.9515905,12.0,
510,"[0.5190069079399109, -0.012776101939380169, 0.038753967732191086]","[-0.662769079208374, -0.9701467752456665, -0.19085693359375, -0.42064106464385986]",False,"[0.5515056252479553, -0.17755499482154846, 0.029999999329447746]","[[0.4996103346347809, -0.016565142199397087, 0.031234370544552803, 0.05844036862254143, 0.5190069079399109, -0.012776101939380169, 0.038753967732191086, -0.001713569974526763, 0.014031315222382545, 0.006696254480630159]]","[0.7376437783241272, 0.1124923825263977, 0.34396225214004517, -0.532823383808136, -0.1243329644203186, 0.19108830392360687]","[1, 1]",70.563434925,-0.16818110644817352,4.0,510.0,1747830160.1987164,14.0,
512,"[0.5158582925796509, -0.08779353648424149, 0.0298768337816]","[0.10872316360473633, -0.9752662777900696, -0.24811357259750366, -0.1635158658027649]",False,"[0.5515056252479553, -0.17755499482154846, 0.029999999329447746]","[[0.496382474899292, -0.0938318744301796, 0.021744750440120697, 0.05965448170900345, 0.5158582925796509, -0.08779353648424149, 0.0298768337816, 0.0059331501834094524, -0.005385186988860369, 0.009798756800591946]]","[1.0164846181869507, -0.4885668158531189, 0.11065642535686493, -0.8135790824890137, -0.1532667875289917, 0.3454591631889343]","[1, 1]",70.831792565,-0.09658089280128479,4.0,512.0,1747830160.4461443,16.0,
513,"[0.5206727385520935, -0.12083370983600616, 0.03194085508584976]","[0.13473868370056152, -0.9307260513305664, 0.05107617378234863, -0.45545291900634766]",False,"[0.5515056252479553, -0.17755499482154846, 0.029999999329447746]","[[0.5013362765312195, -0.1272716075181961, 0.023866068571805954, 0.05995091423392296, 0.5206727385520935, -0.12083370983600616, 0.03194085508584976, 0.0032887845300137997, 0.0024023759178817272, 0.01018454134464264]]","[1.2572040557861328, -0.6430118083953857, 0.15535175800323486, -0.49147871136665344, -0.10794758796691895, 0.2111559361219406]","[1, 1]",70.964587614,-0.0645890012383461,4.0,513.0,1747830160.5907474,17.0,
515,"[0.4200429618358612, 0.2924659848213196, 0.02998952753841877]","[0.1435617208480835, 0.26039958000183105, 0.8460947275161743, -0.9069982171058655]",False,"[0.4727960526943207, -0.2419351488351822, 0.029999999329447746]","[[0.6372168660163879, 0.01039310172200203, 0.20987290143966675, 4.089814069629938e-07, 0.4200429618358612, 0.2924659848213196, 0.02998952753841877, 3.005894996022107e-06, -2.0607802071026526e-05, -2.8306608328421135e-06]]","[0.1769745945930481, -0.09599868953227997, 0.4428100883960724, 0.372485876083374, -0.05907803773880005, -0.1556854546070099]","[1, 1]",71.336947628,-0.5369985699653625,5.0,515.0,1747830160.9692261,0.0,
519,"[0.4200427830219269, 0.29246777296066284, 0.029989412054419518]","[-0.9826105237007141, 0.9848144054412842, -0.6990785598754883, 0.5847094058990479]",False,"[0.4727960526943207, -0.2419351488351822, 0.029999999329447746]","[[0.5209171175956726, 0.17899131774902344, 0.16701796650886536, 0.07998080551624298, 0.4200427830219269, 0.29246777296066284, 0.029989412054419518, 3.006728547916282e-06, -2.4504341126885265e-05, -1.4128427210380323e-05]]","[0.012848921120166779, 0.055195510387420654, 0.1337973177433014, 0.40042024850845337, 0.1193847507238388, -0.11838997900485992]","[1, 1]",71.848864908,-0.5370003581047058,5.0,519.0,1747830161.4805744,4.0,
521,"[0.4200432002544403, 0.2924685776233673, 0.029989689588546753]","[-0.9609479308128357, 0.9579006433486938, -0.9737989902496338, 0.1746889352798462]",False,"[0.4727960526943207, -0.2419351488351822, 0.029999999329447746]","[[0.44034475088119507, 0.2654506266117096, 0.09339497238397598, 0.07999975234270096, 0.4200432002544403, 0.2924685776233673, 0.029989689588546753, -1.1579649239479295e-08, -1.0318490240024403e-05, -1.8514241673983634e-05]]","[-0.0909397080540657, 0.2695227563381195, -0.000682145357131958, 0.367034375667572, 0.12915587425231934, -0.005343377590179443]","[1, 1]",72.101345518,-0.5370011329650879,5.0,521.0,1747830161.7341316,6.0,
522,"[0.419953316450119, 0.2923993170261383, 0.029989875853061676]","[-0.6716418266296387, 0.5544883012771606, -0.976806104183197, 0.04844796657562256]",False,"[0.4727960526943207, -0.2419351488351822, 0.029999999329447746]","[[0.4094656705856323, 0.2876585125923157, 0.05034252256155014, 0.08000032603740692, 0.419953316450119, 0.2923993170261383, 0.029989875853061676, -2.685945910130272e-09, -4.153042482357705e-06, 0.0001901685755001381]]","[0.02159043401479721, 0.3978636562824249, 0.0705278217792511, 0.22355246543884277, 0.13505049049854279, 0.24023647606372833]","[1, 1]",72.227892573,-0.5369410514831543,5.0,522.0,1747830161.860388,7.0,
523,"[0.4217076599597931, 0.2683770954608917, 0.02981295809149742]","[0.1153799295425415, -0.8207701444625854, -0.49990320205688477, -0.2583637237548828]",False,"[0.4727960526943207, -0.2419351488351822, 0.029999999329447746]","[[0.4062904715538025, 0.2684839069843292, 0.02892967313528061, 0.058118224143981934, 0.4217076599597931, 0.2683770954608917, 0.02981295809149742, -0.0020789233967661858, -0.0027049474883824587, 0.05288217216730118]]","[0.3799549639225006, 0.8280099630355835, 0.04792487621307373, 0.15492504835128784, 0.25139835476875305, 0.3598175644874573]","[1, 1]",72.355338191,-0.5128632187843323,5.0,523.0,1747830161.9869342,8.0,
524,"[0.4483333230018616, 0.23429499566555023, 0.0399586483836174]","[0.8734025955200195, -0.9968286752700806, 0.6563502550125122, -0.9767096638679504]",False,"[0.4727960526943207, -0.2419351488351822, 0.029999999329447746]","[[0.4319288432598114, 0.22751110792160034, 0.03754846379160881, 0.057645417749881744, 0.4483333230018616, 0.23429499566555023, 0.0399586483836174, -0.008940817788243294, 0.021606339141726494, 0.011332125402987003]]","[0.6581436395645142, 0.9163826704025269, 0.08645188808441162, 0.10749198496341705, 0.13084903359413147, 0.427950918674469]","[1, 1]",72.483195333,-0.47696200013160706,5.0,524.0,1747830162.114386,9.0,
525,"[0.4851648211479187, 0.18682123720645905, 0.061450693756341934]","[0.9035019874572754, -0.9923425316810608, 0.5716850757598877, -0.8938153982162476]",False,"[0.4727960526943207, -0.2419351488351822, 0.029999999329447746]","[[0.4691143035888672, 0.1866479068994522, 0.05935806408524513, 0.05811901018023491, 0.4851648211479187, 0.18682123720645905, 0.061450693756341934, -0.0006173865986056626, -0.0018296627094969153, 0.0005058543756604195]]","[0.7503063082695007, 0.9388118982315063, 0.09937083721160889, 0.025053516030311584, 0.05487942695617676, 0.5432078242301941]","[1, 1]",72.610751508,-0.43008625507354736,5.0,525.0,1747830162.2421918,10.0,
527,"[0.5248473882675171, 0.09184779971837997, 0.04685237631201744]","[0.16004621982574463, -0.9817754626274109, -0.12296980619430542, -0.5403095483779907]",False,"[0.4727960526943207, -0.2419351488351822, 0.029999999329447746]","[[0.5097848773002625, 0.09956994652748108, 0.045165661722421646, 0.05831329524517059, 0.5248473882675171, 0.09184779971837997, 0.04685237631201744, 0.0010648478055372834, -0.00835476629436016, -0.005943745374679565]]","[0.9312579035758972, 0.636032223701477, 0.11440840363502502, -0.24971988797187805, -0.10436315834522247, 0.2205365151166916]","[1, 1]",72.869138842,-0.3382371962070465,5.0,527.0,1747830162.496687,12.0,
529,"[0.49406594038009644, 0.020917676389217377, 0.04223548620939255]","[-0.38392168283462524, -0.9726691246032715, 0.03239083290100098, -0.39059245586395264]",False,"[0.4727960526943207, -0.2419351488351822, 0.029999999329447746]","[[0.4793619215488434, 0.0194589551538229, 0.04050811007618904, 0.05831911042332649, 0.49406594038009644, 0.020917676389217377, 0.04223548620939255, 0.00023664372565690428, -0.007159181404858828, 0.0013985444093123078]]","[0.8866345286369324, 0.352714866399765, 0.32143181562423706, -0.42598456144332886, -0.1353556215763092, 0.28876566886901855]","[1, 1]",73.128119016,-0.2639957070350647,5.0,529.0,1747830162.7574933,14.0,
532,"[0.44552239775657654, -0.08726920187473297, 0.032647520303726196]","[-0.23030352592468262, -0.9694847464561462, -0.09606260061264038, -0.3213791847229004]",False,"[0.4727960526943207, -0.2419351488351822, 0.029999999329447746]","[[0.43082335591316223, -0.09399011731147766, 0.031047916039824486, 0.0583907887339592, 0.44552239775657654, -0.08726920187473297, 0.032647520303726196, -0.001318509690463543, -0.006261784117668867, 0.002721381839364767]]","[1.1344995498657227, -0.42963799834251404, 0.12158317863941193, -0.5439805388450623, -0.031752899289131165, 0.40834903717041016]","[1, 1]",73.516837607,-0.15707457065582275,5.0,532.0,1747830163.1458101,17.0,
537,"[0.52723628282547, -0.023391684517264366, 0.02998952753841877]","[-0.8852676749229431, -0.6125785112380981, 0.5933310985565186, 0.7444021701812744]",False,"[0.6897903680801392, -0.02399333193898201, 0.029999999329447746]","[[0.6008802056312561, -0.02147965133190155, 0.19402912259101868, 0.06538994610309601, 0.52723628282547, -0.023391684517264366, 0.02998952753841877, 3.005894996022107e-06, -2.0607802071026526e-05, -2.8306608328421135e-06]]","[0.16801375150680542, 0.01260194182395935, 0.4800405502319336, -0.05849822610616684, 0.12084417045116425, -0.40153634548187256]","[1, 1]",74.295089106,-0.16255523264408112,6.0,537.0,1747830163.929651,0.0,
541,"[0.5272367596626282, -0.02339048497378826, 0.029989948496222496]","[-0.1638946533203125, 0.20044028759002686, -0.9655030369758606, 0.04603898525238037]",False,"[0.6897903680801392, -0.02399333193898201, 0.029999999329447746]","[[0.5027627348899841, -0.01880354806780815, 0.044385090470314026, 0.07999696582555771, 0.5272367596626282, -0.02339048497378826, 0.029989948496222496, -4.598399439004197e-10, -1.694827801657084e-06, -9.825321285461541e-06]]","[-0.03291705995798111, -0.041015028953552246, 0.07959011197090149, 0.10955798625946045, 0.2313840091228485, 0.04889176785945892]","[1, 1]",74.793214601,-0.1625547558069229,6.0,541.0,1747830164.4277325,4.0,
542,"[0.547738254070282, -0.011375419795513153, 0.02991834282875061]","[0.9815192222595215, 0.36264991760253906, -0.5655072927474976, -0.6695303916931152]",False,"[0.6897903680801392, -0.02399333193898201, 0.029999999329447746]","[[0.5306599140167236, -0.005708843003958464, 0.020790524780750275, 0.05428095534443855, 0.547738254070282, -0.011375419795513153, 0.02991834282875061, -0.0007136643398553133, -0.0003673647006507963, -0.021731538698077202]]","[-0.0656481459736824, 0.028209328651428223, 0.04056733846664429, 0.24975547194480896, 0.05741065740585327, 0.20000983774662018]","[1, 1]",74.917459618,-0.14261145889759064,6.0,542.0,1747830164.5522797,5.0,
545,"[0.5485106110572815, -0.2129596322774887, 0.029999999329447746]","[0.8626539707183838, -0.7638518810272217, -0.26800698041915894, -0.7268663644790649]",True,"[0.6560884118080139, 0.28386127948760986, 0.029999999329447746]","[[0.6384396553039551, -2.194472251484947e-12, 0.19740013778209686, 0, 0.5485106110572815, -0.2129596322774887, 0.029999999329447746, 0, 0, 0]]","[0.31977277994155884, -0.035207539796829224, 0.05267414450645447, -0.3961644768714905, -0.2508983910083771, 0.2072015255689621]","[1, 1]",75.387053646,-0.031720180064439774,6.0,545.0,1747830164.928107,8.0,
549,"[0.4254455268383026, 0.28180554509162903, 0.029989412054419518]","[-0.6148585081100464, 0.9690890312194824, 0.8598909378051758, 0.5601140260696411]",False,"[0.651364803314209, -0.23298905789852142, 0.029999999329447746]","[[0.5468595623970032, 0.0338418073952198, 0.08576984703540802, 0.07998253405094147, 0.4254455268383026, 0.28180554509162903, 0.029989412054419518, -3.0067230909480713e-06, 2.4483784727635793e-05, -1.1373775123502128e-05]]","[-0.19549983739852905, 0.14570966362953186, 0.30673694610595703, 0.5391389727592468, -0.006245121359825134, -0.3368474841117859]","[1, 1]",75.878970428,-0.5621858835220337,7.0,549.0,1747830165.515264,3.0,
551,"[0.425445556640625, 0.2818046510219574, 0.029989412054419518]","[-0.6290801763534546, 0.9866293668746948, 0.5475878715515137, 0.8372752666473389]",False,"[0.651364803314209, -0.23298905789852142, 0.029999999329447746]","[[0.4899131655693054, 0.12167493999004364, 0.1262618750333786, 0.07999979704618454, 0.425445556640625, 0.2818046510219574, 0.029989412054419518, -3.0067303669056855e-06, 2.4508366550435312e-05, -1.7021937310346402e-05]]","[-0.2272861897945404, 0.2600151002407074, 0.22463004291057587, 0.2827087342739105, 0.04690462350845337, -0.3792651891708374]","[1, 1]",76.125776193,-0.5621850490570068,7.0,551.0,1747830165.762389,5.0,
555,"[0.42547497153282166, 0.2855634093284607, 0.03346063941717148]","[-0.2928924560546875, 0.710252046585083, -0.9675703048706055, 0.04644489288330078]",False,"[0.651364803314209, -0.23298905789852142, 0.029999999329447746]","[[0.4031131863594055, 0.27122965455055237, 0.06259635090827942, 0.07990364730358124, 0.42547497153282166, 0.2855634093284607, 0.03346063941717148, -0.12387802451848984, 0.000722960161510855, -0.004966341890394688]]","[0.08930923044681549, 0.08078703284263611, -0.15662822127342224, -0.10142472386360168, -0.1398852914571762, 0.03347162902355194]","[1, 1]",76.616275696,-0.5656278133392334,7.0,555.0,1747830166.2528057,9.0,
556,"[0.42598646879196167, 0.2813575565814972, 0.02984708920121193]","[0.05990910530090332, -0.630769670009613, -0.8261762857437134, -0.2610872983932495]",False,"[0.651364803314209, -0.23298905789852142, 0.029999999329447746]","[[0.4070221483707428, 0.27496564388275146, 0.05854707956314087, 0.056976497173309326, 0.42598646879196167, 0.2813575565814972, 0.02984708920121193, 0.004759242292493582, -1.875601810752414e-05, 0.0016939467750489712]]","[0.6367868185043335, 0.24797281622886658, -0.1794029176235199, -0.25229209661483765, -0.21398121118545532, 0.29113876819610596]","[1, 1]",76.73879721,-0.5615584254264832,7.0,556.0,1747830166.37533,10.0,
559,"[0.45519739389419556, 0.27302923798561096, 0.043382782489061356]","[0.18659567832946777, -0.970043957233429, -0.9025159478187561, 0.4373689889907837]",False,"[0.651364803314209, -0.23298905789852142, 0.029999999329447746]","[[0.4805249273777008, 0.1959289014339447, 0.06229764595627785, 0.07607144862413406, 0.45519739389419556, 0.27302923798561096, 0.043382782489061356, 0.2681065499782562, 0.26135095953941345, 0.18099963665008545]]","[0.8012909293174744, -0.16819685697555542, 0.03328618407249451, -0.46348506212234497, -0.18694987893104553, 0.3137509226799011]","[1, 1]",77.106429289,-0.5428768396377563,7.0,559.0,1747830166.7440927,13.0,
562,"[0.48522138595581055, 0.21443548798561096, 0.04221734777092934]","[0.580777645111084, -0.9268550276756287, -0.9858511090278625, 0.8433430194854736]",False,"[0.651364803314209, -0.23298905789852142, 0.029999999329447746]","[[0.5480049252510071, 0.11377640813589096, 0.002732426393777132, 0.07841874659061432, 0.48522138595581055, 0.21443548798561096, 0.04221734777092934, 1.700481653213501, 0.38283368945121765, 1.0678728818893433]]","[1.6401265859603882, -1.0649149417877197, -0.3566714823246002, -0.5607906579971313, -0.07847650349140167, 0.10292355716228485]","[1, 1]",77.475259684,-0.4774323105812073,7.0,562.0,1747830167.1108305,16.0,
563,"[0.48213887214660645, 0.2003069818019867, 0.03539063036441803]","[0.8671815395355225, -0.9629514813423157, -0.9975496530532837, 0.697476863861084]",False,"[0.651364803314209, -0.23298905789852142, 0.029999999329447746]","[[0.5488412976264954, 0.11338803172111511, 0.002608569571748376, 0.07976958155632019, 0.48213887214660645, 0.2003069818019867, 0.03539063036441803, 1.6765637397766113, 0.08376716077327728, 1.1903280019760132]]","[1.7800592184066772, -1.4171637296676636, -0.600623607635498, -0.7048901319503784, 0.060710251331329346, 0.43808311223983765]","[1, 1]",77.599472079,-0.4652009606361389,7.0,563.0,1747830167.2342575,17.0,
566,"[0.4769042134284973, 0.1906617432832718, 0.029987962916493416]","[0.9852831363677979, -0.9856828451156616, -0.9995308518409729, 0.3826284408569336]",False,"[0.651364803314209, -0.23298905789852142, 0.029999999329447746]","[[0.5495547652244568, 0.11320601403713226, 0.002641657367348671, 0.0800681859254837, 0.4769042134284973, 0.1906617432832718, 0.029987962916493416, 1.5707758665084839, -4.7458386688958853e-05, 1.2322806119918823]]","[1.989869236946106, -1.9139083623886108, -0.44854703545570374, -0.3976175785064697, 0.8911367654800415, 0.25263357162475586]","[1, 1]",77.972042837,-0.4581664502620697,7.0,566.0,1747830167.6048863,20.0,
569,"[0.4769052565097809, 0.19066287577152252, 0.02998998574912548]","[0.9203206300735474, -0.936880886554718, -0.9982141852378845, 0.740234375]",False,"[0.651364803314209, -0.23298905789852142, 0.029999999329447746]","[[0.5496278405189514, 0.11321946978569031, 0.0026383891236037016, 0.08007306605577469, 0.4769052565097809, 0.19066287577152252, 0.02998998574912548, 1.5707961320877075, -3.188468156167801e-07, 1.2322806119918823]]","[1.9995554685592651, -1.977673888206482, -1.8350216150283813, -0.5785755515098572, 1.7661856412887573, -0.5696268677711487]","[1, 1]",78.342574961,-0.45816710591316223,7.0,569.0,1747830167.9780784,23.0,
570,"[0.4769052565097809, 0.19066287577152252, 0.029989996924996376]","[0.7167001962661743, -0.7478551864624023, -0.9913111329078674, 0.5598233938217163]",False,"[0.651364803314209, -0.23298905789852142, 0.029999999329447746]","[[0.5502792596817017, 0.1132684275507927, 0.0015234474558383226, 0.07984759658575058, 0.4769052565097809, 0.19066287577152252, 0.029989996924996376, 1.570796251296997, -6.016426823407528e-08, 1.2322806119918823]]","[1.563737392425537, -1.5730890035629272, -1.7078419923782349, -0.3191100060939789, 1.7224756479263306, -0.6595650911331177]","[1, 1]",78.466612758,-0.45816710591316223,7.0,570.0,1747830168.1015935,24.0,
572,"[0.4769052565097809, 0.19066287577152252, 0.029990000650286674]","[0.37233221530914307, 0.6085107326507568, -0.9864557385444641, 0.03748369216918945]",False,"[0.651364803314209, -0.23298905789852142, 0.029999999329447746]","[[0.5566879510879517, 0.12653161585330963, 0.0009804324945434928, 0.07995777577161789, 0.4769052565097809, 0.19066287577152252, 0.029990000650286674, 1.5707963705062866, -2.1448562925741044e-09, 1.2322806119918823]]","[1.7184275388717651, -1.9080013036727905, -1.9889582395553589, -0.17161288857460022, 2.116990804672241, -0.6178666949272156]","[1, 1]",78.715785087,-0.45816710591316223,7.0,572.0,1747830168.3501112,26.0,
576,"[0.4769052565097809, 0.19066287577152252, 0.029990000650286674]","[0.23668789863586426, 0.6146789789199829, -0.9420294761657715, -0.6537736654281616]",False,"[0.651364803314209, -0.23298905789852142, 0.029999999329447746]","[[0.5773804187774658, 0.21778978407382965, 0.0017582373693585396, 0.0014498885720968246, 0.4769052565097809, 0.19066287577152252, 0.029990000650286674, 1.5707963705062866, -1.3283263378127685e-12, 1.2322806119918823]]","[1.0798125267028809, -1.543580412864685, -1.8539453744888306, 1.0262455940246582, 2.191094398498535, -1.466565728187561]","[1, 1]",79.212873218,-0.45816710591316223,7.0,576.0,1747830168.847407,30.0,
577,"[0.4769052565097809, 0.19066287577152252, 0.029990000650286674]","[0.34109461307525635, 0.6398147344589233, -0.937455952167511, -0.7371618747711182]",False,"[0.651364803314209, -0.23298905789852142, 0.029999999329447746]","[[0.5845059156417847, 0.2402075082063675, 0.0018039509886875749, 0.00022177044593263417, 0.4769052565097809, 0.19066287577152252, 0.029990000650286674, 1.5707963705062866, -1.0350720280882797e-11, 1.2322806119918823]]","[0.907314658164978, -1.3879916667938232, -1.8921505212783813, 0.9630607962608337, 2.0877041816711426, -1.6330344676971436]","[1, 1]",79.337337003,-0.45816710591316223,7.0,577.0,1747830168.9718702,31.0,
579,"[0.4769042432308197, 0.19066259264945984, 0.02998911216855049]","[0.8001140356063843, 0.23198342323303223, -0.957443118095398, -0.7943567633628845]",False,"[0.651364803314209, -0.23298905789852142, 0.029999999329447746]","[[0.613284170627594, 0.2670520544052124, 0.003448212519288063, -4.0227951103588566e-07, 0.4769042432308197, 0.19066259264945984, 0.02998911216855049, 1.5707582235336304, 6.142260190244997e-06, 1.232280969619751]]","[0.13526666164398193, -0.7981696128845215, -1.489781141281128, 0.9820922017097473, 1.6223180294036865, -1.8072662353515625]","[1, 1]",79.588067342,-0.4581672251224518,7.0,579.0,1747830169.2215786,33.0,
582,"[0.47690415382385254, 0.1906607449054718, 0.02998899109661579]","[0.9502010345458984, 0.9487831592559814, -0.9887831807136536, -0.45345449447631836]",False,"[0.651364803314209, -0.23298905789852142, 0.029999999329447746]","[[0.6647761464118958, 0.3348037600517273, 0.0062194992788136005, 2.855698539860896e-07, 0.47690415382385254, 0.1906607449054718, 0.02998899109661579, 1.570754051208496, 6.143334303487791e-06, 1.2322818040847778]]","[-0.4962189197540283, -0.35507911443710327, -0.9974097013473511, 2.044372081756592, 1.7542243003845215, -2.13051438331604]","[1, 1]",79.974984906,-0.45816555619239807,7.0,582.0,1747830169.6082778,36.0,
583,"[0.47690415382385254, 0.19066011905670166, 0.029988989233970642]","[0.9546051025390625, 0.9647804498672485, -0.9892073273658752, -0.524685800075531]",False,"[0.651364803314209, -0.23298905789852142, 0.029999999329447746]","[[0.6741073727607727, 0.35749247670173645, 0.007309535518288612, 4.272226590273931e-07, 0.47690415382385254, 0.19066011905670166, 0.029988989233970642, 1.570754051208496, 6.143340215203352e-06, 1.2322821617126465]]","[-0.576736330986023, -0.2598051130771637, -0.9018073081970215, 2.349907159805298, 1.9690065383911133, -2.260967254638672]","[1, 1]",80.100521853,-0.4581649601459503,7.0,583.0,1747830169.7339845,37.0,
584,"[0.4769041836261749, 0.19065949320793152, 0.029988989233970642]","[0.9658937454223633, 0.9787905216217041, -0.9896807074546814, -0.5354255437850952]",False,"[0.651364803314209, -0.23298905789852142, 0.029999999329447746]","[[0.6789779663085938, 0.3775048553943634, 0.00829347688704729, -4.319342394865089e-08, 0.4769041836261749, 0.19065949320793152, 0.029988989233970642, 1.570754051208496, 6.143341124698054e-06, 1.2322824001312256]]","[-0.5640833973884583, -0.14568373560905457, -0.9316703081130981, 2.361010789871216, 1.9457716941833496, -2.2842113971710205]","[1, 1]",80.22536057,-0.45816436409950256,7.0,584.0,1747830169.859559,38.0,
585,"[0.4769041836261749, 0.19065886735916138, 0.029988989233970642]","[0.9616941213607788, 0.9771873950958252, -0.9871999621391296, -0.5137802958488464]",False,"[0.651364803314209, -0.23298905789852142, 0.029999999329447746]","[[0.6801088452339172, 0.39449769258499146, 0.009074808098375797, 3.593867461404443e-07, 0.4769041836261749, 0.19065886735916138, 0.029988989233970642, 1.570754051208496, 6.143341124698054e-06, 1.2322826385498047]]","[-0.4978828430175781, 0.017994672060012817, -0.8823224306106567, 2.231707811355591, 1.690824031829834, -2.144244432449341]","[1, 1]",80.350258628,-0.4581637978553772,7.0,585.0,1747830169.9843745,39.0,
586,"[0.4769041836261749, 0.19065824151039124, 0.029988989233970642]","[0.9415270090103149, 0.9617524147033691, -0.9764807224273682, -0.40612590312957764]",False,"[0.651364803314209, -0.23298905789852142, 0.029999999329447746]","[[0.678424596786499, 0.40897104144096375, 0.00951749924570322, 1.0285463076797896e-06, 0.4769041836261749, 0.19065824151039124, 0.029988989233970642, 1.570754051208496, 6.143341124698054e-06, 1.2322829961776733]]","[-0.5325876474380493, 0.1873812973499298, -0.7811363935470581, 2.304002046585083, 1.7026698589324951, -2.193742275238037]","[1, 1]",80.474903041,-0.45816320180892944,7.0,586.0,1747830170.109268,40.0,
587,"[0.4769041836261749, 0.1906576007604599, 0.029988989233970642]","[0.9334897994995117, 0.9593713283538818, -0.9670983552932739, -0.35328972339630127]",False,"[0.651364803314209, -0.23298905789852142, 0.029999999329447746]","[[0.6749910116195679, 0.4215673804283142, 0.009819158352911472, 2.644179403432645e-06, 0.4769041836261749, 0.1906576007604599, 0.029988989233970642, 1.570754051208496, 6.143340669950703e-06, 1.2322832345962524]]","[-0.596013069152832, 0.31242892146110535, -0.6942020654678345, 2.4233694076538086, 1.767590045928955, -2.2334747314453125]","[1, 1]",80.599553084,-0.4581626355648041,7.0,587.0,1747830170.2339804,41.0,
593,"[0.4769042432308197, 0.19065383076667786, 0.029988989233970642]","[0.9128032922744751, 0.9419190883636475, -0.966720700263977, -0.39265167713165283]",False,"[0.651364803314209, -0.23298905789852142, 0.029999999329447746]","[[0.6447601914405823, 0.4751995801925659, 0.010174124501645565, 3.713092837642762e-06, 0.4769042432308197, 0.19065383076667786, 0.029988989233970642, 1.570754051208496, 6.143340215203352e-06, 1.2322850227355957]]","[-0.3840142488479614, 0.3474753797054291, -0.9327789545059204, 2.145977020263672, 1.7270251512527466, -2.167505979537964]","[1, 1]",81.345252365,-0.45815911889076233,7.0,593.0,1747830170.980507,47.0,
595,"[0.5760177969932556, -0.028123237192630768, 0.029999999329447746]","[0.9123296737670898, 0.9311096668243408, -0.9716216921806335, 0.060692667961120605]",True,"[0.5918047428131104, -0.001099074026569724, 0.029999999329447746]","[[0.6384396553039551, -2.194472251484947e-12, 0.19740013778209686, 0, 0.5760177969932556, -0.028123237192630768, 0.029999999329447746, 0, 0, 0]]","[-0.548025906085968, 0.6063200235366821, -0.7856574058532715, 2.311241626739502, 1.9135065078735352, -2.3018548488616943]","[1, 1]",81.766580825,-0.4581579566001892,7.0,595.0,1747830171.2289193,49.0,
596,"[0.627242922782898, 0.10370804369449615, 0.02998751774430275]","[0.48967623710632324, 0.8979079723358154, 0.941239595413208, -0.9999949932098389]",False,"[0.5875961780548096, 0.21583294868469238, 0.029999999329447746]","[[0.645407497882843, 0.024296976625919342, 0.21407906711101532, 1.2424488993190153e-08, 0.627242922782898, 0.10370804369449615, 0.02998751774430275, -2.5053086574189365e-05, -4.3686253775376827e-05, -2.6085747322213138e-06]]","[-0.020192764699459076, -0.24284884333610535, 0.393809974193573, 0.6556494832038879, -0.18668323755264282, -0.3259260952472687]","[1, 1]",81.890254527,-0.118927963078022,8.0,596.0,1747830171.525572,0.0,
598,"[0.6272450089454651, 0.1037064865231514, 0.029989415779709816]","[-0.2677956819534302, 0.5362414121627808, -0.9320816993713379, 0.6251163482666016]",False,"[0.5875961780548096, 0.21583294868469238, 0.029999999329447746]","[[0.6341776847839355, 0.07861985266208649, 0.1586182415485382, 0.0788179412484169, 0.6272450089454651, 0.1037064865231514, 0.029989415779709816, -3.0066960334806936e-06, 2.4362951080547646e-05, -8.29712826089235e-06]]","[-0.0513126477599144, -0.0706637054681778, 0.24483069777488708, 0.5587721467018127, 0.27479031682014465, -0.051293790340423584]","[1, 1]",82.138665185,-0.11893013119697571,8.0,598.0,1747830171.7738318,2.0,
601,"[0.624082624912262, 0.11552108824253082, 0.029721150174736977]","[-0.15598064661026, 0.967703104019165, -0.21448349952697754, -0.3979976773262024]",False,"[0.5875961780548096, 0.21583294868469238, 0.029999999329447746]","[[0.6209909319877625, 0.12040819227695465, 0.027718883007764816, 0.05649728700518608, 0.624082624912262, 0.11552108824253082, 0.029721150174736977, 0.005094846710562706, -0.00383330718614161, -0.042390529066324234]]","[-0.22940930724143982, 0.10176074504852295, 0.18892791867256165, 0.40910428762435913, -0.03662562370300293, -0.2307734191417694]","[1, 1]",82.551355828,-0.10674179345369339,8.0,601.0,1747830172.1683326,5.0,
605,"[0.4971989095211029, 0.14631138741970062, 0.02998943440616131]","[-0.8828021883964539, 0.835655689239502, -0.8537172675132751, 0.9737495183944702]",False,"[0.6486031413078308, 0.2576698362827301, 0.029999999329447746]","[[0.6368681788444519, 0.04748864099383354, 0.18717245757579803, 0.07027385383844376, 0.4971989095211029, 0.14631138741970062, 0.02998943440616131, 3.0065698410908226e-06, -2.377380405960139e-05, -5.656060693581821e-06]]","[0.11104819923639297, -0.20870482921600342, 0.2107982635498047, 0.6623036861419678, 0.16600406169891357, -0.19740767776966095]","[1, 1]",83.163929049,-0.18794666230678558,9.0,605.0,1747830172.7991312,1.0,
606,"[0.4971988797187805, 0.14631183445453644, 0.029989415779709816]","[-0.933599591255188, 0.9064520597457886, -0.9129959344863892, 0.4678535461425781]",False,"[0.6486031413078308, 0.2576698362827301, 0.029999999329447746]","[[0.6001291275024414, 0.09019321948289871, 0.13862507045269012, 0.07881750166416168, 0.4971988797187805, 0.14631183445453644, 0.029989415779709816, 3.006697852470097e-06, -2.43706217588624e-05, -8.480304131808225e-06]]","[-0.041391052305698395, 0.06839239597320557, 0.2890235185623169, 0.5424997210502625, 0.22050568461418152, -0.04650293290615082]","[1, 1]",83.28713822,-0.18794642388820648,9.0,606.0,1747830172.9229796,2.0,
607,"[0.49719926714897156, 0.14631220698356628, 0.029989659786224365]","[-0.9441694021224976, 0.8737056255340576, -0.9238923192024231, 0.2373262643814087]",False,"[0.6486031413078308, 0.2576698362827301, 0.029999999329447746]","[[0.5671955943107605, 0.12956573069095612, 0.09591487795114517, 0.07985624670982361, 0.49719926714897156, 0.14631220698356628, 0.029989659786224365, -3.669178516574334e-09, -1.1341403478581924e-05, -1.0242249118164182e-05]]","[0.06062222644686699, -0.04978853464126587, 0.24599479138851166, 0.41016870737075806, 0.1625671088695526, -0.009637400507926941]","[1, 1]",83.411012286,-0.1879458874464035,9.0,607.0,1747830173.046194,3.0,
608,"[0.49719953536987305, 0.14631220698356628, 0.02998993545770645]","[-0.9493970274925232, 0.25172483921051025, -0.9108186364173889, 0.1866919994354248]",False,"[0.6486031413078308, 0.2576698362827301, 0.029999999329447746]","[[0.5301337242126465, 0.14161737263202667, 0.05141465365886688, 0.07998273521661758, 0.49719953536987305, 0.14631220698356628, 0.02998993545770645, -7.897028864167766e-11, -2.156166374334134e-06, -1.0262771866109688e-05]]","[0.16116273403167725, 0.18920296430587769, 0.18568149209022522, 0.335726261138916, 0.2522614002227783, -0.130611389875412]","[1, 1]",83.534688152,-0.1879456639289856,9.0,608.0,1747830173.1700108,4.0,
609,"[0.49719956517219543, 0.14631225168704987, 0.02998996153473854]","[-0.9533407092094421, 0.25188469886779785, -0.43132907152175903, 0.045265793800354004]",False,"[0.6486031413078308, 0.2576698362827301, 0.029999999329447746]","[[0.4886890947818756, 0.1498086005449295, 0.027456292882561684, 0.07999808341264725, 0.49719956517219543, 0.14631225168704987, 0.02998996153473854, -2.0757456864473056e-10, -1.2865986036558752e-06, -1.065011656464776e-05]]","[-0.10270912200212479, 0.3861827552318573, 0.1738443374633789, 0.28575068712234497, 0.09218209981918335, -0.14024612307548523]","[1, 1]",83.65896857,-0.18794561922550201,9.0,609.0,1747830173.2937248,5.0,
611,"[0.5651624202728271, 0.2066606730222702, 0.02965817041695118]","[0.9833706617355347, 0.9755479097366333, -0.6151338219642639, -0.9020093083381653]",False,"[0.6486031413078308, 0.2576698362827301, 0.029999999329447746]","[[0.5516753196716309, 0.21888771653175354, 0.02125377580523491, 0.05562901869416237, 0.5651624202728271, 0.2066606730222702, 0.02965817041695118, 0.004553484730422497, -0.010621484369039536, -0.014198929071426392]]","[-0.07698161154985428, 0.23547080159187317, -0.026427507400512695, 0.19737443327903748, -0.0640159472823143, 0.2703285217285156]","[1, 1]",83.910500268,-0.09779778122901917,9.0,611.0,1747830173.5433767,7.0,
613,"[0.48470836877822876, -0.13811510801315308, 0.02998952753841877]","[-0.28800129890441895, 0.04645836353302002, -0.580877423286438, 0.12498438358306885]",False,"[0.56593918800354, 0.17613162100315094, 0.029999999329447746]","[[0.6310059428215027, 0.002026982605457306, 0.17418919503688812, 0.010978980921208858, 0.48470836877822876, -0.13811510801315308, 0.02998952753841877, 3.005894996022107e-06, -2.0607802071026526e-05, -2.8306608328421135e-06]]","[0.17778950929641724, -0.33111703395843506, 0.3356567323207855, 0.2458990514278412, 0.04579836130142212, -0.029014311730861664]","[1, 30]",84.407840922,-0.324575811624527,0.0,613.0,1747830174.0428758,0.0,
614,"[0.4847082495689392, -0.13811466097831726, 0.02998943440616131]","[-0.9192324280738831, -0.9222469925880432, -0.4944068193435669, 0.8288924694061279]",False,"[0.56593918800354, 0.17613162100315094, 0.029999999329447746]","[[0.5999297499656677, -0.0229955967515707, 0.15044362843036652, 0.0716087594628334, 0.4847082495689392, -0.13811466097831726, 0.02998943440616131, 3.0065698410908226e-06, -2.377380405960139e-05, -5.656060693581821e-06]]","[0.21794521808624268, -0.19861376285552979, 0.3265727460384369, 0.17156273126602173, 0.17188382148742676, -0.0838058665394783]","[1, 30]",84.532625164,-0.32457542419433594,0.0,614.0,1747830174.16688,1.0,
616,"[0.4847085475921631, -0.13811379671096802, 0.02998960390686989]","[-0.9439612627029419, -0.9577975273132324, -0.8984991312026978, 0.43702232837677]",False,"[0.56593918800354, 0.17613162100315094, 0.029999999329447746]","[[0.5369428396224976, -0.11461065709590912, 0.09926805645227432, 0.07987596839666367, 0.4847085475921631, -0.13811379671096802, 0.02998960390686989, -8.047400079647105e-09, -1.3225344446254894e-05, -1.0462773389008362e-05]]","[0.03603661060333252, 0.15208396315574646, 0.3619343340396881, 0.026656150817871094, 0.23093348741531372, -0.06162019073963165]","[1, 30]",84.781568267,-0.3245745003223419,0.0,616.0,1747830174.4160838,3.0,
617,"[0.48470887541770935, -0.13811379671096802, 0.029989922419190407]","[-0.8826125860214233, -0.4550297260284424, -0.9743078947067261, 0.13954544067382812]",False,"[0.56593918800354, 0.17613162100315094, 0.029999999329447746]","[[0.49963071942329407, -0.13471619784832, 0.05061428248882294, 0.07998478412628174, 0.48470887541770935, -0.13811379671096802, 0.029989922419190407, -3.873963372313938e-09, -2.5706840460770763e-06, -1.0539436516410206e-05]]","[-0.11974968761205673, 0.08371332287788391, 0.22087529301643372, 0.08220869302749634, 0.1605883538722992, -0.002780631184577942]","[1, 30]",84.906783307,-0.32457441091537476,0.0,617.0,1747830174.5406034,4.0,
619,"[0.4834428131580353, -0.13281087577342987, 0.03018231689929962]","[0.804434061050415, 0.9672828912734985, 0.4473910331726074, -0.6528535485267639]",False,"[0.56593918800354, 0.17613162100315094, 0.029999999329447746]","[[0.4722650647163391, -0.11571730673313141, 0.03585450351238251, 0.05217099189758301, 0.4834428131580353, -0.13281087577342987, 0.03018231689929962, -0.008227221667766571, -0.0017848341958597302, -0.08238746225833893]]","[-0.5529045462608337, -0.18265283107757568, -0.06052595376968384, 0.2867843508720398, -0.2275470644235611, 0.018866293132305145]","[1, 30]",85.156865085,-0.3197673559188843,0.0,619.0,1747830174.790758,6.0,
621,"[0.49475663900375366, -0.11966009438037872, 0.030118020251393318]","[0.8276641368865967, 0.9695150852203369, 0.37790560722351074, -0.7734652161598206]",False,"[0.56593918800354, 0.17613162100315094, 0.029999999329447746]","[[0.4848022162914276, -0.10504469275474548, 0.035170868039131165, 0.0518670454621315, 0.49475663900375366, -0.11966009438037872, 0.030118020251393318, -0.004311356693506241, -3.9421745896106586e-05, -0.051728419959545135]]","[-0.2912064492702484, -0.49404484033584595, -0.10639843344688416, 0.005797483026981354, -0.5119308829307556, 0.18619124591350555]","[1, 30]",85.407109938,-0.3042362928390503,0.0,621.0,1747830175.0409043,8.0,
622,"[0.5039858818054199, -0.11024666577577591, 0.030094167217612267]","[0.8457434177398682, 0.9682968854904175, 0.43784141540527344, -0.7920616865158081]",False,"[0.56593918800354, 0.17613162100315094, 0.029999999329447746]","[[0.49379754066467285, -0.09625319391489029, 0.03518160805106163, 0.051811885088682175, 0.5039858818054199, -0.11024666577577591, 0.030094167217612267, -0.003473913297057152, 3.3760974815777445e-07, -0.04562098905444145]]","[-0.02376651018857956, -0.6011896133422852, -0.18801447749137878, -0.0705280527472496, -0.5525578260421753, 0.18020470440387726]","[1, 30]",85.532642854,-0.29300299286842346,0.0,622.0,1747830175.1661232,9.0,
627,"[0.5495468974113464, -0.02407568134367466, 0.030496150255203247]","[-0.010285913944244385, 0.9833004474639893, 0.18649005889892578, -0.8541427254676819]",False,"[0.56593918800354, 0.17613162100315094, 0.029999999329447746]","[[0.5349717736244202, -0.007496748585253954, 0.03706665337085724, 0.0492761991918087, 0.5495468974113464, -0.02407568134367466, 0.030496150255203247, -0.017029620707035065, -8.961772437032778e-06, -0.07103361934423447]]","[0.6168397068977356, -0.6673635244369507, -0.19593730568885803, -0.3069145381450653, -0.5208866000175476, 0.08543412387371063]","[1, 30]",86.157680868,-0.20087787508964539,0.0,627.0,1747830175.7920291,14.0,
629,"[0.5448178648948669, 0.03357600048184395, 0.03019082546234131]","[-0.1429044008255005, 0.9749943017959595, 0.10356545448303223, -0.805662989616394]",False,"[0.56593918800354, 0.17613162100315094, 0.029999999329447746]","[[0.528376579284668, 0.05164195969700813, 0.037285614758729935, 0.04663065820932388, 0.5448178648948669, 0.03357600048184395, 0.03019082546234131, -0.006761465687304735, -1.43771130751702e-05, -0.03389907255768776]]","[0.672430694103241, -1.2420421838760376, -0.22226521372795105, -0.44272759556770325, -0.40013784170150757, 0.35938894748687744]","[1, 30]",86.407997154,-0.14411194622516632,0.0,629.0,1747830176.0421011,16.0,
630,"[0.5438205599784851, 0.062208142131567, 0.02989795245230198]","[0.0007658004760742188, 0.974677562713623, -0.1430591344833374, -0.866341233253479]",False,"[0.56593918800354, 0.17613162100315094, 0.029999999329447746]","[[0.530269205570221, 0.0801076591014862, 0.03216187283396721, 0.0474478155374527, 0.5438205599784851, 0.062208142131567, 0.02989795245230198, -0.0005525697488337755, -0.00360580300912261, -0.040727607905864716]]","[0.8938308358192444, -1.0773084163665771, -0.2570226490497589, -0.3768082857131958, -0.22721432149410248, 0.05847235023975372]","[1, 30]",86.53281545,-0.11605087667703629,0.0,630.0,1747830176.1670187,17.0,
631,"[0.5448840856552124, 0.08445332199335098, 0.02988949604332447]","[0.029330849647521973, 0.9688715934753418, -0.18066102266311646, -0.806708812713623]",False,"[0.56593918800354, 0.17613162100315094, 0.029999999329447746]","[[0.5347500443458557, 0.10247933119535446, 0.02631484717130661, 0.04753884673118591, 0.5448840856552124, 0.08445332199335098, 0.02988949604332447, -0.002030405215919018, -0.0008594051469117403, -0.04415033757686615]]","[0.9779629111289978, -1.1311944723129272, -0.2043687403202057, -0.4221838712692261, 0.0015420913696289062, 0.014778703451156616]","[1, 30]",86.658049354,-0.0940650925040245,0.0,631.0,1747830176.2918246,18.0,
635,"[0.5848532915115356, -0.26571139693260193, 0.02998613379895687]","[-0.39140743017196655, 0.057076334953308105, 0.17581665515899658, 0.0337986946105957]",False,"[0.4985155761241913, 0.15134304761886597, 0.029999999329447746]","[[0.6252853870391846, 0.0024907151237130165, 0.2016707807779312, 0.0029690598603338003, 0.5848532915115356, -0.26571139693260193, 0.02998613379895687, -2.3309365133172832e-05, -3.887691127602011e-05, -2.6863881430472247e-06]]","[0.11385664343833923, -0.2089853584766388, 0.36710816621780396, 0.25697022676467896, 0.029220521450042725, -0.2187008410692215]","[1, 30]",87.288300691,-0.42589741945266724,1.0,635.0,1747830176.9240408,0.0,
636,"[0.5848541259765625, -0.26571330428123474, 0.029989078640937805]","[0.2133171558380127, -0.981696367263794, 0.013958096504211426, 0.7687479257583618]",False,"[0.4985155761241913, 0.15134304761886597, 0.029999999329447746]","[[0.6330081820487976, -0.02093750238418579, 0.2027479112148285, 0.07049766927957535, 0.5848541259765625, -0.26571330428123474, 0.029989078640937805, 3.913843465852551e-05, 7.06591572452453e-06, -5.638323727907846e-06]]","[0.12924543023109436, -0.17143858969211578, 0.32746416330337524, 0.32396596670150757, 0.19846761226654053, -0.16752618551254272]","[1, 30]",87.411243279,-0.4258994460105896,1.0,636.0,1747830177.0473347,1.0,
637,"[0.5848532915115356, -0.26571351289749146, 0.029988953843712807]","[0.17367517948150635, -0.9819281697273254, 0.0005359649658203125, 0.6024807691574097]",False,"[0.4985155761241913, 0.15134304761886597, 0.029999999329447746]","[[0.6370144486427307, -0.06989134103059769, 0.20242299139499664, 0.07884474843740463, 0.5848532915115356, -0.26571351289749146, 0.029988953843712807, 4.380889004096389e-05, 6.188248335092794e-06, -9.075460184249096e-06]]","[-0.025635652244091034, 0.0800645649433136, 0.3225279450416565, 0.225244402885437, 0.190250962972641, -0.32163006067276]","[1, 30]",87.534506488,-0.425899475812912,1.0,637.0,1747830177.1702504,2.0,
638,"[0.5848524570465088, -0.265713632106781, 0.029988927766680717]","[0.1422276496887207, -0.9862738251686096, -0.15346264839172363, 0.5357484817504883]",False,"[0.4985155761241913, 0.15134304761886597, 0.029999999329447746]","[[0.639956533908844, -0.11088726669549942, 0.1952378898859024, 0.07985956966876984, 0.5848524570465088, -0.265713632106781, 0.029988927766680717, 4.465243182494305e-05, 6.188512543303659e-06, -1.249234628630802e-05]]","[-0.046787358820438385, 0.2347387969493866, 0.36933010816574097, 0.07215426862239838, 0.17612674832344055, -0.26252275705337524]","[1, 30]",87.655005576,-0.4258994460105896,1.0,638.0,1747830177.2935212,3.0,
641,"[0.584850013256073, -0.2657138705253601, 0.02998892217874527]","[-0.42532873153686523, -0.9854795932769775, -0.6903565526008606, 0.46624863147735596]",False,"[0.4985155761241913, 0.15134304761886597, 0.029999999329447746]","[[0.6064637303352356, -0.23660916090011597, 0.11183492839336395, 0.07999975979328156, 0.584850013256073, -0.2657138705253601, 0.02998892217874527, 4.4846779928775504e-05, 6.188576662680134e-06, -2.274169492011424e-05]]","[-0.19784817099571228, -0.08310309052467346, 0.05860942602157593, -0.20318061113357544, 0.11665607988834381, -0.047510161995887756]","[1, 30]",88.013154178,-0.4258991777896881,1.0,641.0,1747830177.6540413,6.0,
642,"[0.5848498344421387, -0.26571276783943176, 0.029989764094352722]","[0.05178689956665039, -0.7018879055976868, -0.9790510535240173, 0.21206092834472656]",False,"[0.4985155761241913, 0.15134304761886597, 0.029999999329447746]","[[0.6025463938713074, -0.2668830454349518, 0.06783255934715271, 0.07999993860721588, 0.5848498344421387, -0.26571276783943176, 0.029989764094352722, 7.953369276947342e-06, -1.073785327321275e-08, -2.292459612363018e-05]]","[-0.14770132303237915, -0.2776566743850708, -0.12397050857543945, -0.20527011156082153, -0.07641837745904922, 0.06726722419261932]","[1, 30]",88.131992581,-0.4258980453014374,1.0,642.0,1747830177.772184,7.0,
643,"[0.58484947681427, -0.2657112777233124, 0.02998991496860981]","[-0.29031652212142944, 0.85857093334198, -0.8474826216697693, -0.20366030931472778]",False,"[0.4985155761241913, 0.15134304761886597, 0.029999999329447746]","[[0.5833163857460022, -0.25836363434791565, 0.02494756691157818, 0.06684496253728867, 0.58484947681427, -0.2657112777233124, 0.02998991496860981, -4.276165782357566e-06, -1.1585794936763705e-06, -4.208718746667728e-05]]","[-0.17435869574546814, -0.5958075523376465, -0.3023541271686554, -0.15401263535022736, -0.29154688119888306, -0.015720680356025696]","[1, 30]",88.252359309,-0.4258965253829956,1.0,643.0,1747830177.8910325,8.0,
646,"[0.5699384808540344, -0.23223137855529785, 0.029970185831189156]","[-0.15430498123168945, 0.9874176979064941, 0.026467204093933105, 0.39890050888061523]",False,"[0.4985155761241913, 0.15134304761886597, 0.029999999329447746]","[[0.5340580940246582, -0.20566748082637787, 0.029070574790239334, 0.07146567106246948, 0.5699384808540344, -0.23223137855529785, 0.029970185831189156, -6.4914252106973436e-06, -0.0006464318139478564, -0.7593065500259399]]","[0.06042695790529251, -0.6241155862808228, -0.39879485964775085, -0.22405865788459778, -0.5871267318725586, -0.1608218252658844]","[1, 30]",88.618903541,-0.39016735553741455,1.0,646.0,1747830178.2535486,11.0,
647,"[0.5702694654464722, -0.22272978723049164, 0.030211826786398888]","[-0.37357860803604126, 0.9812560081481934, -0.5739967823028564, 0.34011995792388916]",False,"[0.4985155761241913, 0.15134304761886597, 0.029999999329447746]","[[0.5274004340171814, -0.18327975273132324, 0.020844923332333565, 0.07896523922681808, 0.5702694654464722, -0.22272978723049164, 0.030211826786398888, 8.03626790002454e-06, -0.007666562683880329, -0.9108068943023682]]","[0.2971908748149872, -0.7331236600875854, -0.3208748996257782, -0.33505359292030334, -0.591341495513916, 0.11302322149276733]","[1, 30]",88.742150529,-0.3808925747871399,1.0,647.0,1747830178.377934,12.0,
650,"[0.5703593492507935, -0.21980434656143188, 0.02998940274119377]","[-0.31149566173553467, 0.9868793487548828, -0.7335548996925354, -0.2113977074623108]",False,"[0.4985155761241913, 0.15134304761886597, 0.029999999329447746]","[[0.5191132426261902, -0.1406882256269455, 0.019309673458337784, 0.06141253933310509, 0.5703593492507935, -0.21980434656143188, 0.02998940274119377, -1.4863330761727411e-06, 1.8375943909632042e-05, -0.9418016076087952]]","[0.6792407631874084, -1.331250548362732, -0.33373942971229553, -0.2870890498161316, -0.36096835136413574, 0.4294310212135315]","[1, 30]",89.117001656,-0.3780369162559509,1.0,650.0,1747830178.7479854,15.0,
651,"[0.5703590512275696, -0.21980398893356323, 0.029989881440997124]","[0.08795154094696045, 0.9851586818695068, -0.6074349880218506, -0.5236914753913879]",False,"[0.4985155761241913, 0.15134304761886597, 0.029999999329447746]","[[0.5296341776847839, -0.10354449599981308, 0.01761155016720295, 0.015410229563713074, 0.5703590512275696, -0.21980398893356323, 0.029989881440997124, -7.933699635032099e-07, 3.1217878131428733e-06, -0.9418015480041504]]","[0.9336981773376465, -1.120253086090088, -0.19770613312721252, -0.42235422134399414, -0.2046256810426712, 0.17827622592449188]","[1, 30]",89.24191635,-0.3780364990234375,1.0,651.0,1747830178.876014,16.0,
655,"[0.5703584551811218, -0.21980342268943787, 0.029989462345838547]","[-0.22763431072235107, 0.9503018856048584, -0.8914287686347961, -0.5108243227005005]",False,"[0.4985155761241913, 0.15134304761886597, 0.029999999329447746]","[[0.5222207903862, -0.01867608167231083, 0.00543730054050684, 1.1652809916995466e-05, 0.5703584551811218, -0.21980342268943787, 0.029989462345838547, 6.425400897569489e-06, -2.657588993315585e-05, -0.9418027400970459]]","[1.7415560483932495, -1.8905760049819946, -0.2691989839076996, -0.4281889796257019, 0.6012439727783203, 0.203336700797081]","[1, 30]",89.785562292,-0.37803584337234497,1.0,655.0,1747830179.4047,20.0,
656,"[0.5703583359718323, -0.21980313956737518, 0.029989086091518402]","[-0.4879876375198364, 0.9493370056152344, -0.930638313293457, -0.4621801972389221]",False,"[0.4985155761241913, 0.15134304761886597, 0.029999999329447746]","[[0.5152837634086609, 0.017705552279949188, 0.0058044190518558025, 1.5431013480338152e-06, 0.5703583359718323, -0.21980313956737518, 0.029989086091518402, 6.427544121834217e-06, -3.9096223190426826e-05, -0.9418048858642578]]","[1.9150207042694092, -2.1303746700286865, -0.7415742874145508, -0.5959201455116272, 0.81196528673172, -0.14259622991085052]","[1, 30]",89.914244611,-0.3780355453491211,1.0,656.0,1747830179.5446455,21.0,
659,"[0.5703587532043457, -0.21980315446853638, 0.029988998547196388]","[-0.9021064639091492, 0.891270637512207, -0.8320128917694092, -0.6665526628494263]",False,"[0.4985155761241913, 0.15134304761886597, 0.029999999329447746]","[[0.46364259719848633, 0.13150309026241302, 0.006143956910818815, -1.9923972160995618e-07, 0.5703587532043457, -0.21980315446853638, 0.029988998547196388, 6.428031610994367e-06, -4.197883026790805e-05, -0.9418112635612488]]","[1.7795584201812744, -1.857426643371582, -1.6501126289367676, -0.704051673412323, 1.388962745666504, -0.7024358510971069]","[1, 30]",90.295317591,-0.37803563475608826,1.0,659.0,1747830179.9273272,24.0,
661,"[0.5703590512275696, -0.21980319917201996, 0.029988998547196388]","[-0.8208400011062622, 0.7684619426727295, -0.8204373717308044, -0.4371768832206726]",False,"[0.4985155761241913, 0.15134304761886597, 0.029999999329447746]","[[0.43231555819511414, 0.19803830981254578, 0.006089303642511368, 5.171455086383503e-07, 0.5703590512275696, -0.21980319917201996, 0.029988998547196388, 6.428030701499665e-06, -4.199745671940036e-05, -0.9418155550956726]]","[1.5703917741775513, -1.854372501373291, -1.8336211442947388, -0.02656787633895874, 1.9408648014068604, -0.8621912598609924]","[1, 30]",90.555529054,-0.3780357241630554,1.0,661.0,1747830180.1873877,26.0,
663,"[0.5703593492507935, -0.21980325877666473, 0.029988998547196388]","[-0.8172851800918579, 0.6075806617736816, -0.37004566192626953, -0.6454988121986389]",False,"[0.4985155761241913, 0.15134304761886597, 0.029999999329447746]","[[0.4013200104236603, 0.2550634443759918, 0.005981178488582373, 2.703703785300604e-07, 0.5703593492507935, -0.21980325877666473, 0.029988998547196388, 6.428026608773507e-06, -4.19980933656916e-05, -0.9418197870254517]]","[1.1851987838745117, -1.6960034370422363, -1.841504454612732, 0.5805565714836121, 1.8338655233383179, -0.918857216835022]","[1, 30]",90.809177583,-0.37803584337234497,1.0,663.0,1747830180.4416091,28.0,
664,"[0.570359468460083, -0.21980328857898712, 0.029988998547196388]","[-0.8157800436019897, 0.6988824605941772, -0.32968056201934814, -0.6472293138504028]",False,"[0.4985155761241913, 0.15134304761886597, 0.029999999329447746]","[[0.3843975067138672, 0.2856602966785431, 0.005867523141205311, 1.6851888062774378e-07, 0.570359468460083, -0.21980328857898712, 0.029988998547196388, 6.428024335036753e-06, -4.1998100641649216e-05, -0.9418219327926636]]","[1.0281845331192017, -1.5782694816589355, -1.807115912437439, 0.722830593585968, 1.5736974477767944, -1.075214147567749]","[1, 30]",90.936497457,-0.37803590297698975,1.0,664.0,1747830180.5682554,29.0,
666,"[0.5703597664833069, -0.2198033481836319, 0.029988998547196388]","[-0.7368196249008179, 0.5736397504806519, -0.2062903642654419, -0.7144170999526978]",False,"[0.4985155761241913, 0.15134304761886597, 0.029999999329447746]","[[0.358346551656723, 0.33111467957496643, 0.005604446399956942, -5.430980536402785e-07, 0.5703597664833069, -0.2198033481836319, 0.029988998547196388, 6.428020242310595e-06, -4.199808245175518e-05, -0.9418262243270874]]","[0.8697385787963867, -1.4251229763031006, -1.9316893815994263, 0.8222009539604187, 1.4989042282104492, -1.2485456466674805]","[1, 30]",91.190974349,-0.3780360221862793,1.0,666.0,1747830180.823059,31.0,
668,"[0.5703600645065308, -0.21980339288711548, 0.029988998547196388]","[-0.4378124475479126, 0.10674035549163818, -0.2886030673980713, -0.6564155220985413]",False,"[0.4985155761241913, 0.15134304761886597, 0.029999999329447746]","[[0.3357657194137573, 0.3619542419910431, 0.005587170831859112, -2.211004357377533e-06, 0.5703600645065308, -0.21980339288711548, 0.029988998547196388, 6.428016149584437e-06, -4.199806062388234e-05, -0.9418304562568665]]","[0.33134588599205017, -1.0557492971420288, -2.067202091217041, 0.8096222877502441, 1.4219847917556763, -1.5090447664260864]","[1, 30]",91.448433913,-0.37803611159324646,1.0,668.0,1747830181.0774338,33.0,
669,"[0.5703602433204651, -0.21980342268943787, 0.029988998547196388]","[-0.2940577268600464, 0.2610435485839844, -0.2648981809616089, -0.7894198298454285]",False,"[0.4985155761241913, 0.15134304761886597, 0.029999999329447746]","[[0.33552882075309753, 0.36399194598197937, 0.004027116112411022, -0.0001994413323700428, 0.5703602433204651, -0.21980342268943787, 0.029988998547196388, 6.428014330595033e-06, -4.199804970994592e-05, -0.9418326020240784]]","[0.11789162456989288, -0.9089572429656982, -1.934740424156189, 1.0330469608306885, 1.5017155408859253, -1.6587830781936646]","[1, 30]",91.578081941,-0.37803617119789124,1.0,669.0,1747830181.207434,34.0,
672,"[0.5703606605529785, -0.21980351209640503, 0.029988998547196388]","[-0.04043936729431152, 0.9181168079376221, -0.9289429187774658, -0.8701026439666748]",False,"[0.4985155761241913, 0.15134304761886597, 0.029999999329447746]","[[0.3367687165737152, 0.4060891270637512, 0.001455421675927937, 0.03981376439332962, 0.5703606605529785, -0.21980351209640503, 0.029988998547196388, 6.428007964132121e-06, -4.1998013330157846e-05, -0.9418390393257141]]","[-0.3021412789821625, -0.606507420539856, -1.5588692426681519, 1.5171701908111572, 1.6887505054473877, -2.025360107421875]","[1, 30]",91.958879652,-0.37803635001182556,1.0,672.0,1747830181.5907319,37.0,
674,"[0.5703609585762024, -0.2198035567998886, 0.029988998547196388]","[0.1383223533630371, 0.8475948572158813, -0.9333040118217468, -0.9131699800491333]",False,"[0.4985155761241913, 0.15134304761886597, 0.029999999329447746]","[[0.3369925618171692, 0.40756338834762573, 0.00038804474752396345, 0.03985665366053581, 0.5703609585762024, -0.2198035567998886, 0.029988998547196388, 6.428003871405963e-06, -4.1997991502285004e-05, -0.9418432712554932]]","[-0.3869374990463257, -0.43757835030555725, -1.4291486740112305, 1.8539319038391113, 1.8319042921066284, -2.2172772884368896]","[1, 30]",92.212801262,-0.3780364394187927,1.0,674.0,1747830181.8448255,39.0,
675,"[0.5703611373901367, -0.219803586602211, 0.029988998547196388]","[0.21910583972930908, 0.7613868713378906, -0.9450646638870239, -0.9248389601707458]",False,"[0.4985155761241913, 0.15134304761886597, 0.029999999329447746]","[[0.3369763195514679, 0.4083266854286194, 0.0014967021998018026, 0.0396115779876709, 0.5703611373901367, -0.219803586602211, 0.029988998547196388, 6.428001597669208e-06, -4.199798058834858e-05, -0.9418454170227051]]","[-0.48576289415359497, -0.317609041929245, -1.3125042915344238, 2.02101731300354, 1.8887572288513184, -2.2483086585998535]","[1, 30]",92.341908266,-0.3780364990234375,1.0,675.0,1747830181.9718263,40.0,
676,"[0.5703612565994263, -0.2198036164045334, 0.029988998547196388]","[0.43910813331604004, 0.19323933124542236, -0.9557399749755859, -0.9185918569564819]",False,"[0.4985155761241913, 0.15134304761886597, 0.029999999329447746]","[[0.33747512102127075, 0.40830370783805847, 0.0010081783402711153, 0.02639446221292019, 0.5703612565994263, -0.2198036164045334, 0.029988998547196388, 6.427999778679805e-06, -4.199796967441216e-05, -0.941847562789917]]","[-0.5534078478813171, -0.019157439470291138, -1.1965709924697876, 2.094167709350586, 1.8466583490371704, -2.2165963649749756]","[1, 30]",92.471973997,-0.3780365586280823,1.0,676.0,1747830182.100934,41.0,
677,"[0.5703613758087158, -0.21980364620685577, 0.029988998547196388]","[0.6953201293945312, -0.6700516939163208, -0.9646515846252441, -0.8638736605644226]",False,"[0.4985155761241913, 0.15134304761886597, 0.029999999329447746]","[[0.3382645845413208, 0.4077887535095215, 0.0013659734977409244, 0.007769064046442509, 0.5703613758087158, -0.21980364620685577, 0.029988998547196388, 6.4279975049430504e-06, -4.199795876047574e-05, -0.9418497085571289]]","[-0.589073896408081, 0.36190780997276306, -1.0446977615356445, 2.196319580078125, 1.87310791015625, -2.2209980487823486]","[1, 30]",92.601999101,-0.37803661823272705,1.0,677.0,1747830182.2309952,42.0,
678,"[0.5703615546226501, -0.21980367600917816, 0.029988998547196388]","[0.8561217784881592, -0.9720762372016907, -0.9736849069595337, -0.7697998285293579]",False,"[0.4985155761241913, 0.15134304761886597, 0.029999999329447746]","[[0.33881819248199463, 0.4035286605358124, 0.00312575395219028, 0.0013384527992457151, 0.5703615546226501, -0.21980367600917816, 0.029988998547196388, 6.427995685953647e-06, -4.199794784653932e-05, -0.941851794719696]]","[-0.5390446782112122, 0.768721342086792, -0.9487236738204956, 2.3378844261169434, 1.9621944427490234, -2.222935914993286]","[1, 30]",92.731581676,-0.3780366778373718,1.0,678.0,1747830182.3610222,43.0,
680,"[0.570361852645874, -0.21980372071266174, 0.029988998547196388]","[0.9062626361846924, -0.9895351529121399, -0.9827641248703003, -0.6519411206245422]",False,"[0.4985155761241913, 0.15134304761886597, 0.029999999329447746]","[[0.33885490894317627, 0.40122753381729126, 0.00529133016243577, 0.00020427495473995805, 0.570361852645874, -0.21980372071266174, 0.029988998547196388, 6.427991138480138e-06, -4.199792238068767e-05, -0.9418560862541199]]","[-0.4097837805747986, 1.1578577756881714, -0.9480159282684326, 2.4538278579711914, 2.0893664360046387, -2.286755084991455]","[1, 30]",92.991355838,-0.378036767244339,1.0,680.0,1747830182.6202788,45.0,
683,"[0.5703622698783875, -0.2198038101196289, 0.029988998547196388]","[0.9438931941986084, -0.9991569519042969, -0.9788321256637573, -0.48576974868774414]",False,"[0.4985155761241913, 0.15134304761886597, 0.029999999329447746]","[[0.3388393819332123, 0.4002613127231598, 0.005510079208761454, 3.474120603641495e-05, 0.5703622698783875, -0.2198038101196289, 0.029988998547196388, 6.4279852267645765e-06, -4.1997889638878405e-05, -0.9418624639511108]]","[-0.48387616872787476, 1.6161407232284546, -0.8498920202255249, 2.7487502098083496, 2.1704866886138916, -2.291515350341797]","[1, 30]",93.374524362,-0.3780369460582733,1.0,683.0,1747830183.006182,48.0,
685,"[0.45511573553085327, 0.1799497902393341, 0.029987523332238197]","[0.15648937225341797, -0.8176990151405334, 0.41234028339385986, 0.447237491607666]",False,"[0.6414479613304138, 0.03599007427692413, 0.029999999329447746]","[[0.6418600678443909, -0.0234542116522789, 0.2101856917142868, 0.039286427199840546, 0.45511573553085327, 0.1799497902393341, 0.029987523332238197, -4.382838596939109e-05, 2.5775023459573276e-05, -2.8170009045425104e-06]]","[0.2772907018661499, 0.09236681461334229, 0.5173622965812683, 0.15742215514183044, 0.1561797559261322, -0.23297370970249176]","[1, 30]",93.810742448,-0.23546569049358368,2.0,685.0,1747830183.4390168,0.0,
692,"[0.4551105797290802, 0.17994794249534607, 0.02998989075422287]","[-0.08444392681121826, 0.42319416999816895, -0.9426985383033752, 0.08697199821472168]",False,"[0.6414479613304138, 0.03599007427692413, 0.029999999329447746]","[[0.4322757124900818, 0.17951905727386475, 0.05304305627942085, 0.08000000566244125, 0.4551105797290802, 0.17994794249534607, 0.02998989075422287, 3.615014293245622e-06, 3.3300552396865063e-16, -2.1579404346994124e-05]]","[-0.09745993465185165, 0.21367967128753662, 0.0012318193912506104, 0.1128285825252533, 0.1590559184551239, 0.16147859394550323]","[1, 30]",94.699108775,-0.23546864092350006,2.0,692.0,1747830184.3316853,7.0,
694,"[0.4574904143810272, 0.17810845375061035, 0.029989933595061302]","[0.823373556137085, -0.9055662155151367, 0.5289053916931152, -0.6527780890464783]",False,"[0.6414479613304138, 0.03599007427692413, 0.029999999329447746]","[[0.4617342948913574, 0.16171413660049438, 0.02275102026760578, 0.05089022219181061, 0.4574904143810272, 0.17810845375061035, 0.029989933595061302, 4.819601144845365e-06, 5.943987844148069e-07, 0.015156024135649204]]","[0.5144467353820801, 0.471245676279068, 0.022194236516952515, -0.11097655445337296, -0.04377961903810501, 0.40854567289352417]","[1, 30]",94.961512755,-0.23246076703071594,2.0,694.0,1747830184.5919423,9.0,
698,"[0.4950138330459595, 0.14483176171779633, 0.029989466071128845]","[0.9066600799560547, -0.864742636680603, 0.5238405466079712, -0.8388924598693848]",False,"[0.6414479613304138, 0.03599007427692413, 0.029999999329447746]","[[0.500930905342102, 0.13169600069522858, 0.02301529422402382, 0.051741015166044235, 0.4950138330459595, 0.14483176171779633, 0.029989466071128845, 9.2043765107519e-06, -2.2539879864780232e-06, 0.03196919336915016]]","[0.8308929800987244, 0.03849676251411438, 0.23715919256210327, -0.3017255365848541, -0.23479515314102173, 0.41143596172332764]","[1, 30]",95.476760581,-0.18245400488376617,2.0,698.0,1747830185.1063764,13.0,
701,"[0.5390447974205017, 0.09758306294679642, 0.03008144535124302]","[0.6558148860931396, -0.5977562665939331, 0.6326441764831543, -0.6131316423416138]",False,"[0.6414479613304138, 0.03599007427692413, 0.029999999329447746]","[[0.5437948703765869, 0.08451247215270996, 0.023530781269073486, 0.052044663578271866, 0.5390447974205017, 0.09758306294679642, 0.03008144535124302, 0.0035777282901108265, -0.0005233469419181347, 0.02792876958847046]]","[1.4092466831207275, -0.6410458087921143, 0.15675987303256989, -0.4386020302772522, -0.03921252489089966, 0.23902009427547455]","[1, 30]",95.85799217900001,-0.11949940025806427,2.0,701.0,1747830185.4900873,16.0,
703,"[0.5633060932159424, 0.05314707010984421, 0.029989609494805336]","[0.8391580581665039, -0.8986105918884277, 0.40843820571899414, -0.8436787128448486]",False,"[0.6414479613304138, 0.03599007427692413, 0.029999999329447746]","[[0.5691574215888977, 0.04195447638630867, 0.023506615310907364, 0.05371292680501938, 0.5633060932159424, 0.05314707010984421, 0.029989609494805336, 0.0035667293705046177, -0.0035665705800056458, 0.0005542724975384772]]","[1.6441229581832886, -1.3910809755325317, -0.15432456135749817, -0.2510830760002136, 0.277651309967041, 0.32094478607177734]","[1, 30]",96.112556099,-0.08000319451093674,2.0,703.0,1747830185.7444046,18.0,
704,"[0.5791418552398682, 0.02941439300775528, 0.02996143326163292]","[0.7829803228378296, -0.803498387336731, 0.4907926321029663, -0.6969984173774719]",False,"[0.6414479613304138, 0.03599007427692413, 0.029999999329447746]","[[0.5854672789573669, 0.01813264563679695, 0.02322818897664547, 0.05372200906276703, 0.5791418552398682, 0.02941439300775528, 0.02996143326163292, 0.0005844852421432734, -0.00153312087059021, -0.034225281327962875]]","[1.6467969417572021, -1.4737906455993652, -0.4333684742450714, -0.1574060022830963, 0.5171307325363159, 0.21159134805202484]","[1, 30]",96.241796591,-0.06265213340520859,2.0,704.0,1747830185.8716002,19.0,
707,"[0.620844841003418, -0.04663340002298355, 0.029989955946803093]","[0.0671771764755249, 0.45075297355651855, 0.5729024410247803, -0.7830185890197754]",False,"[0.6414479613304138, 0.03599007427692413, 0.029999999329447746]","[[0.6137288808822632, -0.03287799283862114, 0.026980578899383545, 0.053019557148218155, 0.620844841003418, -0.04663340002298355, 0.029989955946803093, 0.00027656799647957087, -0.00027595387655310333, -0.027950469404459]]","[2.3620710372924805, -2.104729175567627, -1.4339423179626465, -0.5503852963447571, 1.1118285655975342, -0.41465967893600464]","[1, 30]",96.627765099,-0.08515354245901108,2.0,707.0,1747830186.2578847,22.0,
709,"[0.623884379863739, -0.06281905621290207, 0.02998979203402996]","[0.711604118347168, 0.8563473224639893, 0.5001792907714844, -0.6996012926101685]",False,"[0.6414479613304138, 0.03599007427692413, 0.029999999329447746]","[[0.610968291759491, -0.04705467075109482, 0.028307290747761726, 0.05198739841580391, 0.623884379863739, -0.06281905621290207, 0.02998979203402996, 5.655604127241531e-06, -6.922503871464869e-06, -0.06335615366697311]]","[1.6500431299209595, -1.6022857427597046, -1.4972306489944458, 0.062191352248191833, 1.447251796722412, -0.5045870542526245]","[1, 30]",96.885890686,-0.10035797208547592,2.0,709.0,1747830186.515572,24.0,
711,"[0.6270259022712708, -0.056969620287418365, 0.030002448707818985]","[0.1996297836303711, 0.8577508926391602, 0.5944132804870605, -0.46927690505981445]",False,"[0.6414479613304138, 0.03599007427692413, 0.029999999329447746]","[[0.6125150322914124, -0.04222133755683899, 0.028930747881531715, 0.053352028131484985, 0.6270259022712708, -0.056969620287418365, 0.030002448707818985, -0.0004166101280134171, -2.6729621822596528e-06, -0.07578759640455246]]","[1.029151439666748, -1.4042779207229614, -1.3662935495376587, 0.5578295588493347, 1.6607253551483154, -0.6560983061790466]","[1, 30]",97.144685257,-0.09407178312540054,2.0,711.0,1747830186.774727,26.0,
712,"[0.6254211068153381, -0.050893984735012054, 0.03001975268125534]","[0.15165436267852783, 0.8580390214920044, 0.5055184364318848, -0.3823050260543823]",False,"[0.6414479613304138, 0.03599007427692413, 0.029999999329447746]","[[0.6105108857154846, -0.03619121387600899, 0.02913590334355831, 0.05272354185581207, 0.6254211068153381, -0.050893984735012054, 0.03001975268125534, -0.0010025427909567952, 9.02374267752748e-06, -0.0885128304362297]]","[0.9593910574913025, -1.2709438800811768, -1.4095072746276855, 0.6343327164649963, 1.6233100891113281, -1.0633275508880615]","[1, 30]",97.274003484,-0.08834987133741379,2.0,712.0,1747830186.9037135,27.0,
713,"[0.6223664283752441, -0.04302701726555824, 0.02998933009803295]","[0.056784868240356445, 0.6691845655441284, 0.5375415086746216, -0.3953506350517273]",False,"[0.6414479613304138, 0.03599007427692413, 0.029999999329447746]","[[0.6051896810531616, -0.02567632682621479, 0.029926693066954613, 0.05001305788755417, 0.6223664283752441, -0.04302701726555824, 0.02998933009803295, 1.6408161172876135e-05, -1.0130263490282232e-06, -0.09085413068532944]]","[0.9560368061065674, -1.2815959453582764, -1.312836766242981, 0.7168801426887512, 1.4904327392578125, -1.0765575170516968]","[1, 30]",97.403463788,-0.0812884047627449,2.0,713.0,1747830187.0330489,28.0,
714,"[0.6185726523399353, -0.033091165125370026, 0.02998972125351429]","[0.03753650188446045, 0.6934962272644043, 0.47600698471069336, -0.34365153312683105]",False,"[0.6414479613304138, 0.03599007427692413, 0.029999999329447746]","[[0.599975049495697, -0.014424285851418972, 0.030329279601573944, 0.04862978309392929, 0.6185726523399353, -0.033091165125370026, 0.02998972125351429, 2.173421762563521e-06, 1.5666828403482214e-06, -0.08073478937149048]]","[0.8546538949012756, -1.1987849473953247, -1.3747683763504028, 0.6867148280143738, 1.3717827796936035, -1.200840950012207]","[1, 30]",97.533523464,-0.07277016341686249,2.0,714.0,1747830187.162466,29.0,
717,"[0.618228018283844, -0.010146929882466793, 0.029989704489707947]","[0.21956205368041992, -0.48184454441070557, 0.3802361488342285, -0.5351045727729797]",False,"[0.6414479613304138, 0.03599007427692413, 0.029999999329447746]","[[0.5996532440185547, -0.022580048069357872, 0.03098781406879425, 0.051062215119600296, 0.618228018283844, -0.010146929882466793, 0.029989704489707947, -2.0217845303704962e-05, -5.003148089599563e-06, -0.022348938509821892]]","[0.150797039270401, -0.791001558303833, -1.5949255228042603, 0.9700900912284851, 1.555864691734314, -1.5793548822402954]","[1, 30]",97.922522293,-0.05165063589811325,2.0,717.0,1747830187.5518365,32.0,
721,"[0.6220130920410156, -0.013424970209598541, 0.030022425577044487]","[-0.011539816856384277, 0.3957483768463135, -0.7034969925880432, -0.6352190971374512]",False,"[0.6414479613304138, 0.03599007427692413, 0.029999999329447746]","[[0.6284655928611755, 0.002489398466423154, 0.022206872701644897, 0.049781862646341324, 0.6220130920410156, -0.013424970209598541, 0.030022425577044487, -0.0010714530944824219, 3.2127225040312624e-06, 0.0034742087591439486]]","[-0.4423021674156189, -0.44788169860839844, -1.2861632108688354, 1.8304226398468018, 2.0036864280700684, -2.3401591777801514]","[1, 30]",98.450946265,-0.053099535405635834,2.0,721.0,1747830188.0759323,36.0,
722,"[0.6238119602203369, -0.012735160999000072, 0.030035005882382393]","[-0.09447860717773438, 0.29691386222839355, -0.8597134351730347, -0.6744734048843384]",False,"[0.6414479613304138, 0.03599007427692413, 0.029999999329447746]","[[0.6320163011550903, 0.0035292324610054493, 0.02223101072013378, 0.04956668242812157, 0.6238119602203369, -0.012735160999000072, 0.030035005882382393, -0.0014932400081306696, 2.3560248791909544e-06, 0.01745714247226715]]","[-0.5908766388893127, -0.12880271673202515, -1.038098692893982, 1.9663217067718506, 1.8979876041412354, -2.2875945568084717]","[1, 30]",98.582467191,-0.05181869864463806,2.0,722.0,1747830188.2099674,37.0,
724,"[0.6239978075027466, -0.01275103259831667, 0.029989449307322502]","[0.29157304763793945, -0.3667639493942261, -0.9347314238548279, -0.36834144592285156]",False,"[0.6414479613304138, 0.03599007427692413, 0.029999999329447746]","[[0.6537671089172363, -0.017794882878661156, 0.022232959046959877, 0.050980277359485626, 0.6239978075027466, -0.01275103259831667, 0.029989449307322502, 1.6467136447317898e-05, 1.867606215455453e-06, 0.0179904755204916]]","[-0.6688267588615417, 0.3417583405971527, -0.9287422895431519, 2.2646782398223877, 1.9647574424743652, -2.3394203186035156]","[1, 30]",98.842967969,-0.05177067592740059,2.0,724.0,1747830188.4718533,39.0,
726,"[0.6239983439445496, -0.012750474736094475, 0.029989944770932198]","[0.5482842922210693, -0.5418302416801453, -0.9582252502441406, 0.04122292995452881]",False,"[0.6414479613304138, 0.03599007427692413, 0.029999999329447746]","[[0.6835208535194397, -0.05375282093882561, 0.0055358679965138435, 0.04164785519242287, 0.6239983439445496, -0.012750474736094475, 0.029989944770932198, 1.9722078548056743e-07, 1.4878654610583908e-06, 0.017975980415940285]]","[-0.6322736144065857, 0.7897887229919434, -0.8843141794204712, 2.4381680488586426, 2.0647239685058594, -2.3372128009796143]","[1, 30]",99.103648624,-0.05176996812224388,2.0,726.0,1747830188.7316928,41.0,
728,"[0.6239982843399048, -0.012750470079481602, 0.029989998787641525]","[0.5278933048248291, -0.5252876281738281, -0.961513876914978, 0.07497072219848633]",False,"[0.6414479613304138, 0.03599007427692413, 0.029999999329447746]","[[0.7066976428031921, -0.09046779572963715, 0.0028219411615282297, 0.05232559144496918, 0.6239982843399048, -0.012750470079481602, 0.029989998787641525, -3.0366280157068104e-08, 2.770517859573829e-08, 0.017976032570004463]]","[-0.6005801558494568, 1.0510386228561401, -0.8609906435012817, 2.468167781829834, 2.0752124786376953, -2.3231098651885986]","[1, 30]",99.364499639,-0.051769983023405075,2.0,728.0,1747830188.9930737,43.0,
730,"[0.6239982843399048, -0.012750471010804176, 0.029990000650286674]","[0.4644366502761841, -0.4262884855270386, -0.9581702351570129, 0.11367559432983398]",False,"[0.6414479613304138, 0.03599007427692413, 0.029999999329447746]","[[0.7243369221687317, -0.1222350224852562, 0.002851744880899787, 0.0708734393119812, 0.6239982843399048, -0.012750471010804176, 0.029990000650286674, -5.341472597564234e-09, -1.3979362112337412e-09, 0.017976054921746254]]","[-0.5888628363609314, 1.1930714845657349, -0.7868987321853638, 2.4656898975372314, 2.0332183837890625, -2.268385887145996]","[1, 30]",99.62594685,-0.051769986748695374,2.0,730.0,1747830189.2542496,45.0,
734,"[0.4914981424808502, -0.17156361043453217, 0.029999999329447746]","[0.3937239646911621, -0.32024508714675903, -0.9166762828826904, -0.013796448707580566]",True,"[0.6197984218597412, -0.29483717679977417, 0.029999999329447746]","[[0.6384396553039551, -2.194472251484947e-12, 0.19740013778209686, 0, 0.4914981424808502, -0.17156361043453217, 0.029999999329447746, 0, 0, 0]]","[-0.47343647480010986, 1.2469487190246582, -0.7015105485916138, 2.37088942527771, 1.813997507095337, -2.1923129558563232]","[1, 30]",100.320634965,-0.05176969990134239,2.0,734.0,1747830189.7780266,49.0,
735,"[0.4475199282169342, 0.09872648864984512, 0.029987357556819916]","[-0.847569465637207, 0.9534964561462402, 0.7968473434448242, -0.647522509098053]",False,"[0.4821222424507141, -0.01084186602383852, 0.029999999329447746]","[[0.6019192934036255, 0.023880504071712494, 0.19484339654445648, -4.491480609658538e-08, 0.4475199282169342, 0.09872648864984512, 0.029987357556819916, -1.6662395864841528e-05, -7.380306487902999e-05, 7.399258265650133e-06]]","[-0.12603360414505005, -0.0774155855178833, 0.545304000377655, 0.46967393159866333, -0.2782896161079407, -0.516366183757782]","[1, 30]",100.447642748,-0.1149023249745369,3.0,735.0,1747830190.0796316,0.0,
736,"[0.44752246141433716, 0.09872698783874512, 0.029989441856741905]","[-0.8498614430427551, 0.7171472311019897, -0.5126885175704956, 0.9034678936004639]",False,"[0.4821222424507141, -0.01084186602383852, 0.029999999329447746]","[[0.5831539630889893, 0.06401148438453674, 0.18705534934997559, 0.07027387619018555, 0.44752246141433716, 0.09872698783874512, 0.029989441856741905, -1.9018039893126115e-05, -1.9971164419985143e-06, 1.477297701057978e-05]]","[-0.0098489448428154, -0.3260684013366699, 0.12881308794021606, 0.38843363523483276, 0.007215678691864014, -0.12899115681648254]","[1, 30]",100.575141902,-0.11490204185247421,3.0,736.0,1747830190.2066674,1.0,
737,"[0.44752296805381775, 0.09872709959745407, 0.029989775270223618]","[-0.9234973192214966, 0.47780847549438477, -0.9135125875473022, 0.5531964302062988]",False,"[0.4821222424507141, -0.01084186602383852, 0.029999999329447746]","[[0.5459185242652893, 0.0843464657664299, 0.1429828256368637, 0.0788179412484169, 0.44752296805381775, 0.09872709959745407, 0.029989775270223618, -8.30664885143051e-06, 2.343935648241313e-06, 2.214122832810972e-05]]","[-0.10956055670976639, -0.2169189751148224, 0.14592984318733215, 0.45449209213256836, 0.1176881343126297, -0.03043987601995468]","[1, 30]",100.702062031,-0.11490198969841003,3.0,737.0,1747830190.3341665,2.0,
738,"[0.44752317667007446, 0.09872723370790482, 0.029989881440997124]","[-0.9478914737701416, 0.21202516555786133, -0.953227162361145, 0.239396333694458]",False,"[0.4821222424507141, -0.01084186602383852, 0.029999999329447746]","[[0.5096372365951538, 0.09380143135786057, 0.09980954974889755, 0.07985669374465942, 0.44752317667007446, 0.09872723370790482, 0.029989881440997124, -2.7995422442472773e-06, 1.1393615295673953e-06, 2.7296448024571873e-05]]","[-0.07660547643899918, -0.09303511679172516, 0.1720118522644043, 0.3355252742767334, 0.16318005323410034, -0.021304458379745483]","[1, 30]",100.829097176,-0.1149020567536354,3.0,738.0,1747830190.4610963,3.0,
739,"[0.4475231468677521, 0.09872716665267944, 0.029989976435899734]","[-0.93108069896698, 0.03409254550933838, -0.9527386426925659, 0.10639894008636475]",False,"[0.4821222424507141, -0.01084186602383852, 0.029999999329447746]","[[0.4707843065261841, 0.09493716806173325, 0.0548904724419117, 0.07998274266719818, 0.4475231468677521, 0.09872716665267944, 0.029989976435899734, -5.466685024657636e-07, 2.156118625862291e-07, 2.7370160751161166e-05]]","[-0.010222278535366058, 0.062203556299209595, 0.12029863893985748, 0.3123854994773865, 0.2235061526298523, -0.0036471933126449585]","[1, 30]",100.955919732,-0.11490200459957123,3.0,739.0,1747830190.588093,4.0,
742,"[0.45258331298828125, 0.09391500800848007, 0.029989778995513916]","[0.8144235610961914, -0.9120697379112244, 0.15307116508483887, -0.790375828742981]",False,"[0.4821222424507141, -0.01084186602383852, 0.029999999329447746]","[[0.4682226777076721, 0.07627144455909729, 0.0393313430249691, 0.048056766390800476, 0.45258331298828125, 0.09391500800848007, 0.029989778995513916, -9.021099685924128e-06, 3.3133344459201908e-06, 0.03449850156903267]]","[0.22368216514587402, 0.42073294520378113, 0.07324627041816711, 0.023838043212890625, -0.021083325147628784, 0.3546292185783386]","[1, 30]",101.338176836,-0.10884186625480652,3.0,742.0,1747830190.9696286,7.0,
744,"[0.46707043051719666, 0.07959285378456116, 0.02998991683125496]","[0.48381519317626953, -0.8508771657943726, 0.22799277305603027, -0.6801618337631226]",False,"[0.4821222424507141, -0.01084186602383852, 0.029999999329447746]","[[0.4823351204395294, 0.061160098761320114, 0.039476290345191956, 0.04679855704307556, 0.46707043051719666, 0.07959285378456116, 0.02998991683125496, -9.855501730271499e-07, -9.128459055318672e-07, 0.015925388783216476]]","[0.48336753249168396, 0.1819022297859192, 0.0786164402961731, -0.257045179605484, -0.17028582096099854, 0.3759794235229492]","[1, 30]",101.594082465,-0.09167876094579697,3.0,744.0,1747830191.2253408,9.0,
745,"[0.4711128771305084, 0.06604265421628952, 0.031000826507806778]","[0.09678256511688232, -0.7362390756607056, 0.21508848667144775, -0.6354421973228455]",False,"[0.4821222424507141, -0.01084186602383852, 0.029999999329447746]","[[0.48279738426208496, 0.049289725720882416, 0.04213766008615494, 0.04880547150969505, 0.4711128771305084, 0.06604265421628952, 0.031000826507806778, 0.03407936170697212, -0.00020003125246148556, 0.05021096393465996]]","[0.5437186360359192, 0.20036882162094116, 0.08130407333374023, -0.41374239325523376, -0.2635159492492676, 0.23476310074329376]","[1, 30]",101.721369631,-0.07767520099878311,3.0,745.0,1747830191.3531978,10.0,
747,"[0.6247742772102356, 0.06939882785081863, 0.029999999329447746]","[-0.13800835609436035, -0.839441180229187, -0.08961355686187744, -0.47713160514831543]",True,"[0.5911675095558167, 0.12705698609352112, 0.029999999329447746]","[[0.6384396553039551, -2.194472251484947e-12, 0.19740013778209686, 0, 0.6247742772102356, 0.06939882785081863, 0.029999999329447746, 0, 0, 0]]","[0.639550507068634, -0.020579099655151367, 0.2613774538040161, -0.41540563106536865, -0.2320982664823532, 0.23525483906269073]","[1, 30]",102.07890271,-0.04986058548092842,3.0,747.0,1747830191.6083052,12.0,
748,"[0.48316121101379395, 0.14834725856781006, 0.02998613379895687]","[-0.04207944869995117, 0.8887910842895508, -0.33862876892089844, 0.3597710132598877]",False,"[0.6525588035583496, -0.04131272807717323, 0.029999999329447746]","[[0.6378547549247742, 0.02412225678563118, 0.18255242705345154, 0.03160309046506882, 0.48316121101379395, 0.14834725856781006, 0.02998613379895687, -2.3309365133172832e-05, -3.887691127602011e-05, -2.6863881430472247e-06]]","[0.045547083020210266, -0.3182418644428253, 0.2555866837501526, 0.3801451623439789, -0.07397645711898804, -0.2656053304672241]","[1, 30]",102.206851927,-0.2542960047721863,4.0,748.0,1747830191.837882,0.0,
750,"[0.48316121101379395, 0.14834512770175934, 0.029988953843712807]","[-0.9631246328353882, 0.9414221048355103, -0.9002846479415894, 0.44972705841064453]",False,"[0.6525588035583496, -0.04131272807717323, 0.029999999329447746]","[[0.5732106566429138, 0.11465656757354736, 0.13932383060455322, 0.07928470522165298, 0.48316121101379395, 0.14834512770175934, 0.029988953843712807, 4.380889004096389e-05, 6.188248335092794e-06, -9.075460184249096e-06]]","[-0.15605074167251587, -0.1420242339372635, 0.23472364246845245, 0.5218029618263245, 0.07842767238616943, 0.016006022691726685]","[1, 30]",102.46290987,-0.25429439544677734,4.0,750.0,1747830192.0938804,2.0,
751,"[0.4831606149673462, 0.14834588766098022, 0.02998948097229004]","[-0.9611893892288208, 0.7317094802856445, -0.9574602842330933, 0.22647225856781006]",False,"[0.6525588035583496, -0.04131272807717323, 0.029999999329447746]","[[0.5336602926254272, 0.14975914359092712, 0.09163083136081696, 0.07991302013397217, 0.4831606149673462, 0.14834588766098022, 0.02998948097229004, 1.7274760466534644e-05, -8.07688493864589e-09, -1.085329677152913e-05]]","[0.031111940741539, -0.12227928638458252, 0.13636934757232666, 0.4021812081336975, 0.13699129223823547, 0.04721544682979584]","[1, 30]",102.589171494,-0.25429537892341614,4.0,751.0,1747830192.2219186,3.0,
753,"[0.48300814628601074, 0.1479628086090088, 0.030041927471756935]","[0.05688810348510742, -0.8020225167274475, -0.09682369232177734, -0.3048137426376343]",False,"[0.6525588035583496, -0.04131272807717323, 0.029999999329447746]","[[0.4901130497455597, 0.14047546684741974, 0.03973919525742531, 0.0618494376540184, 0.48300814628601074, 0.1479628086090088, 0.030041927471756935, 0.0017340226331725717, -8.869777730069472e-07, 0.005866836756467819]]","[0.08621310442686081, 0.5214905738830566, 0.0275689959526062, 0.3712187111377716, 0.22212424874305725, 0.09154805541038513]","[1, 30]",102.846797107,-0.25411149859428406,4.0,753.0,1747830192.4755776,5.0,
754,"[0.48420006036758423, 0.1456894725561142, 0.030236681923270226]","[0.8606154918670654, -0.8482343554496765, 0.4830895662307739, -0.7388750314712524]",False,"[0.6525588035583496, -0.04131272807717323, 0.029999999329447746]","[[0.4924037754535675, 0.12928538024425507, 0.04032554849982262, 0.050916846841573715, 0.48420006036758423, 0.1456894725561142, 0.030236681923270226, 0.008254685439169407, -8.012659122869081e-07, 0.01950267143547535]]","[0.1674518585205078, 0.6506404876708984, 0.1068207323551178, 0.31429818272590637, 0.07489503920078278, 0.30825453996658325]","[1, 30]",102.97371965,-0.25162380933761597,4.0,754.0,1747830192.6057932,6.0,
755,"[0.4890105724334717, 0.14097929000854492, 0.03037388250231743]","[0.931018590927124, -0.7409977912902832, 0.48697447776794434, -0.8808033466339111]",False,"[0.6525588035583496, -0.04131272807717323, 0.029999999329447746]","[[0.4971729815006256, 0.12324956804513931, 0.04039841145277023, 0.0482911579310894, 0.4890105724334717, 0.14097929000854492, 0.03037388250231743, 0.012877952307462692, -6.104331760070636e-07, 0.017682824283838272]]","[0.30935218930244446, 0.5745137929916382, 0.07849612832069397, 0.01770414412021637, 0.00640472024679184, 0.39910316467285156]","[1, 30]",103.10038517,-0.24490517377853394,4.0,755.0,1747830192.732758,7.0,
757,"[0.505625307559967, 0.12495187669992447, 0.030503006651997566]","[0.9582167863845825, -0.968368649482727, 0.4751080274581909, -0.9003365635871887]",False,"[0.6525588035583496, -0.04131272807717323, 0.029999999329447746]","[[0.51385498046875, 0.10683063417673111, 0.040400903671979904, 0.047122709453105927, 0.505625307559967, 0.12495187669992447, 0.030503006651997566, 0.017248548567295074, -5.458670102598262e-07, 0.02672581747174263]]","[0.6134622693061829, 0.3410393297672272, 0.051590532064437866, -0.15353500843048096, -0.15869610011577606, 0.43840914964675903]","[1, 30]",103.355327443,-0.2218865156173706,4.0,757.0,1747830192.9868565,9.0,
759,"[0.5305421948432922, 0.10030437260866165, 0.030465243384242058]","[0.9211690425872803, -0.9596523642539978, 0.5450072288513184, -0.8237338662147522]",False,"[0.6525588035583496, -0.04131272807717323, 0.029999999329447746]","[[0.5383679866790771, 0.08217079937458038, 0.04037129133939743, 0.04690053313970566, 0.5305421948432922, 0.10030437260866165, 0.030465243384242058, 0.01596859283745289, -4.872524073107343e-07, 0.01744581013917923]]","[0.8455298542976379, 0.24462983012199402, 0.19052907824516296, -0.30325955152511597, -0.2782825529575348, 0.3163277506828308]","[1, 30]",103.610041406,-0.1869322657585144,4.0,759.0,1747830193.2415507,11.0,
761,"[0.5628361105918884, 0.06723400205373764, 0.030247779563069344]","[0.7802070379257202, -0.9353715181350708, 0.4547760486602783, -0.7413902878761292]",False,"[0.6525588035583496, -0.04131272807717323, 0.029999999329447746]","[[0.5702615976333618, 0.049193818122148514, 0.04021138325333595, 0.04671922326087952, 0.5628361105918884, 0.06723400205373764, 0.030247779563069344, 0.008634405210614204, 2.8131285034760367e-06, 0.010117609985172749]]","[0.833889365196228, -0.06426715850830078, 0.34502485394477844, -0.40698719024658203, -0.26427412033081055, 0.361175537109375]","[1, 30]",103.864152718,-0.14082832634449005,4.0,761.0,1747830193.4962652,13.0,
762,"[0.5775142908096313, 0.0466744564473629, 0.030385540798306465]","[0.5537890195846558, -0.9116801023483276, 0.38842856884002686, -0.6214346289634705]",False,"[0.6525588035583496, -0.04131272807717323, 0.029999999329447746]","[[0.5838568210601807, 0.028888236731290817, 0.04054887965321541, 0.04686518386006355, 0.5775142908096313, 0.0466744564473629, 0.030385540798306465, 0.013285002671182156, -1.6303927623084746e-05, 0.042976800352334976]]","[0.9478693008422852, -0.16328349709510803, 0.3181004524230957, -0.20199349522590637, -0.16399401426315308, 0.32360219955444336]","[1, 30]",103.992933385,-0.11564416438341141,4.0,762.0,1747830193.623163,14.0,
763,"[0.5878070592880249, 0.0223160982131958, 0.03041384555399418]","[0.5426859855651855, -0.8956077098846436, 0.49614667892456055, -0.5587774515151978]",False,"[0.6525588035583496, -0.04131272807717323, 0.029999999329447746]","[[0.5942094922065735, 0.0097544826567173, 0.041119568049907684, 0.05270855501294136, 0.5878070592880249, 0.0223160982131958, 0.03041384555399418, 0.014246717095375061, -1.3049132576270495e-05, 0.020209306851029396]]","[1.2873576879501343, -0.5521531105041504, 0.19710683822631836, -0.47409480810165405, -0.0986819863319397, 0.304185688495636]","[1, 30]",104.121209113,-0.09078318625688553,4.0,763.0,1747830193.751952,15.0,
764,"[0.5991081595420837, -0.0025325568858534098, 0.029982559382915497]","[0.5812439918518066, -0.7452146410942078, 0.2160567045211792, -0.5020350813865662]",False,"[0.6525588035583496, -0.04131272807717323, 0.029999999329447746]","[[0.6063277721405029, -0.013434868305921555, 0.04039576277136803, 0.05424647033214569, 0.5991081595420837, -0.0025325568858534098, 0.029982559382915497, -0.000185796816367656, -4.67801874037832e-05, -0.0268096923828125]]","[1.5117045640945435, -1.1652363538742065, -0.10855934023857117, -0.7201233506202698, 0.016659796237945557, 0.022892944514751434]","[1, 30]",104.24970188,-0.06603690981864929,4.0,764.0,1747830193.880239,16.0,
765,"[0.5893749594688416, 0.24475747346878052, 0.029999999329447746]","[0.6558051109313965, -0.8709264993667603, 0.10342228412628174, -0.6724135875701904]",True,"[0.5391762852668762, -0.13626015186309814, 0.029999999329447746]","[[0.6384396553039551, -2.194472251484947e-12, 0.19740013778209686, 0, 0.5893749594688416, 0.24475747346878052, 0.029999999329447746, 0, 0, 0]]","[1.620221495628357, -1.4100929498672485, -0.1413411796092987, -0.4881901741027832, 0.3352818191051483, 0.16729538142681122]","[1, 30]",104.497543838,-0.041782259941101074,4.0,765.0,1747830194.008699,17.0,
767,"[0.5043919682502747, 0.03545720502734184, 0.029989130795001984]","[-0.6866510510444641, 0.2723560333251953, -0.7511916160583496, 0.7427253723144531]",False,"[0.511066198348999, -0.06526155769824982, 0.029999999329447746]","[[0.6071856021881104, 0.03229225054383278, 0.16085872054100037, 0.06634398549795151, 0.5043919682502747, 0.03545720502734184, 0.029989130795001984, 3.500048114801757e-05, 9.412821782461833e-06, -5.957068424322642e-06]]","[0.1380564570426941, -0.24729281663894653, 0.17685198783874512, 0.404213011264801, 0.11525799334049225, -0.07935051620006561]","[1, 30]",104.75225204,-0.10093965381383896,5.0,767.0,1747830194.3841064,1.0,
768,"[0.504391074180603, 0.03545687720179558, 0.0299889724701643]","[-0.9114146828651428, 0.09877669811248779, -0.9495382308959961, 0.3066747188568115]",False,"[0.511066198348999, -0.06526155769824982, 0.029999999329447746]","[[0.5752112865447998, 0.03701755031943321, 0.11741679906845093, 0.07833994179964066, 0.504391074180603, 0.03545687720179558, 0.0299889724701643, 4.321824962971732e-05, 6.188063707668334e-06, -9.398760994372424e-06]]","[0.02510400116443634, -0.07715222239494324, 0.27126193046569824, 0.3376343250274658, 0.16225698590278625, -0.011077821254730225]","[1, 30]",104.878813985,-0.10093938559293747,5.0,768.0,1747830194.511235,2.0,
769,"[0.5043907761573792, 0.035457879304885864, 0.02998971939086914]","[-0.9398943781852722, -0.018327176570892334, -0.9653666615486145, 0.20457518100738525]",False,"[0.511066198348999, -0.06526155769824982, 0.029999999329447746]","[[0.5385672450065613, 0.03648436814546585, 0.07057614624500275, 0.07979821413755417, 0.5043907761573792, 0.035457879304885864, 0.02998971939086914, 9.36958531383425e-06, -6.477199887555685e-10, -9.912668247125112e-06]]","[0.06635671854019165, -0.0845722109079361, 0.18328513205051422, 0.2627307176589966, 0.19490095973014832, 0.027592182159423828]","[1, 30]",105.006045486,-0.10094040632247925,5.0,769.0,1747830194.637855,3.0,
770,"[0.5043860673904419, 0.035420291125774384, 0.02998984232544899]","[-0.7109010219573975, -0.33539730310440063, -0.7129886150360107, -0.0521777868270874]",False,"[0.511066198348999, -0.06526155769824982, 0.029999999329447746]","[[0.5095413327217102, 0.023881737142801285, 0.035113245248794556, 0.07766519486904144, 0.5043860673904419, 0.035420291125774384, 0.02998984232544899, 5.970845222691423e-07, 1.2719979736175446e-07, 0.0001308182836510241]]","[0.015090666711330414, 0.2254728376865387, 0.16597023606300354, 0.2964634895324707, 0.20459449291229248, 0.0758194774389267]","[1, 30]",105.133174575,-0.1009032130241394,5.0,770.0,1747830194.7650461,4.0,
772,"[0.5082072019577026, 0.03165813907980919, 0.029989490285515785]","[0.6088253259658813, -0.901911735534668, 0.20657646656036377, -0.8090481758117676]",False,"[0.511066198348999, -0.06526155769824982, 0.029999999329447746]","[[0.5157544016838074, 0.013651931658387184, 0.03199705481529236, 0.048369795083999634, 0.5082072019577026, 0.03165813907980919, 0.029989490285515785, -8.470196917187423e-05, 7.241602725116536e-05, 0.01554128061980009]]","[0.08378667384386063, 0.47679731249809265, 0.122353196144104, 0.22565075755119324, -0.01761247217655182, 0.2955601215362549]","[1, 30]",105.38736809,-0.0969618558883667,5.0,772.0,1747830195.0188088,6.0,
776,"[0.5136845111846924, -0.004948436748236418, 0.03052588552236557]","[-0.3755037784576416, -0.9368985891342163, 0.1594306230545044, -0.494870662689209]",False,"[0.511066198348999, -0.06526155769824982, 0.029999999329447746]","[[0.5121361017227173, -0.02068617008626461, 0.036243975162506104, 0.050233084708452225, 0.5136845111846924, -0.004948436748236418, 0.03052588552236557, 0.01811031624674797, 7.51292536733672e-05, 0.052717939019203186]]","[0.5480153560638428, 0.17067107558250427, 0.10025373101234436, -0.42352062463760376, -0.28751981258392334, 0.16097161173820496]","[1, 30]",105.921380746,-0.06037221476435661,5.0,776.0,1747830195.5515325,10.0,
777,"[0.4726323187351227, 0.24263818562030792, 0.029999999329447746]","[-0.4419177770614624, -0.9339380264282227, 0.16464769840240479, -0.4977320432662964]",True,"[0.4465423822402954, -0.2360667735338211, 0.029999999329447746]","[[0.6384396553039551, -2.194472251484947e-12, 0.19740013778209686, 0, 0.4726323187351227, 0.24263818562030792, 0.029999999329447746, 0, 0, 0]]","[0.6280611753463745, 0.002736598253250122, 0.06497916579246521, -0.5403966307640076, -0.3013579547405243, 0.1774558573961258]","[1, 30]",106.150891955,-0.04163876920938492,5.0,777.0,1747830195.6804042,11.0,
778,"[0.4545423090457916, -0.17681480944156647, 0.02998734824359417]","[-0.380068302154541, -0.9854142665863037, -0.8288313746452332, 0.6654715538024902]",False,"[0.6836355924606323, -0.26817604899406433, 0.029999999329447746]","[[0.6306439638137817, -0.02441834658384323, 0.16892042756080627, 0.05845657363533974, 0.4545423090457916, -0.17681480944156647, 0.02998734824359417, -7.362991891568527e-05, 1.7159907656605355e-05, 7.197692411864409e-06]]","[0.27901509404182434, -0.3000528812408447, 0.2587205767631531, -0.00014390796422958374, 0.24217018485069275, 0.10278937220573425]","[1, 30]",106.279396733,-0.24663862586021423,6.0,778.0,1747830195.9099011,0.0,
781,"[0.45454293489456177, -0.17681799829006195, 0.029989909380674362]","[-0.9405035376548767, -0.9474230408668518, -0.6553181409835815, 0.20382654666900635]",False,"[0.6836355924606323, -0.26817604899406433, 0.029999999329447746]","[[0.5196524262428284, -0.16192808747291565, 0.09128125756978989, 0.07996127754449844, 0.45454293489456177, -0.17681799829006195, 0.029989909380674362, 8.125892918542377e-07, 2.3385134682030184e-06, 2.5726474632392637e-05]]","[0.018323153257369995, 0.09501239657402039, 0.21494033932685852, -0.13833582401275635, 0.30755001306533813, -0.12390376627445221]","[1, 30]",106.665481964,-0.24663685262203217,6.0,781.0,1747830196.2958534,3.0,
782,"[0.4545429050922394, -0.17681798338890076, 0.029989982023835182]","[-0.957835853099823, -0.24890363216400146, -0.9154623746871948, 0.05357539653778076]",False,"[0.6836355924606323, -0.26817604899406433, 0.029999999329447746]","[[0.48278677463531494, -0.17398805916309357, 0.04989182576537132, 0.07999512553215027, 0.4545429050922394, -0.17681798338890076, 0.029989982023835182, 1.4902593648002949e-07, 4.501387707023241e-07, 2.5800190996960737e-05]]","[-0.025079242885112762, 0.1683385968208313, 0.2038748860359192, -0.13501381874084473, 0.15243589878082275, -0.07451985776424408]","[1, 30]",106.794646839,-0.24663688242435455,6.0,782.0,1747830196.4245234,4.0,
783,"[0.4545429050922394, -0.17681799829006195, 0.02998999133706093]","[-0.7967174649238586, -0.032030463218688965, -0.4641653299331665, -0.1319839358329773]",False,"[0.6836355924606323, -0.26817604899406433, 0.029999999329447746]","[[0.45035111904144287, -0.17492882907390594, 0.028095057234168053, 0.06840119510889053, 0.4545429050922394, -0.17681799829006195, 0.02998999133706093, 8.333533685345174e-08, 2.0294433511480747e-07, 2.630213748489041e-05]]","[-0.21337521076202393, 0.08644011616706848, 0.12969118356704712, -0.15891733765602112, -0.012128867208957672, -0.09166666120290756]","[1, 30]",106.924276605,-0.24663688242435455,6.0,783.0,1747830196.553677,5.0,
786,"[0.46732181310653687, -0.17983509600162506, 0.029989885166287422]","[0.9283938407897949, 0.28137731552124023, 0.7393522262573242, -0.9597110748291016]",False,"[0.6836355924606323, -0.26817604899406433, 0.029999999329447746]","[[0.4901086688041687, -0.17661626636981964, 0.023331085219979286, 0.05249530449509621, 0.46732181310653687, -0.17983509600162506, 0.029989885166287422, 1.6212536593229743e-06, 1.7823098232838674e-06, -0.03626071661710739]]","[0.5103117823600769, -0.17947188019752502, -0.19447967410087585, -0.4251485764980316, -0.41498056054115295, 0.25459206104278564]","[1, 30]",107.314694129,-0.23365738987922668,6.0,786.0,1747830196.943488,8.0,
787,"[0.4745663106441498, -0.1779167503118515, 0.029989775270223618]","[0.8324090242385864, 0.2315911054611206, 0.6737656593322754, -0.9461076259613037]",False,"[0.6836355924606323, -0.26817604899406433, 0.029999999329447746]","[[0.49991375207901, -0.16197822988033295, 0.023404210805892944, 0.05214739963412285, 0.4745663106441498, -0.1779167503118515, 0.029989775270223618, -7.06732134858612e-06, 3.5391965411690762e-06, 0.04825941473245621]]","[0.6533576846122742, -0.18845897912979126, -0.09095600247383118, -0.2631795406341553, -0.5291535258293152, 0.2061702460050583]","[1, 30]",107.44496715,-0.22772067785263062,6.0,787.0,1747830197.0737226,9.0,
791,"[0.5120031237602234, -0.16604730486869812, 0.02998984232544899]","[0.5136377811431885, 0.183213472366333, 0.4498317241668701, -0.5248875617980957]",False,"[0.6836355924606323, -0.26817604899406433, 0.029999999329447746]","[[0.5439145565032959, -0.15704260766506195, 0.02348262630403042, 0.05244032293558121, 0.5120031237602234, -0.16604730486869812, 0.02998984232544899, 1.2568439444748947e-07, 4.952913968736539e-06, -0.010341698303818703]]","[1.127945065498352, -0.798954963684082, 0.11546087265014648, -0.3983845114707947, -0.21998901665210724, 0.377991259098053]","[1, 30]",107.961978657,-0.19971977174282074,6.0,791.0,1747830197.5925603,13.0,
793,"[0.5200973153114319, -0.16699042916297913, 0.02998998761177063]","[0.7380013465881348, -0.8085001111030579, 0.0635298490524292, -0.15267062187194824]",False,"[0.6836355924606323, -0.26817604899406433, 0.029999999329447746]","[[0.5774213075637817, -0.20848050713539124, 0.022583505138754845, 0.039778731763362885, 0.5200973153114319, -0.16699042916297913, 0.02998998761177063, -1.9821037255951524e-08, 4.1360613067809027e-07, -0.0803857073187828]]","[1.2655338048934937, -1.0601041316986084, -0.06739124655723572, -0.39542871713638306, 0.13187798857688904, 0.18729044497013092]","[1, 30]",108.215430971,-0.1923104226589203,6.0,793.0,1747830197.848451,15.0,
794,"[0.5200973749160767, -0.1669904887676239, 0.029989982023835182]","[0.8088744878768921, -0.8291827440261841, -0.7954258918762207, 0.1943373680114746]",False,"[0.6836355924606323, -0.26817604899406433, 0.029999999329447746]","[[0.6039471626281738, -0.23825055360794067, 0.012148069217801094, 0.0568496473133564, 0.5200973749160767, -0.1669904887676239, 0.029989982023835182, 1.0900453872864091e-07, 5.187179681342968e-07, -0.08038431406021118]]","[1.3757725954055786, -1.2782844305038452, -0.08520510792732239, -0.3937339186668396, 0.3072417974472046, 0.2912166714668274]","[1, 30]",108.340085068,-0.19231033325195312,6.0,794.0,1747830197.9743466,16.0,
796,"[0.5200974345207214, -0.1669905185699463, 0.029989998787641525]","[0.5760543346405029, -0.49097228050231934, -0.4774320125579834, -0.1482641100883484]",False,"[0.6836355924606323, -0.26817604899406433, 0.029999999329447746]","[[0.6266675591468811, -0.28148582577705383, 0.002997682662680745, 0.05684013292193413, 0.5200974345207214, -0.1669905185699463, 0.029989998787641525, 1.2783926806037016e-08, 5.6794817737682024e-08, -0.08038367331027985]]","[1.9039560556411743, -1.7811652421951294, -0.4182511866092682, -0.38377296924591064, 0.6930707693099976, 0.07608966529369354]","[1, 30]",108.588963576,-0.19231027364730835,6.0,796.0,1747830198.223714,18.0,
798,"[0.5200982093811035, -0.16699115931987762, 0.029989883303642273]","[0.7779772281646729, -0.8714489340782166, -0.22303426265716553, -0.3459559679031372]",False,"[0.6836355924606323, -0.26817604899406433, 0.029999999329447746]","[[0.6526237726211548, -0.3333173990249634, 0.005043527111411095, 0.003000260330736637, 0.5200982093811035, -0.16699115931987762, 0.029989883303642273, 1.2839856253776816e-06, 4.817785793420626e-06, -0.08037121593952179]]","[2.2912561893463135, -2.051731824874878, -1.688019871711731, -0.4961434602737427, 1.436671257019043, -0.31560835242271423]","[1, 30]",108.836505337,-0.19230927526950836,6.0,798.0,1747830198.4717302,20.0,
800,"[0.5200989246368408, -0.16699178516864777, 0.029989877715706825]","[0.34511899948120117, 0.0043610334396362305, -0.3226219415664673, -0.03898507356643677]",False,"[0.6836355924606323, -0.26817604899406433, 0.029999999329447746]","[[0.6586560010910034, -0.33641180396080017, 0.0037388030905276537, 6.016405677655712e-05, 0.5200989246368408, -0.16699178516864777, 0.029989877715706825, 1.2840200724895112e-06, 4.996143161406508e-06, -0.08035749197006226]]","[1.6803297996520996, -1.7776707410812378, -1.7162729501724243, -0.05710875988006592, 1.7416369915008545, -0.38704466819763184]","[1, 30]",109.08322672,-0.19230833649635315,6.0,800.0,1747830198.7187126,22.0,
802,"[0.5200996994972229, -0.1669924259185791, 0.029989877715706825]","[0.07545459270477295, 0.26851022243499756, 0.38249313831329346, -0.4198650121688843]",False,"[0.6836355924606323, -0.26817604899406433, 0.029999999329447746]","[[0.6674177050590515, -0.3284808099269867, 0.014318636618554592, 2.6959517072100425e-06, 0.5200996994972229, -0.1669924259185791, 0.029989877715706825, 1.2840537237934768e-06, 5.002385933039477e-06, -0.08034376800060272]]","[1.1701351404190063, -1.483574628829956, -1.5225132703781128, 0.4037671685218811, 1.6937366724014282, -0.5747589468955994]","[1, 30]",109.331880226,-0.19230733811855316,6.0,802.0,1747830198.967572,24.0,
803,"[0.5201000571250916, -0.16699275374412537, 0.029989877715706825]","[0.2703738212585449, 0.07903146743774414, 0.06303596496582031, -0.21267390251159668]",False,"[0.6836355924606323, -0.26817604899406433, 0.029999999329447746]","[[0.6752943992614746, -0.3235321640968323, 0.018119100481271744, 4.4511071450870077e-07, 0.5201000571250916, -0.16699275374412537, 0.029989877715706825, 1.2840706631322973e-06, 5.002526449970901e-06, -0.08033690601587296]]","[0.9308125376701355, -1.2274662256240845, -1.4621175527572632, 0.6981680393218994, 1.6588393449783325, -1.0355868339538574]","[1, 30]",109.455887069,-0.19230686128139496,6.0,803.0,1747830199.090909,25.0,
805,"[0.5201007723808289, -0.1669933944940567, 0.029989877715706825]","[0.2798503637313843, -0.05908733606338501, 0.16098177433013916, -0.2943041920661926]",False,"[0.6836355924606323, -0.26817604899406433, 0.029999999329447746]","[[0.6877577304840088, -0.3164718449115753, 0.03370055556297302, 1.3404849141807063e-07, 0.5201007723808289, -0.1669933944940567, 0.029989877715706825, 1.2841044281231007e-06, 5.002471425541444e-06, -0.08032318204641342]]","[0.8461883664131165, -1.1948450803756714, -1.372989535331726, 0.8057763576507568, 1.436205506324768, -1.1551281213760376]","[1, 30]",109.703965786,-0.19230592250823975,6.0,805.0,1747830199.339221,27.0,
807,"[0.5201014876365662, -0.16699403524398804, 0.029989877715706825]","[0.1395857334136963, 0.010657787322998047, 0.5697176456451416, -0.6138932704925537]",False,"[0.6836355924606323, -0.26817604899406433, 0.029999999329447746]","[[0.6944288611412048, -0.31104156374931335, 0.056777119636535645, 7.516743494306866e-08, 0.5201014876365662, -0.16699403524398804, 0.029989877715706825, 1.284138193113904e-06, 5.002375019103056e-06, -0.08030945807695389]]","[0.6072939038276672, -1.2104169130325317, -1.7747400999069214, 0.7102577090263367, 1.5048331022262573, -1.311566710472107]","[1, 30]",109.950120726,-0.19230496883392334,6.0,807.0,1747830199.585778,29.0,
810,"[0.5201026201248169, -0.16699498891830444, 0.029989877715706825]","[-0.30052489042282104, 0.3319917917251587, 0.2586709260940552, -0.6599833965301514]",False,"[0.6836355924606323, -0.26817604899406433, 0.029999999329447746]","[[0.688358724117279, -0.3128702938556671, 0.10665865987539291, 2.0444913673145493e-07, 0.5201026201248169, -0.16699498891830444, 0.029989877715706825, 1.2841888974435278e-06, 5.0022281357087195e-06, -0.08028887212276459]]","[-0.19875633716583252, -0.7190704345703125, -1.6754475831985474, 1.237574815750122, 1.6704373359680176, -1.9719409942626953]","[1, 30]",110.315788714,-0.19230350852012634,6.0,810.0,1747830199.9529753,32.0,
813,"[0.5201036930084229, -0.16699595749378204, 0.029989877715706825]","[-0.3422785997390747, 0.4257974624633789, -0.6411554217338562, -0.6497406959533691]",False,"[0.6836355924606323, -0.26817604899406433, 0.029999999329447746]","[[0.6722021698951721, -0.2723211646080017, 0.041909486055374146, 2.0518129417723685e-07, 0.5201036930084229, -0.16699595749378204, 0.029989877715706825, 1.284239488086314e-06, 5.002081707061734e-06, -0.08026828616857529]]","[-0.38881659507751465, -0.6369692087173462, -1.4799376726150513, 1.6255247592926025, 1.9813189506530762, -2.2524516582489014]","[1, 30]",110.682920965,-0.19230209290981293,6.0,813.0,1747830200.318852,35.0,
814,"[0.5201040506362915, -0.16699627041816711, 0.029989877715706825]","[-0.29281723499298096, 0.22477960586547852, -0.6991484761238098, -0.7263829708099365]",False,"[0.6836355924606323, -0.26817604899406433, 0.029999999329447746]","[[0.6635075807571411, -0.2643153667449951, 0.006007621064782143, 8.444100240012631e-05, 0.5201040506362915, -0.16699627041816711, 0.029989877715706825, 1.2842564274251345e-06, 5.002032594347838e-06, -0.08026142418384552]]","[-0.4992642402648926, -0.5872070789337158, -1.355109691619873, 1.7569990158081055, 2.027585744857788, -2.3092057704925537]","[1, 30]",110.806968554,-0.19230161607265472,6.0,814.0,1747830200.4419594,36.0,
815,"[0.5201044082641602, -0.16699659824371338, 0.029989877715706825]","[-0.2462611198425293, 0.001710653305053711, -0.775079607963562, -0.7849411964416504]",False,"[0.6836355924606323, -0.26817604899406433, 0.029999999329447746]","[[0.660753071308136, -0.266697496175766, 0.006188840139657259, 6.427343578252476e-06, 0.5201044082641602, -0.16699659824371338, 0.029989877715706825, 1.2842732530771173e-06, 5.0019834816339426e-06, -0.08025456219911575]]","[-0.6394869685173035, -0.4126719534397125, -1.1819543838500977, 1.7969753742218018, 1.9265244007110596, -2.258899211883545]","[1, 30]",110.931180831,-0.19230113923549652,6.0,815.0,1747830200.5660243,37.0,
816,"[0.5201047658920288, -0.16699691116809845, 0.029989877715706825]","[-0.11420512199401855, -0.3991051912307739, -0.8704138398170471, -0.7990837097167969]",False,"[0.6836355924606323, -0.26817604899406433, 0.029999999329447746]","[[0.6610202789306641, -0.2689860165119171, 0.004315315280109644, 8.771766442805529e-05, 0.5201047658920288, -0.16699691116809845, 0.029989877715706825, 1.2842901924159378e-06, 5.001934823667398e-06, -0.08024770021438599]]","[-0.7258389592170715, -0.18049845099449158, -1.0589678287506104, 1.9785008430480957, 1.8992094993591309, -2.3174333572387695]","[1, 30]",111.057418857,-0.1923006772994995,6.0,816.0,1747830200.6902213,38.0,
819,"[0.5201058983802795, -0.16699786484241486, 0.029989877715706825]","[0.18552637100219727, -0.8822652101516724, -0.969176173210144, -0.6799588203430176]",False,"[0.6836355924606323, -0.26817604899406433, 0.029999999329447746]","[[0.6701130270957947, -0.3121373653411865, 0.00310099171474576, 6.342002598103136e-05, 0.5201058983802795, -0.16699786484241486, 0.029989877715706825, 1.2843408967455616e-06, 5.001787940273061e-06, -0.08022711426019669]]","[-0.7667965292930603, 0.6007562875747681, -0.8831056356430054, 2.341449737548828, 1.928560733795166, -2.367424964904785]","[1, 30]",111.435010026,-0.19229921698570251,6.0,819.0,1747830201.0685768,41.0,
820,"[0.5201062560081482, -0.16699819266796112, 0.029989877715706825]","[0.19449269771575928, -0.8617446422576904, -0.9713422656059265, -0.5744200944900513]",False,"[0.6836355924606323, -0.26817604899406433, 0.029999999329447746]","[[0.6726434826850891, -0.32845616340637207, 0.003366939490661025, 0.00010423671483295038, 0.5201062560081482, -0.16699819266796112, 0.029989877715706825, 1.2843577223975444e-06, 5.001738827559166e-06, -0.08022025227546692]]","[-0.762507438659668, 0.7372641563415527, -0.8557286262512207, 2.3786025047302246, 1.9299063682556152, -2.356189489364624]","[1, 30]",111.560117622,-0.1922987401485443,6.0,820.0,1747830201.1939886,42.0,
822,"[0.5201069712638855, -0.16699883341789246, 0.029989877715706825]","[0.2312939167022705, -0.7727663516998291, -0.9704654216766357, -0.4293900728225708]",False,"[0.6836355924606323, -0.26817604899406433, 0.029999999329447746]","[[0.6761046648025513, -0.3561995029449463, 0.0038351232651621103, 0.00010565663251327351, 0.5201069712638855, -0.16699883341789246, 0.029989877715706825, 1.2843914873883477e-06, 5.001641056878725e-06, -0.08020652830600739]]","[-0.7661812901496887, 0.9209367036819458, -0.7799450159072876, 2.412597894668579, 1.9087505340576172, -2.2916758060455322]","[1, 30]",111.809787329,-0.1922977864742279,6.0,822.0,1747830201.4443483,44.0,
824,"[0.5201076865196228, -0.1669994741678238, 0.029989877715706825]","[0.3090437650680542, -0.711843729019165, -0.9655212759971619, -0.33698928356170654]",False,"[0.6836355924606323, -0.26817604899406433, 0.029999999329447746]","[[0.6782957911491394, -0.3778778314590454, 0.004376869183033705, 0.00012275189510546625, 0.5201076865196228, -0.1669994741678238, 0.029989877715706825, 1.284425252379151e-06, 5.0015432861982845e-06, -0.08019280433654785]]","[-0.8081051707267761, 1.0085471868515015, -0.6973944902420044, 2.4211292266845703, 1.8830058574676514, -2.2311761379241943]","[1, 30]",112.062335444,-0.1922968477010727,6.0,824.0,1747830201.6951308,46.0,
825,"[0.5201080441474915, -0.16699978709220886, 0.029989877715706825]","[0.3422199487686157, -0.690234899520874, -0.9627425074577332, -0.3161149024963379]",False,"[0.6836355924606323, -0.26817604899406433, 0.029999999329447746]","[[0.6790104508399963, -0.38678136467933655, 0.004700058605521917, 9.15009222808294e-05, 0.5201080441474915, -0.16699978709220886, 0.029989877715706825, 1.2844421917179716e-06, 5.001494173484389e-06, -0.08018594235181808]]","[-0.8195561170578003, 1.0143954753875732, -0.6672264337539673, 2.421461582183838, 1.8439642190933228, -2.205378293991089]","[1, 30]",112.188458774,-0.1922963708639145,6.0,825.0,1747830201.821363,47.0,
831,"[0.4722807705402374, 0.2077207714319229, 0.029988927766680717]","[-0.9562584161758423, 0.9481501579284668, -0.8256391882896423, 0.48477602005004883]",False,"[0.6024497151374817, 0.0614137127995491, 0.029999999329447746]","[[0.5341032147407532, 0.11519889533519745, 0.18521235883235931, 0.07991080731153488, 0.4722807705402374, 0.2077207714319229, 0.029988927766680717, 4.465243182494305e-05, 6.188512543303659e-06, -1.249234628630802e-05]]","[-0.08567411452531815, 0.03357705473899841, 0.24244099855422974, 0.5044072270393372, 0.15913346409797668, -0.052618712186813354]","[1, 30]",113.124003026,-0.1958308219909668,7.0,831.0,1747830202.7440598,3.0,
837,"[0.47778603434562683, 0.20104430615901947, 0.029984744265675545]","[0.8402293920516968, -0.9305213093757629, 0.6511292457580566, -0.8361753821372986]",False,"[0.6024497151374817, 0.0614137127995491, 0.029999999329447746]","[[0.48740214109420776, 0.1838601678609848, 0.030863886699080467, 0.04797836020588875, 0.47778603434562683, 0.20104430615901947, 0.029984744265675545, -0.00016834147390909493, 6.708871751470724e-06, 0.057852230966091156]]","[0.6029448509216309, 0.5637809038162231, 0.09177903831005096, -0.14422863721847534, -0.0423770472407341, 0.4438976049423218]","[1, 30]",113.896225145,-0.1871836930513382,7.0,837.0,1747830203.5268908,9.0,
841,"[0.5182670950889587, 0.1663830429315567, 0.030063102021813393]","[0.6753799915313721, -0.8712224364280701, 0.46139657497406006, -0.7644147872924805]",False,"[0.6024497151374817, 0.0614137127995491, 0.029999999329447746]","[[0.5288103222846985, 0.15297482907772064, 0.030999314039945602, 0.05175891891121864, 0.5182670950889587, 0.1663830429315567, 0.030063102021813393, 0.0024528491776436567, -1.3280214261612855e-05, 0.0023293890990316868]]","[0.9114319682121277, 0.0641055703163147, 0.30844199657440186, -0.3360600173473358, -0.27200329303741455, 0.45606333017349243]","[1, 30]",114.411129639,-0.1345558613538742,7.0,841.0,1747830204.0416589,13.0,
843,"[0.5378998517990112, 0.13354727625846863, 0.029989654198288918]","[0.5025968551635742, -0.7949538230895996, 0.36836087703704834, -0.5139784216880798]",False,"[0.6024497151374817, 0.0614137127995491, 0.029999999329447746]","[[0.5485995411872864, 0.12023759633302689, 0.031080452725291252, 0.05175646394491196, 0.5378998517990112, 0.13354727625846863, 0.029989654198288918, 3.7376755699369824e-06, -1.5352421542047523e-05, -0.012487078085541725]]","[1.0778248310089111, -0.36147940158843994, 0.25622865557670593, -0.4299313724040985, -0.11700396239757538, 0.3442402482032776]","[1, 30]",114.668449146,-0.09679842740297318,7.0,843.0,1747830204.299004,15.0,
845,"[0.5510547161102295, 0.09070973098278046, 0.029989762231707573]","[0.5597090721130371, -0.6589241027832031, 0.2614351511001587, -0.6873098611831665]",False,"[0.6024497151374817, 0.0614137127995491, 0.029999999329447746]","[[0.5616863965988159, 0.07777038961648941, 0.03155073896050453, 0.052114345133304596, 0.5510547161102295, 0.09070973098278046, 0.029989762231707573, 0.0018160886829718947, -0.001820211997255683, -0.027888741344213486]]","[1.6073354482650757, -1.2560921907424927, -0.16920915246009827, -0.6858159899711609, -0.03606081008911133, 0.12642328441143036]","[1, 30]",114.925940896,-0.05915828421711922,7.0,845.0,1747830204.555518,17.0,
847,"[0.6579650044441223, 0.19565874338150024, 0.0299898199737072]","[0.2263474464416504, 0.38994061946868896, 0.17402994632720947, 0.7275527715682983]",False,"[0.6661670804023743, -0.04114091768860817, 0.029999999329447746]","[[0.6448944211006165, 0.014799065887928009, 0.20374318957328796, 0.0639105811715126, 0.6579650044441223, 0.19565874338150024, 0.0299898199737072, 1.0719993042584974e-05, 3.3503115446364973e-06, 3.5290363484818954e-06]]","[0.16882506012916565, -0.1348031908273697, 0.36921659111976624, 0.2891433835029602, -0.007948704063892365, -0.2639039158821106]","[1, 30]",115.298839172,-0.23694166541099548,8.0,847.0,1747830204.9299543,0.0,
848,"[0.657964825630188, 0.19565898180007935, 0.029989777132868767]","[-0.08281373977661133, 0.98445725440979, -0.181770920753479, 0.8686351776123047]",False,"[0.6661670804023743, -0.04114091768860817, 0.029999999329447746]","[[0.6430183053016663, 0.046842798590660095, 0.1964547336101532, 0.07804391533136368, 0.657964825630188, 0.19565898180007935, 0.029989777132868767, 1.2199959201097954e-05, 3.350321094330866e-06, 7.288826509466162e-06]]","[0.09718120098114014, -0.19873389601707458, 0.2660982012748718, 0.44411951303482056, 0.07911154627799988, -0.10757362842559814]","[1, 30]",115.427196779,-0.23694191873073578,8.0,848.0,1747830205.0578418,1.0,
849,"[0.6579647064208984, 0.19565925002098083, 0.02998976781964302]","[0.0007590055465698242, 0.9878995418548584, -0.30705976486206055, 0.8268852233886719]",False,"[0.6661670804023743, -0.04114091768860817, 0.029999999329447746]","[[0.6413363218307495, 0.09323017299175262, 0.18216481804847717, 0.07976222038269043, 0.6579647064208984, 0.19565925002098083, 0.02998976781964302, 1.2479092220019083e-05, 3.350324277562322e-06, 1.104863258660771e-05]]","[-0.044230423867702484, -0.0050501227378845215, 0.29962462186813354, 0.5181211233139038, 0.11568044126033783, -0.024536818265914917]","[1, 30]",115.555289108,-0.23694218695163727,8.0,849.0,1747830205.186211,2.0,
853,"[0.6579822897911072, 0.19563616812229156, 0.029989950358867645]","[0.2862595319747925, -0.927314043045044, -0.07937568426132202, -0.5539748668670654]",False,"[0.6661670804023743, -0.04114091768860817, 0.029999999329447746]","[[0.6568737030029297, 0.18605084717273712, 0.022603638470172882, 0.056719738990068436, 0.6579822897911072, 0.19563616812229156, 0.029989950358867645, -5.335255348626333e-09, 1.6687949937477242e-06, 7.898435433162376e-05]]","[0.07429058849811554, 0.40506336092948914, 0.06532397866249084, 0.20235735177993774, 0.2015933096408844, 0.1283414363861084]","[1, 30]",116.073636092,-0.23691850900650024,8.0,853.0,1747830205.7015927,6.0,
854,"[0.6528503894805908, 0.19012928009033203, 0.031022945418953896]","[-0.5563803315162659, -0.957413375377655, 0.6781905889511108, -0.8495784997940063]",False,"[0.6661670804023743, -0.04114091768860817, 0.029999999329447746]","[[0.6365960836410522, 0.171495720744133, 0.025472545996308327, 0.04957985132932663, 0.6528503894805908, 0.19012928009033203, 0.031022945418953896, 0.0350625179708004, -3.6931742215529084e-05, 0.1118697077035904]]","[0.09705815464258194, 0.5204095840454102, 0.2413046658039093, 0.03922685980796814, 0.011503741145133972, 0.1520470827817917]","[1, 30]",116.203997666,-0.2316555380821228,8.0,854.0,1747830205.8326423,7.0,
861,"[0.6551485061645508, 0.10083222389221191, 0.029987623915076256]","[-0.06069636344909668, -0.9797118306159973, -0.9538155198097229, 0.6707421541213989]",False,"[0.6661670804023743, -0.04114091768860817, 0.029999999329447746]","[[0.6212249994277954, 0.0655709058046341, 0.02121487446129322, 0.07991940528154373, 0.6551485061645508, 0.10083222389221191, 0.029987623915076256, 1.6052395949373022e-05, 6.879224383737892e-05, 1.1710765361785889]]","[0.9747083187103271, -0.25426506996154785, 0.2050081491470337, -0.37179917097091675, -0.1764850616455078, 0.5170848965644836]","[1, 30]",117.112759912,-0.14240007102489471,8.0,861.0,1747830206.7411642,14.0,
866,"[0.6583574414253235, 0.09968480467796326, 0.02998998761177063]","[-0.19573062658309937, -0.9987608194351196, -0.8577059507369995, -0.49897193908691406]",False,"[0.6661670804023743, -0.04114091768860817, 0.029999999329447746]","[[0.5984480977058411, -0.012690807692706585, 0.006022911984473467, 0.005516708362847567, 0.6583574414253235, 0.09968480467796326, 0.02998998761177063, 7.548912606125668e-08, -3.411470004266448e-07, 1.1470175981521606]]","[1.6505006551742554, -1.4467672109603882, -0.09551358222961426, -0.2812858819961548, 0.3887104392051697, 0.2892184853553772]","[1, 30]",117.76007357,-0.141042098402977,8.0,866.0,1747830207.390024,19.0,
867,"[0.6583574414253235, 0.09968481212854385, 0.029989996924996376]","[-0.11292076110839844, -0.9777203798294067, -0.5228725075721741, -0.4958677291870117]",False,"[0.6661670804023743, -0.04114091768860817, 0.029999999329447746]","[[0.5981119871139526, -0.016520582139492035, 0.005184639245271683, 0.0006098652957007289, 0.6583574414253235, 0.09968481212854385, 0.029989996924996376, 1.4199864395436634e-08, -6.435301003193672e-08, 1.1470175981521606]]","[2.070923328399658, -1.9093611240386963, -0.4668385684490204, -0.6516358256340027, 0.6297874450683594, 0.49921196699142456]","[1, 30]",117.889552919,-0.14104211330413818,8.0,867.0,1747830207.5191102,20.0,
868,"[0.6583574414253235, 0.09968481212854385, 0.029989998787641525]","[-0.2120179533958435, -0.9725362658500671, -0.6363540887832642, 0.03711533546447754]",False,"[0.6661670804023743, -0.04114091768860817, 0.029999999329447746]","[[0.597264289855957, -0.022808624431490898, 0.00573083758354187, 0.0038652673829346895, 0.6583574414253235, 0.09968481212854385, 0.029989998787641525, 3.267681458751781e-09, -1.1785141751374795e-08, 1.1470175981521606]]","[1.951863169670105, -1.9690355062484741, -0.3346666991710663, -0.3741733431816101, 0.7166546583175659, 0.07344190776348114]","[1, 30]",118.0185056,-0.14104211330413818,8.0,868.0,1747830207.648554,21.0,
869,"[0.6583575010299683, 0.09968479722738266, 0.029989993199706078]","[-0.31432586908340454, -0.9472724795341492, -0.6619778275489807, -0.10306394100189209]",False,"[0.6661670804023743, -0.04114091768860817, 0.029999999329447746]","[[0.5932953953742981, -0.0428345613181591, 0.005808820482343435, 0.0004661893763113767, 0.6583575010299683, 0.09968479722738266, 0.029989993199706078, 2.6999632041224686e-07, -3.538397908009472e-10, 1.1470179557800293]]","[1.9711805582046509, -2.0671162605285645, -0.8030816316604614, -0.5206653475761414, 1.080539345741272, -0.12427200376987457]","[1, 30]",118.14666289,-0.141042098402977,8.0,869.0,1747830207.7775283,22.0,
872,"[0.6583578586578369, 0.09968433529138565, 0.029989873990416527]","[-0.7521735429763794, -0.7876731157302856, -0.7228119969367981, 0.16105210781097412]",False,"[0.6661670804023743, -0.04114091768860817, 0.029999999329447746]","[[0.5343652367591858, -0.1347910314798355, 0.006089586764574051, 0.06638263911008835, 0.6583578586578369, 0.09968433529138565, 0.029989873990416527, 5.584663995250594e-06, -9.450056381865579e-07, 1.1470286846160889]]","[1.639359712600708, -1.6991097927093506, -1.4245827198028564, -0.4061131477355957, 1.5522254705429077, -0.9536190629005432]","[1, 30]",118.533472452,-0.1410416066646576,8.0,872.0,1747830208.163298,25.0,
873,"[0.6583580374717712, 0.09968414902687073, 0.02998986840248108]","[-0.6946021914482117, -0.7393112778663635, -0.49193328619003296, 0.1598806381225586]",False,"[0.6661670804023743, -0.04114091768860817, 0.029999999329447746]","[[0.5178073644638062, -0.167205348610878, 0.005963840056210756, 0.0783466324210167, 0.6583580374717712, 0.09968414902687073, 0.02998986840248108, 5.769229574070778e-06, -9.450165521229792e-07, 1.1470341682434082]]","[1.563538908958435, -1.7523847818374634, -1.6942728757858276, -0.14416834712028503, 1.867719054222107, -0.7583341002464294]","[1, 30]",118.662656997,-0.14104141294956207,8.0,873.0,1747830208.2925143,26.0,
874,"[0.6583581566810608, 0.0996839627623558, 0.02998986653983593]","[-0.8079832792282104, -0.1157044768333435, -0.24107027053833008, -0.2107904553413391]",False,"[0.6661670804023743, -0.04114091768860817, 0.029999999329447746]","[[0.4942491054534912, -0.1767166405916214, 0.006291165016591549, 0.05983053520321846, 0.6583581566810608, 0.0996839627623558, 0.02998986653983593, 5.804044121759944e-06, -9.450232596464048e-07, 1.1470396518707275]]","[1.431291103363037, -1.7792267799377441, -1.8745859861373901, -0.009525120258331299, 1.9848716259002686, -0.8211467266082764]","[1, 30]",118.792253816,-0.14104121923446655,8.0,874.0,1747830208.4217012,27.0,
875,"[0.6583583354949951, 0.09968377649784088, 0.02998986653983593]","[-0.8078270554542542, 0.22316408157348633, -0.1535320281982422, -0.4022509455680847]",False,"[0.6661670804023743, -0.04114091768860817, 0.029999999329447746]","[[0.4687539041042328, -0.1713663935661316, 0.006337927654385567, 0.02449624240398407, 0.6583583354949951, 0.09968377649784088, 0.02998986653983593, 5.810638867842499e-06, -9.450292282053852e-07, 1.1470450162887573]]","[1.2277112007141113, -1.5508719682693481, -1.6571877002716064, 0.3777872323989868, 1.8176323175430298, -0.7962436676025391]","[1, 30]",118.922214506,-0.14104102551937103,8.0,875.0,1747830208.5512893,28.0,
876,"[0.6583584547042847, 0.09968358278274536, 0.02998986653983593]","[-0.7232518792152405, 0.3322259187698364, -0.03206223249435425, -0.4250972270965576]",False,"[0.6661670804023743, -0.04114091768860817, 0.029999999329447746]","[[0.44373324513435364, -0.15987369418144226, 0.0065173860639333725, 0.002978879027068615, 0.6583584547042847, 0.09968358278274536, 0.02998986653983593, 5.811914888909087e-06, -9.450349693906901e-07, 1.1470504999160767]]","[1.2320274114608765, -1.4571701288223267, -1.6768957376480103, 0.5880191922187805, 1.9510498046875, -1.1129839420318604]","[1, 30]",119.05127502,-0.1410408318042755,8.0,876.0,1747830208.6812615,29.0,
877,"[0.6583585739135742, 0.09968339651823044, 0.02998986653983593]","[-0.7181950211524963, 0.6872402429580688, 0.44322431087493896, -0.640497624874115]",False,"[0.6661670804023743, -0.04114091768860817, 0.029999999329447746]","[[0.41186535358428955, -0.13126711547374725, 0.015975574031472206, 0.000362397579010576, 0.6583585739135742, 0.09968339651823044, 0.02998986653983593, 5.812189101561671e-06, -9.450407674194139e-07, 1.147055983543396]]","[1.1583540439605713, -1.2951207160949707, -1.6565402746200562, 0.7830590605735779, 1.9899768829345703, -1.3599298000335693]","[1, 30]",119.179200965,-0.14104063808918,8.0,877.0,1747830208.8103209,30.0,
879,"[0.6583588719367981, 0.09968302398920059, 0.02998986653983593]","[-0.22456806898117065, 0.6210962533950806, 0.5250742435455322, -0.8233732581138611]",False,"[0.6661670804023743, -0.04114091768860817, 0.029999999329447746]","[[0.38216742873191833, -0.07715967297554016, 0.05141589045524597, 5.736100320063997e-06, 0.6583588719367981, 0.09968302398920059, 0.02998986653983593, 5.812324161524884e-06, -9.450522497900238e-07, 1.1470668315887451]]","[0.860712468624115, -1.1202901601791382, -1.8761597871780396, 0.96268230676651, 1.8993151187896729, -1.672861933708191]","[1, 30]",119.436135786,-0.14104025065898895,8.0,879.0,1747830209.066292,32.0,
881,"[0.658359169960022, 0.09968265146017075, 0.02998986653983593]","[0.08786201477050781, 0.049924492835998535, 0.48665475845336914, -0.8939041495323181]",False,"[0.6661670804023743, -0.04114091768860817, 0.029999999329447746]","[[0.38554516434669495, -0.05783819407224655, 0.08090080320835114, 2.1641059788635175e-07, 0.658359169960022, 0.09968265146017075, 0.02998986653983593, 5.8124091992795e-06, -9.450637890040525e-07, 1.1470777988433838]]","[0.37115687131881714, -0.930755615234375, -1.974840760231018, 1.1339962482452393, 2.1323046684265137, -2.1561243534088135]","[1, 30]",119.692358071,-0.1410398632287979,8.0,881.0,1747830209.3234997,34.0,
882,"[0.6583592891693115, 0.09968246519565582, 0.02998986653983593]","[0.004088640213012695, 0.29745280742645264, 0.19510900974273682, -0.9056505560874939]",False,"[0.6661670804023743, -0.04114091768860817, 0.029999999329447746]","[[0.38654476404190063, -0.045433759689331055, 0.08692113310098648, 3.0316877541736176e-07, 0.6583592891693115, 0.09968246519565582, 0.02998986653983593, 5.812450581288431e-06, -9.450695301893575e-07, 1.1470832824707031]]","[0.2657986283302307, -0.8823409080505371, -1.8586269617080688, 1.2291383743286133, 2.137256145477295, -2.164226770401001]","[1, 30]",119.820138354,-0.1410396695137024,8.0,882.0,1747830209.451387,35.0,
884,"[0.6583595871925354, 0.09968208521604538, 0.02998986653983593]","[0.08244085311889648, 0.36216235160827637, -0.1715857982635498, -0.8973788022994995]",False,"[0.6661670804023743, -0.04114091768860817, 0.029999999329447746]","[[0.3903028666973114, -0.017504816874861717, 0.08430126309394836, 2.694795000479644e-07, 0.6583595871925354, 0.09968208521604538, 0.02998986653983593, 5.812533345306292e-06, -9.450810125599673e-07, 1.1470941305160522]]","[0.09696381539106369, -0.7797037363052368, -1.6428332328796387, 1.4435820579528809, 2.1430280208587646, -2.217815637588501]","[1, 30]",120.07619587,-0.14103926718235016,8.0,884.0,1747830209.7073543,37.0,
885,"[0.658359706401825, 0.09968189895153046, 0.02998986653983593]","[0.0018727779388427734, 0.24245083332061768, -0.40996623039245605, -0.9146479368209839]",False,"[0.6661670804023743, -0.04114091768860817, 0.029999999329447746]","[[0.38850462436676025, -0.009370651096105576, 0.074976846575737, 1.2311095076711354e-07, 0.658359706401825, 0.09968189895153046, 0.02998986653983593, 5.812574727315223e-06, -9.450868105886912e-07, 1.1470996141433716]]","[-0.06021294742822647, -0.6396867036819458, -1.5065947771072388, 1.5748860836029053, 2.1198387145996094, -2.299794912338257]","[1, 30]",120.203513214,-0.14103907346725464,8.0,885.0,1747830209.83525,38.0,
886,"[0.6583598852157593, 0.09968171268701553, 0.02998986653983593]","[0.08813810348510742, 0.007488608360290527, -0.6695200204849243, -0.9203431010246277]",False,"[0.6661670804023743, -0.04114091768860817, 0.029999999329447746]","[[0.39007213711738586, -0.012237828224897385, 0.05880534648895264, -2.328724713063224e-10, 0.6583598852157593, 0.09968171268701553, 0.02998986653983593, 5.8126161093241535e-06, -9.450925517739961e-07, 1.147105097770691]]","[-0.2074100375175476, -0.5148133039474487, -1.3768151998519897, 1.730794906616211, 2.1279783248901367, -2.386408567428589]","[1, 30]",120.330921138,-0.14103887975215912,8.0,886.0,1747830209.9625447,39.0,
887,"[0.6583600044250488, 0.09968152642250061, 0.02998986653983593]","[0.3117332458496094, 0.04614531993865967, -0.8078694343566895, -0.873233437538147]",False,"[0.6661670804023743, -0.04114091768860817, 0.029999999329447746]","[[0.4004932641983032, -0.014467725530266762, 0.037710800766944885, -7.336714569206038e-10, 0.6583600044250488, 0.09968152642250061, 0.02998986653983593, 5.812657946080435e-06, -9.45098292959301e-07, 1.1471105813980103]]","[-0.31589454412460327, -0.4196303188800812, -1.251355767250061, 1.9395723342895508, 2.1487908363342285, -2.4646782875061035]","[1, 30]",120.45825875,-0.1410386860370636,8.0,887.0,1747830210.0899312,40.0,
891,"[0.6583605408668518, 0.09968078136444092, 0.02998986653983593]","[0.8081367015838623, 0.8883728981018066, -0.9818432927131653, 0.19181621074676514]",False,"[0.6661670804023743, -0.04114091768860817, 0.029999999329447746]","[[0.42081210017204285, 0.009185143746435642, 0.0022177952341735363, 0.00922323577105999, 0.6583605408668518, 0.09968078136444092, 0.02998986653983593, 5.812823474116158e-06, -9.451213145439397e-07, 1.147132396697998]]","[-0.5434308648109436, 0.48121383786201477, -0.7858377695083618, 2.217978000640869, 1.903228521347046, -2.168062210083008]","[1, 30]",120.969499281,-0.14103791117668152,8.0,891.0,1747830210.600389,44.0,
892,"[0.6583607196807861, 0.0996805876493454, 0.02998986653983593]","[0.8069988489151001, 0.8779373168945312, -0.9804470539093018, 0.16516196727752686]",False,"[0.6661670804023743, -0.04114091768860817, 0.029999999329447746]","[[0.4210507571697235, 0.012469985522329807, 0.0021918665152043104, 0.012439388781785965, 0.6583607196807861, 0.0996805876493454, 0.02998986653983593, 5.812864856125088e-06, -9.451270557292446e-07, 1.1471377611160278]]","[-0.5279926657676697, 0.5094982385635376, -0.8103783130645752, 2.2242798805236816, 1.8937408924102783, -2.1518070697784424]","[1, 30]",121.097731179,-0.141037717461586,8.0,892.0,1747830210.7285733,45.0,
893,"[0.6583608388900757, 0.09968040138483047, 0.02998986653983593]","[0.8017491102218628, 0.8828222751617432, -0.979399561882019, 0.1664562225341797]",False,"[0.6661670804023743, -0.04114091768860817, 0.029999999329447746]","[[0.42121201753616333, 0.014415855519473553, 0.002135176444426179, 0.014366897754371166, 0.6583608388900757, 0.09968040138483047, 0.02998986653983593, 5.812906238134019e-06, -9.451328537579684e-07, 1.1471432447433472]]","[-0.5190074443817139, 0.4998043477535248, -0.8113253116607666, 2.2293827533721924, 1.82002592086792, -2.1319730281829834]","[1, 30]",121.225558138,-0.14103752374649048,8.0,893.0,1747830210.8567364,46.0,
894,"[0.6583609580993652, 0.09968021512031555, 0.02998986653983593]","[0.7992215156555176, 0.8873560428619385, -0.9772099256515503, 0.1420210599899292]",False,"[0.6661670804023743, -0.04114091768860817, 0.029999999329447746]","[[0.42126789689064026, 0.014485279098153114, 0.0021307424176484346, 0.016512800008058548, 0.6583609580993652, 0.09968021512031555, 0.02998986653983593, 5.812948074890301e-06, -9.451385949432733e-07, 1.1471487283706665]]","[-0.5419488549232483, 0.45478031039237976, -0.8130738735198975, 2.2461838722229004, 1.7488443851470947, -2.107544183731079]","[1, 30]",121.353952521,-0.14103733003139496,8.0,894.0,1747830210.984565,47.0,
895,"[0.6583611369132996, 0.09968002885580063, 0.02998986653983593]","[0.7986866235733032, 0.882296085357666, -0.9759832620620728, 0.1064000129699707]",False,"[0.6661670804023743, -0.04114091768860817, 0.029999999329447746]","[[0.4212978482246399, 0.013886123895645142, 0.0021655717864632607, 0.017396196722984314, 0.6583611369132996, 0.09968002885580063, 0.02998986653983593, 5.812989456899231e-06, -9.451443361285783e-07, 1.1471542119979858]]","[-0.6173386573791504, 0.4319908320903778, -0.768771767616272, 2.3379931449890137, 1.7725346088409424, -2.0960922241210938]","[1, 30]",121.485403344,-0.14103713631629944,8.0,895.0,1747830211.1129675,48.0,
896,"[0.6727470755577087, 0.2137037068605423, 0.029999999329447746]","[0.8132244348526001, 0.8597846031188965, -0.9775454998016357, 0.11638844013214111]",True,"[0.6434222459793091, -0.2090478390455246, 0.029999999329447746]","[[0.6384396553039551, -2.194472251484947e-12, 0.19740013778209686, 0, 0.6727470755577087, 0.2137037068605423, 0.029999999329447746, 0, 0, 0]]","[-0.6037781238555908, 0.4477601945400238, -0.7793935537338257, 2.142261505126953, 1.7960398197174072, -2.134014844894409]","[1, 30]",121.790722573,-0.14103694260120392,8.0,896.0,1747830211.2444715,49.0,
897,"[0.676282525062561, -0.15358951687812805, 0.02998613379895687]","[0.3039677143096924, -0.9914931654930115, 0.9522576332092285, 0.27755117416381836]",False,"[0.5481804609298706, 0.06755905598402023, 0.029999999329447746]","[[0.6412062048912048, -0.02380191534757614, 0.2124767154455185, 0.024380749091506004, 0.676282525062561, -0.15358951687812805, 0.02998613379895687, -2.3309365133172832e-05, -3.887691127602011e-05, -2.6863881430472247e-06]]","[0.19625964760780334, -0.05585016310214996, 0.3522702753543854, 0.08597414195537567, 0.18900799751281738, -0.26708006858825684]","[1, 30]",121.920337003,-0.255571573972702,9.0,897.0,1747830211.5497687,0.0,
898,"[0.6762833595275879, -0.15359142422676086, 0.029989078640937805]","[0.32308411598205566, -0.9826241731643677, -0.7757050395011902, 0.8298753499984741]",False,"[0.5481804609298706, 0.06755905598402023, 0.029999999329447746]","[[0.6609665155410767, -0.0735068991780281, 0.21575109660625458, 0.07323800772428513, 0.6762833595275879, -0.15359142422676086, 0.029989078640937805, 3.913843465852551e-05, 7.06591572452453e-06, -5.638323727907846e-06]]","[0.12056709080934525, -0.1949220597743988, 0.2742694020271301, 0.23658806085586548, 0.3838108777999878, -0.06346388906240463]","[1, 30]",122.047777388,-0.25557366013526917,9.0,898.0,1747830211.6793807,1.0,
899,"[0.676282525062561, -0.15359164774417877, 0.029988953843712807]","[0.1304168701171875, -0.982795000076294, -0.9092457294464111, 0.7657310962677002]",False,"[0.5481804609298706, 0.06755905598402023, 0.029999999329447746]","[[0.6591771245002747, -0.11368776112794876, 0.17036885023117065, 0.07917793095111847, 0.676282525062561, -0.15359164774417877, 0.029988953843712807, 4.380889004096389e-05, 6.188248335092794e-06, -9.075460184249096e-06]]","[0.020775027573108673, -0.0838727355003357, 0.2152601033449173, 0.2139592170715332, 0.3836405873298645, -0.1978960633277893]","[1, 30]",122.174408494,-0.25557342171669006,9.0,899.0,1747830211.8067992,2.0,
900,"[0.6762816905975342, -0.15359175205230713, 0.029988927766680717]","[0.28711092472076416, -0.8393039703369141, -0.9685582518577576, 0.48591887950897217]",False,"[0.5481804609298706, 0.06755905598402023, 0.029999999329447746]","[[0.6617859601974487, -0.14963814616203308, 0.117891825735569, 0.07990007102489471, 0.6762816905975342, -0.15359175205230713, 0.029988927766680717, 4.465243182494305e-05, 6.188512543303659e-06, -1.249234628630802e-05]]","[-0.038029007613658905, 0.024424314498901367, 0.24200692772865295, 0.1119806170463562, 0.3347676694393158, -0.11983801424503326]","[1, 30]",122.301557612,-0.2555730938911438,9.0,900.0,1747830211.933437,3.0,
901,"[0.6762814521789551, -0.15359070897102356, 0.029989710077643394]","[0.37467026710510254, 0.1949782371520996, -0.9818152189254761, 0.27230143547058105]",False,"[0.5481804609298706, 0.06755905598402023, 0.029999999329447746]","[[0.6655659079551697, -0.1483953297138214, 0.06044496223330498, 0.07998782396316528, 0.6762814521789551, -0.15359070897102356, 0.029989710077643394, 9.652492735767737e-06, -3.0695124220159187e-09, -1.3084686543152202e-05]]","[-0.15919479727745056, -0.20234517753124237, 0.041468143463134766, 0.10912416875362396, 0.20875000953674316, -0.05498897284269333]","[1, 30]",122.428667486,-0.2555720806121826,9.0,901.0,1747830212.060609,4.0,
902,"[0.6763200759887695, -0.15356239676475525, 0.03000577911734581]","[0.6424083709716797, 0.8352067470550537, -0.7755637764930725, -0.3679267168045044]",False,"[0.5481804609298706, 0.06755905598402023, 0.029999999329447746]","[[0.6771107912063599, -0.1465388834476471, 0.023926306515932083, 0.06007165089249611, 0.6763200759887695, -0.15356239676475525, 0.03000577911734581, -0.000537154613994062, -9.237381846105563e-07, 0.0008470355533063412]]","[-0.38383233547210693, -0.23590409755706787, -0.0664304792881012, 0.2616257667541504, -0.01196693629026413, 0.02315569669008255]","[1, 30]",122.56356496,-0.25556695461273193,9.0,902.0,1747830212.1876843,5.0,
903,"[0.6735862493515015, -0.14942015707492828, 0.03165830299258232]","[-0.909888744354248, 0.973608136177063, 0.9657175540924072, -0.8734415769577026]",False,"[0.5481804609298706, 0.06755905598402023, 0.029999999329447746]","[[0.6512668132781982, -0.1309291273355484, 0.030076634138822556, 0.04890366271138191, 0.6735862493515015, -0.14942015707492828, 0.03165830299258232, -0.05191677436232567, 0.005076381843537092, -0.0330568291246891]]","[-0.6187151670455933, -0.18787039816379547, -0.0005540549755096436, 0.11210958659648895, -0.2967119812965393, -0.31926995515823364]","[1, 30]",122.70441309,-0.2506179213523865,9.0,903.0,1747830212.3225737,6.0,
904,"[0.6661080121994019, -0.13962025940418243, 0.030760861933231354]","[-0.5561820268630981, 0.9668242931365967, 0.5717471837997437, -0.894865095615387]",False,"[0.5481804609298706, 0.06755905598402023, 0.029999999329447746]","[[0.6286051273345947, -0.11336777359247208, 0.042705047875642776, 0.014890610240399837, 0.6661080121994019, -0.13962025940418243, 0.030760861933231354, -0.016691822558641434, 0.009264541789889336, -0.2614750266075134]]","[-0.5811700224876404, -0.32347092032432556, 0.027378052473068237, -0.0311078280210495, -0.4858624041080475, -0.18056657910346985]","[1, 30]",122.833260782,-0.23839202523231506,9.0,904.0,1747830212.463441,7.0,
905,"[0.6622806191444397, -0.13425084948539734, 0.029963212087750435]","[-0.40377140045166016, 0.9530150890350342, 0.8827087879180908, 0.622475266456604]",False,"[0.5481804609298706, 0.06755905598402023, 0.029999999329447746]","[[0.6126605868339539, -0.07299239933490753, 0.06414157152175903, 0.06957028061151505, 0.6622806191444397, -0.13425084948539734, 0.029963212087750435, 0.00040000624721869826, -0.0004820135945919901, -0.37704241275787354]]","[-0.39432621002197266, -0.45566144585609436, -0.07131966948509216, -0.1166318953037262, -0.400402307510376, -0.293840616941452]","[1, 30]",122.962025428,-0.23183202743530273,9.0,905.0,1747830212.5922863,8.0,
906,"[0.6620356440544128, -0.13382910192012787, 0.02998494915664196]","[-0.4464285969734192, 0.7393484115600586, 0.7017027139663696, 0.5847840309143066]",False,"[0.5481804609298706, 0.06755905598402023, 0.029999999329447746]","[[0.6027076840400696, -0.04009711369872093, 0.09495946764945984, 0.07873201370239258, 0.6620356440544128, -0.13382910192012787, 0.02998494915664196, 7.499822822865099e-05, -9.073662658920512e-05, -0.3801986873149872]]","[-0.2626010775566101, -0.5193499326705933, -0.24507781863212585, -0.21952205896377563, -0.31954726576805115, -0.4167500138282776]","[1, 30]",123.092620646,-0.2313443273305893,9.0,906.0,1747830212.7210686,9.0,
907,"[0.6620386838912964, -0.13382811844348907, 0.029989149421453476]","[0.004360675811767578, -0.5794152617454529, 0.5341827869415283, 0.2341529130935669]",False,"[0.5481804609298706, 0.06755905598402023, 0.029999999329447746]","[[0.6028899550437927, -0.0502052828669548, 0.11455664038658142, 0.0798458382487297, 0.6620386838912964, -0.13382811844348907, 0.029989149421453476, 5.960067483101739e-06, -7.554922376584727e-06, -0.38019970059394836]]","[-0.03551218658685684, -0.36208459734916687, -0.1799183189868927, -0.17238491773605347, -0.42033541202545166, -0.2891375422477722]","[1, 30]",123.222737818,-0.23134496808052063,9.0,907.0,1747830212.8516593,10.0,
910,"[0.6620386838912964, -0.1338280588388443, 0.029989980161190033]","[0.3047674894332886, -0.12978601455688477, -0.24995189905166626, 0.8521801233291626]",False,"[0.5481804609298706, 0.06755905598402023, 0.029999999329447746]","[[0.6292136907577515, -0.07874316722154617, 0.0779486894607544, 0.07999961823225021, 0.6620386838912964, -0.1338280588388443, 0.029989980161190033, -2.6850973000591694e-08, 6.651985131611582e-07, -0.380207896232605]]","[0.3547443747520447, -0.638871431350708, -0.06319209933280945, -0.21687036752700806, -0.4259655773639679, 0.15817582607269287]","[1, 30]",123.612598653,-0.23134490847587585,9.0,910.0,1747830213.24158,13.0,
911,"[0.6620386242866516, -0.1338280439376831, 0.029989996924996376]","[0.2967517375946045, -0.15908175706863403, -0.05004322528839111, 0.8691844940185547]",False,"[0.5481804609298706, 0.06755905598402023, 0.029999999329447746]","[[0.638263463973999, -0.08505961298942566, 0.07334691286087036, 0.07999984174966812, 0.6620386242866516, -0.1338280439376831, 0.029989996924996376, -6.3139946604451325e-09, 1.251441119620722e-07, -0.380207896232605]]","[0.7395214438438416, -0.8206213712692261, -0.10823631286621094, -0.2803267240524292, -0.3949849307537079, 0.3350181579589844]","[1, 30]",123.740988055,-0.23134487867355347,9.0,911.0,1747830213.3715968,14.0,
912,"[0.6620385050773621, -0.1338278353214264, 0.029989922419190407]","[-0.16581463813781738, 0.6364686489105225, -0.8207942247390747, 0.7728539705276489]",False,"[0.5481804609298706, 0.06755905598402023, 0.029999999329447746]","[[0.6424905061721802, -0.07522884011268616, 0.06303610652685165, 0.08017027378082275, 0.6620385050773621, -0.1338278353214264, 0.029989922419190407, -3.873029072565259e-06, -6.562126145581715e-06, -0.38020801544189453]]","[0.8777175545692444, -0.9953404664993286, -0.1624346673488617, -0.19923560321331024, -0.21155217289924622, 0.1910526603460312]","[1, 30]",123.871609832,-0.23134462535381317,9.0,912.0,1747830213.500027,15.0,
913,"[0.6620385050773621, -0.13382795453071594, 0.029989974573254585]","[-0.2686476707458496, 0.5804547071456909, -0.8678758144378662, 0.39748263359069824]",False,"[0.5481804609298706, 0.06755905598402023, 0.029999999329447746]","[[0.6459621787071228, -0.05501613765954971, 0.06020686775445938, 0.0800023153424263, 0.6620385050773621, -0.13382795453071594, 0.029989974573254585, -1.4800066310272086e-06, -3.1809197480470175e-06, -0.3802083134651184]]","[0.8628358840942383, -0.9085453748703003, -0.19317492842674255, -0.37764686346054077, -0.11013755202293396, 0.05915138125419617]","[1, 30]",124.002162942,-0.23134472966194153,9.0,913.0,1747830213.630653,16.0,
914,"[0.6620385646820068, -0.13382799923419952, 0.02998994290828705]","[0.11570096015930176, 0.056089043617248535, -0.8557502031326294, 0.34543299674987793]",False,"[0.5481804609298706, 0.06755905598402023, 0.029999999329447746]","[[0.6598209142684937, -0.053319066762924194, 0.0609402060508728, 0.08000272512435913, 0.6620385646820068, -0.13382799923419952, 0.02998994290828705, -1.567318463457923e-06, -6.766261435586785e-07, -0.3802085220813751]]","[1.281291127204895, -1.1155898571014404, -0.23393645882606506, -0.5251330137252808, 0.06429438292980194, 0.2816470265388489]","[1, 30]",124.131594918,-0.2313448041677475,9.0,914.0,1747830213.761166,17.0,
915,"[0.6620386838912964, -0.13382788002490997, 0.029989952221512794]","[-0.5728659629821777, 0.9289796352386475, -0.8892108798027039, 0.13515841960906982]",False,"[0.5481804609298706, 0.06755905598402023, 0.029999999329447746]","[[0.6578015685081482, -0.04142805188894272, 0.05929930508136749, 0.07999902963638306, 0.6620386838912964, -0.13382788002490997, 0.029989952221512794, -1.5062132661114447e-06, -1.2265238069630868e-07, -0.380204975605011]]","[1.3767210245132446, -1.3799446821212769, -0.1239188015460968, -0.4348364472389221, 0.30972132086753845, -0.019071176648139954]","[1, 30]",124.261358818,-0.23134475946426392,9.0,915.0,1747830213.8906064,18.0,
916,"[0.6620386838912964, -0.13382790982723236, 0.02998998947441578]","[-0.7647387981414795, 0.9311478137969971, -0.5526069402694702, -0.12275344133377075]",False,"[0.5481804609298706, 0.06755905598402023, 0.029999999329447746]","[[0.6272871494293213, 1.1560337043192703e-05, 0.031088972464203835, 0.06921608746051788, 0.6620386838912964, -0.13382790982723236, 0.02998998947441578, -3.5088888239442895e-07, 1.7441797339756704e-08, -0.38020506501197815]]","[1.5344278812408447, -1.5060462951660156, -0.09848281741142273, -0.4654676020145416, 0.42228370904922485, 0.052926093339920044]","[1, 30]",124.390263686,-0.2313447892665863,9.0,916.0,1747830214.0204003,19.0,
919,"[0.6620386242866516, -0.13382793962955475, 0.029989885166287422]","[-0.7924469709396362, 0.8609588146209717, -0.7930958867073059, -0.00784081220626831]",False,"[0.5481804609298706, 0.06755905598402023, 0.029999999329447746]","[[0.5702058672904968, 0.10325849056243896, 0.0062899463810026646, 0.04425617679953575, 0.6620386242866516, -0.13382793962955475, 0.029989885166287422, -2.936891178251244e-06, 8.111419447232038e-06, -0.38021257519721985]]","[1.8702890872955322, -1.9249836206436157, -1.023013710975647, -0.6341737508773804, 1.0708085298538208, -0.31776511669158936]","[1, 30]",124.782294406,-0.2313447892665863,9.0,919.0,1747830214.410325,22.0,
921,"[0.662038266658783, -0.13382796943187714, 0.029989872127771378]","[-0.7628350257873535, 0.5170109272003174, -0.5584121942520142, -0.3632924556732178]",False,"[0.5481804609298706, 0.06755905598402023, 0.029999999329447746]","[[0.53208327293396, 0.15384525060653687, 0.006250769831240177, 0.008784453384578228, 0.662038266658783, -0.13382796943187714, 0.029989872127771378, -2.936906412287499e-06, 8.560844435123727e-06, -0.3802224099636078]]","[1.7839690446853638, -1.7734929323196411, -1.5288472175598145, -0.6627094745635986, 1.4055347442626953, -0.707040011882782]","[1, 30]",125.04366016,-0.23134462535381317,9.0,921.0,1747830214.6720757,24.0,
922,"[0.6620380878448486, -0.13382796943187714, 0.029989872127771378]","[-0.6383059024810791, 0.33569931983947754, -0.5171805024147034, -0.1832139492034912]",False,"[0.5481804609298706, 0.06755905598402023, 0.029999999329447746]","[[0.5151681303977966, 0.17003417015075684, 0.006138195749372244, 0.0010682654101401567, 0.6620380878448486, -0.13382796943187714, 0.029989872127771378, -2.9369114145083586e-06, 8.574314961151686e-06, -0.38022732734680176]]","[1.86715829372406, -1.8956621885299683, -1.7370837926864624, -0.3857842683792114, 1.7730300426483154, -0.6562017798423767]","[1, 30]",125.174461213,-0.2313445508480072,9.0,922.0,1747830214.802638,25.0,
923,"[0.6620378494262695, -0.13382798433303833, 0.029989872127771378]","[-0.8180443644523621, 0.36906611919403076, -0.44405806064605713, -0.36911678314208984]",False,"[0.5481804609298706, 0.06755905598402023, 0.029999999329447746]","[[0.49108681082725525, 0.1856667399406433, 0.006250470411032438, 0.00013022919301874936, 0.6620378494262695, -0.13382798433303833, 0.029989872127771378, -2.936916189355543e-06, 8.576868822274264e-06, -0.3802322447299957]]","[1.5810991525650024, -1.7191280126571655, -1.6522855758666992, -0.019319802522659302, 2.039738416671753, -0.7846068143844604]","[1, 30]",125.305677384,-0.23134444653987885,9.0,923.0,1747830214.9335077,26.0,
926,"[0.6620373129844666, -0.13382799923419952, 0.029989872127771378]","[-0.1360073685646057, 0.27860188484191895, -0.2608305811882019, -0.11891520023345947]",False,"[0.5481804609298706, 0.06755905598402023, 0.029999999329447746]","[[0.4649767279624939, 0.21293798089027405, 0.00417559826746583, 0.00046020254376344383, 0.6620373129844666, -0.13382799923419952, 0.029989872127771378, -2.936930513897096e-06, 8.577504559070803e-06, -0.38024699687957764]]","[1.0572916269302368, -1.359362244606018, -1.4786285161972046, 0.678582489490509, 1.5657860040664673, -1.0487703084945679]","[1, 30]",125.698409979,-0.23134419322013855,9.0,926.0,1747830215.3265402,29.0,
929,"[0.6620367169380188, -0.1338280290365219, 0.029989872127771378]","[-0.034449100494384766, 0.3400486707687378, 0.13220274448394775, -0.4156748056411743]",False,"[0.5481804609298706, 0.06755905598402023, 0.029999999329447746]","[[0.46345824003219604, 0.2281331866979599, 0.008751867339015007, 2.9916962375864387e-05, 0.6620367169380188, -0.1338280290365219, 0.029989872127771378, -2.9369448384386487e-06, 8.577558219258208e-06, -0.38026174902915955]]","[0.5068145990371704, -1.0222982168197632, -1.8215707540512085, 0.7870152592658997, 1.5412921905517578, -1.4723219871520996]","[1, 30]",126.105000355,-0.23134392499923706,9.0,929.0,1747830215.7351098,32.0,
930,"[0.6620365381240845, -0.1338280439376831, 0.029989872127771378]","[0.3862496614456177, -0.03332239389419556, 0.07729566097259521, -0.22232365608215332]",False,"[0.5481804609298706, 0.06755905598402023, 0.029999999329447746]","[[0.47705426812171936, 0.22686468064785004, 0.011857690289616585, 3.5050206861342303e-06, 0.6620365381240845, -0.1338280439376831, 0.029989872127771378, -2.936949613285833e-06, 8.57757459016284e-06, -0.3802666664123535]]","[0.19298917055130005, -0.8491189479827881, -1.7182663679122925, 0.9246388077735901, 1.6221673488616943, -1.654361367225647]","[1, 30]",126.233771893,-0.2313438504934311,9.0,930.0,1747830215.8640296,33.0,
934,"[0.6620357632637024, -0.1338280737400055, 0.029989872127771378]","[0.32764124870300293, 0.7673985958099365, -0.8602436780929565, -0.8224015831947327]",False,"[0.5481804609298706, 0.06755905598402023, 0.029999999329447746]","[[0.4912468194961548, 0.2676651179790497, 0.0021102819591760635, 0.014627915807068348, 0.6620357632637024, -0.1338280737400055, 0.029989872127771378, -2.9369687126745703e-06, 8.57764098327607e-06, -0.3802863359451294]]","[-0.4934883713722229, -0.4753336012363434, -1.277840256690979, 1.8479852676391602, 1.890020728111267, -2.2706334590911865]","[1, 30]",126.747046035,-0.23134349286556244,9.0,934.0,1747830216.377157,37.0,
935,"[0.6620355844497681, -0.1338280886411667, 0.029989872127771378]","[0.5507007837295532, 0.43950605392456055, -0.8929009437561035, -0.8208314180374146]",False,"[0.5481804609298706, 0.06755905598402023, 0.029999999329447746]","[[0.4915323555469513, 0.26771438121795654, 0.0021800429094582796, 0.010694264434278011, 0.6620355844497681, -0.1338280886411667, 0.029989872127771378, -2.9369734875217546e-06, 8.577657354180701e-06, -0.38029125332832336]]","[-0.6191931962966919, -0.33433955907821655, -1.118649959564209, 1.9907877445220947, 1.887542486190796, -2.282600164413452]","[1, 30]",126.876214526,-0.23134341835975647,9.0,935.0,1747830216.5060763,38.0,
938,"[0.6620349884033203, -0.13382810354232788, 0.029989872127771378]","[0.7576477527618408, -0.9567314386367798, -0.9416170716285706, -0.7265788912773132]",False,"[0.5481804609298706, 0.06755905598402023, 0.029999999329447746]","[[0.4929673373699188, 0.26641157269477844, 0.0030071355868130922, 0.00028160601505078375, 0.6620349884033203, -0.13382810354232788, 0.029989872127771378, -2.9369878120633075e-06, 8.577707376389299e-06, -0.38030603528022766]]","[-0.5372397303581238, 0.5948495864868164, -0.8901861906051636, 2.4134409427642822, 2.0582141876220703, -2.2598845958709717]","[1, 30]",127.264733229,-0.2313431352376938,9.0,938.0,1747830216.8948753,41.0,
942,"[0.6620342135429382, -0.13382814824581146, 0.029989872127771378]","[0.8794323205947876, -0.9861326813697815, -0.9772856831550598, -0.15644514560699463]",False,"[0.5481804609298706, 0.06755905598402023, 0.029999999329447746]","[[0.4931159019470215, 0.2665533125400543, 0.003179216757416725, 5.5195407185237855e-05, 0.6620342135429382, -0.13382814824581146, 0.029989872127771378, -2.9370066840783693e-06, 8.577773769502528e-06, -0.38032570481300354]]","[-0.45393526554107666, 1.238334059715271, -0.8112713098526001, 2.436105966567993, 2.0530223846435547, -2.25486159324646]","[1, 30]",127.783947376,-0.23134279251098633,9.0,942.0,1747830217.4126966,45.0,
943,"[0.6620340347290039, -0.13382814824581146, 0.029989872127771378]","[0.8926712274551392, -0.9908773303031921, -0.9767096638679504, -0.07229584455490112]",False,"[0.5481804609298706, 0.06755905598402023, 0.029999999329447746]","[[0.4931245744228363, 0.2665623128414154, 0.003165803849697113, 4.274634920875542e-05, 0.6620340347290039, -0.13382814824581146, 0.029989872127771378, -2.9370114589255536e-06, 8.57779014040716e-06, -0.3803306221961975]]","[-0.4819592833518982, 1.3242772817611694, -0.7646814584732056, 2.4810521602630615, 2.0491297245025635, -2.240814685821533]","[1, 30]",127.913092302,-0.23134270310401917,9.0,943.0,1747830217.5429466,46.0,
947,,,,,,,,129.538414478,,,,1747830219.2975922,,"{'sha256': '0c2b34b4f30cdce2a99f58b0fb038c358da37431b9db783844c7f4ddf14ba1b2', 'size': 45016, 'width': 640, '_type': 'image-file', 'format': 'png', 'height': 480, 'path': 'media/images/pca_947_0c2b34b4f30cdce2a99f.png'}"
