{"_runtime":96.474544119,"test/action":[-0.033582866191864014,0.9181540012359619,0.6100765466690063,-0.8788498044013977],"test/desired_goal":[0.6000000238418579,0.019999999552965164,0.029999999329447746],"test/causal_embedding":[0.15586769580841064,-0.3927367925643921,0.7451027631759644,-0.20513583719730377,-0.7823225855827332,2.598848819732666],"test/done":true,"global_step":17,"test/achieved_goal":[0.6392351984977722,-0.13422271609306335,0.028005734086036682],"_step":17,"test/reward":-0.15914779901504517,"_timestamp":1.7455744701978052e+09,"test/observations":[[0.5996806025505066,0.019708925858139992,0.05970010906457901,0.07841978967189789,0.6392351984977722,-0.13422271609306335,0.028005734086036682,0.08856219798326492,-0.041484933346509933,-0.0748700350522995]],"test/env_info":[1,1],"test/steps":10,"_wandb":{"runtime":96},"test/episode":1}