{"test/env_info":[1,1],"test/achieved_goal":[0.5323806405067444,-0.07332880049943924,0.056764498353004456],"test/desired_goal":[0.6000000238418579,0.019999999552965164,0.029999999329447746],"_runtime":55.797469046,"test/action":[0.6647254228591919,0.7828783988952637,0.789710521697998,-0.06929373741149902],"test/causal_embedding":[0.0992727279663086,-0.06697893142700195,0.2478938102722168,-0.07051540166139603,-0.41767823696136475,-0.06884796917438507],"global_step":10,"_timestamp":1.7455771637448857e+09,"test/reward":-0.11831729114055634,"test/steps":10,"_wandb":{"runtime":55},"test/observations":[[0.5658719539642334,-0.03509945794939995,0.09903112798929214,0.06459236145019531,0.5323806405067444,-0.07332880049943924,0.056764498353004456,0.09607270359992981,-0.028005896136164665,-0.01744862087070942]],"test/episode":0,"test/done":false,"_step":10}