{"test/steps":6,"test/episode":0,"test/achieved_goal":[0.49256327748298645,-0.11596640944480896,0.028938982635736465],"test/reward":-0.17329350113868713,"test/observations":[[0.5133273005485535,-0.0928921103477478,0.07903339713811874,0.07999709993600845,0.49256327748298645,-0.11596640944480896,0.028938982635736465,0.07925193011760712,-0.06347589194774628,0.0029029338620603085]],"test/env_info":[1,1],"_wandb":{"runtime":40},"_runtime":40.873177909,"_timestamp":1.745577086037905e+09,"test/done":false,"test/desired_goal":[0.6000000238418579,0.019999999552965164,0.029999999329447746],"_step":6,"global_step":6,"test/action":[-0.5860158205032349,-0.33169591426849365,-0.11331808567047119,0.39380884170532227],"test/causal_embedding":[-0.05937344580888748,-0.09223107248544693,0.13397976756095886,0.07913512736558914,0.1900494396686554,0.07500308752059937]}