{"test/causal_embedding":[-0.2018585205078125,-0.08877186477184296,0.3337913751602173,0.18298907577991486,0.1383986920118332,0.3694896101951599],"test/action":[-0.4053541421890259,-0.8321145176887512,0.22848212718963623,0.5208067893981934],"test/desired_goal":[0.6000000238418579,0.019999999552965164,0.029999999329447746],"_step":7,"_timestamp":1.7455766857789063e+09,"test/reward":-0.15781082212924957,"test/env_info":[1,1],"test/episode":0,"global_step":7,"test/achieved_goal":[0.514560341835022,-0.10902895778417587,0.060916803777217865],"test/steps":7,"_wandb":{"runtime":44},"_runtime":44.207617052,"test/done":false,"test/observations":[[0.5080103278160095,-0.15074484050273895,0.08041589707136154,0.07999776303768158,0.514560341835022,-0.10902895778417587,0.060916803777217865,0.08225726336240768,-0.058564018458127975,-0.05169419199228287]]}