{"test/episode":0,"_runtime":43.865218162,"test/action":[0.30871129035949707,0.8807892799377441,0.45131874084472656,-0.8089256286621094],"test/done":false,"test/reward":-0.17806029319763184,"test/env_info":[1,1],"test/causal_embedding":[0.05870523303747177,0.06634540855884552,0.19126927852630615,0.19054798781871796,-0.6244763731956482,0.12471874058246613],"test/desired_goal":[0.6000000238418579,0.019999999552965164,0.029999999329447746],"test/steps":8,"test/observations":[[0.5464234948158264,-0.09563450515270233,0.0745234489440918,0.06400135904550552,0.5118875503540039,-0.13472110033035278,0.028254179283976555,0.09010201692581177,-0.06377167999744415,0.07312410324811935]],"test/achieved_goal":[0.5118875503540039,-0.13472110033035278,0.028254179283976555],"_step":8,"global_step":8,"_wandb":{"runtime":43},"_timestamp":1.7455768349727037e+09}