{"test/done":false,"test/achieved_goal":[0.4634910821914673,-0.20544849336147308,0.02815355733036995],"test/observations":[[0.4573103189468384,-0.20125481486320496,0.0728672668337822,0.0800003856420517,0.4634910821914673,-0.20544849336147308,0.02815355733036995,0.08310966193675995,-0.06470909714698792,-0.05161026492714882]],"test/desired_goal":[0.6000000238418579,0.019999999552965164,0.029999999329447746],"_wandb":{"runtime":35},"global_step":4,"test/reward":-0.2635623514652252,"test/causal_embedding":[-0.030907101929187775,0.09437437355518341,-0.06173025816679001,-0.028590040281414986,0.11207063496112823,0.13659755885601044],"test/env_info":[1,1],"_step":4,"_timestamp":1.745576601328067e+09,"test/action":[-0.5130235552787781,-0.9791417717933655,-0.9028457999229431,0.777777910232544],"_runtime":35.270568214,"test/steps":4,"test/episode":0}