{"test/desired_goal":[0.6000000238418579,0.019999999552965164,0.029999999329447746],"test/achieved_goal":[0.5146322846412659,-0.1386537402868271,0.028771759942173958],"test/observations":[[0.5418907403945923,-0.08950857073068619,0.05779927223920822,0.06400135904550552,0.5146322846412659,-0.1386537402868271,0.028771759942173958,0.11041010171175003,-0.0714225098490715,-0.030348828062415123]],"_step":7,"_wandb":{"runtime":45},"test/episode":0,"test/steps":7,"test/action":[0.29945194721221924,0.9545940160751343,0.656707763671875,-0.5821198225021362],"test/reward":-0.1801670491695404,"_timestamp":1.7455759389628959e+09,"test/causal_embedding":[0.08244145661592484,-0.019804969429969788,0.18168112635612488,0.03724273294210434,-0.5000349283218384,-0.2530360817909241],"test/done":false,"_runtime":45.051768374,"global_step":7,"test/env_info":[1,1]}