{"test/done":true,"test/env_info":[1,1],"_step":16,"test/desired_goal":[0.6000000238418579,0.019999999552965164,0.029999999329447746],"test/steps":10,"test/episode":1,"global_step":16,"_runtime":85.839463849,"test/action":[0.38101184368133545,0.9731202125549316,0.706602931022644,-0.5691372752189636],"test/achieved_goal":[0.5837839245796204,-0.10365074872970581,0.06217912212014198],"test/causal_embedding":[0.08536382764577866,0.06244973838329315,0.27054205536842346,-0.12897558510303497,-0.4735257625579834,-0.15463770925998688],"_wandb":{"runtime":85},"_timestamp":1.7455733550475802e+09,"test/observations":[[0.5995281934738159,0.01978171057999134,0.05949079245328903,0.07859905809164047,0.5837839245796204,-0.10365074872970581,0.06217912212014198,0.09364766627550125,-0.056984078139066696,-0.019379334524273872]],"test/reward":-0.12879426777362823}