test/cube_pos_constraint,_step,test/achieved_goal,test/action,test/done,test/desired_goal,test/observations,test/causal_embedding,test/robot_constraint,test/env_info,_runtime,test/reward,test/episode,global_step,_timestamp,test/steps,pca
"[[-0.04067940637469292, 0.01775546744465828, -0.04954807087779045]]",13,"[0.6597080230712891, -0.22000515460968018, 0.029966000467538834]","[-0.9718444347381592, 0.6821880340576172, -0.9914400577545166, -0.7153841853141785]",False,"[0.5418084859848022, -0.06547710299491882, 0.029999999329447746]","[[0.6673095226287842, -0.20654748380184174, 0.022670241072773933, 0.053520943969488144, 0.6597080230712891, -0.22000515460968018, 0.029966000467538834, 3.36264270117681e-06, -0.0007965725380927324, -0.02235463820397854]]","[-0.2644540071487427, 0.3402779698371887, 0.253940224647522, -0.0741400346159935, -0.11047618836164474, 0.2025204747915268]","[[-0.037534426897764206, 0.014198396354913712, -0.04955581948161125]]","[0, 30]",1.857373252,-0.19436876475811005,0.0,13.0,1748233134.0291173,13.0,
"[[-0.029952865093946457, 0.008633624762296677, -0.04810966178774834]]",17,"[0.5933871269226074, -0.10338523238897324, 0.029883237555623055]","[-0.9759219884872437, 0.8720979690551758, -0.9638184905052185, -0.915082573890686]",False,"[0.5418084859848022, -0.06547710299491882, 0.029999999329447746]","[[0.6020146608352661, -0.09436512738466263, 0.022316239774227142, 0.05570491403341293, 0.5933871269226074, -0.10338523238897324, 0.029883237555623055, -0.0022909524850547314, -0.0012613264843821526, -0.0017323980573564768]]","[-0.28589484095573425, 0.27719876170158386, 0.765434980392456, -0.17704415321350098, -0.8932087421417236, 0.48502081632614136]","[[-0.030069153755903244, 0.010535847395658493, -0.04813531041145325]]","[0, 30]",1.857859492,-0.06401088833808899,0.0,17.0,1748233134.0405006,17.0,
"[[0.136928528547287, 0.38674435019493103, 0.03540593385696411]]",34,"[0.49476727843284607, -0.14060819149017334, 0.029999999329447746]","[0.985802412033081, 0.899350643157959, 0.7099120616912842, -0.9401295781135559]",True,"[0.5641164183616638, 0.018870487809181213, 0.029999999329447746]","[[0.6384396553039551, -2.194472251484947e-12, 0.19740013778209686, 0, 0.49476727843284607, -0.14060819149017334, 0.029999999329447746, 0, 0, 0]]","[-0.19766715168952942, 0.34380820393562317, 0.19944804906845093, -0.058448754251003265, -0.869072437286377, 0.45441991090774536]","[[-0.00972813367843628, 0.2328997701406479, -0.1322149932384491]]","[0, 30]",1.9015143650000002,-0.03557934984564781,1.0,34.0,1748233134.0780354,15.0,
"[[-0.04926934465765953, -0.02774122916162014, -0.04552287608385086]]",36,"[0.4119977056980133, -0.004527573939412832, 0.029989320784807205]","[-0.985386848449707, -0.5548245906829834, -0.9103990793228149, 0.8966113328933716]",False,"[0.43751463294029236, 0.23184914886951447, 0.029999999329447746]","[[0.5793760418891907, 0.008580447174608707, 0.1769191473722458, 0.07050935924053192, 0.4119977056980133, -0.004527573939412832, 0.029989320784807205, 1.564595919489875e-07, -2.2741502107237466e-05, -3.327845984890665e-11]]","[0.03145550936460495, -0.02578778564929962, -0.019158922135829926, -0.028216280043125153, 0.053576432168483734, 0.13179966807365417]","[[-0.02998312935233116, -0.017847824841737747, -0.029845528304576874]]","[0, 30]",1.901587921,-0.23775002360343933,2.0,36.0,1748233134.0815008,1.0,
"[[0.002157056238502264, 0.03592805936932564, 0.016330081969499588]]",42,"[0.4110591411590576, 0.002442483324557543, 0.029989928007125854]","[0.024689912796020508, 0.8522605895996094, 0.32660675048828125, -0.33945703506469727]",False,"[0.43751463294029236, 0.23184914886951447, 0.029999999329447746]","[[0.4008396565914154, 0.013643667101860046, 0.025659233331680298, 0.06334759294986725, 0.4110591411590576, 0.002442483324557543, 0.029989928007125854, 2.190846544181113e-06, -1.946511787309646e-07, -0.11092967540025711]]","[0.1439117044210434, 0.16039198637008667, 0.06503239274024963, 0.000634707510471344, 0.06637051701545715, -0.0026129037141799927]","[[0.010442817583680153, 0.03472467511892319, 0.021305961534380913]]","[0, 30]",1.944987121,-0.23092707991600037,2.0,42.0,1748233134.0934033,7.0,
"[[-0.007875531911849976, -0.046543847769498825, 0.01592656411230564]]",53,"[0.6083448529243469, -0.2501159608364105, 0.029989875853061676]","[-0.1575106382369995, -0.9308769702911377, 0.3185312747955322, 0.9484117031097412]",False,"[0.4030064344406128, -0.12330498546361923, 0.029999999329447746]","[[0.6302424073219299, -0.0627286285161972, 0.1902855932712555, 0.07999785244464874, 0.6083448529243469, -0.2501159608364105, 0.029989875853061676, -3.400271850750869e-07, 4.493510004976997e-06, 1.9095584488648676e-11]]","[0.12530246376991272, 0.004401400685310364, 0.02618372067809105, -0.018118388950824738, -0.01624927669763565, -0.03209677338600159]","[[-0.0032099783420562744, -0.006727680563926697, 0.001932898536324501]]","[0, 30]",1.945458634,-0.241339772939682,3.0,53.0,1748233134.1156557,4.0,
"[[-0.08704692125320435, -0.36938029527664185, -0.046537235379219055]]",67,"[0.4985213875770569, 0.2484847456216812, 0.029999999329447746]","[-0.9516268968582153, 0.9398665428161621, -0.9301769137382507, 0.9441540241241455]",True,"[0.4363422989845276, 0.15190869569778442, 0.029999999329447746]","[[0.6384396553039551, -2.194472251484947e-12, 0.19740013778209686, 0, 0.4985213875770569, 0.2484847456216812, 0.029999999329447746, 0, 0, 0]]","[-0.2376173883676529, 0.22144055366516113, 0.8847145438194275, -0.05664392560720444, -0.9411278963088989, 0.5138979554176331]","[[-0.20056885480880737, -0.10718442499637604, -0.22117696702480316]]","[0, 30]",1.98907181,-0.03242730721831322,3.0,67.0,1748233134.1459284,18.0,
"[[-0.04553261399269104, 0.02986549772322178, 0.027721457183361053]]",68,"[0.5622773766517639, 0.25322970747947693, 0.029989857226610184]","[-0.9106522798538208, 0.597309947013855, 0.554226279258728, 0.9738699197769165]",False,"[0.48864248394966125, 0.28631576895713806, 0.029999999329447746]","[[0.6006929874420166, 0.020267395302653313, 0.19345234334468842, 0.07027406245470047, 0.5622773766517639, 0.25322970747947693, 0.029989857226610184, 4.909812560072169e-06, 4.2067799199685396e-07, 3.188017991956338e-12]]","[0.031228376552462578, -0.03600657731294632, -0.04087379202246666, -0.03563203662633896, 0.07730496674776077, 0.20066677033901215]","[[-0.0077859461307525635, 0.009598102420568466, 0.03165911138057709]]","[0, 30]",1.9891098409999999,-0.08072660118341446,4.0,68.0,1748233134.1477532,0.0,
"[[0.001705557107925415, -0.02360086515545845, 0.028461458161473274]]",89,"[0.6114817261695862, 0.18286800384521484, 0.029985502362251282]","[0.0341111421585083, -0.4720172882080078, 0.568939208984375, -0.47523510456085205]",False,"[0.6608026623725891, 0.29922348260879517, 0.029999999329447746]","[[0.6363002061843872, -0.01714511588215828, 0.20877040922641754, -3.5917196328227874e-08, 0.6114817261695862, 0.18286800384521484, 0.029985502362251282, -7.5068004662171e-05, -7.508859562221915e-05, 2.8197320034450968e-09]]","[0.0312192365527153, -0.03576146066188812, -0.040821392089128494, -0.03539036959409714, 0.07738981395959854, 0.2005002796649933]","[[0.003845006227493286, -0.006455749273300171, 0.01707668974995613]]","[0, 30]",2.004681777,-0.12637701630592346,5.0,89.0,1748233134.192715,0.0,
"[[0.0824795663356781, -0.017614105716347694, 0.03835379332304001]]",112,"[0.40024253726005554, 0.2065805196762085, 0.029999999329447746]","[0.42842745780944824, 0.3798414468765259, 0.7674096822738647, -0.8638012409210205]",True,"[0.40072739124298096, -0.043046992272138596, 0.029999999329447746]","[[0.6384396553039551, -2.194472251484947e-12, 0.19740013778209686, 0, 0.40024253726005554, 0.2065805196762085, 0.029999999329447746, 0, 0, 0]]","[-0.03866899758577347, 0.27862995862960815, 0.08285321295261383, 0.03562260419130325, 0.12360571324825287, 0.06469950824975967]","[[-0.15116405487060547, 0.19404782354831696, -0.1370827853679657]]","[0, 30]",2.077215069,-0.028093811124563217,6.0,112.0,1748233134.2415245,10.0,
"[[0.045165158808231354, -0.0017362087965011597, 0.026745518669486046]]",128,"[0.577684760093689, 0.32280996441841125, 0.029989998787641525]","[0.9541959762573242, -0.14033526182174683, 0.5349102020263672, -0.8454707860946655]",False,"[0.6282050013542175, 0.2228170782327652, 0.029999999329447746]","[[0.5888694524765015, 0.3184901773929596, 0.05344393104314804, 0.054094016551971436, 0.577684760093689, 0.32280996441841125, 0.029989998787641525, -2.32808208266988e-08, 2.233567109044543e-09, 0.07673751562833786]]","[-0.3247273862361908, 0.34460848569869995, 0.48501622676849365, -0.22373682260513306, -0.60111004114151, 0.3803345561027527]","[[0.028407134115695953, -0.01048608124256134, 0.02063828520476818]]","[0, 30]",2.120997558,-0.11203067004680634,7.0,128.0,1748233134.2724545,15.0,
"[[0.00881167035549879, -0.033832769840955734, -0.034042567014694214]]",131,"[0.5908975601196289, 0.31180378794670105, 0.029989974573254585]","[0.23203766345977783, -0.8081652522087097, -0.6808444261550903, -0.9008690118789673]",False,"[0.6282050013542175, 0.2228170782327652, 0.029999999329447746]","[[0.6006793975830078, 0.2961095869541168, 0.022300057113170624, 0.04989997297525406, 0.5908975601196289, 0.31180378794670105, 0.029989974573254585, -7.844794822631229e-07, 1.1731648328350275e-06, 0.013695323839783669]]","[-0.23748864233493805, 0.22865617275238037, 0.8812276124954224, -0.06178692728281021, -0.9630292654037476, 0.5236970782279968]","[[0.006379860453307629, -0.027454685419797897, -0.029916267842054367]]","[0, 30]",2.121120446,-0.09649082273244858,7.0,131.0,1748233134.2800694,18.0,
"[[0.025871431455016136, -0.0006409048801288009, 0.04727435111999512]]",147,"[0.6790485382080078, 0.30582934617996216, 0.02999008074402809]","[0.5872483253479004, -0.038572072982788086, 0.9454977512359619, -0.9975553154945374]",False,"[0.5794128775596619, -0.09208936989307404, 0.029999999329447746]","[[0.6867735981941223, 0.2906818985939026, 0.023744767531752586, 0.052018944174051285, 0.6790485382080078, 0.30582934617996216, 0.02999008074402809, 3.5418104289419716e-06, 2.42519672610797e-06, -0.0006393055664375424]]","[-0.2065524309873581, 0.32764843106269836, 0.16605551540851593, -0.008740060031414032, 0.03282278776168823, 0.14161662757396698]","[[0.03234080225229263, 0.0034089325927197933, 0.04553382098674774]]","[0, 30]",2.12596092,-0.41020309925079346,8.0,147.0,1748233134.312654,12.0,
"[[0.006037396378815174, -0.04684239625930786, -0.022512296214699745]]",164,"[0.62009197473526, -0.16485927999019623, 0.029989995062351227]","[0.12074792385101318, -0.9368479251861572, -0.4502454996109009, 0.9184479713439941]",False,"[0.5685663223266602, -0.17984989285469055, 0.029999999329447746]","[[0.6165233254432678, -0.06212320178747177, 0.12695802748203278, 0.07992663234472275, 0.62009197473526, -0.16485927999019623, 0.029989995062351227, -2.70138173164014e-07, -1.5078987303240865e-07, -3.317220803600307e-11]]","[0.1252298504114151, 0.004378855228424072, 0.026105638593435287, -0.01809878647327423, -0.01625589281320572, -0.032084837555885315]","[[0.0017217816784977913, -0.007931672036647797, -0.0059707798063755035]]","[0, 30]",2.193159472,-0.0536620058119297,9.0,164.0,1748233134.3564122,4.0,
"[[-0.027339328080415726, 0.00878838635981083, -0.028267541900277138]]",170,"[0.6415985226631165, -0.19439074397087097, 0.02998894453048706]","[-0.44350719451904297, 0.022395730018615723, -0.5652694702148438, -0.21326124668121338]",False,"[0.5685663223266602, -0.17984989285469055, 0.029999999329447746]","[[0.633107602596283, -0.18826507031917572, 0.022656219080090523, 0.05470328778028488, 0.6415985226631165, -0.19439074397087097, 0.02998894453048706, -3.004221071023494e-05, -5.8633169828681275e-05, -0.039123065769672394]]","[-0.03950794041156769, 0.2771416902542114, 0.09447738528251648, 0.030275210738182068, 0.1279889941215515, 0.06402468681335449]","[[-0.024496663361787796, 0.004961112048476934, -0.028573913499712944]]","[0, 30]",2.193371494,-0.07446568459272385,9.0,170.0,1748233134.3694966,10.0,
"[[-0.03401997312903404, 0.008819490671157837, -0.049239516258239746]]",178,"[0.6191524863243103, -0.14370599389076233, 0.029973208904266357]","[-0.965661346912384, 0.6317466497421265, -0.985107958316803, -0.9611666202545166]",False,"[0.5685663223266602, -0.17984989285469055, 0.029999999329447746]","[[0.6189427971839905, -0.13244017958641052, 0.02252880483865738, 0.05255543813109398, 0.6191524863243103, -0.14370599389076233, 0.029973208904266357, -0.0002176268317271024, -0.00017174090316984802, 0.00850446242839098]]","[-0.23857523500919342, 0.2328060269355774, 0.8762609958648682, -0.05561152845621109, -0.977581262588501, 0.5286490321159363]","[[-0.03236975893378258, 0.009744778275489807, -0.04912765324115753]]","[0, 30]",2.241066639,-0.062171872705221176,9.0,178.0,1748233134.3909938,18.0,
"[[0.041507065296173096, 0.04520707204937935, -0.015531879849731922]]",187,"[0.41649752855300903, -0.2126832902431488, 0.029989872127771378]","[0.8301413059234619, 0.9041414260864258, -0.3108401298522949, 0.21003961563110352]",False,"[0.5573599934577942, -0.20983825623989105, 0.029999999329447746]","[[0.6640512347221375, 0.024485336616635323, 0.18757832050323486, 0.018450330942869186, 0.41649752855300903, -0.2126832902431488, 0.029989872127771378, -1.5367468222393654e-06, 3.4093625345121836e-06, 1.4366828039735768e-11]]","[0.03122839704155922, -0.03600741922855377, -0.040873948484659195, -0.03563288599252701, 0.07730468362569809, 0.2006673514842987]","[[0.015895485877990723, 0.020721735432744026, -0.005720189772546291]]","[0, 30]",2.24141821,-0.1408911645412445,10.0,187.0,1748233134.41535,0.0,
"[[-0.036956727504730225, -0.041496533900499344, -0.013326462358236313]]",188,"[0.41649752855300903, -0.2126832902431488, 0.029989873990416527]","[-0.7391345500946045, -0.8299306631088257, -0.2665292024612427, 0.30042362213134766]",False,"[0.5573599934577942, -0.20983825623989105, 0.029999999329447746]","[[0.6365342140197754, 0.039276741445064545, 0.16027025878429413, 0.044840242713689804, 0.41649752855300903, -0.2126832902431488, 0.029989873990416527, -5.646077738674649e-07, 4.290050128474832e-06, 1.8109276231359495e-11]]","[0.031402356922626495, -0.025921620428562164, -0.019045453518629074, -0.028400979936122894, 0.053553514182567596, 0.13179245591163635]","[[-0.009439706802368164, -0.05628793686628342, 0.013981601223349571]]","[0, 30]",2.241458255,-0.1408911645412445,10.0,188.0,1748233134.4169803,1.0,
"[[-0.017611104995012283, -0.0007204918656498194, -0.0496075376868248]]",216,"[0.7786460518836975, -0.2111678123474121, 0.02998989261686802]","[-0.23678934574127197, 0.04421579837799072, -0.9921498894691467, -0.9709379076957703]",False,"[0.5573599934577942, -0.20983825623989105, 0.029999999329447746]","[[0.7422934770584106, -0.19505448639392853, 0.02160836011171341, 0.022120773792266846, 0.7786460518836975, -0.2111678123474121, 0.02998989261686802, -1.1071980452470598e-06, -3.453693864230445e-07, 0.14742103219032288]]","[0.030581513419747353, -0.9308406114578247, 2.2165544033050537, 2.451629161834717, -0.25300267338752747, 0.5964582562446594]","[[-0.011332171969115734, -0.00032137916423380375, -0.04931509867310524]]","[0, 30]",2.295591462,-0.22129008173942566,10.0,216.0,1748233134.4825077,29.0,
"[[-0.049936797469854355, -0.042034704238176346, -0.014247707091271877]]",219,"[0.7877516150474548, -0.21661342680454254, 0.029987910762429237]","[-0.9465687870979309, -0.8876816034317017, -0.28477442264556885, -0.4479219913482666]",False,"[0.5573599934577942, -0.20983825623989105, 0.029999999329447746]","[[0.6845275163650513, -0.2816940248012543, 0.0057371314615011215, 4.189473474980332e-05, 0.7877516150474548, -0.21661342680454254, 0.029987910762429237, -3.205730899935588e-05, 9.639727977628354e-06, 1.511602520942688]]","[-0.16521795094013214, -1.2350503206253052, 2.4461472034454346, 3.158550977706909, 0.0824442133307457, 0.5227022767066956]","[[-0.017249729484319687, 0.004670809954404831, -0.00790768675506115]]","[0, 30]",2.301585572,-0.2304912507534027,10.0,219.0,1748233134.4893303,32.0,
"[[-0.048758458346128464, -0.04107954725623131, -0.004553508013486862]]",220,"[0.7903555035591125, -0.21895869076251984, 0.029989009723067284]","[-0.9230914115905762, -0.8684961795806885, -0.09104818105697632, -0.007951855659484863]",False,"[0.5573599934577942, -0.20983825623989105, 0.029999999329447746]","[[0.655090868473053, -0.3262592852115631, 0.005523903761059046, 5.122480160935083e-06, 0.7903555035591125, -0.21895869076251984, 0.029989009723067284, -1.1010847629222553e-05, -7.605283826706e-06, 1.9581140279769897]]","[-0.11277254670858383, -1.3792966604232788, 2.6451892852783203, 3.56477427482605, 0.18119922280311584, 0.5056723356246948]","[[-0.016717921942472458, 0.001140449196100235, -0.00433918135240674]]","[0, 30]",2.303532909,-0.23317398130893707,10.0,220.0,1748233134.491339,33.0,
"[[-0.050087980926036835, -0.04267046973109245, 0.006950755137950182]]",222,"[0.7955496907234192, -0.22363702952861786, 0.0299899410456419]","[-0.9498630166053772, -0.9001519680023193, 0.1390213966369629, -0.5121684670448303]",False,"[0.5573599934577942, -0.20983825623989105, 0.029999999329447746]","[[0.5851632952690125, -0.41471391916275024, 0.009862878359854221, 6.459691803684109e-08, 0.7955496907234192, -0.22363702952861786, 0.0299899410456419, 4.7176033746154644e-08, -1.8510249901737552e-06, 2.7876954078674316]]","[-0.20794816315174103, -1.6364314556121826, 2.792753219604492, 4.283164024353027, 0.4613223373889923, 0.44332456588745117]","[[-0.010462991893291473, -0.0008837692439556122, 0.0025133658200502396]]","[0, 30]",2.348887409,-0.2385890781879425,10.0,222.0,1748233134.4952617,35.0,
"[[-0.045561861246824265, -0.008355575613677502, -0.021233320236206055]]",240,"[0.419671893119812, -0.06100710853934288, 0.029989968985319138]","[-0.9112371802330017, -0.16711151599884033, -0.424663782119751, -0.21573257446289062]",False,"[0.692615807056427, -0.20834705233573914, 0.029999999329447746]","[[0.512381374835968, -0.07191106677055359, 0.12398723512887955, -2.985641067709821e-09, 0.419671893119812, -0.06100710853934288, 0.029989968985319138, -6.216897645572317e-07, -6.542094865835679e-07, 3.481147661799078e-13]]","[0.05655311048030853, -0.027753449976444244, 0.006623167544603348, -0.02099812775850296, -0.017188943922519684, -0.00494799017906189]","[[-0.012545477598905563, -0.0002460656687617302, -0.002494063228368759]]","[0, 30]",2.349613814,-0.31017327308654785,11.0,240.0,1748233134.5277488,3.0,
"[[0.03380686789751053, 0.04410022124648094, 0.03504782170057297]]",245,"[0.42004698514938354, -0.06365024298429489, 0.030055345967411995]","[0.6841773986816406, 0.8377434015274048, 0.7022662162780762, -0.41937077045440674]",False,"[0.692615807056427, -0.20834705233573914, 0.029999999329447746]","[[0.4162428081035614, -0.05038263648748398, 0.03292283043265343, 0.062365226447582245, 0.42004698514938354, -0.06365024298429489, 0.030055345967411995, -0.0021823092829436064, -1.1740875152099761e-06, 0.03759035840630531]]","[0.10648658126592636, 0.20517395436763763, 0.05216589197516441, 0.02152145281434059, 0.09253279119729996, 0.017752230167388916]","[[0.01973900943994522, 0.020776882767677307, 0.0242126677185297]]","[0, 30]",2.392862535,-0.30859512090682983,11.0,245.0,1748233134.5377147,8.0,
"[[-0.003842049976810813, 0.02151365950703621, -0.013592211529612541]]",246,"[0.42145836353302, -0.0550537034869194, 0.029989957809448242]","[-0.04861342906951904, 0.6022039651870728, -0.2731519937515259, 0.11508095264434814]",False,"[0.692615807056427, -0.20834705233573914, 0.029999999329447746]","[[0.41774043440818787, -0.04180940240621567, 0.027832796797156334, 0.07442428171634674, 0.42145836353302, -0.0550537034869194, 0.029989957809448242, 1.0519633519834315e-07, 4.3297126239849604e-07, -0.10346615314483643]]","[0.043192602694034576, 0.24600888788700104, 0.05361921712756157, 0.03511134162545204, 0.10715580731630325, 0.04228350520133972]","[[-0.003928298130631447, 0.021536964923143387, -0.0085675660520792]]","[0, 30]",2.392918639,-0.31148871779441833,11.0,246.0,1748233134.539867,9.0,
"[[-0.05506987124681473, -0.0370447114109993, 0.02635466307401657]]",275,"[0.9117653965950012, -0.16151005029678345, 0.029977377504110336]","[-0.4101051092147827, -0.9077875018119812, 0.5270220041275024, 0.4181857109069824]",False,"[0.692615807056427, -0.20834705233573914, 0.029999999329447746]","[[0.5811816453933716, -0.3632976710796356, 0.12707380950450897, 0.0794682577252388, 0.9117653965950012, -0.16151005029678345, 0.029977377504110336, 4.131336754653603e-05, -0.0004206578014418483, 0.20065884292125702]]","[-0.16307957470417023, -2.1467573642730713, 2.819413185119629, 5.716021537780762, 1.0903546810150146, 0.29485154151916504]","[[-0.0013865884393453598, -0.005037091672420502, 0.004294430837035179]]","[0, 30]",2.441236286,-0.22409872710704803,11.0,275.0,1748233134.6089568,38.0,
"[[-0.0372430682182312, -0.01313598733395338, -0.042496081441640854]]",291,"[0.48527318239212036, 0.03083266317844391, 0.029989998787641525]","[-0.744861364364624, -0.2627197504043579, -0.8499215841293335, 0.5832704305648804]",False,"[0.4337100088596344, -0.09008302539587021, 0.029999999329447746]","[[0.4818069040775299, 0.02940855361521244, 0.05386112630367279, 0.07999177277088165, 0.48527318239212036, 0.03083266317844391, 0.029989998787641525, -9.930601230223601e-09, 3.2170583975448224e-16, 9.556998204970912e-14]]","[0.1253059357404709, 0.004401907324790955, 0.026178468018770218, -0.01811232417821884, -0.016251273453235626, -0.032095253467559814]","[[-0.007157355546951294, -0.002200842835009098, -0.002871718257665634]]","[0, 30]",2.485023464,-0.13145099580287933,12.0,291.0,1748233134.6367462,4.0,
"[[-0.08159301429986954, 0.028043698519468307, 0.002685698913410306]]",300,"[0.52496737241745, -0.08774790912866592, 0.029999999329447746]","[-0.39191555976867676, -0.9525244235992432, 0.056548476219177246, -0.7471966743469238]",True,"[0.6289671063423157, -0.25378620624542236, 0.029999999329447746]","[[0.6384396553039551, -2.194472251484947e-12, 0.19740013778209686, 0, 0.52496737241745, -0.08774790912866592, 0.029999999329447746, 0, 0, 0]]","[-0.25904038548469543, 0.3469464182853699, 0.1891758292913437, -0.03774029016494751, -0.13081395626068115, 0.20617514848709106]","[[-0.1896054446697235, -0.07506195455789566, -0.17266486585140228]]","[0, 30]",2.485342685,-0.04813724756240845,12.0,300.0,1748233134.6582386,13.0,
"[[0.03326582536101341, 0.006029075942933559, -0.01282010693103075]]",310,"[0.7258720993995667, 0.19865578413009644, 0.02998996712267399]","[0.8604882955551147, 0.2850402593612671, -0.25639843940734863, -0.6459687948226929]",False,"[0.42506641149520874, 0.011229957453906536, 0.029999999329447746]","[[0.7247558236122131, 0.18662455677986145, 0.021970480680465698, 0.054317180067300797, 0.7258720993995667, 0.19865578413009644, 0.02998996712267399, -3.079546218032192e-07, 3.800834349476645e-07, 0.018056686967611313]]","[0.03794387727975845, 0.24440045654773712, 0.07539927959442139, 0.025114841759204865, 0.11724521219730377, 0.03938087821006775]","[[0.02380448207259178, 0.006606585346162319, -0.011970027349889278]]","[0, 30]",2.532824315,-0.35441854596138,13.0,310.0,1748233134.6810706,9.0,
"[[0.010908136144280434, 0.011757031083106995, 0.010482028126716614]]",334,"[0.5215440392494202, -0.07718874514102936, 0.02993195317685604]","[-0.07231217622756958, 0.86311936378479, 0.20892977714538574, -0.8279116749763489]",False,"[0.42506641149520874, 0.011229957453906536, 0.029999999329447746]","[[0.531475841999054, -0.06508393585681915, 0.0227022934705019, 0.05351988226175308, 0.5215440392494202, -0.07718874514102936, 0.02993195317685604, 0.0002048077149083838, -0.0021363396663218737, 0.001953227212652564]]","[-0.11568208783864975, -1.3771347999572754, 2.6464719772338867, 3.558884382247925, 0.18106189370155334, 0.5068933367729187]","[[0.010065266862511635, 0.01189260184764862, 0.010192643851041794]]","[0, 30]",2.57716613,-0.13086560368537903,13.0,334.0,1748233134.7502964,33.0,
"[[0.04717329889535904, -0.04606121778488159, 0.03904074430465698]]",343,"[0.44853463768959045, 0.09244096279144287, 0.02998572215437889]","[0.6849558353424072, -0.959619402885437, 0.7642722129821777, 0.032588958740234375]",False,"[0.42506641149520874, 0.011229957453906536, 0.029999999329447746]","[[0.45024192333221436, 0.0023268049117177725, 0.06341968476772308, 0.011971201747655869, 0.44853463768959045, 0.09244096279144287, 0.02998572215437889, -1.3280061466502957e-05, -0.00012919162691105157, 0.16879303753376007]]","[-0.1276387721300125, -2.9159483909606934, 2.797555446624756, 7.776951789855957, 2.0165603160858154, 0.09705241024494171]","[[0.014143116772174835, -0.013481013476848602, 0.01907314360141754]]","[0, 30]",2.621053534,-0.0845339298248291,13.0,343.0,1748233134.7731228,42.0,
"[[-0.04240609332919121, -0.04354177042841911, -0.04316962510347366]]",360,"[0.5242713689804077, 0.06963979452848434, 0.029989883303642273]","[-0.7866301536560059, -0.8053272366523743, -0.8633947372436523, 0.40389716625213623]",False,"[0.5543246269226074, -0.056507084518671036, 0.029999999329447746]","[[0.5409807562828064, 0.05723432078957558, 0.03947700560092926, 0.07902603596448898, 0.5242713689804077, 0.06963979452848434, 0.029989883303642273, -4.164862275501946e-06, -1.5083262638881934e-08, -0.1555054634809494]]","[0.03812398761510849, 0.2443751096725464, 0.07367810606956482, 0.02612975612282753, 0.11666574329137802, 0.03950970619916916]","[[-0.041051339358091354, -0.034570902585983276, -0.049231477081775665]]","[0, 30]",2.6217153189999998,-0.129677414894104,14.0,360.0,1748233134.8050485,9.0,
"[[0.03755078464746475, 0.04842236265540123, -0.033442094922065735]]",380,"[0.7778390049934387, -0.20280955731868744, 0.02998993545770645]","[0.9996862411499023, 0.9898428916931152, -0.6688340902328491, 0.5316927433013916]",False,"[0.6205007433891296, 0.260190486907959, 0.029999999329447746]","[[0.7619685530662537, -0.18922752141952515, 0.022716891020536423, 0.07993923127651215, 0.7778390049934387, -0.20280955731868744, 0.02998993545770645, 6.370101459651778e-07, -1.0391343039373169e-06, -0.26232534646987915]]","[-0.3091135025024414, 0.346586674451828, 0.3588786721229553, -0.16108328104019165, -0.3450264632701874, 0.29120010137557983]","[[0.039851583540439606, 0.047132279723882675, -0.033483799546957016]]","[0, 30]",2.6665156530000003,-0.489003449678421,15.0,380.0,1748233134.8476794,14.0,
"[[0.042885709553956985, 0.006779827177524567, -0.04810120165348053]]",389,"[0.8238469362258911, 0.02035902999341488, 0.029983293265104294]","[0.8612868785858154, 0.8600877523422241, -0.9619115591049194, -0.7858624458312988]",False,"[0.6205007433891296, 0.260190486907959, 0.029999999329447746]","[[0.8042289018630981, 0.03310411050915718, 0.022009558975696564, 0.051835235208272934, 0.8238469362258911, 0.02035902999341488, 0.029983293265104294, 0.0005983214941807091, -0.000550407508853823, -0.06901810318231583]]","[0.061946846544742584, -0.21038341522216797, 1.5904169082641602, 0.9306307435035706, -0.6632596850395203, 0.5475327968597412]","[[0.04335932806134224, 0.0077900998294353485, -0.048070941120386124]]","[0, 30]",2.68374568,-0.31443411111831665,15.0,389.0,1748233134.8708673,23.0,
"[[0.044585347175598145, 0.0005554184317588806, -0.04850718379020691]]",390,"[0.8222843408584595, 0.05613413453102112, 0.02998916618525982]","[0.8604550361633301, 0.7266104221343994, -0.9700261354446411, -0.8267331123352051]",False,"[0.6205007433891296, 0.260190486907959, 0.029999999329447746]","[[0.8025782704353333, 0.06469351053237915, 0.02199850231409073, 0.05192476511001587, 0.8222843408584595, 0.05613413453102112, 0.02998916618525982, 0.0018376146908849478, -0.0018134493147954345, -0.05249585583806038]]","[0.15001364052295685, -0.30652478337287903, 1.6978328227996826, 1.2921005487442017, -0.4676491916179657, 0.5324745178222656]","[[0.044673383235931396, 0.004741121083498001, -0.0484902523458004]]","[0, 30]",2.686221435,-0.28697669506073,15.0,390.0,1748233134.8734887,24.0,
"[[-0.018302757292985916, -0.04544758424162865, -0.04825357347726822]]",400,"[0.7911832332611084, 0.23440636694431305, 0.029988005757331848]","[-0.3675440549850464, -0.9583406448364258, -0.9650943875312805, -0.9619216918945312]",False,"[0.6205007433891296, 0.260190486907959, 0.029999999329447746]","[[0.7720162868499756, 0.22142408788204193, 0.022108744829893112, 0.05645735561847687, 0.7911832332611084, 0.23440636694431305, 0.029988005757331848, -4.749971594719682e-06, 8.101731509668753e-05, 0.05619729310274124]]","[-0.20986385643482208, -1.5048761367797852, 2.667696475982666, 3.9335999488830566, 0.33999553322792053, 0.47220027446746826]","[[-0.018170375376939774, -0.045730408281087875, -0.048251330852508545]]","[0, 30]",2.715960538,-0.1726190447807312,15.0,400.0,1748233134.9025764,34.0,
"[[0.015072960406541824, 0.027394231408834457, 0.017048459500074387]]",409,"[0.8060099482536316, 0.15688921511173248, 0.02999001368880272]","[0.38560783863067627, 0.6410520076751709, 0.3409700393676758, 0.8641177415847778]",False,"[0.6205007433891296, 0.260190486907959, 0.029999999329447746]","[[0.7840398550033569, 0.17130322754383087, 0.04839134216308594, 0.08005095273256302, 0.8060099482536316, 0.15688921511173248, 0.02999001368880272, -1.564722310831712e-06, -9.187439786728646e-08, -0.37782207131385803]]","[-0.018479904159903526, -3.2397801876068115, 2.821972370147705, 8.679445266723633, 2.3384933471679688, 0.05523386597633362]","[[0.01700546219944954, 0.025908466428518295, 0.005451129749417305]]","[0, 30]",2.776892155,-0.2123318612575531,15.0,409.0,1748233134.9267073,43.0,
"[[0.00284652691334486, 0.023815426975488663, 0.005917202215641737]]",410,"[0.8114573955535889, 0.16505789756774902, 0.029990021139383316]","[0.165879487991333, 0.6396821737289429, 0.11834418773651123, 0.916142463684082]",False,"[0.6205007433891296, 0.260190486907959, 0.029999999329447746]","[[0.783338725566864, 0.18274982273578644, 0.054533813148736954, 0.08005391061306, 0.8114573955535889, 0.16505789756774902, 0.029990021139383316, -8.574619414503104e-07, 1.7737588109412172e-07, -0.46705296635627747]]","[-0.03779693692922592, -3.537335157394409, 2.8732528686523438, 9.503668785095215, 2.6921348571777344, 0.006786122918128967]","[[0.008995103649795055, 0.020537514239549637, -0.00022526131942868233]]","[0, 30]",2.7769325289999998,-0.2133416384458542,15.0,410.0,1748233134.9290276,44.0,
"[[-0.023821473121643066, 0.005636826157569885, -0.0314410999417305]]",413,"[0.8339868783950806, 0.2035178393125534, 0.02998206578195095]","[-0.3147554397583008, 0.37369370460510254, -0.6295815706253052, 0.9355337619781494]",False,"[0.6205007433891296, 0.260190486907959, 0.029999999329447746]","[[0.759605884552002, 0.24678829312324524, 0.006091929506510496, 0.08000009506940842, 0.8339868783950806, 0.2035178393125534, 0.02998206578195095, -2.993783709825948e-05, -0.00023458930081687868, -0.953343391418457]]","[-0.17718656361103058, -4.382305145263672, 2.8681702613830566, 12.027514457702637, 4.025509834289551, -0.18834291398525238]","[[-0.00895911455154419, 0.00031363964080810547, -0.01783597841858864]]","[0, 30]",2.7770423429999997,-0.22088032960891724,15.0,413.0,1748233134.93554,47.0,
"[[-0.008492901921272278, -0.018135275691747665, -0.033516623079776764]]",414,"[0.842052698135376, 0.21653684973716736, 0.029988501220941544]","[-0.008541643619537354, -0.10232532024383545, -0.6702037453651428, 0.9239504337310791]",False,"[0.6205007433891296, 0.260190486907959, 0.029999999329447746]","[[0.7610241174697876, 0.24345237016677856, 0.005551365204155445, 0.07999967783689499, 0.842052698135376, 0.21653684973716736, 0.029988501220941544, -5.881928700546268e-06, -4.412014095578343e-05, -1.086003303527832]]","[-0.2894171178340912, -4.552856922149658, 2.8715949058532715, 12.466469764709473, 4.496748447418213, -0.31538528203964233]","[[-0.0018453150987625122, -0.0017803432419896126, -0.03296962380409241]]","[0, 30]",2.777081055,-0.2258116602897644,15.0,414.0,1748233134.937912,48.0,
"[[0.21768036484718323, 0.20913515985012054, -0.01027582585811615]]",431,"[0.4392608404159546, -0.22935619950294495, 0.029999999329447746]","[-0.02193504571914673, -0.9322313070297241, -0.2038865089416504, -0.5990282297134399]",True,"[0.6616329550743103, -0.11227221041917801, 0.029999999329447746]","[[0.6384396553039551, -2.194472251484947e-12, 0.19740013778209686, 0, 0.4392608404159546, -0.22935619950294495, 0.029999999329447746, 0, 0, 0]]","[-0.3278532922267914, 0.344987154006958, 0.49169933795928955, -0.22857651114463806, -0.6006861329078674, 0.37990427017211914]","[[0.03460005298256874, -0.03624347597360611, -0.18519353866577148]]","[0, 30]",2.8210202349999998,-0.03380190581083298,16.0,431.0,1748233134.9751492,15.0,
"[[-0.02061031572520733, -0.023977719247341156, 0.022658653557300568]]",445,"[0.3924597203731537, 0.27014026045799255, 0.030489690601825714]","[-0.5436667203903198, -0.7865141034126282, 0.4631650447845459, -0.9684424996376038]",False,"[0.5552145838737488, 0.08542283624410629, 0.029999999329447746]","[[0.3979693651199341, 0.2520170509815216, 0.031508173793554306, 0.04898878559470177, 0.3924597203731537, 0.27014026045799255, 0.030489690601825714, 0.016804158687591553, -2.3670581867918372e-05, -0.026168551295995712]]","[-0.2203294187784195, 0.3454515039920807, 0.08068807423114777, 0.018790975213050842, -0.1584795117378235, 0.2049640268087387]","[[-0.008810980245471, -0.018334947526454926, 0.014265596866607666]]","[0, 30]",2.82151447,-0.24619078636169434,17.0,445.0,1748233135.0005872,13.0,
"[[-0.019130557775497437, -0.007961850613355637, -0.006067480426281691]]",446,"[0.3805655241012573, 0.24166987836360931, 0.029733622446656227]","[-0.620495080947876, -0.728644609451294, -0.1364709734916687, -0.8774152398109436]",False,"[0.5552145838737488, 0.08542283624410629, 0.029999999329447746]","[[0.3818737268447876, 0.22854188084602356, 0.02993706800043583, 0.051775261759757996, 0.3805655241012573, 0.24166987836360931, 0.029733622446656227, 0.0011433298932388425, -0.005132708232849836, 0.08003540337085724]]","[-0.23613660037517548, 0.3651329278945923, 0.11898112297058105, -0.0431559681892395, -0.45003542304039, 0.3139517903327942]","[[-0.014929115772247314, -0.01295706257224083, -0.005252442788332701]]","[0, 30]",2.821547842,-0.23434054851531982,17.0,446.0,1748233135.003229,14.0,
"[[0.00221044709905982, 0.023632971569895744, -0.04309456795454025]]",465,"[0.24184401333332062, -0.10660949349403381, 0.029972001910209656]","[-0.06923270225524902, 0.5235066413879395, -0.8622227311134338, -0.911645770072937]",False,"[0.5552145838737488, 0.08542283624410629, 0.029999999329447746]","[[0.26211613416671753, 0.12017406523227692, 0.0020340897608548403, 3.9183251487884263e-07, 0.24184401333332062, -0.10660949349403381, 0.029972001910209656, 0.0002851943427231163, -0.0008810414001345634, -0.35301509499549866]]","[-0.07535084336996078, -1.329735517501831, 2.5939111709594727, 3.5177698135375977, 0.16259673237800598, 0.5076216459274292]","[[-0.001464462373405695, 0.009771546348929405, -0.04310539364814758]]","[0, 30]",2.8654663830000002,-0.3675289452075958,17.0,465.0,1748233135.045438,33.0,
"[[0.012101853266358376, 0.033608149737119675, -0.030115237459540367]]",469,"[0.21926020085811615, -0.09648691117763519, 0.029989808797836304]","[0.12943077087402344, 0.7226357460021973, -0.6022882461547852, -0.8881591558456421]",False,"[0.5552145838737488, 0.08542283624410629, 0.029999999329447746]","[[0.23191794753074646, 0.1918841153383255, 0.0019648431334644556, 2.5929898583854083e-07, 0.21926020085811615, -0.09648691117763519, 0.029989808797836304, 5.400181066761434e-07, -5.971259724901756e-06, 1.0873513221740723]]","[-0.2098381072282791, -1.9377074241638184, 2.989124298095703, 5.103330612182617, 0.8145809173583984, 0.37425559759140015]","[[0.0015387623570859432, 0.01376541331410408, -0.030249163508415222]]","[0, 30]",2.86652316,-0.3820425271987915,17.0,469.0,1748233135.0540707,37.0,
"[[-0.021783608943223953, 0.0002128593623638153, 0.02107670158147812]]",489,"[0.6360864639282227, 0.08553903549909592, 0.02998064085841179]","[-0.5232445001602173, 0.3507009744644165, 0.4213477373123169, -0.5911476612091064]",False,"[0.43032822012901306, 0.010357124730944633, 0.029999999329447746]","[[0.640441358089447, 0.0969327986240387, 0.028828129172325134, 0.05266047269105911, 0.6360864639282227, 0.08553903549909592, 0.02998064085841179, 4.0966460801428184e-05, -0.00035287131322547793, -0.07355033606290817]]","[0.14386452734470367, 0.1604718565940857, 0.06529659032821655, 0.0005511045455932617, 0.06648484617471695, -0.0025697797536849976]","[[-0.007794041186571121, 0.0019164346158504486, 0.017797434702515602]]","[0, 30]",2.907211931,-0.2190634161233902,18.0,489.0,1748233135.0949588,7.0,
"[[0.04389525577425957, -0.052103523164987564, -0.046566158533096313]]",490,"[0.629676878452301, 0.1027548611164093, 0.029989689588546753]","[0.7497134208679199, -0.69775390625, -0.9311422109603882, 0.815761923789978]",False,"[0.43032822012901306, 0.010357124730944633, 0.029999999329447746]","[[0.6692991256713867, 0.09131019562482834, 0.022111721336841583, 0.07668758928775787, 0.629676878452301, 0.1027548611164093, 0.029989689588546753, 2.997400315507548e-06, -7.516636287618894e-06, -0.18525412678718567]]","[0.10230720043182373, 0.20450133085250854, 0.06970560550689697, 0.012259162962436676, 0.0984690934419632, 0.01704014092683792]","[[0.00862790271639824, -0.02926509454846382, -0.0398407019674778]]","[0, 30]",2.90962517,-0.21972081065177917,18.0,490.0,1748233135.0969684,8.0,
"[[0.0020196884870529175, 0.046812400221824646, -0.02929239347577095]]",522,"[0.15244433283805847, 0.04958835616707802, 0.029989998787641525]","[0.13470590114593506, 0.972947359085083, -0.5858478546142578, 0.22859930992126465]",False,"[0.43032822012901306, 0.010357124730944633, 0.029999999329447746]","[[0.04567524045705795, 0.7663859724998474, 0.006088309921324253, 0.029362274333834648, 0.15244433283805847, 0.04958835616707802, 0.029989998787641525, 1.5088876637037174e-07, -1.193274954403023e-07, -3.032438039779663]]","[-0.18726380169391632, -2.5979959964752197, 2.7189135551452637, 6.882931709289551, 1.7127962112426758, 0.12272103130817413]","[[0.0027830004692077637, 0.036510493606328964, -0.029714906588196754]]","[0, 30]",3.001268703,-0.28063952922821045,18.0,522.0,1748233135.1629977,40.0,
"[[0.02002219669520855, 0.04442913085222244, -0.04201865196228027]]",526,"[0.1712220162153244, 0.05689525976777077, 0.029989998787641525]","[0.4940786361694336, 0.9250184297561646, -0.8403730392456055, 0.8571146726608276]",False,"[0.43032822012901306, 0.010357124730944633, 0.029999999329447746]","[[0.08476442843675613, 0.7881649136543274, 0.007374068722128868, 0.07996989041566849, 0.1712220162153244, 0.05689525976777077, 0.029989998787641525, 1.507534648226283e-07, -1.1814567812962196e-07, -3.032438039779663]]","[0.06692174822092056, -3.7785565853118896, 2.9509358406066895, 10.138773918151855, 2.948845386505127, -0.02596457302570343]","[[0.009322604164481163, 0.04417852684855461, -0.04224531352519989]]","[0, 30]",3.001406939,-0.2632523775100708,18.0,526.0,1748233135.1707563,44.0,
"[[-0.017855197191238403, 0.049999963492155075, -0.049986399710178375]]",532,"[0.6305391788482666, 0.07575517147779465, 0.02998640015721321]","[-0.35710394382476807, 0.9999992847442627, -0.9999999403953552, 0.6336582899093628]",False,"[0.6633538603782654, -0.0021077110432088375, 0.029999999329447746]","[[0.6332136392593384, 0.024269884452223778, 0.16795556247234344, 0.05566202104091644, 0.6305391788482666, 0.07575517147779465, 0.02998640015721321, -0.00012001329014310613, -1.8152587699660216e-07, -1.3285830768872131e-11]]","[0.031221119686961174, -0.035811975598335266, -0.040832195430994034, -0.03544018417596817, 0.07737232744693756, 0.20053458213806152]","[[-0.012629181146621704, 0.025730079039931297, -0.020555421710014343]]","[0, 30]",3.001630122,-0.08449514955282211,19.0,532.0,1748233135.182479,0.0,
"[[-0.03574919328093529, 0.043701011687517166, -0.030880790203809738]]",552,"[0.4729669392108917, 0.04370351508259773, 0.02998986653983593]","[-0.7149838209152222, 0.8740202188491821, -0.6176151037216187, 0.6232209205627441]",False,"[0.6987483501434326, 0.1557178795337677, 0.029999999329447746]","[[0.5258033275604248, 0.016805393621325493, 0.10889329016208649, 0.07998256385326385, 0.4729669392108917, 0.04370351508259773, 0.02998986653983593, -1.1132001098701494e-08, -4.455577254702803e-06, -1.889896052154061e-11]]","[0.056676577776670456, -0.027732551097869873, 0.006567902863025665, -0.020913846790790558, -0.017263390123844147, -0.005011171102523804]","[[-0.00858503207564354, 0.004917822778224945, -0.0028142090886831284]]","[0, 30]",3.045500645,-0.2520405948162079,20.0,552.0,1748233135.2278607,3.0,
"[[-0.04895130544900894, -0.04731059446930885, -0.04821676015853882]]",580,"[0.46857255697250366, -0.06646640598773956, 0.02998925745487213]","[-0.9790260791778564, -0.9462118744850159, -0.9642769694328308, 0.9826555252075195]",False,"[0.5461342334747314, 0.2273186892271042, 0.029999999329447746]","[[0.5777127742767334, 0.03454042971134186, 0.1761106550693512, 0.07524944841861725, 0.46857255697250366, -0.06646640598773956, 0.02998925745487213, -3.6207754874340026e-06, -1.6889260223251767e-05, 1.1487787388020365e-09]]","[0.03145534545183182, -0.025785446166992188, -0.01915780082345009, -0.028214216232299805, 0.05357807129621506, 0.13179919123649597]","[[-0.03280053287744522, -0.05880102515220642, -0.032272618263959885]]","[0, 30]",3.125003916,-0.30385109782218933,21.0,580.0,1748233135.297295,1.0,
"[[-0.049191366881132126, -0.047108761966228485, -0.0442398376762867]]",582,"[0.46857255697250366, -0.06646640598773956, 0.029989933595061302]","[-0.9838273525238037, -0.9421752095222473, -0.8847942352294922, 0.9920849800109863]",False,"[0.5461342334747314, 0.2273186892271042, 0.029999999329447746]","[[0.4978390038013458, -0.044136010110378265, 0.09097017347812653, 0.07992977648973465, 0.46857255697250366, -0.06646640598773956, 0.029989933595061302, -8.060009122345946e-07, 1.4233532965590712e-06, 1.1576382075162428e-09]]","[0.056576043367385864, -0.027749843895435333, 0.0066166408360004425, -0.0209842249751091, -0.017201505601406097, -0.004960834980010986]","[[-0.011670034378767014, -0.0058633387088775635, -0.005070801824331284]]","[0, 30]",3.125044842,-0.30385109782218933,21.0,582.0,1748233135.3006008,3.0,
"[[-0.04405757784843445, 0.0002605319023132324, -0.011167348362505436]]",598,"[0.4463330805301666, 0.012379969470202923, 0.02998999133706093]","[-0.881151556968689, 0.0052106380462646484, -0.22334617376327515, 0.6466699838638306]",False,"[0.6630969643592834, 0.1065346896648407, 0.029999999329447746]","[[0.475624144077301, 0.007330399937927723, 0.08552898466587067, 0.07997418940067291, 0.4463330805301666, 0.012379969470202923, 0.02998999133706093, -1.5190132485187746e-09, 3.0039709031370876e-07, 2.0468723938016353e-11]]","[0.1253032237291336, 0.0044020116329193115, 0.026174139231443405, -0.018113359808921814, -0.016252167522907257, -0.032095447182655334]","[[-0.01390942931175232, -7.981434464454651e-06, -0.003254256211221218]]","[0, 30]",3.17323858,-0.23632964491844177,22.0,598.0,1748233135.3366432,4.0,
"[[0.024313200265169144, -0.06434750556945801, -0.007982459850609303]]",613,"[0.6159424185752869, 0.21519002318382263, 0.029928063973784447]","[0.9960637092590332, -0.746745228767395, -0.16378259658813477, -0.8708656430244446]",False,"[0.6630969643592834, 0.1065346896648407, 0.029999999329447746]","[[0.5840891599655151, 0.18993590772151947, 0.02228529006242752, 0.047369565814733505, 0.6159424185752869, 0.21519002318382263, 0.029928063973784447, 0.002567257499322295, -0.004576459527015686, 0.35670581459999084]]","[-0.18960408866405487, 0.17938047647476196, 1.0782736539840698, 0.048817314207553864, -0.9838074445724487, 0.5703528523445129]","[[0.02577846124768257, -0.05776107683777809, -0.0054893335327506065]]","[0, 30]",3.217106058,-0.11844635009765625,22.0,613.0,1748233135.3744102,19.0,
"[[-0.0739004909992218, -0.04267771914601326, -0.02315506339073181]]",618,"[0.7541711330413818, 0.2949092984199524, 0.029960501939058304]","[-0.9239941835403442, -0.5476758480072021, -0.46198880672454834, 0.6690182685852051]",False,"[0.6630969643592834, 0.1065346896648407, 0.029999999329447746]","[[0.5247586369514465, 0.09796210378408432, 0.009690760634839535, 0.07623786479234695, 0.7541711330413818, 0.2949092984199524, 0.029960501939058304, -0.0004072657029610127, -0.0005145140457898378, 2.740234613418579]]","[0.16017772257328033, -0.2896805703639984, 1.6988664865493774, 1.2509394884109497, -0.48031529784202576, 0.5359041690826416]","[[-0.014592856168746948, -0.005971807986497879, -0.002408936619758606]]","[0, 30]",3.21729607,-0.20923550426959991,22.0,618.0,1748233135.3832963,24.0,
"[[-0.07447288930416107, -0.06187063083052635, 0.047803185880184174]]",626,"[0.9729523658752441, 0.41570109128952026, 0.029928099364042282]","[-0.9479376077651978, -0.9384332895278931, 0.9553369283676147, 0.8845903873443604]",False,"[0.6630969643592834, 0.1065346896648407, 0.029999999329447746]","[[0.269118070602417, -0.05818580463528633, 0.05560737103223801, 0.07999975234270096, 0.9729523658752441, 0.41570109128952026, 0.029928099364042282, 0.0013971050502732396, -0.0003742484259419143, -0.6438561081886292]]","[-0.1675390750169754, -1.2243480682373047, 2.437622547149658, 3.126237630844116, 0.0738774761557579, 0.5249090194702148]","[[-0.009822648018598557, -0.013411562889814377, 0.03079110011458397]]","[0, 30]",3.217583542,-0.4377147853374481,22.0,626.0,1748233135.3985298,32.0,
"[[-0.07483755052089691, -0.06200401857495308, 0.0482977032661438]]",627,"[0.9999516606330872, 0.43060776591300964, 0.029966512694954872]","[-0.9567651748657227, -0.9419468641281128, 0.9667222499847412, 0.7652750015258789]",False,"[0.6630969643592834, 0.1065346896648407, 0.029999999329447746]","[[0.24463604390621185, -0.09321294724941254, 0.07205677777528763, 0.07999947667121887, 0.9999516606330872, 0.43060776591300964, 0.029966512694954872, 0.0005928833270445466, -0.00047038766206242144, -0.3632003366947174]]","[-0.11548622697591782, -1.3756380081176758, 2.6447224617004395, 3.5530786514282227, 0.18018487095832825, 0.5076438784599304]","[[-0.023356232792139053, -0.012070201337337494, 0.03188670799136162]]","[0, 30]",3.217618386,-0.4674338698387146,22.0,627.0,1748233135.4002361,33.0,
"[[-0.06641079485416412, -0.05854194983839989, 0.08567596971988678]]",633,"[1.1610586643218994, 0.5190595388412476, -0.19264186918735504]","[-0.7958939075469971, -0.8788560628890991, 0.2115485668182373, 0.8165630102157593]",False,"[0.6630969643592834, 0.1065346896648407, 0.029999999329447746]","[[0.09457575529813766, -0.310066819190979, 0.16610126197338104, 0.0799998864531517, 1.1610586643218994, 0.5190595388412476, -0.19264186918735504, 0.7018739581108093, 0.6742156744003296, 1.5257614850997925]]","[-3.0084428787231445, -1.795407772064209, 4.656609058380127, 6.675394535064697, 2.1242504119873047, 0.24190771579742432]","[[-0.008160460740327835, -0.01210942491889, 0.0014387844130396843]]","[0, 30]",3.261039588,-0.683894693851471,22.0,633.0,1748233135.4099941,39.0,
"[[-0.0353594608604908, 0.0152435302734375, -0.02475084736943245]]",637,"[1.2938902378082275, 0.5727294087409973, -0.369027704000473]","[0.0034340620040893555, 0.5138945579528809, -0.575345516204834, 0.9793034791946411]",False,"[0.6630969643592834, 0.1065346896648407, 0.029999999329447746]","[[0.04511553794145584, -0.3093382716178894, 0.10524525493383408, 0.07999998331069946, 1.2938902378082275, 0.5727294087409973, -0.369027704000473, 1.5682117938995361, -0.03629675507545471, 2.8803138732910156]]","[-3.016730308532715, -3.3053171634674072, 5.26746940612793, 11.171710968017578, 3.7609033584594727, -0.057943910360336304]","[[0.00037231744499877095, 0.007194727659225464, -0.011879805475473404]]","[0, 30]",3.261189245,-0.8800345063209534,22.0,637.0,1748233135.4168313,43.0,
"[[0.008503854274749756, 0.038470007479190826, -0.03535924106836319]]",640,"[1.3746321201324463, 0.5974210500717163, -0.37001150846481323]","[0.6302058696746826, 0.9116764068603516, -0.7071597576141357, 0.982133150100708]",False,"[0.6630969643592834, 0.1065346896648407, 0.029999999329447746]","[[0.08296201378107071, -0.2365744262933731, 0.06145185977220535, 0.07999885082244873, 1.3746321201324463, 0.5974210500717163, -0.37001150846481323, 1.5699068307876587, -0.00087302818428725, 3.100074291229248]]","[-2.6561226844787598, -3.8871302604675293, 4.887251853942871, 12.84467887878418, 5.2048749923706055, -0.44941526651382446]","[[0.009248510003089905, 0.020273856818675995, -0.02210512012243271]]","[0, 30]",3.261309417,-0.952502429485321,22.0,640.0,1748233135.422083,46.0,
"[[0.009148597717285156, 0.004059646278619766, -0.03897254914045334]]",665,"[0.7323423027992249, 0.028092926368117332, 0.029962265864014626]","[0.6434834003448486, 0.8777995109558105, -0.7786568403244019, -0.7587918043136597]",False,"[0.6653344035148621, 0.11927670240402222, 0.029999999329447746]","[[0.7268683910369873, 0.03714720532298088, 0.0220977533608675, 0.053027503192424774, 0.7323423027992249, 0.028092926368117332, 0.029962265864014626, 0.001994879450649023, -0.00290926662273705, 0.05339118465781212]]","[-0.2268548458814621, -0.13631345331668854, 1.155124306678772, 1.0294493436813354, -1.04700767993927, 0.5822172164916992]","[[0.007410228252410889, 0.004471737891435623, -0.03878778964281082]]","[0, 30]",3.305275858,-0.11315714567899704,23.0,665.0,1748233135.472439,21.0,
"[[-0.03588851913809776, -0.03935805335640907, -0.04954897612333298]]",675,"[0.7451788783073425, 0.2031419277191162, 0.029989933595061302]","[-0.9408467411994934, -0.9678829312324524, -0.9909288287162781, -0.9871174097061157]",False,"[0.6653344035148621, 0.11927670240402222, 0.029999999329447746]","[[0.7310829162597656, 0.1876690536737442, 0.0223116185516119, 0.05272657796740532, 0.7451788783073425, 0.2031419277191162, 0.029989933595061302, 2.929233232862316e-06, 2.3047586061863967e-09, 0.05034702643752098]]","[-0.13214154541492462, -1.2707513570785522, 2.586519956588745, 3.2302911281585693, 0.081385038793087, 0.5339667797088623]","[[-0.035748567432165146, -0.04171313717961311, -0.049607254564762115]]","[0, 30]",3.311777568,-0.11579514294862747,23.0,675.0,1748233135.4985762,31.0,
"[[0.003757691476494074, 0.01893836259841919, -0.014202365651726723]]",689,"[0.7432265281677246, 0.03149382770061493, 0.02998993545770645]","[0.1289386749267578, 0.6888773441314697, -0.28404730558395386, 0.8784438371658325]",False,"[0.6653344035148621, 0.11927670240402222, 0.029999999329447746]","[[0.7487112879753113, 0.04243197292089462, 0.030384838581085205, 0.08001437783241272, 0.7432265281677246, 0.03149382770061493, 0.02998993545770645, 2.214909727626946e-06, -1.7134962604359316e-07, 0.006199402268975973]]","[-0.02807052992284298, -4.256868839263916, 2.9165549278259277, 11.628336906433105, 3.7379937171936035, -0.13353492319583893]","[[0.005098676774650812, 0.01918789930641651, -0.003515811637043953]]","[0, 30]",3.388857011,-0.1173584908246994,23.0,689.0,1748233135.5349445,45.0,
"[[-0.0452737882733345, -0.04991736263036728, -0.048179470002651215]]",694,"[0.5261186957359314, 0.13119389116764069, 0.029986348003149033]","[-0.9054757356643677, -0.9983472228050232, -0.963862419128418, 0.4698587656021118]",False,"[0.445744127035141, -0.12630914151668549, 0.029999999329447746]","[[0.6208592653274536, -0.024896366521716118, 0.16561859846115112, 0.04127349331974983, 0.5261186957359314, 0.13119389116764069, 0.029986348003149033, -3.0948183393775253e-06, -0.00011509648902574554, 1.114112246902721e-09]]","[0.031221017241477966, -0.03580904006958008, -0.0408315546810627, -0.03543727844953537, 0.07737333327531815, 0.20053258538246155]","[[-0.02769339829683304, -0.02502099610865116, -0.016411583870649338]]","[0, 30]",3.389065426,-0.26975521445274353,24.0,694.0,1748233135.5459652,0.0,
"[[0.017328351736068726, 0.0020690918900072575, 0.031791917979717255]]",703,"[0.5298911929130554, 0.15037156641483307, 0.029989957809448242]","[0.41668474674224854, 0.13647747039794922, 0.6358397006988525, -0.6997480392456055]",False,"[0.445744127035141, -0.12630914151668549, 0.029999999329447746]","[[0.5393063426017761, 0.16171015799045563, 0.02382286824285984, 0.05248885974287987, 0.5298911929130554, 0.15037156641483307, 0.029989957809448242, 7.559532377854339e-07, 1.8379694211034803e-08, 0.006064985413104296]]","[0.03818889707326889, 0.24433788657188416, 0.07365383207798004, 0.026123367249965668, 0.11665429174900055, 0.039484985172748566]","[[0.016340583562850952, 0.0036821425892412663, 0.031438492238521576]]","[0, 30]",3.389390989,-0.28919360041618347,24.0,703.0,1748233135.5637982,9.0,
"[[-0.0597415454685688, -0.008010514080524445, -0.04891376569867134]]",713,"[0.6015985012054443, -0.08324979990720749, 0.029927540570497513]","[-0.9492716789245605, -0.9091569781303406, -0.9779934287071228, -0.9675117135047913]",False,"[0.445744127035141, -0.12630914151668549, 0.029999999329447746]","[[0.5935273766517639, -0.09639180451631546, 0.0230606310069561, 0.051688045263290405, 0.6015985012054443, -0.08324979990720749, 0.029927540570497513, -0.002424784703180194, 0.00034684204729273915, 0.08849774301052094]]","[-0.19674693048000336, 0.14896202087402344, 1.04789137840271, 0.08407539874315262, -1.0232123136520386, 0.5811477899551392]","[[-0.045925844460725784, -0.006365887820720673, -0.049812354147434235]]","[0, 30]",3.432971725,-0.16169323027133942,24.0,713.0,1748233135.5874982,19.0,
"[[-0.009706363081932068, 0.03299444168806076, -0.03201032057404518]]",748,"[0.5962903499603271, 0.16745033860206604, 0.029989995062351227]","[-0.16922086477279663, 0.7880313396453857, -0.640205979347229, 0.3837231397628784]",False,"[0.4610292315483093, 0.1122467964887619, 0.029999999329447746]","[[0.6018861532211304, 0.1741299331188202, 0.042315222322940826, 0.07999791204929352, 0.5962903499603271, 0.16745033860206604, 0.029989995062351227, -1.1915302877696377e-07, -2.299666235217046e-08, 0.04698774218559265]]","[0.1252298206090927, 0.0043788328766822815, 0.026105869561433792, -0.018098920583724976, -0.016255803406238556, -0.032084837555885315]","[[-0.001294836401939392, 0.004700712859630585, -0.013127654790878296]]","[0, 30]",3.489508755,-0.14609242975711823,25.0,748.0,1748233135.6698503,4.0,
"[[0.01932678185403347, 0.012370815500617027, 0.01588871143758297]]",751,"[0.6057239174842834, 0.19046084582805634, 0.02998986653983593]","[0.4696042537689209, 0.41196000576019287, 0.31777167320251465, -0.7393380403518677]",False,"[0.4610292315483093, 0.1122467964887619, 0.029999999329447746]","[[0.6291823387145996, 0.20173421502113342, 0.025283457711338997, 0.05457702651619911, 0.6057239174842834, 0.19046084582805634, 0.02998986653983593, 2.6180669010500424e-06, 2.1193686734477524e-06, 0.030760733410716057]]","[0.14392326772212982, 0.1603965163230896, 0.06495845317840576, 0.0006717517971992493, 0.06634204089641571, -0.0026031583547592163]","[[0.017404353246092796, 0.006862318143248558, 0.015919726341962814]]","[0, 30]",3.532819291,-0.16448096930980682,25.0,751.0,1748233135.6769419,7.0,
"[[-0.01740742288529873, -0.041018348187208176, -0.025645224377512932]]",753,"[0.6107168197631836, 0.20324456691741943, 0.02998998947441578]","[-0.3298295736312866, -0.7291679382324219, -0.5129042267799377, 0.22485589981079102]",False,"[0.4610292315483093, 0.1122467964887619, 0.029999999329447746]","[[0.6287078261375427, 0.1928626000881195, 0.022463319823145866, 0.07306414842605591, 0.6107168197631836, 0.20324456691741943, 0.02998998947441578, 7.439944624820782e-07, 1.0088869828450697e-07, -0.10317663848400116]]","[0.03820955753326416, 0.2443460375070572, 0.07358574867248535, 0.026161465793848038, 0.11661895364522934, 0.03948917239904404]","[[-0.015604620799422264, -0.034713368862867355, -0.02181779406964779]]","[0, 30]",3.5329042680000002,-0.1751769483089447,25.0,753.0,1748233135.682074,9.0,
"[[-0.034787677228450775, -0.02412215992808342, -0.04193815588951111]]",756,"[0.5856818556785583, 0.16822659969329834, 0.029926298186182976]","[-0.9623591303825378, -0.8738442659378052, -0.8400339484214783, -0.6416935920715332]",False,"[0.4610292315483093, 0.1122467964887619, 0.029999999329447746]","[[0.5978030562400818, 0.15055416524410248, 0.022690968587994576, 0.04749531298875809, 0.5856818556785583, 0.16822659969329834, 0.029926298186182976, -0.002244503702968359, 0.0002404653059784323, 0.0030590370297431946]]","[-0.20684689283370972, 0.32809221744537354, 0.16837811470031738, -0.009430311620235443, 0.0330740287899971, 0.14188255369663239]","[[-0.03242947906255722, -0.024076636880636215, -0.041892021894454956]]","[0, 30]",3.533014392,-0.1366456001996994,25.0,756.0,1748233135.689756,12.0,
"[[-0.027164332568645477, -0.010081116110086441, -0.042900584638118744]]",759,"[0.5278639197349548, 0.06974569708108902, 0.02998804859817028]","[-0.9669635891914368, -0.9674524664878845, -0.8579622507095337, -0.825133204460144]",False,"[0.4610292315483093, 0.1122467964887619, 0.029999999329447746]","[[0.5406860113143921, 0.05972619354724884, 0.022491974756121635, 0.051874760538339615, 0.5278639197349548, 0.06974569708108902, 0.02998804859817028, 0.0002820163790602237, -0.0003296439244877547, -0.0037668724544346333]]","[-0.3071637749671936, 0.3488730490207672, 0.44902706146240234, -0.21416273713111877, -0.6378123760223389, 0.3923467993736267]","[[-0.02766423672437668, -0.012571226805448532, -0.04266795143485069]]","[0, 30]",3.533130066,-0.07920365035533905,25.0,759.0,1748233135.6978545,15.0,
"[[0.01660292223095894, 0.06613657623529434, 0.041117578744888306]]",762,"[0.46195757389068604, -0.015878943726420403, 0.030414091423153877]","[-0.09574556350708008, 0.9301049709320068, 0.8162891864776611, -0.4891151785850525]",False,"[0.4610292315483093, 0.1122467964887619, 0.029999999329447746]","[[0.4678349792957306, 0.0007267849869094789, 0.02337714284658432, 0.05083461478352547, 0.46195757389068604, -0.015878943726420403, 0.030414091423153877, -0.014354918152093887, 0.00011944921425310895, -0.12866514921188354]]","[-0.2125171422958374, 0.2225952446460724, 0.7632657885551453, 0.06228586286306381, -0.995824933052063, 0.5197558403015137]","[[0.018901605159044266, 0.0679350346326828, 0.04108996316790581]]","[0, 30]",3.533237085,-0.128129780292511,25.0,762.0,1748233135.7058628,18.0,
"[[-0.019732240587472916, -0.027897577732801437, -0.029620036482810974]]",781,"[0.4275027811527252, 0.14776548743247986, 0.030021673068404198]","[-0.39634114503860474, -0.8739756941795349, -0.5917664766311646, -0.4611838459968567]",False,"[0.5779565572738647, -0.25817063450813293, 0.029999999329447746]","[[0.4179210066795349, 0.13377779722213745, 0.022284414619207382, 0.05285860225558281, 0.4275027811527252, 0.14776548743247986, 0.030021673068404198, 0.0010667043970897794, -1.366191781926318e-06, 0.055885978043079376]]","[-0.1250913292169571, 0.30470502376556396, 0.11511635780334473, 0.024543397128582, 0.10782179981470108, 0.09524727612733841]","[[-0.01758274808526039, -0.016490574926137924, -0.02207319810986519]]","[0, 30]",3.561348814,-0.4329208433628082,26.0,781.0,1748233135.7480392,11.0,
"[[-7.005920633673668e-05, -0.017427340149879456, -0.0019264466827735305]]",783,"[0.4321061968803406, 0.09554383158683777, 0.029948141425848007]","[0.08376789093017578, -0.9392118453979492, -0.038450777530670166, -0.7515210509300232]",False,"[0.5779565572738647, -0.25817063450813293, 0.029999999329447746]","[[0.42279723286628723, 0.08510825783014297, 0.021950075402855873, 0.05565822869539261, 0.4321061968803406, 0.09554383158683777, 0.029948141425848007, -0.0011105624726042151, -0.0008506868034601212, 0.04171784222126007]]","[-0.2559695839881897, 0.3419075608253479, 0.2360207736492157, -0.0645061656832695, -0.1202390268445015, 0.20376884937286377]","[[0.0009506405331194401, -0.01961265504360199, -0.00135644746478647]]","[0, 30]",3.567858179,-0.38260456919670105,26.0,783.0,1748233135.7543113,13.0,
"[[0.0027340236119925976, 0.039380207657814026, -0.034681953489780426]]",797,"[0.5984954237937927, 0.043477918952703476, 0.029989324510097504]","[0.133567214012146, 0.9003047943115234, -0.6936525106430054, 0.4517214298248291]",False,"[0.4113291800022125, 0.03678763657808304, 0.029999999329447746]","[[0.6235260963439941, 0.05672882869839668, 0.027545714750885963, 0.08045510202646255, 0.5984954237937927, 0.043477918952703476, 0.029989324510097504, 2.01666680368362e-05, 4.815739885088988e-06, 0.04647582024335861]]","[0.12530098855495453, 0.004401564598083496, 0.02617405354976654, -0.01811220496892929, -0.016250140964984894, -0.032095134258270264]","[[0.006090063136070967, 0.01674191839993, -0.0047820378094911575]]","[0, 30]",3.59997767,-0.18728579580783844,27.0,797.0,1748233135.787488,4.0,
"[[-0.007857841439545155, 0.017521444708108902, 0.020696360617876053]]",798,"[0.5996014475822449, 0.05699565261602402, 0.030078742653131485]","[-0.13503634929656982, 0.6207835674285889, 0.4157155752182007, -0.5606264472007751]",False,"[0.4113291800022125, 0.03678763657808304, 0.029999999329447746]","[[0.6111975908279419, 0.07194124162197113, 0.025028621777892113, 0.05679076910018921, 0.5996014475822449, 0.05699565261602402, 0.030078742653131485, -0.0029607105534523726, -2.9637417355843354e-06, 0.1599043607711792]]","[0.16303065419197083, 0.05485774949193001, 0.027873676270246506, -0.004930704832077026, 0.0009752660989761353, -0.031050503253936768]","[[0.00557668786495924, 0.015826765447854996, 0.023302871733903885]]","[0, 30]",3.602410366,-0.18935368955135345,27.0,798.0,1748233135.789737,5.0,
"[[-0.03293004259467125, -0.02254379913210869, -0.035868674516677856]]",807,"[0.48466917872428894, 0.0767492949962616, 0.02992101013660431]","[-0.9363912343978882, -0.9418870806694031, -0.718172550201416, -0.86232990026474]",False,"[0.4113291800022125, 0.03678763657808304, 0.029999999329447746]","[[0.4920744299888611, 0.06032678112387657, 0.02260568179190159, 0.047633346170186996, 0.48466917872428894, 0.0767492949962616, 0.02992101013660431, -0.0011726332595571876, -0.0011137670371681452, 0.03024684078991413]]","[-0.08809512108564377, 0.39814627170562744, -0.4357752799987793, 0.3006472885608673, -0.9152295589447021, 0.3898906111717224]","[[-0.035861607640981674, -0.02283710241317749, -0.034155264496803284]]","[0, 30]",3.645118736,-0.08352064341306686,27.0,807.0,1748233135.811984,14.0,
"[[0.04045512154698372, -0.016719773411750793, -0.0034718115348368883]]",817,"[0.6750404834747314, 0.07627303153276443, 0.029989968985319138]","[0.872247576713562, -0.25045156478881836, -0.06943649053573608, 0.5251796245574951]",False,"[0.5050793290138245, -0.2537596523761749, 0.029999999329447746]","[[0.7050613760948181, 0.06705127656459808, 0.030460689216852188, 0.07671373337507248, 0.6750404834747314, 0.07627303153276443, 0.029989968985319138, -3.4297758588763827e-07, 6.209759249031777e-07, -0.13571427762508392]]","[0.14388974010944366, 0.1604461967945099, 0.0649370551109314, 0.0006973966956138611, 0.06637028604745865, -0.002581864595413208]","[[0.01879836991429329, -0.0027755126357078552, -0.0024435960222035646]]","[0, 30]",3.6888293020000003,-0.371225506067276,28.0,817.0,1748233135.834058,7.0,
"[[0.01744123175740242, 0.03971204161643982, -0.04711288586258888]]",860,"[0.6874728202819824, 0.13712866604328156, 0.029989831149578094]","[0.3488246202468872, 0.7942408323287964, -0.9422577023506165, 0.9535462856292725]",False,"[0.6509693264961243, 0.29943981766700745, 0.029999999329447746]","[[0.6712780594825745, 0.07279542833566666, 0.11706621199846268, 0.07998250424861908, 0.6874728202819824, 0.13712866604328156, 0.029989831149578094, 5.904217232455267e-06, 2.82055964362371e-07, 1.9084213376263648e-11]]","[0.05667656660079956, -0.027732565999031067, 0.006567921489477158, -0.020913787186145782, -0.017263345420360565, -0.005011230707168579]","[[0.012715835124254227, 0.008948065340518951, 0.005968976765871048]]","[0, 30]",3.7487831,-0.16636531054973602,30.0,860.0,1748233135.9367287,3.0,
"[[0.007916118949651718, 0.02931404858827591, -0.038455236703157425]]",904,"[0.6849045157432556, -0.15114526450634003, 0.030026903375983238]","[0.7727484703063965, -0.10172247886657715, -0.7677924633026123, -0.9175207614898682]",False,"[0.48749157786369324, -0.22930651903152466, 0.029999999329447746]","[[0.6823945641517639, -0.13312454521656036, 0.022456131875514984, 0.05001210793852806, 0.6849045157432556, -0.15114526450634003, 0.030026903375983238, -0.0018497196724638343, -0.0002775434113573283, -0.0033368642907589674]]","[0.4857673943042755, -0.21612992882728577, 1.8271799087524414, 0.9650402665138245, -0.7108370065689087, 0.6623370051383972]","[[0.008063998073339462, 0.004728741943836212, -0.03820471465587616]]","[0, 30]",3.8691737010000002,-0.21232299506664276,31.0,904.0,1748233136.0432012,24.0,
"[[0.02145019918680191, 0.05882222577929497, -0.042571693658828735]]",906,"[0.7319387793540955, -0.19281427562236786, 0.02994532510638237]","[0.845982551574707, 0.8351616859436035, -0.8519198894500732, -0.9612808227539062]",False,"[0.48749157786369324, -0.22930651903152466, 0.029999999329447746]","[[0.723514199256897, -0.17322447896003723, 0.02268994227051735, 0.048666488379240036, 0.7319387793540955, -0.19281427562236786, 0.02994532510638237, -0.0011503610294312239, -3.2605243177386e-05, -0.14643678069114685]]","[0.41615962982177734, -0.42933857440948486, 1.8368449211120605, 1.3694061040878296, -0.40482625365257263, 0.6203234791755676]","[[0.023986078798770905, 0.059336256235837936, -0.04245884716510773]]","[0, 30]",3.8692487399999997,-0.2471560686826706,31.0,906.0,1748233136.0484028,26.0,
"[[0.016520489007234573, -0.033818669617176056, -0.04746469855308533]]",914,"[0.7448262572288513, -0.1706196665763855, 0.0299854576587677]","[0.3885159492492676, -0.7776756286621094, -0.9507840871810913, -0.9615513682365417]",False,"[0.48749157786369324, -0.22930651903152466, 0.029999999329447746]","[[0.7377070188522339, -0.1874430924654007, 0.02226029522716999, 0.04931047186255455, 0.7448262572288513, -0.1706196665763855, 0.0299854576587677, -0.00015239730419125408, 1.471866397650956e-07, 0.010725312866270542]]","[-0.107167087495327, -1.5084936618804932, 2.6612913608551025, 3.933162212371826, 0.2034032642841339, 0.49619942903518677]","[[0.01094745472073555, -0.032683007419109344, -0.0473201721906662]]","[0, 30]",3.913043854,-0.26394182443618774,31.0,914.0,1748233136.0707061,34.0,
"[[-0.006103450432419777, 0.04027256369590759, -0.02321675606071949]]",923,"[0.6970372200012207, -0.3661596477031708, 0.02998867817223072]","[-0.3018413782119751, 0.5062174797058105, -0.46423423290252686, 0.7605983018875122]",False,"[0.48749157786369324, -0.22930651903152466, 0.029999999329447746]","[[0.684435248374939, -0.3533236086368561, 0.022806262597441673, 0.08002134412527084, 0.6970372200012207, -0.3661596477031708, 0.02998867817223072, -4.018930485472083e-05, 4.9751201913750265e-06, -0.1295379400253296]]","[-0.0050117578357458115, -3.2985730171203613, 2.8126251697540283, 8.874467849731445, 2.4494290351867676, 0.05298987030982971]","[[-0.004379862919449806, 0.03973624110221863, -0.02324952557682991]]","[0, 30]",3.913384635,-0.2502761781215668,31.0,923.0,1748233136.0948772,43.0,
"[[0.009858411736786366, 0.04782379791140556, 0.04781761020421982]]",941,"[0.6744291186332703, -0.2911856472492218, 0.029990002512931824]","[0.22412025928497314, 0.9239866733551025, 0.9563524723052979, 0.03973793983459473]",False,"[0.4267079830169678, -0.044649481773376465, 0.029999999329447746]","[[0.6754632592201233, -0.28109225630760193, 0.025361737236380577, 0.08001987636089325, 0.6744291186332703, -0.2911856472492218, 0.029990002512931824, -6.972289270379406e-07, 7.432937820794905e-08, -0.02128550596535206]]","[-0.12575837969779968, 0.3048139214515686, 0.11823289096355438, 0.023031435906887054, 0.10861140489578247, 0.0952901542186737]","[[0.03497902676463127, 0.04275907203555107, 0.06327465921640396]]","[0, 30]",3.957485275,-0.34949368238449097,32.0,941.0,1748233136.1322653,11.0,
"[[-0.018752017989754677, 0.019634049385786057, -0.03746041655540466]]",947,"[0.6602437496185303, -0.1913328766822815, 0.029838480055332184]","[-0.5243344902992249, 0.8317008018493652, -0.7486467361450195, -0.21185767650604248]",False,"[0.4267079830169678, -0.044649481773376465, 0.029999999329447746]","[[0.6767813563346863, -0.18578685820102692, 0.02229398302733898, 0.06524607539176941, 0.6602437496185303, -0.1913328766822815, 0.029838480055332184, -1.7710770407575183e-05, -0.005018394440412521, 0.41384410858154297]]","[-0.28276127576828003, 0.27776211500167847, 0.7634039521217346, -0.1744772493839264, -0.9027552604675293, 0.48648154735565186]","[[-0.01989326812326908, 0.015900637954473495, -0.03722632676362991]]","[0, 30]",4.000928136,-0.27578070759773254,32.0,947.0,1748233136.1467385,17.0,
"[[0.017640287056565285, 0.001943805254995823, 0.03712167590856552]]",971,"[0.6798471212387085, 0.1836499273777008, 0.029989879578351974]","[0.5399523973464966, -0.2322409749031067, 0.7424337863922119, -0.9099715352058411]",False,"[0.6965346336364746, -0.19396726787090302, 0.029999999329447746]","[[0.6892238259315491, 0.17113885283470154, 0.023260150104761124, 0.054180245846509933, 0.6798471212387085, 0.1836499273777008, 0.029989879578351974, 2.0088500605197623e-06, -9.881732694339007e-07, 0.005701389163732529]]","[-0.08286517858505249, 0.31580716371536255, -0.0019154567271471024, 0.09637118130922318, 0.041253432631492615, 0.10803627967834473]","[[0.017861301079392433, -0.0004445677623152733, 0.03701981157064438]]","[0, 30]",4.017024495,-0.37798574566841125,33.0,971.0,1748233136.203873,11.0,
"[[0.012227242812514305, -0.009442061185836792, 0.0394914448261261]]",972,"[0.6843701601028442, 0.16647814214229584, 0.02998988702893257]","[0.33500564098358154, -0.5322769284248352, 0.7898290157318115, -0.9757142066955566]",False,"[0.6965346336364746, -0.19396726787090302, 0.029999999329447746]","[[0.6926865577697754, 0.15165163576602936, 0.023420315235853195, 0.052285272628068924, 0.6843701601028442, 0.16647814214229584, 0.02998988702893257, 5.94756647842587e-06, 2.785727247101022e-06, 0.004277240019291639]]","[-0.16869118809700012, 0.337951123714447, 0.011334285140037537, 0.07180506736040115, -0.06422770768404007, 0.1669890284538269]","[[0.013287549838423729, -0.00712662935256958, 0.039331287145614624]]","[0, 30]",4.019812509,-0.3606506288051605,33.0,972.0,1748233136.2067318,12.0,
"[[0.013176309876143932, 0.0480947382748127, 0.02504558674991131]]",986,"[0.6698201298713684, 0.2683180570602417, 0.029989831149578094]","[0.26352620124816895, 0.9618947505950928, 0.5009117126464844, -0.2872314453125]",False,"[0.4529567062854767, -0.05203532427549362, 0.029999999329447746]","[[0.7189464569091797, 0.09854132682085037, 0.16203531622886658, 4.942171653965488e-05, 0.6698201298713684, 0.2683180570602417, 0.029989831149578094, 5.9111471273354255e-06, 2.7444644956631237e-07, 3.5360442872389708e-12]]","[0.12530182301998138, 0.004401452839374542, 0.026186253875494003, -0.018120773136615753, -0.016248561441898346, -0.03209733963012695]","[[0.005160379223525524, 0.007062360644340515, 0.00692400150001049]]","[0, 30]",4.051866339,-0.38685402274131775,34.0,986.0,1748233136.23996,4.0,
"[[-0.008815131150186062, 0.020158691331744194, -0.03529378026723862]]",990,"[0.669334888458252, 0.2702847123146057, 0.029989833012223244]","[-0.18600744009017944, 0.44250690937042236, -0.7058775424957275, 0.7099144458770752]",False,"[0.4529567062854767, -0.05203532427549362, 0.029999999329447746]","[[0.685926616191864, 0.2363959401845932, 0.060890406370162964, 0.07707066088914871, 0.669334888458252, 0.2702847123146057, 0.029989833012223244, -8.491886092087952e-07, -5.8407777032698505e-06, 0.06591566652059555]]","[0.10265447199344635, 0.2046494334936142, 0.06781777739524841, 0.013062726706266403, 0.09762976318597794, 0.017350271344184875]","[[-0.0033219074830412865, 0.002612559124827385, -0.0101546049118042]]","[0, 30]",4.100866002,-0.38821351528167725,34.0,990.0,1748233136.2470095,8.0,
"[[0.037388481199741364, 0.013190735131502151, 0.049039870500564575]]",995,"[0.6887925267219543, 0.30839264392852783, 0.029989980161190033]","[0.8207542896270752, 0.35303688049316406, 0.9807981252670288, -0.9978029131889343]",False,"[0.4529567062854767, -0.05203532427549362, 0.029999999329447746]","[[0.6988846659660339, 0.2991125285625458, 0.023978907614946365, 0.056037645787000656, 0.6887925267219543, 0.30839264392852783, 0.029989980161190033, -5.251840207165515e-07, 2.2727195414518064e-07, 0.06799488514661789]]","[-0.2641987204551697, 0.3401646018028259, 0.2523561716079712, -0.07354215532541275, -0.110617496073246, 0.20238953828811646]","[[0.041952766478061676, 0.016958285123109818, 0.04690583050251007]]","[0, 30]",4.101123208,-0.4307282865047455,34.0,995.0,1748233136.2582536,13.0,
"[[-0.04297738894820213, -0.0380217507481575, -0.0471377894282341]]",998,"[0.6994802355766296, 0.2971346080303192, 0.02998347580432892]","[-0.8355115652084351, -0.9922714233398438, -0.9428378343582153, -0.930121123790741]",False,"[0.4529567062854767, -0.05203532427549362, 0.029999999329447746]","[[0.7154822945594788, 0.280893474817276, 0.022666212171316147, 0.049992743879556656, 0.6994802355766296, 0.2971346080303192, 0.02998347580432892, -0.00020792278519365937, -1.896643516374752e-05, -0.04041386768221855]]","[-0.3203650116920471, 0.32380086183547974, 0.6255599856376648, -0.22602656483650208, -0.797461211681366, 0.4370245933532715]","[[-0.043297287076711655, -0.03885594755411148, -0.047332677990198135]]","[0, 30]",4.101238181,-0.42742660641670227,34.0,998.0,1748233136.2662303,16.0,
"[[-0.03761568292975426, -0.022418510168790817, -0.04803968220949173]]",1000,"[0.683203399181366, 0.24946729838848114, 0.029979972168803215]","[-0.9596292972564697, -0.9972100853919983, -0.9599844217300415, -0.9614827632904053]",False,"[0.4529567062854767, -0.05203532427549362, 0.029999999329447746]","[[0.6996976137161255, 0.23625539243221283, 0.022704990580677986, 0.052002448588609695, 0.683203399181366, 0.24946729838848114, 0.029979972168803215, -0.0009016757248900831, 0.0005702037014998496, -0.03451645374298096]]","[-0.23751424252986908, 0.22890961170196533, 0.8826696276664734, -0.06306982785463333, -0.9638057947158813, 0.5240758061408997]","[[-0.03801849111914635, -0.023743223398923874, -0.047936126589775085]]","[0, 30]",4.101314733,-0.3793644309043884,34.0,1000.0,1748233136.271701,18.0,
"[[-0.032814159989356995, -0.013635054230690002, -0.0488336980342865]]",1003,"[0.6399242281913757, 0.1465151309967041, 0.029984794557094574]","[-0.9930709004402161, -0.996769368648529, -0.9767336845397949, -0.9820272326469421]",False,"[0.4529567062854767, -0.05203532427549362, 0.029999999329447746]","[[0.6571462750434875, 0.1371101438999176, 0.022442717105150223, 0.055398594588041306, 0.6399242281913757, 0.1465151309967041, 0.029984794557094574, -0.00013097331975586712, -3.736771031981334e-05, 0.002666683867573738]]","[-0.017412623390555382, -0.029027387499809265, 1.3561391830444336, 0.4232792258262634, -0.8270987272262573, 0.5717074871063232]","[[-0.033170536160469055, -0.014694169163703918, -0.04884817451238632]]","[0, 30]",4.101422242,-0.2727254033088684,34.0,1003.0,1748233136.2798252,21.0,
"[[0.025501172989606857, -0.06698713451623917, 0.036654189229011536]]",1020,"[0.4051235318183899, 0.04833226650953293, 0.030870970338582993]","[0.6821670532226562, -0.9648143649101257, 0.737451434135437, -0.8747851848602295]",False,"[0.4529567062854767, -0.05203532427549362, 0.029999999329447746]","[[0.41652727127075195, 0.03294097259640694, 0.02771894633769989, 0.05185119807720184, 0.4051235318183899, 0.04833226650953293, 0.030870970338582993, 0.02986896224319935, -3.3983131288550794e-05, 0.12382826954126358]]","[-0.1864820271730423, -2.1134896278381348, 2.9312140941619873, 5.603549957275391, 1.0245094299316406, 0.3227223753929138]","[[0.025774847716093063, -0.07027134299278259, 0.036162085831165314]]","[0, 30]",4.145393932,-0.1111864373087883,34.0,1020.0,1748233136.3256474,38.0,
"[[-0.05498962849378586, 0.13668008148670197, 0.02391543611884117]]",1026,"[0.5464488863945007, -0.1678372472524643, 0.029999999329447746]","[0.46353113651275635, -0.9624121189117432, 0.4785332679748535, 0.11500120162963867]",True,"[0.572047233581543, 0.21957047283649445, 0.029999999329447746]","[[0.6384396553039551, -2.194472251484947e-12, 0.19740013778209686, 0, 0.5464488863945007, -0.1678372472524643, 0.029999999329447746, 0, 0, 0]]","[-0.036260925233364105, -3.550278663635254, 2.8765878677368164, 9.536788940429688, 2.7045180797576904, 0.004361942410469055]","[[-0.13755634427070618, -0.0424947552382946, -0.14141158759593964]]","[0, 30]",4.153330921,-0.04806772246956825,34.0,1026.0,1748233136.341161,44.0,
"[[-0.014489409513771534, 0.03553248941898346, -0.03850541263818741]]",1032,"[0.6721816658973694, 0.027761800214648247, 0.029989492148160934]","[-0.12295836210250854, 0.9664567708969116, -0.7701177000999451, -0.5900042057037354]",False,"[0.503203809261322, 0.27649131417274475, 0.029999999329447746]","[[0.6697213649749756, 0.03914600983262062, 0.022503037005662918, 0.05936843901872635, 0.6721816658973694, 0.027761800214648247, 0.029989492148160934, -0.00013707119796890765, 0.00011970738705713302, -0.2922399938106537]]","[0.1596081256866455, 0.054152920842170715, 0.04068548604846001, -0.012292645871639252, 0.005065441131591797, -0.03153589367866516]","[[-0.009685513563454151, 0.027958475053310394, -0.03763926029205322]]","[0, 30]",4.16596106,-0.30069899559020996,35.0,1032.0,1748233136.3530939,5.0,
"[[7.713446393609047e-05, 0.009305980056524277, -0.030317464843392372]]",1036,"[0.6908268928527832, 0.14026501774787903, 0.02998393401503563]","[0.11168849468231201, 0.9252098798751831, -0.605821967124939, 0.08369910717010498]",False,"[0.503203809261322, 0.27649131417274475, 0.029999999329447746]","[[0.6906901597976685, 0.14434784650802612, 0.022086603567004204, 0.06531276553869247, 0.6908268928527832, 0.14026501774787903, 0.02998393401503563, 0.0043126484379172325, -0.004493529908359051, 0.011062703095376492]]","[0.037724435329437256, 0.24439601600170135, 0.07407085597515106, 0.026837244629859924, 0.11756549775600433, 0.038723498582839966]","[[-0.0009981333278119564, 0.013399381190538406, -0.03039119392633438]]","[0, 30]",4.175773042,-0.23186206817626953,35.0,1036.0,1748233136.3634164,9.0,
"[[-0.02754637971520424, -0.040034178644418716, -0.04954606294631958]]",1045,"[0.6404962539672852, 0.31610819697380066, 0.029983699321746826]","[-0.9819514155387878, -0.9955478310585022, -0.9898442625999451, -0.9925576448440552]",False,"[0.503203809261322, 0.27649131417274475, 0.029999999329447746]","[[0.6400707960128784, 0.3019612431526184, 0.022371742874383926, 0.051646888256073, 0.6404962539672852, 0.31610819697380066, 0.029983699321746826, 0.0017502879491075873, -0.0018874400993809104, 0.02622475102543831]]","[-0.15610714256763458, 0.22504281997680664, 0.7292229533195496, -0.019261829555034637, -1.0280896425247192, 0.519239068031311]","[[-0.028004799038171768, -0.04201600328087807, -0.04956729710102081]]","[0, 30]",4.236833909,-0.14289404451847076,35.0,1045.0,1748233136.3856444,18.0,
"[[0.06208262965083122, 0.06507988274097443, 0.04424603283405304]]",1052,"[0.49117669463157654, 0.13036850094795227, 0.031533025205135345]","[0.85416579246521, 0.8697118759155273, 0.9164294004440308, -0.39090967178344727]",False,"[0.503203809261322, 0.27649131417274475, 0.029999999329447746]","[[0.49705585837364197, 0.14836803078651428, 0.023788325488567352, 0.04877685755491257, 0.49117669463157654, 0.13036850094795227, 0.031533025205135345, -0.05410497263073921, 0.0009578950703144073, -0.05090174451470375]]","[0.08148685842752457, -0.5152906179428101, 1.768768072128296, 1.7539087533950806, -0.5068259239196777, 0.5568678975105286]","[[0.061949651688337326, 0.0624171607196331, 0.04480624571442604]]","[0, 30]",4.237080867,-0.14662496745586395,35.0,1052.0,1748233136.4039242,25.0,
"[[0.050691157579422, 0.030705604702234268, 0.04904159903526306]]",1056,"[0.46821653842926025, 0.14119473099708557, 0.031383685767650604]","[0.9927833080291748, 0.9374234676361084, 0.9752457141876221, -0.7694697380065918]",False,"[0.503203809261322, 0.27649131417274475, 0.029999999329447746]","[[0.473793625831604, 0.15275618433952332, 0.024443572387099266, 0.05262449011206627, 0.46821653842926025, 0.14119473099708557, 0.031383685767650604, -0.047628004103899, 2.6330837954446906e-06, -0.01197012234479189]]","[0.010609487071633339, -0.9539486169815063, 2.2140955924987793, 2.5195600986480713, -0.22590920329093933, 0.5856302380561829]","[[0.05101922154426575, 0.03264128044247627, 0.04890376701951027]]","[0, 30]",4.237242386,-0.1397540420293808,35.0,1056.0,1748233136.4148195,29.0,
"[[0.02500920370221138, -0.04879678413271904, -0.019615571945905685]]",1062,"[0.6541995406150818, -0.17289987206459045, 0.029989831149578094]","[0.5001840591430664, -0.975935697555542, -0.3923114538192749, 0.9654346704483032]",False,"[0.4785307049751282, -0.16481691598892212, 0.029999999329447746]","[[0.6238224506378174, 0.03149769827723503, 0.15707843005657196, 0.07027386873960495, 0.6541995406150818, -0.17289987206459045, 0.029989831149578094, 5.682096343662124e-06, 4.93193226702715e-07, 1.899811384598049e-11]]","[0.0314023420214653, -0.025919906795024872, -0.01904485374689102, -0.028399355709552765, 0.053554654121398926, 0.13179214298725128]","[[0.013615597039461136, -0.057848528027534485, 0.0013006944209337234]]","[0, 30]",4.280946782,-0.17585469782352448,36.0,1062.0,1748233136.4290864,1.0,
"[[-0.03261325880885124, -0.05020717531442642, -0.04946567490696907]]",1084,"[0.6284986138343811, -0.024413011968135834, 0.029989805072546005]","[-0.981286346912384, -0.9011250138282776, -0.9892758727073669, -0.9838326573371887]",False,"[0.4785307049751282, -0.16481691598892212, 0.029999999329447746]","[[0.6369929313659668, -0.038589056581258774, 0.022381918504834175, 0.05383225902915001, 0.6284986138343811, -0.024413011968135834, 0.029989805072546005, 6.091825980547583e-06, -2.47903767558455e-06, 0.0876089408993721]]","[0.04205731302499771, -0.224384605884552, 1.6104180812835693, 0.9626501202583313, -0.6405354142189026, 0.5438743233680725]","[[-0.03257928416132927, -0.05261732637882233, -0.04945577308535576]]","[0, 30]",4.325099418,-0.20543521642684937,36.0,1084.0,1748233136.481372,23.0,
"[[0.04049346596002579, -0.04554693028330803, -0.0027879567351192236]]",1092,"[0.6916719675064087, -0.2879965901374817, 0.029989320784807205]","[0.8098692893981934, -0.910938560962677, -0.055700719356536865, 0.948897123336792]",False,"[0.48628634214401245, -0.21430715918540955, 0.029999999329447746]","[[0.6828336119651794, -0.05313738062977791, 0.2023005336523056, 0.07881755381822586, 0.6916719675064087, -0.2879965901374817, 0.029989320784807205, -2.2741502107237466e-05, -1.564595919489875e-07, -2.97203338328611e-11]]","[0.03145550936460495, -0.02578778564929962, -0.019158922135829926, -0.028216280043125153, 0.053576432168483734, 0.13179966807365417]","[[0.01559612900018692, -0.010936468839645386, -0.0010868699755519629]]","[0, 30]",4.325412368,-0.21820491552352905,37.0,1092.0,1748233136.5032647,1.0,
"[[-0.03735756501555443, 0.027694769203662872, -0.044738464057445526]]",1108,"[0.685208797454834, -0.2705930769443512, 0.029986504465341568]","[-0.9149288535118103, 0.9014595746994019, -0.8948337435722351, -0.9657750725746155]",False,"[0.48628634214401245, -0.21430715918540955, 0.029999999329447746]","[[0.6950455904006958, -0.2563038468360901, 0.02243744768202305, 0.05315648019313812, 0.685208797454834, -0.2705930769443512, 0.029986504465341568, 9.556380973663181e-05, -1.7578178812982515e-05, -0.017905713990330696]]","[-0.27993157505989075, 0.27269822359085083, 0.750200629234314, -0.15490666031837463, -0.8922696113586426, 0.4808388948440552]","[[-0.03744130954146385, 0.028221525251865387, -0.044866956770420074]]","[0, 30]",4.369172647,-0.20673230290412903,37.0,1108.0,1748233136.5457907,17.0,
"[[-0.029052283614873886, 0.003393653780221939, -0.04907786846160889]]",1113,"[0.6015222072601318, -0.1263136863708496, 0.029960021376609802]","[-0.9922842979431152, 0.6500468254089355, -0.9806395769119263, -0.9754701852798462]",False,"[0.48628634214401245, -0.21430715918540955, 0.029999999329447746]","[[0.612497866153717, -0.1298372596502304, 0.02248503267765045, 0.05637674033641815, 0.6015222072601318, -0.1263136863708496, 0.029960021376609802, -0.0013772748643532395, 0.00041000687633641064, 0.017504792660474777]]","[-0.014997383579611778, -0.10897372663021088, 1.4210022687911987, 0.6492639183998108, -0.7226108312606812, 0.5275474786758423]","[[-0.029317285865545273, 0.00892268493771553, -0.049123913049697876]]","[0, 30]",4.4128803,-0.14499019086360931,37.0,1113.0,1748233136.5595784,22.0,
"[[-0.02760869264602661, -0.04821992293000221, -0.01090602483600378]]",1117,"[0.5217160582542419, -0.06917974352836609, 0.029984066262841225]","[-0.9479808807373047, -0.8905305862426758, -0.2229710817337036, -0.8052036166191101]",False,"[0.48628634214401245, -0.21430715918540955, 0.029999999329447746]","[[0.5365660786628723, -0.08552737534046173, 0.022577762603759766, 0.05126587674021721, 0.5217160582542419, -0.06917974352836609, 0.029984066262841225, -0.00015764175623189658, -3.931228638975881e-05, 0.043884873390197754]]","[0.17065049707889557, -0.5250495076179504, 1.869079828262329, 1.6911429166793823, -0.3186752498149872, 0.5719587206840515]","[[-0.02712535858154297, -0.046968575567007065, -0.010979034937918186]]","[0, 30]",4.413021061,-0.14938952028751373,37.0,1117.0,1748233136.5701923,26.0,
"[[-0.0422416515648365, 0.029832368716597557, -0.017867496237158775]]",1127,"[0.511456310749054, 0.05789138749241829, 0.02998988702893257]","[-0.8448330163955688, 0.5966473817825317, -0.35734879970550537, 0.23456144332885742]",False,"[0.6693156957626343, -0.02331591583788395, 0.029999999329447746]","[[0.5633462071418762, 0.041349224746227264, 0.10919850319623947, 0.020604796707630157, 0.511456310749054, 0.05789138749241829, 0.02998988702893257, 3.7681754747609375e-06, 7.971467930190101e-09, 1.8938977122684442e-11]]","[0.05667657032608986, -0.027732551097869873, 0.006567869335412979, -0.020913854241371155, -0.01726340502500534, -0.005011141300201416]","[[-0.013240177184343338, 0.004732122644782066, -0.0023685190826654434]]","[0, 30]",4.413375527,-0.17752240598201752,38.0,1127.0,1748233136.5927083,3.0,
"[[0.0060912370681762695, -0.040339455008506775, 0.0038368210662156343]]",1134,"[0.5263911485671997, 0.04188593849539757, 0.029989950358867645]","[0.2541649341583252, -0.8456239700317383, 0.0767359733581543, -0.5042309761047363]",False,"[0.6693156957626343, -0.02331591583788395, 0.029999999329447746]","[[0.5197141766548157, 0.043156374245882034, 0.026532160118222237, 0.053227487951517105, 0.5263911485671997, 0.04188593849539757, 0.029989950358867645, -1.2669327134062769e-06, -2.0098126185530418e-07, 0.06331189721822739]]","[-0.03433448076248169, 0.2790147066116333, 0.07396134734153748, 0.042528241872787476, 0.1195000484585762, 0.06510208547115326]","[[0.005029916763305664, -0.0322779044508934, 0.0035910431761294603]]","[0, 30]",4.456974157,-0.1570945531129837,38.0,1134.0,1748233136.6077774,10.0,
"[[0.02926911786198616, 0.002055250108242035, 0.026813074946403503]]",1137,"[0.5592566132545471, -0.0026144750881940126, 0.02992701344192028]","[0.8939710855484009, -0.38324475288391113, 0.5353844165802002, -0.9685978889465332]",False,"[0.6693156957626343, -0.02331591583788395, 0.029999999329447746]","[[0.5537509918212891, -0.01325544435530901, 0.02689964696764946, 0.05276918783783913, 0.5592566132545471, -0.0026144750881940126, 0.02992701344192028, -0.002125262515619397, 2.7643758585327305e-05, -0.00803870614618063]]","[-0.2563059628009796, 0.3443140983581543, 0.2238626927137375, -0.05638953298330307, -0.1292891800403595, 0.2035769671201706]","[[0.029183227568864822, -0.0037232376635074615, 0.026578029617667198]]","[0, 30]",4.457076847,-0.11198906600475311,38.0,1137.0,1748233136.6158638,13.0,
"[[0.008031154051423073, -0.000478286761790514, -0.049913011491298676]]",1147,"[0.727388858795166, -0.06501775234937668, 0.029989970847964287]","[0.461850643157959, 0.0988689661026001, -0.998256504535675, 0.8163495063781738]",False,"[0.4971863627433777, 0.030145591124892235, 0.029999999329447746]","[[0.7025653719902039, -0.05339973792433739, 0.021922718733549118, 0.08000525832176208, 0.727388858795166, -0.06501775234937668, 0.029989970847964287, -2.604928681648744e-07, 1.579091843950664e-07, -0.6693503260612488]]","[0.16542582213878632, 0.10981454700231552, 0.051921989768743515, -0.005494363605976105, 0.03406526893377304, -0.020120173692703247]","[[0.0065174344927072525, 0.0004181112162768841, -0.050677135586738586]]","[0, 30]",4.457423258,-0.2490968555212021,39.0,1147.0,1748233136.6377344,6.0,
"[[0.0020654555410146713, -0.017251119017601013, -0.04649437591433525]]",1150,"[0.7854107022285461, -0.03667377308011055, 0.02998986840248108]","[0.44457030296325684, -0.13101667165756226, -0.9298815727233887, 0.21766877174377441]",False,"[0.4971863627433777, 0.030145591124892235, 0.029999999329447746]","[[0.7522336840629578, -0.03637870401144028, 0.02191768027842045, 0.08000020682811737, 0.7854107022285461, -0.03667377308011055, 0.02998986840248108, 0.0016297642141580582, -0.0016273035435006022, -0.5462098717689514]]","[0.038104839622974396, 0.2443724423646927, 0.07376028597354889, 0.02609775960445404, 0.11670133471488953, 0.03949476033449173]","[[0.011376595124602318, -0.004782449454069138, -0.0464852899312973]]","[0, 30]",4.457526329,-0.2958683669567108,39.0,1150.0,1748233136.6443093,9.0,
"[[0.030566751956939697, -0.050477638840675354, 0.00620638020336628]]",1162,"[1.020643949508667, 0.022861488163471222, 0.028568388894200325]","[0.9996497631072998, -0.9191063642501831, 0.09571194648742676, -0.14154702425003052]",False,"[0.4971863627433777, 0.030145591124892235, 0.029999999329447746]","[[0.7256162762641907, -0.3583649694919586, 0.1509711742401123, 1.2307219776630518e-06, 1.020643949508667, 0.022861488163471222, 0.028568388894200325, 0.061925649642944336, -0.03572499752044678, 2.1013495922088623]]","[-0.1394069939851761, -0.05509485304355621, 1.088454008102417, 0.6609899997711182, -1.0933083295822144, 0.6159831285476685]","[[0.056358516216278076, -0.03208358958363533, 0.0028569549322128296]]","[0, 30]",4.501320592,-0.523510217666626,39.0,1162.0,1748233136.6654112,21.0,
"[[0.008706068620085716, -0.05443858727812767, 0.120353102684021]]",1167,"[1.120326280593872, 0.04527640342712402, -0.17194584012031555]","[0.5715460777282715, -0.9997714161872864, 0.9911668300628662, 0.9997526407241821]",False,"[0.4971863627433777, 0.030145591124892235, 0.029999999329447746]","[[0.6778060793876648, -0.42037248611450195, 0.2353566735982895, 0.07996737957000732, 1.120326280593872, 0.04527640342712402, -0.17194584012031555, 1.4818105697631836, -1.097745418548584, 1.9522262811660767]]","[0.001489618793129921, -0.8826415538787842, 2.808894634246826, 2.466629981994629, -1.512272834777832, 1.1396105289459229]","[[0.04419378191232681, -0.03566858544945717, 0.02757422626018524]]","[0, 30]",4.501514922,-0.6552208662033081,39.0,1167.0,1748233136.6734855,26.0,
"[[-0.03924298286437988, 0.010989584028720856, 0.0012951791286468506]]",1179,"[1.1871839761734009, 0.030613113194704056, -0.3700101375579834]","[-0.7848572731018066, 0.2197951078414917, 0.02590358257293701, 0.6734110116958618]",False,"[0.4971863627433777, 0.030145591124892235, 0.029999999329447746]","[[0.3061458468437195, -0.7329790592193604, 0.018077051267027855, 0.07393836230039597, 1.1871839761734009, 0.030613113194704056, -0.3700101375579834, 0, -1.5707963705062866, 3.154339075088501]]","[-3.731130838394165, -2.0272793769836426, 5.187963962554932, 7.895342826843262, 2.600457191467285, 0.0943513810634613]","[[-0.00784832239151001, 0.022623211145401, 0.018311483785510063]]","[0, 30]",4.544976027,-0.7975619435310364,39.0,1179.0,1748233136.69323,38.0,
"[[0.565692126750946, -0.17704011499881744, -0.4140326976776123]]",1190,"[0.6523812413215637, 0.25402894616127014, 0.029999999329447746]","[0.617763876914978, 0.9274801015853882, -0.2804514169692993, 0.8946635723114014]",True,"[0.48243486881256104, 0.2214210480451584, 0.029999999329447746]","[[0.6384396553039551, -2.194472251484947e-12, 0.19740013778209686, 0, 0.6523812413215637, 0.25402894616127014, 0.029999999329447746, 0, 0, 0]]","[-5.252295970916748, -4.3416666984558105, 4.6052656173706055, 14.822324752807617, 7.495726108551025, -0.5282252430915833]","[[-0.25873130559921265, -0.6738374829292297, -0.17967286705970764]]","[0, 30]",4.54536102,-0.7975630760192871,39.0,1190.0,1748233136.7127872,49.0,
"[[-0.00905562099069357, 0.048082370311021805, -0.04768398404121399]]",1211,"[0.6559066772460938, -0.24110688269138336, 0.030655700713396072]","[-0.1785672903060913, 0.3003964424133301, -0.9397107362747192, -0.9665977954864502]",False,"[0.5878218412399292, -0.28470519185066223, 0.029999999329447746]","[[0.6460953950881958, -0.22445684671401978, 0.022876329720020294, 0.051491547375917435, 0.6559066772460938, -0.24110688269138336, 0.030655700713396072, -0.023124663159251213, -0.0001875655580079183, -0.05305730924010277]]","[-0.07594846934080124, 0.05828825384378433, 1.208829402923584, 0.29228466749191284, -0.8447358012199402, 0.5798285603523254]","[[-0.007529801689088345, 0.03894354775547981, -0.046977780759334564]]","[0, 30]",4.575630897,-0.08085040748119354,40.0,1211.0,1748233136.7628696,20.0,
"[[-0.011272216215729713, -0.06523686647415161, -0.04783855751156807]]",1213,"[0.6321008801460266, -0.16381707787513733, 0.029999999329447746]","[-0.5677359104156494, 0.700756311416626, -0.9593338966369629, -0.9834192991256714]",True,"[0.5558328628540039, -0.04460494965314865, 0.029999999329447746]","[[0.6384396553039551, -2.194472251484947e-12, 0.19740013778209686, 0, 0.6321008801460266, -0.16381707787513733, 0.029999999329447746, 0, 0, 0]]","[-0.018203159794211388, -0.11188733577728271, 1.414825201034546, 0.65952068567276, -0.7223124504089355, 0.5264846086502075]","[[-0.031530581414699554, -0.20966243743896484, -0.22243034839630127]]","[0, 30]",4.580312166,-0.04947900027036667,40.0,1213.0,1748233136.7683008,22.0,
"[[-0.026977593079209328, 0.04926281049847603, -0.022393641993403435]]",1218,"[0.5211407542228699, 0.19333411753177643, 0.029989873990416527]","[-0.539551854133606, 0.9852561950683594, -0.4478726387023926, -0.22558629512786865]",False,"[0.41699719429016113, -0.052074797451496124, 0.029999999329447746]","[[0.592517614364624, 0.07472175359725952, 0.13385812938213348, 0.0005171325174160302, 0.5211407542228699, 0.19333411753177643, 0.029989873990416527, 4.406920652400004e-06, 4.905948571831686e-07, 1.162909768481768e-09]]","[0.12522782385349274, 0.0043783485889434814, 0.026114370673894882, -0.01810503751039505, -0.016253121197223663, -0.03208641707897186]","[[-0.008809978142380714, 0.0064600445330142975, -0.00306059792637825]]","[0, 30]",4.58847905,-0.26659223437309265,41.0,1218.0,1748233136.7765725,4.0,
"[[-0.0584060363471508, -0.010679163038730621, -0.044916167855262756]]",1230,"[0.5895300507545471, 0.07842721790075302, 0.029980866238474846]","[-0.8890291452407837, -0.9122192859649658, -0.8983012437820435, -0.912335991859436]",False,"[0.41699719429016113, -0.052074797451496124, 0.029999999329447746]","[[0.5881602764129639, 0.0661366879940033, 0.022747190669178963, 0.05081807076931, 0.5895300507545471, 0.07842721790075302, 0.029980866238474846, 0.001660501817241311, -0.001960005611181259, 0.012639769352972507]]","[-0.31964072585105896, 0.327464759349823, 0.6147381067276001, -0.22838133573532104, -0.8188279867172241, 0.4405554533004761]","[[-0.04770980402827263, -0.011293232440948486, -0.04558533802628517]]","[0, 30]",4.618070611,-0.21632929146289825,41.0,1230.0,1748233136.805304,16.0,
"[[-0.04091474041342735, 0.055254142731428146, -0.04764682427048683]]",1240,"[0.6752684712409973, -0.21396112442016602, 0.02998805232346058]","[-0.719658613204956, 0.977953314781189, -0.9527261257171631, -0.9887033700942993]",False,"[0.41699719429016113, -0.052074797451496124, 0.029999999329447746]","[[0.6633199453353882, -0.1948593109846115, 0.0227240901440382, 0.048459604382514954, 0.6752684712409973, -0.21396112442016602, 0.02998805232346058, 4.644643922802061e-05, 8.385371074837167e-06, -0.09830091893672943]]","[0.17432598769664764, -0.5272758603096008, 1.8726485967636108, 1.694165587425232, -0.32257404923439026, 0.5733070969581604]","[[-0.0315220020711422, 0.05429470166563988, -0.04807601496577263]]","[0, 30]",4.669048106,-0.3048134446144104,41.0,1240.0,1748233136.8311696,26.0,
"[[0.02483895979821682, 0.04888710007071495, -0.04661407321691513]]",1241,"[0.6793634295463562, -0.21468748152256012, 0.029989389702677727]","[0.5786783695220947, 0.9632148742675781, -0.9322546720504761, -0.9824073314666748]",False,"[0.41699719429016113, -0.052074797451496124, 0.029999999329447746]","[[0.672693133354187, -0.1966271698474884, 0.022256195545196533, 0.04837457463145256, 0.6793634295463562, -0.21468748152256012, 0.029989389702677727, 2.4036546165007167e-05, 4.419660854182439e-06, -0.07445564866065979]]","[0.1452997773885727, -0.6363645792007446, 1.9599000215530396, 1.9050636291503906, -0.2622469365596771, 0.5684049129486084]","[[0.01956073008477688, 0.04992860183119774, -0.046144843101501465]]","[0, 30]",4.669098559,-0.30867284536361694,41.0,1241.0,1748233136.8338387,27.0,
"[[-0.032217901200056076, 0.03341146931052208, -0.0463467612862587]]",1243,"[0.6773766875267029, -0.19484519958496094, 0.029989855363965034]","[-0.7385596036911011, 0.9480371475219727, -0.9269338250160217, -0.9878000617027283]",False,"[0.41699719429016113, -0.052074797451496124, 0.029999999329447746]","[[0.6672059893608093, -0.1796053647994995, 0.02274276316165924, 0.050298530608415604, 0.6773766875267029, -0.19484519958496094, 0.029989855363965034, 6.379270871548215e-06, 2.049897176448212e-07, -0.050773732364177704]]","[0.05548659712076187, -0.9126157760620117, 2.2088840007781982, 2.4025866985321045, -0.2725651264190674, 0.6038923859596252]","[[-0.03089175745844841, 0.035338517278432846, -0.04642690718173981]]","[0, 30]",4.669546549,-0.29695263504981995,41.0,1243.0,1748233136.8392837,29.0,
"[[0.006510084494948387, -0.05073046311736107, 0.016903728246688843]]",1251,"[0.6529712080955505, -0.023341607302427292, 0.029988093301653862]","[0.35653960704803467, -0.9390902519226074, 0.3382304906845093, -0.8669078946113586]",False,"[0.41699719429016113, -0.052074797451496124, 0.029999999329447746]","[[0.6638085246086121, -0.0368025116622448, 0.024060476571321487, 0.05251374840736389, 0.6529712080955505, -0.023341607302427292, 0.029988093301653862, -2.9378279577940702e-05, -2.7636007871478796e-05, 0.022539649158716202]]","[-0.20043297111988068, -1.9458768367767334, 3.019862651824951, 5.124246597290039, 0.818290114402771, 0.37940430641174316]","[[0.00721091590821743, -0.052130427211523056, 0.01617342419922352]]","[0, 30]",4.712923067,-0.2377169132232666,41.0,1251.0,1748233136.8606105,37.0,
"[[0.05260738730430603, -0.17528508603572845, -0.008710231631994247]]",1263,"[0.6172863841056824, 0.005054239183664322, 0.029999999329447746]","[0.5464810132980347, 0.7172790765762329, -0.1739901304244995, 0.6546812057495117]",True,"[0.5950926542282104, -0.008399116806685925, 0.029999999329447746]","[[0.6384396553039551, -2.194472251484947e-12, 0.19740013778209686, 0, 0.6172863841056824, 0.005054239183664322, 0.029999999329447746, 0, 0, 0]]","[-0.5721413493156433, -4.755505561828613, 2.5045242309570312, 13.084273338317871, 4.998301029205322, -0.5219812989234924]","[[0.008372336626052856, -0.15190976858139038, -0.18347492814064026]]","[0, 30]",4.713371668,-0.2765336334705353,41.0,1263.0,1748233136.8886864,49.0,
"[[-0.044727470725774765, 0.00936838984489441, -0.04779837280511856]]",1280,"[0.623354971408844, 0.024796897545456886, 0.0299863051623106]","[-0.953794002532959, 0.9021496772766113, -0.9556781053543091, -0.8476792573928833]",False,"[0.5726652145385742, 0.08817601948976517, 0.029999999329447746]","[[0.6309441924095154, 0.0367341972887516, 0.022887544706463814, 0.05280493572354317, 0.623354971408844, 0.024796897545456886, 0.0299863051623106, 0.0013426875229924917, -0.001440283376723528, 0.026522774249315262]]","[-0.3184332549571991, 0.3325217366218567, 0.6020850539207458, -0.22848036885261536, -0.8174274563789368, 0.4489319920539856]","[[-0.04093446955084801, 0.008274942636489868, -0.047979824244976044]]","[0, 30]",4.757260526,-0.08115643262863159,42.0,1280.0,1748233136.924287,16.0,
"[[0.011685937643051147, -0.0323089100420475, 0.007552587892860174]]",1292,"[0.5973215103149414, 0.07184749096632004, 0.029982903972268105]","[0.3807729482650757, -0.9090006947517395, 0.15008854866027832, -0.32637256383895874]",False,"[0.6824215054512024, -0.2050866037607193, 0.029999999329447746]","[[0.5970792770385742, 0.05897261202335358, 0.02367507666349411, 0.0552629716694355, 0.5973215103149414, 0.07184749096632004, 0.029982903972268105, -0.00023589488409925252, 5.237828190729488e-06, 0.03817378729581833]]","[-0.03615886718034744, 0.27822601795196533, 0.08139888942241669, 0.03609027341008186, 0.12187710404396057, 0.0658700093626976]","[[0.011235624551773071, -0.03302650526165962, 0.007864175364375114]]","[0, 30]",4.763051571,-0.289714515209198,43.0,1292.0,1748233136.9499469,10.0,
"[[0.013519449159502983, -0.0285666324198246, 0.011701456271111965]]",1293,"[0.6088699102401733, 0.052558884024620056, 0.029988164082169533]","[0.5013569593429565, -0.9571047425270081, 0.23413431644439697, -0.4944460391998291]",False,"[0.6824215054512024, -0.2050866037607193, 0.029999999329447746]","[[0.6081503629684448, 0.03983480483293533, 0.023644791916012764, 0.055001650005578995, 0.6088699102401733, 0.052558884024620056, 0.029988164082169533, -5.081702329334803e-05, 1.6493211205670377e-06, 0.037228167057037354]]","[-0.11903495341539383, 0.30580729246139526, 0.11077190935611725, 0.025916073471307755, 0.1013319343328476, 0.09693264216184616]","[[0.013996763154864311, -0.02871743217110634, 0.01173700112849474]]","[0, 30]",4.765790362,-0.267938494682312,43.0,1293.0,1748233136.9527504,11.0,
"[[0.019452787935733795, -0.016341540962457657, 0.017110563814640045]]",1295,"[0.6392328143119812, -0.005328618921339512, 0.02993669919669628]","[0.724825382232666, -0.9678378105163574, 0.3419750928878784, -0.7651000022888184]",False,"[0.6824215054512024, -0.2050866037607193, 0.029999999329447746]","[[0.6377338767051697, -0.017336104065179825, 0.023868674412369728, 0.05567360296845436, 0.6392328143119812, -0.005328618921339512, 0.02993669919669628, -0.001638159272260964, -0.00013696939276997, 0.02055240422487259]]","[-0.26202839612960815, 0.34197214245796204, 0.23389986157417297, -0.0635935589671135, -0.12429780513048172, 0.20766165852546692]","[[0.020154036581516266, -0.01660453900694847, 0.016904329881072044]]","[0, 30]",4.7713348,-0.20437349379062653,43.0,1295.0,1748233136.9583519,13.0,
"[[0.028820980340242386, 0.023412270471453667, -0.019235434010624886]]",1302,"[0.6340182423591614, 0.26647821068763733, 0.02998925745487213]","[0.5764195919036865, 0.46824538707733154, -0.38465046882629395, 0.7298517227172852]",False,"[0.5590358376502991, 0.2923499345779419, 0.029999999329447746]","[[0.6221992373466492, 0.053323160856962204, 0.19502636790275574, 0.07881753891706467, 0.6340182423591614, 0.26647821068763733, 0.02998925745487213, -3.6207754874340026e-06, -1.6889260223251767e-05, 1.1487787388020365e-09]]","[0.03145534545183182, -0.025785446166992188, -0.01915780082345009, -0.028214216232299805, 0.05357807129621506, 0.13179919123649597]","[[0.0073531754314899445, -0.006200458854436874, -0.0218846183270216]]","[0, 30]",4.82101867,-0.0793202593922615,44.0,1302.0,1748233136.9740524,1.0,
"[[-0.004195794463157654, 0.021620923653244972, 0.005822977051138878]]",1305,"[0.6340182423591614, 0.26647821068763733, 0.029989873990416527]","[-0.08391588926315308, 0.43241846561431885, 0.11645972728729248, 0.7680158615112305]",False,"[0.5590358376502991, 0.2923499345779419, 0.029999999329447746]","[[0.630565345287323, 0.11620911955833435, 0.17743733525276184, 0.0799984410405159, 0.6340182423591614, 0.26647821068763733, 0.029989873990416527, -4.905948571831686e-07, 4.406920652400004e-06, 1.160747720163613e-09]]","[0.12522782385349274, 0.0043783485889434814, 0.026114370673894882, -0.01810503751039505, -0.016253121197223663, -0.03208641707897186]","[[-0.001223251223564148, 0.0038778800517320633, 0.0008562356233596802]]","[0, 30]",4.821136368,-0.0793202593922615,44.0,1305.0,1748233136.979143,4.0,
"[[0.003414297243580222, 0.046683263033628464, -0.0409541018307209]]",1308,"[0.6340182423591614, 0.26647821068763733, 0.02998991310596466]","[0.06828594207763672, 0.9336652755737305, -0.8190812468528748, 0.8586399555206299]",False,"[0.5590358376502991, 0.2923499345779419, 0.029999999329447746]","[[0.6211111545562744, 0.19552840292453766, 0.10225001722574234, 0.07999997586011887, 0.6340182423591614, 0.26647821068763733, 0.02998991310596466, -1.0284869622623205e-09, 2.866291879399796e-06, 1.162842822033383e-09]]","[0.14392639696598053, 0.16039785742759705, 0.06496404111385345, 0.0006668493151664734, 0.06634226441383362, -0.0026056021451950073]","[[0.004856491461396217, 0.011657100170850754, -0.002259034663438797]]","[0, 30]",4.821253855,-0.0793202593922615,44.0,1308.0,1748233136.9840782,7.0,
"[[0.008765566162765026, 0.03710652515292168, -0.03526543825864792]]",1310,"[0.634885311126709, 0.2704683542251587, 0.02998998388648033]","[0.19803857803344727, 0.8123465776443481, -0.7053077816963196, 0.3741861581802368]",False,"[0.5590358376502991, 0.2923499345779419, 0.029999999329447746]","[[0.6310979127883911, 0.2646985650062561, 0.05530887842178345, 0.07962735742330551, 0.634885311126709, 0.2704683542251587, 0.02998998388648033, -5.252114760878612e-07, -3.5733972225671096e-08, -0.08837579190731049]]","[0.03820118308067322, 0.244341179728508, 0.07364208996295929, 0.02613220363855362, 0.11664227396249771, 0.039484672248363495]","[[-0.0003616334870457649, 0.00807177647948265, -0.02756958082318306]]","[0, 30]",4.821325057,-0.07894265651702881,44.0,1310.0,1748233136.9877477,9.0,
"[[0.03318434953689575, -0.005576854571700096, -0.04058128222823143]]",1312,"[0.6448018550872803, 0.2930993437767029, 0.02997523359954357]","[0.8163928985595703, 0.20140039920806885, -0.8122297525405884, -0.3467550277709961]",False,"[0.5590358376502991, 0.2923499345779419, 0.029999999329447746]","[[0.6570385098457336, 0.292725145816803, 0.022136058658361435, 0.05708213150501251, 0.6448018550872803, 0.2930993437767029, 0.02997523359954357, 0.0004173028573859483, -4.9053960538003594e-05, -0.026477862149477005]]","[-0.12480434030294418, 0.30510926246643066, 0.11486406624317169, 0.024599548429250717, 0.10716220736503601, 0.09578347206115723]","[[0.017323076725006104, 0.0050019267946481705, -0.04083739221096039]]","[0, 30]",4.821409383,-0.08576927334070206,44.0,1312.0,1748233136.991962,11.0,
"[[-0.031203430145978928, -0.0383148193359375, -0.0488332137465477]]",1317,"[0.6414055824279785, 0.3192654550075531, 0.029990028589963913]","[-0.8679922819137573, -0.9906566143035889, -0.9825807213783264, -0.9837232828140259]",False,"[0.5590358376502991, 0.2923499345779419, 0.029999999329447746]","[[0.6430357098579407, 0.3007984757423401, 0.022568663582205772, 0.04727862775325775, 0.6414055824279785, 0.3192654550075531, 0.029990028589963913, -0.00017314511933363974, -0.0001705895847408101, 0.02888830006122589]]","[-0.2943940758705139, 0.32856008410453796, 0.5248135328292847, -0.1807211935520172, -0.8952475786209106, 0.45536959171295166]","[[-0.030195455998182297, -0.0377923846244812, -0.04900126904249191]]","[0, 30]",4.821613041,-0.08665573596954346,44.0,1317.0,1748233137.0049822,16.0,
"[[-0.004772478248924017, -0.008051367476582527, -0.027553943917155266]]",1326,"[0.4781953990459442, 0.08333003520965576, 0.02998991310596466]","[-0.08972930908203125, -0.20061033964157104, -0.551080584526062, 0.4904773235321045]",False,"[0.5407435297966003, -0.2910366654396057, 0.029999999329447746]","[[0.47388318181037903, 0.07368257641792297, 0.021963484585285187, 0.08007589727640152, 0.4781953990459442, 0.08333003520965576, 0.02998991310596466, -1.2276296956770238e-06, -3.852073405141709e-06, 0.05616836994886398]]","[0.1654108166694641, 0.10980741679668427, 0.051946189254522324, -0.005500204861164093, 0.03407774120569229, -0.020117193460464478]","[[-0.002794408705085516, -0.0031288284808397293, -0.009471440687775612]]","[0, 30]",4.865126914,-0.37955591082572937,45.0,1326.0,1748233137.023462,6.0,
"[[-0.0002832531463354826, -0.02608165517449379, -0.008708832785487175]]",1330,"[0.48932552337646484, 0.04478086531162262, 0.029989972710609436]","[0.0563434362411499, -0.8631592392921448, -0.1741771697998047, -0.1824190616607666]",False,"[0.5407435297966003, -0.2910366654396057, 0.029999999329447746]","[[0.48498037457466125, 0.034885209053754807, 0.024267684668302536, 0.05623111501336098, 0.48932552337646484, 0.04478086531162262, 0.029989972710609436, -0.0002631852403283119, 0.0002632646355777979, 0.04943494498729706]]","[-0.03945866972208023, 0.27714911103248596, 0.09405305981636047, 0.030459418892860413, 0.12781183421611786, 0.06413901597261429]","[[0.0008548081386834383, -0.02378760650753975, -0.0024079661816358566]]","[0, 30]",4.865267555,-0.3397310972213745,45.0,1330.0,1748233137.0329878,10.0,
"[[-0.03749832138419151, 0.020228762179613113, -0.02318909950554371]]",1342,"[0.4320363700389862, 0.2885240614414215, 0.029989806935191154]","[-0.7499663829803467, 0.4045752286911011, -0.4637709856033325, 0.09997594356536865]",False,"[0.6958683729171753, 0.02441582642495632, 0.029999999329447746]","[[0.5751880407333374, 0.06525656580924988, 0.18115784227848053, 0.07343101501464844, 0.4320363700389862, 0.2885240614414215, 0.029989806935191154, -3.7211132166703464e-06, 1.6437454632978188e-06, 1.1495421281537688e-09]]","[0.017362644895911217, -0.028309226036071777, -0.0129597969353199, -0.020358070731163025, 0.021195143461227417, 0.057128265500068665]","[[-0.014160063117742538, 0.00472550094127655, -0.006119731813669205]]","[0, 30]",4.909017457,-0.3733101785182953,46.0,1342.0,1748233137.0611649,2.0,
"[[-0.01595497690141201, 0.03863516077399254, -0.022729745134711266]]",1347,"[0.4320363700389862, 0.2885240614414215, 0.029989972710609436]","[-0.3190995454788208, 0.7727031707763672, -0.4545929431915283, 0.3681302070617676]",False,"[0.6958683729171753, 0.02441582642495632, 0.029999999329447746]","[[0.48876088857650757, 0.2042166292667389, 0.09167670458555222, 0.07999981939792633, 0.4320363700389862, 0.2885240614414215, 0.029989972710609436, -1.0217132695444775e-09, 8.915614557736262e-07, 1.1628352725168156e-09]]","[0.14392660558223724, 0.1603977233171463, 0.06496170163154602, 0.0006678029894828796, 0.06634148955345154, -0.0026056766510009766]","[[-0.0017489250749349594, 0.007833313196897507, -0.0024003293365240097]]","[0, 30]",4.909191529,-0.3733101785182953,46.0,1347.0,1748233137.0694788,7.0,
"[[-0.031458523124456406, -0.013383734971284866, -0.024831930175423622]]",1355,"[0.37851789593696594, 0.1815112978219986, 0.02998991683125496]","[-0.9479724764823914, -0.9688306450843811, -0.49631524085998535, -0.7579802870750427]",False,"[0.6958683729171753, 0.02441582642495632, 0.029999999329447746]","[[0.3797430098056793, 0.17091259360313416, 0.022891908884048462, 0.051583804190158844, 0.37851789593696594, 0.1815112978219986, 0.02998991683125496, 0.001752612181007862, -0.0017533948412165046, -0.0060440958477556705]]","[-0.21330875158309937, 0.4030478894710541, 0.16425710916519165, -0.010476917028427124, -0.7611942887306213, 0.38743728399276733]","[[-0.02983390912413597, -0.016746003180742264, -0.02298017591238022]]","[0, 30]",4.9094631920000005,-0.3541049659252167,46.0,1355.0,1748233137.0865812,15.0,
"[[-0.022756066173315048, -0.012670625001192093, -0.0032177921384572983]]",1356,"[0.3567922115325928, 0.14590345323085785, 0.029972830787301064]","[-0.8896350264549255, -0.9655693769454956, -0.06469756364822388, -0.8731288909912109]",False,"[0.6958683729171753, 0.02441582642495632, 0.029999999329447746]","[[0.353837788105011, 0.13593192398548126, 0.022327013313770294, 0.051458872854709625, 0.3567922115325928, 0.14590345323085785, 0.029972830787301064, -0.0005708456737920642, 1.3156869727026788e-07, 0.009382897987961769]]","[-0.18153157830238342, 0.3696313798427582, 0.3348096013069153, -0.14392656087875366, -1.031795620918274, 0.5245389342308044]","[[-0.018576528877019882, -0.013297799974679947, -0.002669982612133026]]","[0, 30]",4.909498537,-0.36018314957618713,46.0,1356.0,1748233137.0891886,16.0,
"[[0.042008545249700546, 0.042888302356004715, 0.01865626685321331]]",1385,"[0.13719362020492554, -0.01767917163670063, 0.029989831149578094]","[0.7540502548217773, 0.885466456413269, 0.3731253147125244, 0.7260692119598389]",False,"[0.6958683729171753, 0.02441582642495632, 0.029999999329447746]","[[0.018239600583910942, 0.34879326820373535, 0.008754950948059559, 0.07963854819536209, 0.13719362020492554, -0.01767917163670063, 0.029989831149578094, 2.742608273820224e-07, 5.912417691433802e-06, 2.012423038482666]]","[0.06684950739145279, -4.030396461486816, 2.989506244659424, 10.84777545928955, 3.2673420906066895, -0.0866532027721405]","[[0.023399610072374344, 0.02551177889108658, 0.019854813814163208]]","[0, 30]",4.997095629,-0.5602583885192871,46.0,1385.0,1748233137.1494422,45.0,
"[[-0.00923378486186266, -0.019223392009735107, -0.0411626473069191]]",1390,"[0.40386584401130676, 0.10343410074710846, 0.029989857226610184]","[-0.1846756935119629, -0.38446784019470215, -0.8234557509422302, 0.9860492944717407]",False,"[0.6544071435928345, -0.16075898706912994, 0.029999999329447746]","[[0.635829508304596, -0.014722276479005814, 0.17062649130821228, 0.07027328759431839, 0.40386584401130676, 0.10343410074710846, 0.029989857226610184, 4.909812560072169e-06, 4.2067799199685396e-07, 3.188017991956338e-12]]","[0.031228376552462578, -0.03600657731294632, -0.04087379202246666, -0.03563203662633896, 0.07730496674776077, 0.20066677033901215]","[[-0.006623637862503529, -0.004501115530729294, -0.014399141073226929]]","[0, 30]",4.997598851,-0.3641001582145691,47.0,1390.0,1748233137.1590068,0.0,
"[[-0.048549067229032516, 0.03378943353891373, 0.0016843139892444015]]",1393,"[0.40386584401130676, 0.10343410074710846, 0.029989831149578094]","[-0.9709812998771667, 0.6757886409759521, 0.033686280250549316, 0.4283170700073242]",False,"[0.6544071435928345, -0.16075898706912994, 0.029999999329447746]","[[0.5117153525352478, 0.07482617348432541, 0.11251325160264969, 0.0785118043422699, 0.40386584401130676, 0.10343410074710846, 0.029989831149578094, 5.905682428419823e-06, 2.752445311671181e-07, 3.534542450389644e-12]]","[0.05667731538414955, -0.027732402086257935, 0.006567716598510742, -0.02091337740421295, -0.017263762652873993, -0.00501154363155365]","[[-0.015506934374570847, 0.0021600984036922455, 0.0011476412182673812]]","[0, 30]",4.997748608,-0.3641001582145691,47.0,1393.0,1748233137.1638303,3.0,
"[[-0.017742786556482315, 0.010517282411456108, 0.004226378630846739]]",1400,"[0.3983149230480194, 0.08268582075834274, 0.02998000755906105]","[-0.4205448031425476, 0.04699599742889404, 0.08538711071014404, -0.5612268447875977]",False,"[0.6544071435928345, -0.16075898706912994, 0.029999999329447746]","[[0.39030250906944275, 0.0813320130109787, 0.027317708358168602, 0.05472848191857338, 0.3983149230480194, 0.08268582075834274, 0.02998000755906105, 0.0003290768654551357, 9.310527957495651e-07, 0.009753149002790451]]","[0.07635180652141571, 0.29832544922828674, -0.1591852903366089, 0.16276177763938904, -0.044635750353336334, 0.1003783792257309]","[[-0.001207355409860611, 0.0004912824369966984, 0.006017140578478575]]","[0, 30]",4.998561524,-0.35333919525146484,47.0,1400.0,1748233137.1780841,10.0,
"[[0.005727869458496571, -0.017527487128973007, 0.014842328615486622]]",1404,"[0.38006556034088135, 0.0013508658157661557, 0.029982024803757668]","[0.06671571731567383, -0.9456034898757935, 0.29728448390960693, -0.9940552711486816]",False,"[0.6544071435928345, -0.16075898706912994, 0.029999999329447746]","[[0.3700345754623413, -0.010972468182444572, 0.029722686856985092, 0.05504288524389267, 0.38006556034088135, 0.0013508658157661557, 0.029982024803757668, -0.0005472340853884816, 0.00028777148691006005, 0.11065033078193665]]","[-0.07835835963487625, 0.3338033854961395, -0.28281471133232117, 0.31796562671661377, -0.8317934274673462, 0.40546053647994995]","[[0.006425780244171619, -0.018417639657855034, 0.014695889316499233]]","[0, 30]",5.001813736,-0.3186579644680023,47.0,1404.0,1748233137.1888175,14.0,
"[[0.030134927481412888, 0.0069154612720012665, 0.0470583438873291]]",1408,"[0.4114449918270111, -0.1312335878610611, 0.029981425032019615]","[0.8901842832565308, -0.45663511753082275, 0.9410443305969238, -0.742613673210144]",False,"[0.6544071435928345, -0.16075898706912994, 0.029999999329447746]","[[0.40640705823898315, -0.11264486610889435, 0.03394196555018425, 0.049691904336214066, 0.4114449918270111, -0.1312335878610611, 0.029981425032019615, -5.570848225033842e-05, -0.00023302514455281198, -0.03339257836341858]]","[-0.286173939704895, -0.13486412167549133, -0.060366276651620865, 1.2917084693908691, -1.7603230476379395, 0.5941182971000671]","[[0.03235961124300957, 0.00039748474955558777, 0.04584470018744469]]","[0, 30]",5.052834333,-0.24474957585334778,47.0,1408.0,1748233137.1992378,18.0,
"[[0.022965729236602783, -0.035778675228357315, 0.03498002141714096]]",1421,"[0.6509504914283752, -0.06448515504598618, 0.03033040463924408]","[0.965961217880249, -0.9583934545516968, 0.6851059198379517, -0.96449875831604]",False,"[0.6544071435928345, -0.16075898706912994, 0.029999999329447746]","[[0.6311584115028381, -0.0802566334605217, 0.040832165628671646, 0.05251370742917061, 0.6509504914283752, -0.06448515504598618, 0.03033040463924408, 0.01141192764043808, -7.462268513336312e-06, 0.047834910452365875]]","[-0.1782805472612381, -1.796309471130371, 2.4461264610290527, 4.828765392303467, 0.5388132333755493, 0.3837655782699585]","[[0.025352001190185547, -0.037228215485811234, 0.03411727026104927]]","[0, 30]",5.05341583,-0.09633643925189972,47.0,1421.0,1748233137.2319148,31.0,
"[[-0.03044428862631321, 0.0540061891078949, -0.005459500011056662]]",1430,"[0.7908986210823059, -0.2784147262573242, 0.029962293803691864]","[-0.334057092666626, 0.5856966972351074, -0.1091926097869873, 0.8729368448257446]",False,"[0.6544071435928345, -0.16075898706912994, 0.029999999329447746]","[[0.5499014854431152, -0.1955147683620453, 0.07166507095098495, 0.07999904453754425, 0.7908986210823059, -0.2784147262573242, 0.029962293803691864, 0.00020973231585230678, -0.001098686596378684, 0.4458547830581665]]","[0.08393732458353043, -3.123034954071045, 2.7896950244903564, 8.358830451965332, 2.1551175117492676, 0.10520051419734955]","[[-0.006617153063416481, 0.006934240460395813, -0.0006508096121251583]]","[0, 30]",5.096962464,-0.18020211160182953,47.0,1430.0,1748233137.2488391,40.0,
"[[-0.0333692766726017, 0.05491237714886665, -0.009194168262183666]]",1431,"[0.8046025037765503, -0.30306869745254517, 0.02998296171426773]","[-0.3933078646659851, 0.6051681041717529, -0.1834700107574463, 0.8530921936035156]",False,"[0.6544071435928345, -0.16075898706912994, 0.029999999329447746]","[[0.5375421047210693, -0.17233659327030182, 0.06397177278995514, 0.07999996840953827, 0.8046025037765503, -0.30306869745254517, 0.02998296171426773, -0.00021766324061900377, -7.692760846111923e-06, 0.4470873177051544]]","[0.07753614336252213, -3.3908181190490723, 2.8430545330047607, 9.09654712677002, 2.47161865234375, 0.06326866149902344]","[[-0.007306013256311417, 0.007080230861902237, -0.0014802021905779839]]","[0, 30]",5.096986599,-0.2069074660539627,47.0,1431.0,1748233137.250513,41.0,
"[[0.3127592206001282, -0.29060283303260803, -0.040774717926979065]]",1439,"[0.6309574246406555, -0.1491706520318985, 0.029999999329447746]","[0.884472131729126, 0.6801466941833496, -0.8150796890258789, 0.9348616600036621]",True,"[0.40468230843544006, -0.043859947472810745, 0.029999999329447746]","[[0.6384396553039551, -2.194472251484947e-12, 0.19740013778209686, 0, 0.6309574246406555, -0.1491706520318985, 0.029999999329447746, 0, 0, 0]]","[-0.3989681899547577, -4.627549171447754, 2.850647449493408, 12.671696662902832, 4.910411357879639, -0.44993048906326294]","[[0.03354924917221069, 0.062012843787670135, -0.23240801692008972]]","[0, 30]",5.097167624,-0.4248376786708832,47.0,1439.0,1748233137.2645636,49.0,
"[[-0.004062101244926453, -0.00156489759683609, -0.0031262189149856567]]",1495,"[0.5056295394897461, -0.08919187635183334, 0.03211250901222229]","[-0.40836066007614136, -0.9582902789115906, -0.5087065696716309, -0.9672836065292358]",False,"[0.4793911278247833, -0.25923362374305725, 0.029999999329447746]","[[0.49484577775001526, -0.0756513848900795, 0.026955198496580124, 0.05642324686050415, 0.5056295394897461, -0.08919187635183334, 0.03211250901222229, 0.010895348154008389, -0.0360349602997303, -0.0017478467198088765]]","[0.4805311858654022, -0.11653521656990051, -1.2878680229187012, 1.4518579244613647, -1.2589517831802368, 0.2508259415626526]","[[-0.00510348379611969, -0.008820291608572006, -0.0040135569870471954]]","[1, 1]",5.356173952,-0.17206718027591705,0.0,1495.0,1748233137.5433578,10.0,
"[[0.0006281674141064286, -0.02193339541554451, -0.05335530266165733]]",1512,"[0.49506354331970215, -0.26927509903907776, 0.040422260761260986]","[0.003751397132873535, -0.7481316328048706, -0.977064311504364, 0.7837314605712891]",False,"[0.40044164657592773, -0.24942685663700104, 0.029999999329447746]","[[0.5104931592941284, -0.27058547735214233, 0.04336860030889511, 0.08000177890062332, 0.49506354331970215, -0.26927509903907776, 0.040422260761260986, 0.546663224697113, -0.022674471139907837, 0.023677149787545204]]","[0.3675260841846466, 0.31250253319740295, -1.8726634979248047, 0.958423376083374, -0.8517053723335266, 0.28272002935409546]","[[-0.01011759601533413, -0.002565968781709671, -0.031708817929029465]]","[1, 1]",5.421052672,-0.09724133461713791,1.0,1512.0,1748233137.5787296,11.0,
"[[-0.02921958640217781, 0.04772494360804558, -0.0022123658563941717]]",1518,"[0.5047913789749146, 0.2856171131134033, 0.029989412054419518]","[-0.5843929052352905, 0.9545078277587891, -0.04424738883972168, 0.6587511301040649]",False,"[0.45174235105514526, -0.24753598868846893, 0.029999999329447746]","[[0.5461968779563904, 0.13845324516296387, 0.15926678478717804, 0.07998254895210266, 0.5047913789749146, 0.2856171131134033, 0.029989412054419518, 3.006722863574396e-06, -2.4483129891450517e-05, -1.1304365216346923e-05]]","[0.05665217339992523, -0.02774091064929962, 0.00663173571228981, -0.020954929292201996, -0.017230622470378876, -0.00501406192779541]","[[-0.007276851683855057, 0.005850460380315781, -0.0006939710583537817]]","[1, 1]",5.421350683,-0.5357857942581177,2.0,1518.0,1748233137.5898767,3.0,
"[[0.0017978432588279247, -0.010588567703962326, 0.01145034097135067]]",1528,"[0.45965442061424255, 0.12672851979732513, 0.09303542971611023]","[0.10640954971313477, -0.9721508026123047, 0.6119800806045532, -0.988507866859436]",False,"[0.45174235105514526, -0.24753598868846893, 0.029999999329447746]","[[0.45467305183410645, 0.1289016306400299, 0.08429217338562012, 0.058162227272987366, 0.45965442061424255, 0.12672851979732513, 0.09303542971611023, -0.005389665253460407, 0.031103014945983887, 0.00990125723183155]]","[0.2793249189853668, -0.06055697798728943, -2.637509346008301, 1.8809728622436523, -1.5108429193496704, 0.3277684450149536]","[[0.0030976119451224804, -0.012313809245824814, 0.011660708114504814]]","[1, 1]",5.464879655,-0.37961822748184204,2.0,1528.0,1748233137.6108193,13.0,
"[[0.0012357532978057861, -0.016416605561971664, -0.020281266421079636]]",1532,"[0.5010619163513184, -0.028928836807608604, 0.05886895954608917]","[0.6275689601898193, -0.9467676281929016, -0.8186022043228149, -0.9542416334152222]",False,"[0.45174235105514526, -0.24753598868846893, 0.029999999329447746]","[[0.4963589310646057, -0.023934775963425636, 0.05231942608952522, 0.059916529804468155, 0.5010619163513184, -0.028928836807608604, 0.05886895954608917, -0.004015904385596514, -0.0033137646969407797, 0.007865650579333305]]","[0.40533319115638733, -0.3004192113876343, -0.5096469521522522, 1.4911359548568726, -0.5482388138771057, 0.2865445017814636]","[[0.0015078485012054443, -0.009639166295528412, -0.021730199456214905]]","[1, 1]",5.465029052,-0.2259533703327179,2.0,1532.0,1748233137.6228623,17.0,
"[[-0.0037393691018223763, -0.010136585682630539, 0.001952960155904293]]",1537,"[0.46469974517822266, -0.1971295326948166, 0.05459565296769142]","[-0.28714561462402344, -0.7310648560523987, 0.1802006959915161, -0.951703667640686]",False,"[0.45174235105514526, -0.24753598868846893, 0.029999999329447746]","[[0.46081212162971497, -0.19047001004219055, 0.04648037627339363, 0.060028210282325745, 0.46469974517822266, -0.1971295326948166, 0.05459565296769142, -0.0016060089692473412, 0.02044791355729103, 0.01045188307762146]]","[0.7184162735939026, -0.8984400629997253, 1.2882518768310547, 2.579130172729492, -0.9921287298202515, 0.6912263035774231]","[[-0.00492937583476305, -0.009197812527418137, 0.0017592934891581535]]","[1, 1]",5.465197844,-0.05756432190537453,2.0,1537.0,1748233137.6381795,22.0,
"[[0.001695373561233282, 0.0009563593193888664, 0.00859084166586399]]",1538,"[0.4624596834182739, -0.20983542501926422, 0.06727888435125351]","[-0.010893762111663818, -0.234990656375885, 0.4254814386367798, -0.9523206353187561]",False,"[0.45174235105514526, -0.24753598868846893, 0.029999999329447746]","[[0.4578425884246826, -0.19949652254581451, 0.058550432324409485, 0.05997848138213158, 0.4624596834182739, -0.20983542501926422, 0.06727888435125351, 0.0025617312639951706, 0.02830372378230095, 0.004799101036041975]]","[0.3653668463230133, -1.2910606861114502, 1.1039464473724365, 3.429147481918335, -0.6655027866363525, 0.501692533493042]","[[0.0024248450063169003, -0.002723020501434803, 0.009204016998410225]]","[1, 1]",5.465235334,-0.0540916733443737,2.0,1538.0,1748233137.6412182,23.0,
"[[-0.04609273001551628, -0.04822861775755882, 0.013030145317316055]]",1547,"[0.5041705369949341, -0.2808242738246918, 0.02998943440616131]","[-0.9218569397926331, -0.9645633697509766, 0.2606010437011719, 0.8462021350860596]",False,"[0.43922582268714905, 0.18753844499588013, 0.029999999329447746]","[[0.5657078623771667, 0.045688197016716, 0.20276090502738953, 0.07881752401590347, 0.5041705369949341, -0.2808242738246918, 0.02998943440616131, 3.0065698410908226e-06, -2.377380405960139e-05, -5.656060693581821e-06]]","[0.03140094131231308, -0.025906041264533997, -0.019037064164876938, -0.028387539088726044, 0.053564876317977905, 0.13178907334804535]","[[-0.017688672989606857, -0.07009050995111465, 0.002718418836593628]]","[1, 1]",5.479182312,-0.4728440046310425,3.0,1547.0,1748233137.6671965,1.0,
"[[-0.029647937044501305, -0.04888368770480156, -0.03288572281599045]]",1549,"[0.5041704773902893, -0.28082337975502014, 0.029989412054419518]","[-0.5929587483406067, -0.9776647686958313, -0.6577145457267761, 0.534764289855957]",False,"[0.43922582268714905, 0.18753844499588013, 0.029999999329447746]","[[0.5213937759399414, -0.03125923499464989, 0.1768784523010254, 0.07998249679803848, 0.5041704773902893, -0.28082337975502014, 0.029989412054419518, 3.006722863574396e-06, -2.4483129891450517e-05, -1.1304365216346923e-05]]","[0.05665217339992523, -0.02774091064929962, 0.00663173571228981, -0.020954929292201996, -0.017230622470378876, -0.00501406192779541]","[[-0.010395577177405357, -0.003217361867427826, -0.007881905883550644]]","[1, 1]",5.482444003,-0.47284311056137085,3.0,1549.0,1748233137.670507,3.0,
"[[0.015228385105729103, -0.01607630029320717, 0.03650509938597679]]",1558,"[0.4935183823108673, -0.21445243060588837, 0.041222233325242996]","[0.14216351509094238, 0.9897615909576416, 0.9562382698059082, -0.9820820093154907]",False,"[0.43922582268714905, 0.18753844499588013, 0.029999999329447746]","[[0.5067805051803589, -0.2299850434064865, 0.033441007137298584, 0.05418384447693825, 0.4935183823108673, -0.21445243060588837, 0.041222233325242996, 0.019134284928441048, -0.02518601156771183, -0.016413144767284393]]","[0.8401150107383728, 0.4146748483181, -3.306993007659912, 1.9421964883804321, -1.4820059537887573, 0.3801534175872803]","[[0.01572444476187229, 0.007036324590444565, 0.036244072020053864]]","[1, 1]",5.499730666,-0.4057958722114563,3.0,1558.0,1748233137.6871362,12.0,
"[[0.013616508804261684, 0.01676752418279648, 0.015541359782218933]]",1567,"[0.4277147054672241, 0.10411836951971054, 0.053156837821006775]","[0.17538797855377197, 0.921281099319458, 0.600752592086792, -0.9694842100143433]",False,"[0.43922582268714905, 0.18753844499588013, 0.029999999329447746]","[[0.4405307471752167, 0.10136009007692337, 0.04542320966720581, 0.053793422877788544, 0.4277147054672241, 0.10411836951971054, 0.053156837821006775, -0.002810244681313634, -0.025420932099223137, -0.00831192173063755]]","[0.5309622287750244, -0.66225665807724, 0.14913180470466614, 2.160061836242676, -0.7442010641098022, 0.3621484041213989]","[[0.01625201851129532, 0.011470705270767212, 0.01672624796628952]]","[1, 1]",5.521390429,-0.08733644336462021,3.0,1567.0,1748233137.7087336,21.0,
"[[-0.031569261103868484, -0.00883418321609497, -0.04705314338207245]]",1578,"[0.6278634667396545, 0.26110923290252686, 0.04154987633228302]","[-0.6548384428024292, -0.186731219291687, -0.953091561794281, 0.9981001615524292]",False,"[0.6223527789115906, -0.25816646218299866, 0.029999999329447746]","[[0.6398245096206665, 0.2649204432964325, 0.04556441307067871, 0.08006975054740906, 0.6278634667396545, 0.26110923290252686, 0.04154987633228302, -0.5842939019203186, -0.0003961061593145132, 0.13951840996742249]]","[0.3962637484073639, 0.22132432460784912, -1.9599049091339111, 1.0472500324249268, -0.9590198993682861, 0.2892225980758667]","[[-0.022128421813249588, -0.014669269323348999, -0.035034578293561935]]","[1, 1]",5.542431123,-0.5194333791732788,4.0,1578.0,1748233137.7300084,8.0,
"[[0.010800438933074474, -0.006444275379180908, 0.012764113023877144]]",1588,"[0.6148255467414856, -0.12870077788829803, 0.06633526086807251]","[0.29612457752227783, -0.9471723437309265, 0.3508932590484619, -0.9413605332374573]",False,"[0.6223527789115906, -0.25816646218299866, 0.029999999329447746]","[[0.622687816619873, -0.12961223721504211, 0.057330839335918427, 0.056624144315719604, 0.6148255467414856, -0.12870077788829803, 0.06633526086807251, 0.003801007755100727, 0.03214477375149727, 0.0018755930941551924]]","[0.6134044528007507, -0.6224720478057861, 0.1260705590248108, 2.2165606021881104, -0.9991271495819092, 0.4931655526161194]","[[0.01133068185299635, -0.007446914911270142, 0.013572150841355324]]","[1, 1]",5.567820793,-0.1346784234046936,4.0,1588.0,1748233137.7550309,18.0,
"[[-0.04582827538251877, 0.0359661690890789, -0.044558335095644]]",1594,"[0.5023953318595886, 0.10059472173452377, 0.029989415779709816]","[-0.9165666699409485, 0.7193323373794556, -0.8911670446395874, 0.7407572269439697]",False,"[0.510057270526886, -0.12593716382980347, 0.029999999329447746]","[[0.5841602683067322, 0.10403895378112793, 0.1363997757434845, 0.07985621690750122, 0.5023953318595886, 0.10059472173452377, 0.029989415779709816, 3.006697852470097e-06, -2.43706217588624e-05, -8.480304131808225e-06]]","[0.017381707206368446, -0.028290599584579468, -0.012963362038135529, -0.020310916006565094, 0.021136611700057983, 0.05704280734062195]","[[-0.007369212806224823, 0.0021061263978481293, 0.004567451775074005]]","[1, 1]",5.613022803,-0.22666141390800476,5.0,1594.0,1748233137.767742,2.0,
"[[-0.015377754345536232, 0.047597888857126236, -0.0271785706281662]]",1611,"[0.5935884118080139, 0.15957367420196533, 0.02998998947441578]","[-0.30755507946014404, 0.9519574642181396, -0.5435712933540344, 0.5600814819335938]",False,"[0.5350576043128967, 0.1472034752368927, 0.029999999329447746]","[[0.6183701753616333, 0.14107683300971985, 0.09211400896310806, 0.0793166533112526, 0.5935884118080139, 0.15957367420196533, 0.02998998947441578, -2.1386838966463984e-08, -3.2399276506112074e-07, -1.2331774087215308e-05]]","[0.15960949659347534, 0.05415348708629608, 0.040689077228307724, -0.012295223772525787, 0.005066335201263428, -0.031535759568214417]","[[-0.013560647144913673, 0.0030569173395633698, -0.02458617277443409]]","[1, 1]",5.656813711,-0.05982373282313347,6.0,1611.0,1748233137.8020456,5.0,
"[[-0.009894602000713348, -6.0152262449264526e-05, 0.0008226856589317322]]",1632,"[0.5370175838470459, 0.22209499776363373, 0.0484180822968483]","[-0.9541855454444885, 0.8198556900024414, -0.5487251281738281, -0.8755275011062622]",False,"[0.42023614048957825, 0.2207988202571869, 0.029999999329447746]","[[0.5408542156219482, 0.2274467796087265, 0.041482921689748764, 0.05833296477794647, 0.5370175838470459, 0.22209499776363373, 0.0484180822968483, -0.0023670231457799673, 0.011703538708388805, 0.0017932627815753222]]","[0.2844545245170593, -0.3712605834007263, -0.6334800124168396, 1.8674393892288208, -0.7166539430618286, 0.25156188011169434]","[[-0.009623400866985321, 0.0047035254538059235, 0.0007303766906261444]]","[1, 1]",5.663323807,-0.11823203414678574,7.0,1632.0,1748233137.849978,15.0,
"[[-0.0021297545172274113, 0.03945891931653023, -0.02943851612508297]]",1641,"[0.6165168881416321, 0.2856195569038391, 0.029989631846547127]","[-0.04258793592453003, 0.7891861200332642, -0.5887659192085266, 0.34528231620788574]",False,"[0.5296781063079834, 0.1333102583885193, 0.029999999329447746]","[[0.6475893259048462, 0.2318604439496994, 0.10061341524124146, 0.07904659956693649, 0.6165168881416321, 0.2856195569038391, 0.029989631846547127, -1.4689500282827339e-08, -1.2316115316934884e-05, -1.883771074062679e-05]]","[0.16542457044124603, 0.10981401801109314, 0.05199265107512474, -0.005532868206501007, 0.034084416925907135, -0.0201282799243927]","[[0.003579178359359503, 0.007728207856416702, -0.002106422558426857]]","[1, 1]",5.712975878,-0.17532570660114288,8.0,1641.0,1748233137.8679793,6.0,
"[[0.02477349154651165, 0.04546135663986206, -0.049799803644418716]]",1664,"[0.611455500125885, -0.05792668089270592, 0.02998681180179119]","[0.4927339553833008, 0.9718325138092041, -0.9960550665855408, 0.96056067943573]",False,"[0.4218711853027344, 0.20031867921352386, 0.029999999329447746]","[[0.6229503154754639, -0.04872167855501175, 0.025071360170841217, 0.08051282167434692, 0.611455500125885, -0.05792668089270592, 0.02998681180179119, 0.00016009774117264897, 8.786004400462843e-06, -0.00010494020534679294]]","[0.0566580705344677, -0.027739189565181732, 0.006589699536561966, -0.020929627120494843, -0.017247162759304047, -0.00501193106174469]","[[0.01628209464251995, 0.031773846596479416, 0.003967072814702988]]","[1, 1]",5.757085836,-0.3203636705875397,10.0,1664.0,1748233137.9152591,3.0,
"[[-0.011979367583990097, 0.003783196210861206, 0.0124732106924057]]",1667,"[0.5364375114440918, 0.0683639645576477, 0.08346258848905563]","[-0.962144672870636, 0.9819455146789551, 0.7429336309432983, -0.9911984205245972]",False,"[0.4218711853027344, 0.20031867921352386, 0.029999999329447746]","[[0.5467550754547119, 0.06872977316379547, 0.07404060661792755, 0.05650933086872101, 0.5364375114440918, 0.0683639645576477, 0.08346258848905563, -0.001850911183282733, 0.024690238758921623, 0.006240148562937975]]","[0.691713273525238, 0.20827576518058777, -3.8885138034820557, 2.147614002227783, -1.4895745515823364, 0.2551801800727844]","[[-0.010533180087804794, 0.004158247262239456, 0.012125149369239807]]","[1, 1]",5.757187124,-0.18274500966072083,10.0,1667.0,1748233137.923092,6.0,
"[[-0.1044052243232727, 0.43214115500450134, 0.0029607932083308697]]",1671,"[0.5449475049972534, -0.23508106172084808, 0.029999999329447746]","[-0.9099667072296143, -0.08706527948379517, -0.11417609453201294, -0.8471627235412598]",True,"[0.4085829257965088, 0.05967330560088158, 0.029999999329447746]","[[0.6384396553039551, -2.194472251484947e-12, 0.19740013778209686, 0, 0.5449475049972534, -0.23508106172084808, 0.029999999329447746, 0, 0, 0]]","[0.057073481380939484, -0.23622873425483704, -1.409069299697876, 1.8022314310073853, -1.1134741306304932, 0.23290696740150452]","[[-0.18806791305541992, 0.1839667707681656, -0.17111201584339142]]","[1, 1]",5.757323897,-0.04249618947505951,10.0,1671.0,1748233137.9333005,10.0,
"[[-0.014613974839448929, -0.008980991318821907, -0.058508243411779404]]",1677,"[0.5870161652565002, -0.031519245356321335, 0.0449344664812088]","[-0.1522216796875, -0.44904226064682007, -0.9419555068016052, 0.8730019330978394]",False,"[0.4573882222175598, 0.08255442976951599, 0.029999999329447746]","[[0.6126253008842468, -0.025679949671030045, 0.05732804909348488, 0.0798768699169159, 0.5870161652565002, -0.031519245356321335, 0.0449344664812088, 0.46395209431648254, 0.17843644320964813, 0.03895897790789604]]","[0.8143020868301392, 0.17094415426254272, -2.8998780250549316, 1.5639445781707764, -0.9971598386764526, 0.12376165390014648]","[[-0.017293263226747513, -0.0037500187754631042, -0.043527793139219284]]","[1, 1]",5.757522735,-0.17331832647323608,11.0,1677.0,1748233137.9439988,5.0,
"[[-0.0020058422815054655, -0.049368105828762054, -0.01700975000858307]]",1690,"[0.5998350381851196, -0.2737155854701996, 0.02998976595699787]","[-0.04012042284011841, -0.9873567223548889, -0.3401950001716614, 0.917553186416626]",False,"[0.512037992477417, 0.07860252261161804, 0.029999999329447746]","[[0.6040710806846619, -0.15297678112983704, 0.13274243474006653, 0.07999971508979797, 0.5998350381851196, -0.2737155854701996, 0.02998976595699787, 1.2543913726403844e-05, 3.3503301892778836e-06, 2.5813344109337777e-05]]","[0.16541673243045807, 0.10981129109859467, 0.05196384713053703, -0.005512349307537079, 0.03408066928386688, -0.02012096345424652]","[[0.005660149268805981, -0.008507698774337769, 0.013054564595222473]]","[1, 1]",5.802262149,-0.3630927801132202,12.0,1690.0,1748233137.9710336,6.0,
"[[-0.00338914105668664, -0.049042217433452606, -0.041798532009124756]]",1692,"[0.5998346209526062, -0.27371490001678467, 0.02998976781964302]","[-0.06778758764266968, -0.9808365702629089, -0.8359705209732056, 0.9233906269073486]",False,"[0.512037992477417, 0.07860252261161804, 0.029999999329447746]","[[0.6032862067222595, -0.23605792224407196, 0.10613712668418884, 0.07999999821186066, 0.5998346209526062, -0.27371490001678467, 0.02998976781964302, 7.780560736136977e-06, 7.961530457123445e-08, 3.284255581093021e-05]]","[0.10265014320611954, 0.20464777946472168, 0.06784744560718536, 0.013049323111772537, 0.0976409912109375, 0.017345279455184937]","[[-0.003978809807449579, -0.007034488022327423, -0.021742817014455795]]","[1, 1]",5.802331868,-0.36309200525283813,12.0,1692.0,1748233137.9742777,8.0,
"[[0.0018395483493804932, 0.01165931299328804, -0.001067928969860077]]",1700,"[0.5490296483039856, -0.055657610297203064, 0.05882959067821503]","[0.17647802829742432, 0.9378986358642578, -0.29148340225219727, -0.9400433301925659]",False,"[0.512037992477417, 0.07860252261161804, 0.029999999329447746]","[[0.5497614741325378, -0.05949314683675766, 0.05140810087323189, 0.0554828979074955, 0.5490296483039856, -0.055657610297203064, 0.05882959067821503, 0.00025230643223039806, -0.02480333484709263, -0.006402215454727411]]","[0.20689933001995087, -0.08432456851005554, -1.525381326675415, 1.5078171491622925, -0.8801597952842712, 0.1805257797241211]","[[0.0005572140216827393, 0.004196774214506149, -0.0014053992927074432]]","[1, 1]",5.807021212,-0.14221571385860443,12.0,1700.0,1748233137.99408,16.0,
"[[-0.00954907014966011, 0.01080237701535225, -0.0028265397995710373]]",1701,"[0.5315272808074951, -0.020006917417049408, 0.038316696882247925]","[-0.5410287380218506, 0.9290614128112793, -0.466788649559021, -0.9065247178077698]",False,"[0.512037992477417, 0.07860252261161804, 0.029999999329447746]","[[0.5332230925559998, -0.02106146141886711, 0.031434934586286545, 0.05546614155173302, 0.5315272808074951, -0.020006917417049408, 0.038316696882247925, 0.0004370090027805418, -0.029213691130280495, -0.010351746343076229]]","[0.28633907437324524, -0.3807488977909088, -1.2573766708374023, 1.8858071565628052, -1.1950737237930298, 0.27974259853363037]","[[-0.010513056069612503, 0.008021384477615356, -0.0033662673085927963]]","[1, 1]",5.809933685,-0.10086040198802948,12.0,1701.0,1748233137.9967449,17.0,
"[[0.00022054910368751734, -0.049374159425497055, -0.04517028108239174]]",1706,"[0.6470199227333069, -0.2305670529603958, 0.02998943440616131]","[0.004408597946166992, -0.9874742031097412, -0.9034074544906616, 0.9666695594787598]",False,"[0.5461358428001404, 0.05851035937666893, 0.029999999329447746]","[[0.666387140750885, -0.07278268039226532, 0.1972810924053192, 0.07355006784200668, 0.6470199227333069, -0.2305670529603958, 0.02998943440616131, 3.006569613717147e-06, -2.377380405960139e-05, -5.656060693581821e-06]]","[0.03140094131231308, -0.025906041264533997, -0.019037064164876938, -0.028387539088726044, 0.053564876317977905, 0.13178907334804535]","[[-0.011358666233718395, 0.0004588775336742401, -0.03307425230741501]]","[1, 1]",5.820673234,-0.3061753511428833,13.0,1706.0,1748233138.0087738,1.0,
"[[0.018300950527191162, -0.039683111011981964, -0.04918191581964493]]",1733,"[0.6188434958457947, -0.013486371375620365, 0.02998943254351616]","[0.36602139472961426, -0.7936712503433228, -0.983640193939209, 0.9356282949447632]",False,"[0.5044729709625244, 0.04121638089418411, 0.029999999329447746]","[[0.6323826909065247, -0.02307320013642311, 0.17056187987327576, 0.0788174644112587, 0.6188434958457947, -0.013486371375620365, 0.02998943254351616, -3.006573706443305e-06, 2.3792244974174537e-05, -5.725476967199938e-06]]","[0.03140093386173248, -0.02590595930814743, -0.01903705671429634, -0.028387419879436493, 0.05356491357088089, 0.13178905844688416]","[[0.0005750656127929688, -0.016459625214338303, -0.030585583299398422]]","[1, 1]",5.87660723,-0.12677936255931854,16.0,1733.0,1748233138.0647647,1.0,
"[[0.0015172302955761552, 0.04162751883268356, -0.04883856326341629]]",1735,"[0.6185443997383118, -0.01074825506657362, 0.029936518520116806]","[0.024362683296203613, 0.8873217105865479, -0.9778292179107666, 0.9371583461761475]",False,"[0.5044729709625244, 0.04121638089418411, 0.029999999329447746]","[[0.6227448582649231, -0.002180356066673994, 0.05401960387825966, 0.08017587661743164, 0.6185443997383118, -0.01074825506657362, 0.029936518520116806, 0.001781368162482977, 5.676917680830229e-06, -0.012545954436063766]]","[0.05662895739078522, -0.027765542268753052, 0.006631474941968918, -0.020878039300441742, -0.017186947166919708, -0.0050918906927108765]","[[0.006280237343162298, 0.012330327183008194, 0.008715014904737473]]","[1, 1]",5.880656849,-0.1253499686717987,16.0,1735.0,1748233138.06813,3.0,
"[[-0.009885866194963455, -0.0005789585411548615, 0.01917114108800888]]",1738,"[0.5551575422286987, 0.09417596459388733, 0.060617223381996155]","[-0.9672025442123413, 0.6661275625228882, 0.8330079317092896, -0.9677388072013855]",False,"[0.5044729709625244, 0.04121638089418411, 0.029999999329447746]","[[0.5790361762046814, 0.09450474381446838, 0.051493097096681595, 0.056254785507917404, 0.5551575422286987, 0.09417596459388733, 0.060617223381996155, -0.0055259340442717075, -0.006916240323334932, 0.011716831475496292]]","[1.2199902534484863, 0.28312286734580994, -4.924661636352539, 2.656146764755249, -1.7022103071212769, 0.26380157470703125]","[[-0.009822148829698563, -0.00029746443033218384, 0.018869442865252495]]","[1, 1]",5.888620568,-0.07944215834140778,16.0,1738.0,1748233138.0756402,6.0,
"[[-0.0039617689326405525, -0.02488185279071331, -0.006270901300013065]]",1739,"[0.5528573989868164, 0.09352122992277145, 0.05792124941945076]","[-0.12523823976516724, -0.5107317566871643, -0.1793375015258789, -0.9526231288909912]",False,"[0.5044729709625244, 0.04121638089418411, 0.029999999329447746]","[[0.5766326189041138, 0.09606704115867615, 0.051740605384111404, 0.05655447021126747, 0.5528573989868164, 0.09352122992277145, 0.05792124941945076, 0.000391403678804636, -0.04037143662571907, 0.0345204658806324]]","[0.36908194422721863, 0.2167123258113861, -2.34293794631958, 1.3292919397354126, -1.1680148839950562, 0.30167245864868164]","[[-0.00385835487395525, -0.02709888480603695, -0.00921438354998827]]","[1, 1]",5.891461059,-0.0765274167060852,16.0,1739.0,1748233138.0783505,7.0,
"[[-0.0022749395575374365, 0.005244558677077293, -0.03665357828140259]]",1748,"[0.44344446063041687, -0.25347426533699036, 0.029903437942266464]","[-0.07255512475967407, 0.4113144874572754, -0.7348014712333679, 0.6362965106964111]",False,"[0.5798569321632385, -0.09642071276903152, 0.029999999329447746]","[[0.43755945563316345, -0.2463248074054718, 0.03149324655532837, 0.08000219613313675, 0.44344446063041687, -0.25347426533699036, 0.029903437942266464, -0.0013396656140685081, -0.0013492966536432505, -0.0691666230559349]]","[0.14359378814697266, 0.16065670549869537, 0.06831665337085724, -0.0006887540221214294, 0.06748839467763901, -0.0025025606155395508]","[[0.0035159497056156397, 0.004864132031798363, -0.00011394545435905457]]","[1, 1]",5.941028193,-0.20802448689937592,17.0,1748.0,1748233138.095038,7.0,
"[[-0.04514261335134506, 0.014078541658818722, -0.03930748254060745]]",1760,"[0.4340892434120178, 0.035692669451236725, 0.02998960390686989]","[-0.9064303040504456, 0.27823662757873535, -0.7861566543579102, 0.7569594383239746]",False,"[0.4898788630962372, 0.21674060821533203, 0.029999999329447746]","[[0.4535447359085083, 0.02753458172082901, 0.06380593031644821, 0.07994645088911057, 0.4340892434120178, 0.035692669451236725, 0.02998960390686989, 1.9002609406015836e-06, -1.214403619087534e-05, 5.635620254906826e-05]]","[0.1654159426689148, 0.10981161892414093, 0.05194612964987755, -0.0055010393261909485, 0.034075938165187836, -0.020116344094276428]","[[-0.011611305177211761, 0.0030239643529057503, -0.007508441805839539]]","[1, 1]",5.941465934,-0.1894487738609314,18.0,1760.0,1748233138.1198006,6.0,
"[[-0.030611760914325714, 0.016444440931081772, -0.030901780351996422]]",1782,"[0.40666380524635315, -0.04491972550749779, 0.03000919334590435]","[-0.9963734149932861, 0.981330394744873, -0.6227843761444092, 0.5433105230331421]",False,"[0.4187873303890228, 0.23486050963401794, 0.029999999329447746]","[[0.41569551825523376, -0.04018675535917282, 0.02254670299589634, 0.08016684651374817, 0.40666380524635315, -0.04491972550749779, 0.03000919334590435, -0.00047663282020948827, -0.0009748297743499279, -1.046737551689148]]","[0.38874733448028564, -0.46783941984176636, -0.5577764511108398, 1.9299606084823608, -1.4228277206420898, 0.4329518675804138]","[[-0.027706541121006012, 0.01604822278022766, -0.030919034034013748]]","[1, 1]",5.985590289,-0.2800427973270416,19.0,1782.0,1748233138.16988,15.0,
"[[-0.027628958225250244, 0.03808243200182915, -0.03185911104083061]]",1796,"[0.5310428738594055, 0.25793448090553284, 0.029989872127771378]","[-0.5525827407836914, 0.7616462707519531, -0.6371822357177734, 0.6861257553100586]",False,"[0.6823948621749878, 0.02794715203344822, 0.029999999329447746]","[[0.5842913389205933, 0.15407253801822662, 0.12945713102817535, 0.07171869277954102, 0.5310428738594055, 0.25793448090553284, 0.029989872127771378, -2.8357424071145942e-06, 8.479994903609622e-06, 1.1115900633740239e-05]]","[0.12530282139778137, 0.0044015198945999146, 0.02618444710969925, -0.018118686974048615, -0.016249127686023712, -0.03209686279296875]","[[-0.005204498767852783, 0.0034562237560749054, 0.0015184767544269562]]","[1, 1]",6.037182153,-0.2753208875656128,20.0,1796.0,1748233138.2012055,4.0,
"[[0.027519185096025467, 0.041242074221372604, 0.0026834190357476473]]",1820,"[0.6818280816078186, 0.29786744713783264, 0.029989412054419518]","[0.5503824949264526, 0.8248504400253296, 0.05366837978363037, 0.1633087396621704]",False,"[0.5825690031051636, 0.1943996548652649, 0.029999999329447746]","[[0.7027623057365417, 0.1327877789735794, 0.1651500165462494, 0.02753135934472084, 0.6818280816078186, 0.29786744713783264, 0.029989412054419518, 3.006728547916282e-06, -2.4504341126885265e-05, -1.4128427210380323e-05]]","[0.125292107462883, 0.004400372505187988, 0.02620653808116913, -0.018142059445381165, -0.01624167710542679, -0.032102689146995544]","[[0.015007216483354568, 0.008021574467420578, -0.00012981588952243328]]","[1, 1]",6.081324923,-0.14338044822216034,22.0,1820.0,1748233138.2511742,4.0,
"[[0.0036637545563280582, 0.02419097349047661, -0.0361412912607193]]",1825,"[0.6817764639854431, 0.3075217604637146, 0.03697981685400009]","[0.07742834091186523, 0.6429495811462402, -0.6000591516494751, 0.6468697786331177]",False,"[0.5825690031051636, 0.1943996548652649, 0.029999999329447746]","[[0.7024666666984558, 0.2886199355125427, 0.06364858895540237, 0.07989833503961563, 0.6817764639854431, 0.3075217604637146, 0.03697981685400009, -0.27372580766677856, -8.393904136028141e-05, 0.012120706029236317]]","[0.5088649988174438, 0.31384336948394775, -1.8724896907806396, 1.049199104309082, -0.5642688870429993, 0.12841658294200897]","[[-2.446165308356285e-05, 0.006419282406568527, -0.030225491151213646]]","[1, 1]",6.081491592,-0.15062354505062103,22.0,1825.0,1748233138.2600727,9.0,
"[[-0.028598947450518608, 0.02007080428302288, -0.050054289400577545]]",1829,"[0.6801303029060364, 0.3123936951160431, 0.03974731266498566]","[-0.5728121995925903, 0.5082335472106934, -0.9524117708206177, 0.9246623516082764]",False,"[0.5825690031051636, 0.1943996548652649, 0.029999999329447746]","[[0.688124418258667, 0.31050026416778564, 0.05763843655586243, 0.08000151067972183, 0.6801303029060364, 0.3123936951160431, 0.03974731266498566, -0.428640216588974, -4.490404229007261e-11, 0.0060723754577338696]]","[0.14717958867549896, 0.09617111086845398, -1.7638063430786133, 1.057018518447876, -1.4996812343597412, 0.4071035385131836]","[[-0.019384128972887993, 0.011328352615237236, -0.04345974326133728]]","[1, 1]",6.081623746,-0.15341387689113617,22.0,1829.0,1748233138.268237,13.0,
"[[-0.011443796567618847, 0.03641626983880997, -0.03653954342007637]]",1861,"[0.553005576133728, 0.28314512968063354, 0.029989873990416527]","[-0.22886401414871216, 0.7283271551132202, -0.730781614780426, 0.41997718811035156]",False,"[0.6574642658233643, 0.2405400574207306, 0.029999999329447746]","[[0.5656880736351013, 0.22901538014411926, 0.07392051070928574, 0.07999955117702484, 0.553005576133728, 0.28314512968063354, 0.029989873990416527, -1.1515838949094359e-08, -4.187016656942433e-06, -1.9833836631732993e-05]]","[0.14390210807323456, 0.16044913232326508, 0.06499069929122925, 0.0006616786122322083, 0.06637877970933914, -0.0025951117277145386]","[[0.0012997360900044441, 0.009173639118671417, 0.001308005303144455]]","[1, 1]",6.188862024,-0.11281318217515945,25.0,1861.0,1748233138.3357224,7.0,
"[[-0.038791168481111526, -0.049578890204429626, 0.013239262625575066]]",1872,"[0.4709225594997406, -0.2049272060394287, 0.029989412054419518]","[-0.7758239507675171, -0.9915688633918762, 0.26478517055511475, 0.921788215637207]",False,"[0.4792936444282532, 0.15131902694702148, 0.029999999329447746]","[[0.4678361415863037, -0.0362028144299984, 0.11204832792282104, 0.07998251914978027, 0.4709225594997406, -0.2049272060394287, 0.029989412054419518, 3.006722863574396e-06, -2.4483129891450517e-05, -1.1304365216346923e-05]]","[0.05665217339992523, -0.02774091064929962, 0.00663173571228981, -0.020954929292201996, -0.017230622470378876, -0.00501406192779541]","[[-0.004754800349473953, -0.0021816082298755646, 0.008223937824368477]]","[1, 1]",6.18929741,-0.3563445806503296,26.0,1872.0,1748233138.3579009,3.0,
"[[0.006149959750473499, -0.049739327281713486, -0.0017806797986850142]]",1873,"[0.4709225594997406, -0.2049267441034317, 0.029989412054419518]","[0.12299919128417969, -0.9947773218154907, -0.03561359643936157, 0.8899085521697998]",False,"[0.4792936444282532, 0.15131902694702148, 0.029999999329447746]","[[0.472650945186615, -0.07572334259748459, 0.11251482367515564, 0.07999790459871292, 0.4709225594997406, -0.2049267441034317, 0.029989412054419518, 3.006728547916282e-06, -2.4504341126885265e-05, -1.4128427210380323e-05]]","[0.125292107462883, 0.004400372505187988, 0.02620653808116913, -0.018142059445381165, -0.01624167710542679, -0.032102689146995544]","[[0.00133515615016222, -0.010218337178230286, -0.002247175667434931]]","[1, 1]",6.189335,-0.3563441038131714,26.0,1873.0,1748233138.359558,4.0,
"[[-0.005157977342605591, 0.003310609608888626, -0.000719205942004919]]",1882,"[0.5130869746208191, -0.03071392886340618, 0.07434537261724472]","[-0.27247846126556396, 0.9608756303787231, -0.1471881866455078, -0.9614943265914917]",False,"[0.4792936444282532, 0.15131902694702148, 0.029999999329447746]","[[0.5138906836509705, -0.042287684977054596, 0.06653298437595367, 0.05557107552886009, 0.5130869746208191, -0.03071392886340618, 0.07434537261724472, -0.0005715179722756147, 0.009853796102106571, -0.007999762892723083]]","[0.30116167664527893, 0.04265023022890091, -1.8373043537139893, 1.3603993654251099, -1.3143993616104126, 0.33849036693573]","[[-0.0056570470333099365, 0.007405128329992294, -0.000944273080676794]]","[1, 1]",6.23291666,-0.19037988781929016,26.0,1882.0,1748233138.379576,13.0,
"[[4.1330233216285706e-05, 0.014360476285219193, -0.013603108935058117]]",1886,"[0.5153411030769348, 0.09067554026842117, 0.029867421835660934]","[0.2376096248626709, 0.9017305374145508, -0.2727714776992798, -0.8868078589439392]",False,"[0.4792936444282532, 0.15131902694702148, 0.029999999329447746]","[[0.5156351923942566, 0.10015869140625, 0.021766582503914833, 0.055140171200037, 0.5153411030769348, 0.09067554026842117, 0.029867421835660934, 0.001094489824026823, -0.00039713867590762675, -0.01490649301558733]]","[0.18734706938266754, -0.3876798748970032, -0.41789761185646057, 1.7155665159225464, -0.5637368559837341, 0.3100859522819519]","[[0.001652086153626442, 0.009901721030473709, -0.013555378653109074]]","[1, 1]",6.233070104,-0.07054834812879562,26.0,1886.0,1748233138.3908288,17.0,
"[[-0.022053873166441917, 0.011150440201163292, -0.048086829483509064]]",1905,"[0.4573238492012024, 0.10538837313652039, 0.04083239659667015]","[-0.49526524543762207, 0.4171946048736572, -0.9656727313995361, 0.994289755821228]",False,"[0.4602658748626709, -0.283314973115921, 0.029999999329447746]","[[0.46583494544029236, 0.10736727714538574, 0.044162631034851074, 0.08003412932157516, 0.4573238492012024, 0.10538837313652039, 0.04083239659667015, -0.5434045791625977, -0.0037542174104601145, -0.025007817894220352]]","[0.45569437742233276, 0.19427022337913513, -1.7028087377548218, 0.8847326636314392, -0.7322429418563843, 0.21409839391708374]","[[-0.020581519231200218, 0.006901515647768974, -0.03501928225159645]]","[1, 1]",6.284835972,-0.3888653814792633,28.0,1905.0,1748233138.432119,6.0,
"[[-0.22430770099163055, 0.03138293698430061, 0.005428126081824303]]",1915,"[0.6877917051315308, -0.27486008405685425, 0.029999999329447746]","[-0.3168336749076843, -0.8723722696304321, -0.1456928253173828, -0.9372642040252686]",True,"[0.4664587080478668, 0.07100044935941696, 0.029999999329447746]","[[0.6384396553039551, -2.194472251484947e-12, 0.19740013778209686, 0, 0.6877917051315308, -0.27486008405685425, 0.029999999329447746, 0, 0, 0]]","[0.011524775996804237, -1.0958716869354248, 0.15211158990859985, 3.9701521396636963, -1.0789421796798706, 0.44636255502700806]","[[-0.18047089874744415, -0.249929279088974, -0.17113903164863586]]","[1, 1]",6.285250509,-0.04777669906616211,28.0,1915.0,1748233138.4574118,16.0,
"[[-0.03329857438802719, 0.39770349860191345, -0.01314657460898161]]",1924,"[0.550850510597229, -0.23873093724250793, 0.029999999329447746]","[-0.5921165943145752, -0.8079483509063721, -0.26692038774490356, -0.9737561345100403]",True,"[0.6760538816452026, -0.08438914269208908, 0.029999999329447746]","[[0.6384396553039551, -2.194472251484947e-12, 0.19740013778209686, 0, 0.550850510597229, -0.23873093724250793, 0.029999999329447746, 0, 0, 0]]","[0.3217155635356903, -0.0425235778093338, -1.879346489906311, 1.4987989664077759, -1.1264469623565674, 0.2715940475463867]","[[-0.11040981858968735, 0.14724329113960266, -0.18884050846099854]]","[1, 1]",6.328910264,-0.04924909025430679,29.0,1924.0,1748233138.476661,8.0,
"[[-0.04164456948637962, 0.04070049524307251, -0.03688960522413254]]",1931,"[0.4096454381942749, 0.15905487537384033, 0.02998996526002884]","[-0.8328901529312134, 0.8140110969543457, -0.7377910614013672, 0.92549729347229]",False,"[0.600180447101593, -0.2900804579257965, 0.029999999329447746]","[[0.4289255142211914, 0.13588666915893555, 0.07177314162254333, 0.07999978214502335, 0.4096454381942749, 0.15905487537384033, 0.02998996526002884, -8.36781680391141e-07, 3.262290704242332e-07, 4.309817450121045e-05]]","[0.1654239296913147, 0.1097753718495369, 0.0519365631043911, -0.005507871508598328, 0.034050896763801575, -0.020129889249801636]","[[-0.008270051330327988, 0.008462749421596527, -0.007996097207069397]]","[1, 1]",6.329178561,-0.48787921667099,30.0,1931.0,1748233138.4881854,6.0,
"[[-0.002825424075126648, -0.021508153527975082, -0.007145843468606472]]",1943,"[0.5963367819786072, -0.15152959525585175, 0.04257914796471596]","[-0.04416912794113159, -0.9300004243850708, -0.277704656124115, -0.9742472767829895]",False,"[0.600180447101593, -0.2900804579257965, 0.029999999329447746]","[[0.5906345844268799, -0.1624671220779419, 0.03571869060397148, 0.05474076047539711, 0.5963367819786072, -0.15152959525585175, 0.04257914796471596, -0.002053859643638134, -0.04693511500954628, 0.004952354356646538]]","[0.2815088629722595, -0.826151967048645, 0.6631907820701599, 2.8437488079071045, -0.8993842601776123, 0.5004514455795288]","[[-0.004886910319328308, -0.00897395983338356, -0.008773556910455227]]","[1, 1]",6.372839478,-0.13917380571365356,30.0,1943.0,1748233138.5169234,18.0,
"[[-0.043134864419698715, 0.03244451805949211, -0.05038087069988251]]",1952,"[0.6988372802734375, 0.038201700896024704, 0.045712172985076904]","[-0.8604036569595337, 0.9994411468505859, -0.856985867023468, -0.11943924427032471]",False,"[0.6455986499786377, 0.06820224970579147, 0.029999999329447746]","[[0.7047474980354309, 0.034083131700754166, 0.06257118284702301, 0.06946910917758942, 0.6988372802734375, 0.038201700896024704, 0.045712172985076904, -0.6830364465713501, 0.12333419173955917, 0.20692406594753265]]","[0.5540104508399963, 0.11379863321781158, -2.182539939880371, 1.1610463857650757, -0.7950539588928223, 0.14280900359153748]","[[-0.03602820262312889, 0.014316793531179428, -0.040943413972854614]]","[1, 1]",6.373197391,-0.06309717893600464,31.0,1952.0,1748233138.5373669,4.0,
"[[0.229853093624115, -0.17525425553321838, -0.030899500474333763]]",1953,"[0.4354701638221741, 0.2525348663330078, 0.029999999329447746]","[-0.6702802777290344, 0.7815779447555542, -0.932233452796936, 0.6695476770401001]",True,"[0.4282846450805664, 0.13980978727340698, 0.029999999329447746]","[[0.6384396553039551, -2.194472251484947e-12, 0.19740013778209686, 0, 0.4354701638221741, 0.2525348663330078, 0.029999999329447746, 0, 0, 0]]","[0.36642366647720337, 0.18185290694236755, -1.8966751098632812, 1.064571499824524, -0.9739260673522949, 0.2584471106529236]","[[0.03279382735490799, 0.0731620341539383, -0.18144062161445618]]","[1, 1]",6.373233197,-0.04790287837386131,31.0,1953.0,1748233138.539687,5.0,
"[[0.03000638447701931, 7.51931220293045e-05, -0.04204545170068741]]",1975,"[0.6354246139526367, -0.024784337729215622, 0.02998996153473854]","[0.6001241207122803, 0.0015038251876831055, -0.8409058451652527, 0.6704702377319336]",False,"[0.5694771409034729, -0.2605639398097992, 0.029999999329447746]","[[0.6444915533065796, -0.024985942989587784, 0.024184344336390495, 0.07998249679803848, 0.6354246139526367, -0.024784337729215622, 0.02998996153473854, 1.0570051500735644e-09, 1.2986502042622305e-06, -6.637730166403344e-06]]","[0.05666015297174454, -0.02773742377758026, 0.006585296243429184, -0.02093198150396347, -0.017251737415790558, -0.0050065964460372925]","[[0.01981482468545437, -0.0013323444873094559, 0.006410989910364151]]","[1, 1]",6.417305145,-0.2448287010192871,33.0,1975.0,1748233138.583354,3.0,
"[[0.009946477599442005, -0.049460459500551224, -0.023888839408755302]]",1989,"[0.5912566781044006, -0.2947123944759369, 0.029989412054419518]","[0.1989295482635498, -0.9891996383666992, -0.47777676582336426, 0.9405062198638916]",False,"[0.660125195980072, 0.04861457645893097, 0.029999999329447746]","[[0.5967098474502563, -0.16735221445560455, 0.11863546073436737, 0.07999783754348755, 0.5912566781044006, -0.2947123944759369, 0.029989412054419518, 3.006728547916282e-06, -2.4504341126885265e-05, -1.4128427210380323e-05]]","[0.125292107462883, 0.004400372505187988, 0.02620653808116913, -0.018142059445381165, -0.01624167710542679, -0.032102689146995544]","[[0.008558464236557484, -0.007352802902460098, 0.00196242518723011]]","[1, 1]",6.460961664,-0.35016608238220215,34.0,1989.0,1748233138.6135635,4.0,
"[[-0.03667845204472542, -0.01416848599910736, -0.04774044454097748]]",2020,"[0.5544846653938293, 0.3025903105735779, 0.04091963917016983]","[-0.8353999853134155, -0.3615918755531311, -0.9475701451301575, 0.9125380516052246]",False,"[0.441650927066803, 0.21970486640930176, 0.029999999329447746]","[[0.568900465965271, 0.29360413551330566, 0.058628201484680176, 0.08001497387886047, 0.5544846653938293, 0.3025903105735779, 0.04091963917016983, -0.5189168453216553, -7.957619345688727e-06, -0.007577755954116583]]","[0.19445301592350006, -0.0012659355998039246, -2.100703239440918, 1.5900057554244995, -1.4533315896987915, 0.31357187032699585]","[[-0.035647470504045486, -0.015496179461479187, -0.04719432070851326]]","[1, 1]",6.505403778,-0.14043037593364716,35.0,2020.0,1748233138.673956,15.0,
"[[0.01876777410507202, 0.04801453277468681, -0.02642507292330265]]",2028,"[0.6212748885154724, 0.2540529668331146, 0.029988931491971016]","[0.3753387928009033, 0.9602882862091064, -0.5285021662712097, -0.6026662588119507]",False,"[0.4155198931694031, 0.0797032043337822, 0.029999999329447746]","[[0.641754686832428, -0.021912455558776855, 0.16968490183353424, 0.0038157617673277855, 0.6212748885154724, 0.2540529668331146, 0.029988931491971016, 4.457100294530392e-05, 6.188486622704659e-06, -1.0284394193149637e-05]]","[0.017367960885167122, -0.028289005160331726, -0.012902937829494476, -0.020340897142887115, 0.021168075501918793, 0.057047151029109955]","[[0.010377168655395508, 0.020886752754449844, 0.00692516565322876]]","[1, 1]",6.505844795,-0.26969048380851746,36.0,2028.0,1748233138.6920369,2.0,
"[[-0.02112365886569023, -0.015234921127557755, -0.001402748399414122]]",2038,"[0.5799195766448975, 0.2244514673948288, 0.04194590076804161]","[-0.8371319770812988, -0.8807072639465332, -0.032658159732818604, -0.45734167098999023]",False,"[0.4155198931694031, 0.0797032043337822, 0.029999999329447746]","[[0.6023618578910828, 0.21423010528087616, 0.051156360656023026, 0.06629880517721176, 0.5799195766448975, 0.2244514673948288, 0.04194590076804161, -0.9330108761787415, 0.00014090318290982395, -0.004664800129830837]]","[0.317465215921402, 0.17727959156036377, -2.1601157188415527, 1.22929847240448, -1.5353736877441406, 0.3578406572341919]","[[-0.02108551189303398, -0.011765960603952408, -0.0036823838017880917]]","[1, 1]",6.549198743,-0.21936731040477753,36.0,2038.0,1748233138.7108114,12.0,
"[[-0.022934705018997192, -0.01726473495364189, -0.00855497270822525]]",2039,"[0.558741569519043, 0.19835829734802246, 0.04158322885632515]","[-0.8822542428970337, -0.867158055305481, -0.17835289239883423, -0.4687647223472595]",False,"[0.4155198931694031, 0.0797032043337822, 0.029999999329447746]","[[0.5808281898498535, 0.1849530041217804, 0.05287187919020653, 0.06279609352350235, 0.558741569519043, 0.19835829734802246, 0.04158322885632515, -0.9837325811386108, 1.5635387171641923e-05, -0.010143347084522247]]","[0.21993152797222137, 0.0178208127617836, -2.2020516395568848, 1.3833035230636597, -1.6488914489746094, 0.41213834285736084]","[[-0.022579044103622437, -0.014080803841352463, -0.010633163154125214]]","[1, 1]",6.549236373,-0.18634818494319916,36.0,2039.0,1748233138.713091,13.0,
"[[-0.03280855342745781, 0.01603911630809307, -0.04667642340064049]]",2051,"[0.459377259016037, 0.03988144174218178, 0.029981514438986778]","[-0.6550701856613159, 0.32157468795776367, -0.9336980581283569, 0.6586756706237793]",False,"[0.6868849992752075, 0.2792581617832184, 0.029999999329447746]","[[0.4411282241344452, 0.044163335114717484, 0.021345237269997597, 0.08000006526708603, 0.459377259016037, 0.03988144174218178, 0.029981514438986778, -0.0001140567910624668, 0.00039387252763845026, -0.001261962461285293]]","[0.16539673507213593, 0.1097828596830368, 0.0521700493991375, -0.00560431182384491, 0.034132108092308044, -0.020126789808273315]","[[-0.0012884847819805145, 0.004697782918810844, -0.0008039660751819611]]","[1, 1]",6.592835255,-0.3302438259124756,37.0,2051.0,1748233138.7381248,6.0,
"[[-0.037140488624572754, 0.020873893052339554, -0.03860783576965332]]",2064,"[0.5603035092353821, 0.10613378882408142, 0.04006044566631317]","[-0.9929049015045166, 0.9864809513092041, -0.9059324860572815, 0.9697961807250977]",False,"[0.47468334436416626, 0.08488287031650543, 0.029999999329447746]","[[0.5715250372886658, 0.10202156752347946, 0.04408857971429825, 0.07986216992139816, 0.5603035092353821, 0.10613378882408142, 0.04006044566631317, -1.12682044506073, -0.0068986243568360806, 0.02083406038582325]]","[0.3194356858730316, 0.12079063802957535, -1.4214832782745361, 0.7560609579086304, -0.5794336795806885, 0.19350305199623108]","[[-0.023918509483337402, 0.004883293062448502, -0.02096342295408249]]","[1, 1]",6.59334031,-0.08878978341817856,38.0,2064.0,1748233138.7676516,4.0,
"[[0.011005783453583717, 0.007985586300492287, 0.0040287356823682785]]",2074,"[0.7182570099830627, 0.09186773002147675, 0.029941396787762642]","[0.4850296974182129, 0.5498175621032715, 0.07965803146362305, -0.06322699785232544]",False,"[0.4300704002380371, 0.031547144055366516, 0.029999999329447746]","[[0.6890702843666077, 0.09765923768281937, 0.025838498026132584, 0.07450871914625168, 0.7182570099830627, 0.09186773002147675, 0.029941396787762642, -0.00038769663660787046, -0.0012203388614580035, -0.07342356443405151]]","[0.16524676978588104, 0.10978902131319046, 0.05330189689993858, -0.006114497780799866, 0.03459540009498596, -0.020218446850776672]","[[0.012227976694703102, 0.008703717961907387, -0.00025252997875213623]]","[1, 1]",6.601149362,-0.2944318354129791,39.0,2074.0,1748233138.7888813,6.0,
"[[0.026024650782346725, 0.014625858515501022, -0.015479087829589844]]",2075,"[0.7314743995666504, 0.1131504625082016, 0.029597599059343338]","[0.7848408222198486, 0.7181718349456787, -0.31645768880844116, 0.3214728832244873]",False,"[0.4300704002380371, 0.031547144055366516, 0.029999999329447746]","[[0.7084689736366272, 0.12335602194070816, 0.0207175612449646, 0.07954352349042892, 0.7314743995666504, 0.1131504625082016, 0.029597599059343338, -0.0035533332265913486, -0.0019372240640223026, -0.13621406257152557]]","[0.14368009567260742, 0.161611407995224, 0.07249228656291962, -0.002878062427043915, 0.06868726015090942, -0.003196805715560913]","[[0.01984335109591484, 0.010211806744337082, -0.010701948776841164]]","[1, 1]",6.603599319,-0.31225571036338806,39.0,2075.0,1748233138.790868,7.0,
"[[0.013450676575303078, -0.017558760941028595, -0.04759330675005913]]",2081,"[0.7919378280639648, 0.09878119081258774, 0.030267538502812386]","[0.42875635623931885, -0.9456735849380493, -0.9569858908653259, -0.9367191791534424]",False,"[0.4300704002380371, 0.031547144055366516, 0.029999999329447746]","[[0.7756130695343018, 0.08771190792322159, 0.021845508366823196, 0.05552693083882332, 0.7919378280639648, 0.09878119081258774, 0.030267538502812386, 0.008991098962724209, 3.730886601260863e-05, 0.0015214098384603858]]","[-0.057926006615161896, 0.3529388904571533, -0.23195941746234894, 0.1583670973777771, -0.48050811886787415, 0.2955471873283386]","[[0.01339464820921421, -0.017408035695552826, -0.04780251532793045]]","[1, 1]",6.620334151,-0.36806049942970276,39.0,2081.0,1748233138.8073728,13.0,
"[[0.04675011709332466, 0.018746813759207726, -0.04614883288741112]]",2091,"[0.8135278820991516, -0.08804959803819656, 0.029974542558193207]","[0.9608290195465088, 0.3844895362854004, -0.9343515634536743, -0.7110106945037842]",False,"[0.4300704002380371, 0.031547144055366516, 0.029999999329447746]","[[0.8009811043739319, -0.0801539346575737, 0.021914051845669746, 0.05537622421979904, 0.8135278820991516, -0.08804959803819656, 0.029974542558193207, -1.8485077816876583e-05, 0.0009020717698149383, -0.05536581948399544]]","[0.36131665110588074, -0.715339183807373, 1.8962738513946533, 2.078519582748413, -0.8856335878372192, 0.7610873579978943]","[[0.04604141786694527, 0.0010875072330236435, -0.04623422026634216]]","[1, 1]",6.676969586,-0.401675283908844,39.0,2091.0,1748233138.8334484,23.0,
"[[0.036595262587070465, 0.01686990261077881, -0.00858177151530981]]",2105,"[0.8135841488838196, -0.07193224132061005, 0.032772574573755264]","[0.7036073207855225, 0.39606213569641113, -0.15637409687042236, -0.39026087522506714]",False,"[0.4300704002380371, 0.031547144055366516, 0.029999999329447746]","[[0.8024721741676331, -0.05942472815513611, 0.023274261504411697, 0.05416116118431091, 0.8135841488838196, -0.07193224132061005, 0.032772574573755264, -0.09690725803375244, 5.220453749643639e-05, 0.03863980993628502]]","[-0.008607825264334679, -2.008174419403076, 2.5924158096313477, 5.371590614318848, 0.9070148468017578, 0.32198333740234375]","[[0.03670553117990494, 0.01879391446709633, -0.008349041454494]]","[1, 1]",6.720930789,-0.397238552570343,39.0,2105.0,1748233138.8703165,37.0,
"[[0.0018449485069140792, -0.049011971801519394, 0.03356929123401642]]",2120,"[0.5879543423652649, -0.15658897161483765, 0.0299889724701643]","[0.036881089210510254, -0.9802459478378296, 0.6713826656341553, 0.9573469161987305]",False,"[0.5437528491020203, -0.0797668993473053, 0.029999999329447746]","[[0.5824122428894043, 0.019524648785591125, 0.1306593269109726, 0.07985634356737137, 0.5879543423652649, -0.15658897161483765, 0.0299889724701643, 4.321824962971732e-05, 6.188063707668334e-06, -9.398760994372424e-06]]","[0.017350753769278526, -0.028301768004894257, -0.012881118804216385, -0.020378336310386658, 0.021202124655246735, 0.057091206312179565]","[[0.006988829467445612, -0.021904990077018738, 0.03550880402326584]]","[1, 1]",6.72152549,-0.08863072097301483,40.0,2120.0,1748233138.8975914,2.0,
"[[-0.02769993059337139, -0.008003604598343372, -0.054488763213157654]]",2147,"[0.4284960627555847, 0.017018694430589676, 0.03555009141564369]","[-0.5758728981018066, -0.2891453504562378, -0.9785001873970032, 0.8194830417633057]",False,"[0.5677419900894165, -0.005551461596041918, 0.029999999329447746]","[[0.44056591391563416, 0.02286515198647976, 0.06120777875185013, 0.07994505763053894, 0.4284960627555847, 0.017018694430589676, 0.03555009141564369, 0.20850542187690735, 0.00010823535558301955, 0.02381324954330921]]","[0.5193998217582703, 0.16035348176956177, -1.409051537513733, 0.7934836745262146, -0.43014952540397644, 0.025982633233070374]","[[-0.029026968404650688, -0.0026883138343691826, -0.045873742550611496]]","[1, 1]",6.765861508,-0.14117242395877838,42.0,2147.0,1748233138.951356,6.0,
"[[0.03363475948572159, 0.04745886102318764, -0.049902863800525665]]",2153,"[0.4746524691581726, -0.13492317497730255, 0.02998952753841877]","[0.6726820468902588, 0.9491846561431885, -0.9982666969299316, -0.1643180251121521]",False,"[0.470197856426239, -0.06294254958629608, 0.029999999329447746]","[[0.668105959892273, 0.024688202887773514, 0.1830752193927765, 6.875465885514132e-08, 0.4746524691581726, -0.13492317497730255, 0.02998952753841877, 3.005894996022107e-06, -2.0607802071026526e-05, -2.8306608328421135e-06]]","[0.031227683648467064, -0.03598801791667938, -0.04086983576416969, -0.03561374545097351, 0.07731138169765472, 0.20065416395664215]","[[0.003967799246311188, 0.02277103066444397, -0.03558841720223427]]","[1, 1]",6.777814945,-0.07211833447217941,43.0,2153.0,1748233138.9659197,0.0,
"[[0.005791747476905584, 0.004746042191982269, 0.029010109603405]]",2198,"[0.626908004283905, -0.01905355043709278, 0.03831932693719864]","[-0.028728961944580078, 0.9880228042602539, 0.7246298789978027, -0.7740139961242676]",False,"[0.43788501620292664, 0.2640138864517212, 0.029999999329447746]","[[0.6403070092201233, -0.017375987023115158, 0.028681354597210884, 0.056155744940042496, 0.626908004283905, -0.01905355043709278, 0.03831932693719864, -0.009518714621663094, 0.026637231931090355, -0.008048069663345814]]","[0.5095354914665222, 0.05641373246908188, -1.6144654750823975, 0.8648784756660461, -0.5514609813690186, 0.04551068693399429]","[[0.006841444876044989, 0.012472789734601974, 0.028849104419350624]]","[1, 1]",6.905189265,-0.34047919511795044,46.0,2198.0,1748233139.0648158,4.0,
"[[-0.006668653339147568, 0.00025451183319091797, -0.00021876022219657898]]",2202,"[0.48533061146736145, 0.15848992764949799, 0.0629347413778305]","[-0.8654974699020386, 0.90690016746521, -0.5650279521942139, -0.8662179112434387]",False,"[0.43788501620292664, 0.2640138864517212, 0.029999999329447746]","[[0.4998190402984619, 0.15938913822174072, 0.05592573434114456, 0.05636998638510704, 0.48533061146736145, 0.15848992764949799, 0.0629347413778305, -0.000289436720777303, 0.004825988784432411, 0.014173684641718864]]","[0.09904894977807999, 0.11782726645469666, -2.6799871921539307, 1.6146169900894165, -1.406150221824646, 0.24649184942245483]","[[-0.006554659456014633, 0.0033719539642333984, -0.0004709772765636444]]","[1, 1]",6.90534323,-0.12029584497213364,46.0,2202.0,1748233139.0754695,8.0,
"[[0.033640313893556595, 0.04661690443754196, 0.030795184895396233]]",2206,"[0.6950660943984985, 0.20545218884944916, 0.02998943440616131]","[0.6728038787841797, 0.932347297668457, 0.6159018278121948, -0.16464459896087646]",False,"[0.6558376550674438, -0.07468215376138687, 0.029999999329447746]","[[0.6313984990119934, -0.017440101131796837, 0.22154834866523743, -1.5935691655144524e-09, 0.6950660943984985, 0.20545218884944916, 0.02998943440616131, 3.006569613717147e-06, -2.377380405960139e-05, -5.656060693581821e-06]]","[0.03140094131231308, -0.025906041264533997, -0.019037064164876938, -0.028387539088726044, 0.053564876317977905, 0.13178907334804535]","[[0.01125793531537056, 0.04285091906785965, 0.007268214598298073]]","[1, 1]",6.9055018839999995,-0.2828676700592041,47.0,2206.0,1748233139.0841186,1.0,
"[[0.029392732307314873, 0.04739031195640564, -0.0221114419400692]]",2208,"[0.6950660347938538, 0.2054530829191208, 0.029989412054419518]","[0.5878546237945557, 0.9478151798248291, -0.44222891330718994, 0.0677025318145752]",False,"[0.6558376550674438, -0.07468215376138687, 0.029999999329447746]","[[0.6666708588600159, 0.0635153204202652, 0.1778843253850937, 0.005947160068899393, 0.6950660347938538, 0.2054530829191208, 0.029989412054419518, 3.006722863574396e-06, -2.4483129891450517e-05, -1.1304365216346923e-05]]","[0.05665217339992523, -0.02774091064929962, 0.00663173571228981, -0.020954929292201996, -0.017230622470378876, -0.00501406192779541]","[[0.01786424033343792, 0.008070237934589386, 0.013025760650634766]]","[1, 1]",6.9055786260000005,-0.28286853432655334,47.0,2208.0,1748233139.0873551,3.0,
"[[0.0005460679531097412, -0.006895601749420166, -0.05232781916856766]]",2213,"[0.6971556544303894, 0.23046840727329254, 0.042048338800668716]","[0.028240084648132324, 0.11503756046295166, -0.9835112690925598, 0.9852176904678345]",False,"[0.6558376550674438, -0.07468215376138687, 0.029999999329447746]","[[0.6968209743499756, 0.22812804579734802, 0.047438912093639374, 0.07997869700193405, 0.6971556544303894, 0.23046840727329254, 0.042048338800668716, -0.9158489108085632, -0.0007509319111704826, 0.025812381878495216]]","[0.4801197350025177, 0.23641078174114227, -1.909605622291565, 0.9648781418800354, -0.8365945816040039, 0.24712489545345306]","[[-0.0018236339092254639, -0.013015002012252808, -0.03433241695165634]]","[1, 1]",6.948948705,-0.30817073583602905,47.0,2213.0,1748233139.0964665,8.0,
"[[0.003079700516536832, -0.04495323449373245, -0.022207695990800858]]",2214,"[0.6964979767799377, 0.22854188084602356, 0.04179522767663002]","[0.04844045639038086, -0.9375951886177063, -0.4492161273956299, -0.8912291526794434]",False,"[0.6558376550674438, -0.07468215376138687, 0.029999999329447746]","[[0.6959474086761475, 0.22261720895767212, 0.04523038491606712, 0.07407945394515991, 0.6964979767799377, 0.22854188084602356, 0.04179522767663002, -0.951819121837616, 0.0012539130402728915, 0.04205147176980972]]","[0.3834817707538605, 0.18765698373317719, -2.163571834564209, 1.1576145887374878, -1.3001927137374878, 0.3712768852710724]","[[0.0032955885399132967, -0.04136892408132553, -0.020252279937267303]]","[1, 1]",6.948988068,-0.30616530776023865,47.0,2214.0,1748233139.099061,9.0,
"[[-0.03472143039107323, -0.01975298300385475, -0.04569252207875252]]",2219,"[0.6704505085945129, 0.0807589739561081, 0.04159501567482948]","[-0.8937679529190063, -0.968000054359436, -0.9155527949333191, -0.9378809332847595]",False,"[0.6558376550674438, -0.07468215376138687, 0.029999999329447746]","[[0.6698773503303528, 0.07635167986154556, 0.04554584622383118, 0.07245802134275436, 0.6704505085945129, 0.0807589739561081, 0.04159501567482948, -0.9824345707893372, 1.8203461877419613e-05, 0.004710698034614325]]","[0.6173334121704102, -0.3050713539123535, -1.018120288848877, 1.4091753959655762, -2.0684216022491455, 0.6707354187965393]","[[-0.034903641790151596, -0.020550493150949478, -0.04542692378163338]]","[1, 1]",6.949188669,-0.15655645728111267,47.0,2219.0,1748233139.1133475,14.0,
"[[-0.026616405695676804, -0.010832443833351135, -0.03359861671924591]]",2220,"[0.6557815074920654, 0.04266604781150818, 0.04146865755319595]","[-0.8257080912590027, -0.978507399559021, -0.6744994521141052, -0.961628794670105]",False,"[0.6558376550674438, -0.07468215376138687, 0.029999999329447746]","[[0.6550753712654114, 0.037826504558324814, 0.04517152160406113, 0.07128627598285675, 0.6557815074920654, 0.04266604781150818, 0.04146865755319595, -0.9971278309822083, 1.7283782653976232e-06, 2.483522803231608e-05]]","[0.3988015055656433, -0.4774983525276184, -0.297979474067688, 2.222999334335327, -1.2009007930755615, 0.48137331008911133]","[[-0.026483427733182907, -0.010400194674730301, -0.03335065022110939]]","[1, 1]",6.94922694,-0.11790730804204941,47.0,2220.0,1748233139.1159642,15.0,
"[[-0.0032696069683879614, 0.01256513874977827, -0.04697347432374954]]",2242,"[0.5306820273399353, 0.0598813071846962, 0.02998998574912548]","[-0.06539332866668701, 0.2513028383255005, -0.9394683241844177, 0.8139499425888062]",False,"[0.6551613807678223, 0.00436714943498373, 0.029999999329447746]","[[0.5290871262550354, 0.06147830933332443, 0.030167412012815475, 0.07999804615974426, 0.5306820273399353, 0.0598813071846962, 0.02998998574912548, 7.187249462248246e-09, 4.6070468329162395e-07, -1.1419993825256824e-05]]","[0.12530209124088287, 0.004402540624141693, 0.02616966888308525, -0.018113620579242706, -0.01625353842973709, -0.03209555149078369]","[[0.003490871051326394, 0.0029862700030207634, -0.0019859224557876587]]","[1, 1]",6.977860608,-0.13629719614982605,49.0,2242.0,1748233139.1650274,4.0,
"[[0.00744837149977684, -0.04332010820508003, -0.014037495478987694]]",2244,"[0.5784215331077576, 0.0826731026172638, 0.03719388693571091]","[0.9459565877914429, -0.6795101165771484, -0.3166975975036621, -0.9465451240539551]",False,"[0.6551613807678223, 0.00436714943498373, 0.029999999329447746]","[[0.569604218006134, 0.09257741272449493, 0.029606005176901817, 0.058058593422174454, 0.5784215331077576, 0.0826731026172638, 0.03719388693571091, 0.0013005563523620367, -0.02979736216366291, 0.06862588971853256]]","[0.45134904980659485, 0.19416913390159607, -1.556340217590332, 0.8066505193710327, -0.6846773624420166, 0.19903123378753662]","[[0.007892604917287827, -0.04404684528708458, -0.01557222194969654]]","[1, 1]",6.983315671,-0.10987526923418045,49.0,2244.0,1748233139.1705067,6.0,
"[[-0.029934922233223915, -0.046058617532253265, 0.001704674563370645]]",2251,"[0.5811843276023865, -0.24379315972328186, 0.029989901930093765]","[-0.5986900925636292, -0.9211723208427429, 0.03410172462463379, 0.986403226852417]",False,"[0.6718632578849792, -0.28240832686424255, 0.029999999329447746]","[[0.5860458612442017, -0.14774368703365326, 0.11112404614686966, 0.0799824669957161, 0.5811843276023865, -0.24379315972328186, 0.029989901930093765, -2.56647255530984e-11, -3.2577775073150406e-06, -1.0942657354462426e-05]]","[0.12529335916042328, 0.004401259124279022, 0.026194725185632706, -0.018136031925678253, -0.01624578982591629, -0.032100990414619446]","[[-0.00842771865427494, -0.005367465317249298, 0.0003800451522693038]]","[1, 30]",7.192839939,-0.09855863451957703,0.0,2251.0,1748233139.3364987,4.0,
"[[0.020911073312163353, 0.007519400678575039, 0.025125062093138695]]",2259,"[0.5842841267585754, -0.23966531455516815, 0.02998974733054638]","[0.46069812774658203, 0.17609727382659912, 0.502497673034668, -0.7139757871627808]",False,"[0.6718632578849792, -0.28240832686424255, 0.029999999329447746]","[[0.5859060287475586, -0.22667296230793, 0.02268318645656109, 0.05520985648036003, 0.5842841267585754, -0.23966531455516815, 0.02998974733054638, 9.42374208534602e-06, -4.7386620849465544e-07, -0.004166731610894203]]","[-0.20651662349700928, 0.32765164971351624, 0.1660080999135971, -0.008718572556972504, 0.032813191413879395, 0.14161600172519684]","[[0.020148729905486107, 0.007621741853654385, 0.025117987766861916]]","[1, 30]",7.193150694,-0.09745293855667114,0.0,2259.0,1748233139.3558736,12.0,
"[[0.033277060836553574, -0.024330005049705505, 0.03849976509809494]]",2262,"[0.5921488404273987, -0.23606811463832855, 0.0299898162484169]","[0.6917421817779541, -0.4863089323043823, 0.7700121402740479, -0.7054365873336792]",False,"[0.6718632578849792, -0.28240832686424255, 0.029999999329447746]","[[0.5996810793876648, -0.2446509748697281, 0.023002872243523598, 0.052549637854099274, 0.5921488404273987, -0.23606811463832855, 0.0299898162484169, -3.4898271223937627e-06, 6.47054605451558e-07, -0.009990331716835499]]","[-0.32467779517173767, 0.34463202953338623, 0.484880268573761, -0.22371244430541992, -0.6012219190597534, 0.3803706765174866]","[[0.028772201389074326, -0.01240512728691101, 0.03834335505962372]]","[1, 30]",7.193255558,-0.09220524877309799,0.0,2262.0,1748233139.3647497,15.0,
"[[0.03259510546922684, -0.011479032225906849, 0.046308837831020355]]",2274,"[0.6134696006774902, -0.2350194752216339, 0.029990002512931824]","[0.6831909418106079, -0.22941821813583374, 0.926177978515625, -0.6999622583389282]",False,"[0.6718632578849792, -0.28240832686424255, 0.029999999329447746]","[[0.643524169921875, -0.22971779108047485, 0.02923308126628399, 0.05225938931107521, 0.6134696006774902, -0.2350194752216339, 0.029990002512931824, 4.0390148114965996e-08, 8.731548462037608e-08, -0.00821470096707344]]","[0.13273881375789642, -0.6461865305900574, 1.9624874591827393, 1.9326454401016235, -0.26437637209892273, 0.5696492791175842]","[[0.026996023952960968, -0.00851267296820879, 0.04638666287064552]]","[1, 30]",7.237110436,-0.07520323246717453,0.0,2274.0,1748233139.3960378,27.0,
"[[0.0411798357963562, -0.04628721997141838, 0.014801419340074062]]",2289,"[0.6174829006195068, -0.23675493896007538, 0.02998986467719078]","[0.8236038684844971, -0.9257375001907349, 0.29602837562561035, 0.3911639451980591]",False,"[0.6718632578849792, -0.28240832686424255, 0.029999999329447746]","[[0.6713793873786926, -0.42827773094177246, 0.26137709617614746, 0.07563762366771698, 0.6174829006195068, -0.23675493896007538, 0.02998986467719078, -3.2053251288743922e-06, 4.414026079757605e-06, -0.07056917995214462]]","[-0.12041493505239487, -2.9237143993377686, 2.807558536529541, 7.797329902648926, 2.0241129398345947, 0.09862498939037323]","[[0.04851454496383667, -0.03496208414435387, 0.012263542972505093]]","[1, 30]",7.23762603,-0.07100322842597961,0.0,2289.0,1748233139.4236875,42.0,
"[[-0.002562347101047635, 0.04923538491129875, 0.04750976711511612]]",2297,"[0.5210535526275635, -0.19435319304466248, 0.02998983860015869]","[-0.051237404346466064, 0.984717845916748, 0.9499921798706055, 0.984056830406189]",False,"[0.6509593725204468, -0.11405648291110992, 0.029999999329447746]","[[0.6306433081626892, 0.02430563233792782, 0.20738960802555084, 0.07027372717857361, 0.5210535526275635, -0.19435319304466248, 0.02998983860015869, -6.299248525465373e-06, 2.2848787466500653e-06, 8.363443157577422e-06]]","[0.031228339299559593, -0.03600551187992096, -0.04087357595562935, -0.03563099354505539, 0.07730532437562943, 0.20066605508327484]","[[0.005234477110207081, 0.024930259212851524, 0.037510138005018234]]","[1, 30]",7.281105191,-0.15271896123886108,1.0,2297.0,1748233139.4378376,0.0,
"[[-0.024373987689614296, -0.046162962913513184, -0.03596904128789902]]",2298,"[0.5210539698600769, -0.19435277581214905, 0.029989853501319885]","[-0.48747140169143677, -0.9232509136199951, -0.7193804979324341, 0.770868182182312]",False,"[0.6509593725204468, -0.11405648291110992, 0.029999999329447746]","[[0.6266201138496399, 0.047635458409786224, 0.19759316742420197, 0.07881749421358109, 0.5210539698600769, -0.19435277581214905, 0.029989853501319885, -5.45747616342851e-06, 2.588247070889338e-06, 1.5728781363577582e-05]]","[0.03140263259410858, -0.025920212268829346, -0.019045725464820862, -0.028399430215358734, 0.05355411022901535, 0.131792351603508]","[[-0.020350376144051552, -0.06949236989021301, -0.026172585785388947]]","[1, 30]",7.281145546,-0.15271839499473572,1.0,2298.0,1748233139.4394474,1.0,
"[[-0.037727296352386475, -0.04865260422229767, -0.028266286477446556]]",2300,"[0.5210546851158142, -0.194351926445961, 0.029989857226610184]","[-0.7545387744903564, -0.9730434417724609, -0.5653257369995117, 0.8430908918380737]",False,"[0.6509593725204468, -0.11405648291110992, 0.029999999329447746]","[[0.5786252021789551, -0.028121517971158028, 0.13628771901130676, 0.07998252660036087, 0.5210546851158142, -0.194351926445961, 0.029989857226610184, -5.268778750178171e-06, 2.6562681796349352e-06, 3.0459421395789832e-05]]","[0.05667775869369507, -0.027732066810131073, 0.00656408816576004, -0.020911462604999542, -0.01726514846086502, -0.005010858178138733]","[[-0.012434184551239014, -0.0009362995624542236, -0.003695746883749962]]","[1, 30]",7.281235021,-0.15271733701229095,1.0,2300.0,1748233139.4426546,3.0,
"[[0.036480724811553955, 0.03176001459360123, 0.035334937274456024]]",2312,"[0.554334282875061, -0.17279990017414093, 0.03021375648677349]","[0.9343063831329346, 0.775399923324585, 0.7111035585403442, -0.8980576992034912]",False,"[0.6509593725204468, -0.11405648291110992, 0.029999999329447746]","[[0.5500648021697998, -0.1601930409669876, 0.022987153381109238, 0.05629198998212814, 0.554334282875061, -0.17279990017414093, 0.03021375648677349, -0.007485576439648867, 3.7363764704423374e-07, -0.03238920494914055]]","[-0.2644456624984741, 0.3520931005477905, 0.38409027457237244, -0.1786913275718689, -0.7210730314254761, 0.39936399459838867]","[[0.03610861301422119, 0.03114498406648636, 0.035330839455127716]]","[1, 30]",7.285284992,-0.11308068782091141,1.0,2312.0,1748233139.4722016,15.0,
"[[-0.044557537883520126, -0.048932433128356934, -0.009590926580131054]]",2319,"[0.43307405710220337, -0.27265438437461853, 0.0299889724701643]","[-0.8911691904067993, -0.978655219078064, -0.19182169437408447, 0.848689079284668]",False,"[0.6258662343025208, -0.1853390783071518, 0.029999999329447746]","[[0.5520060658454895, 0.016226019710302353, 0.11685727536678314, 0.07985619455575943, 0.43307405710220337, -0.27265438437461853, 0.0299889724701643, 4.321824962971732e-05, 6.188063707668334e-06, -9.398760994372424e-06]]","[0.017350753769278526, -0.028301768004894257, -0.012881118804216385, -0.020378336310386658, 0.021202124655246735, 0.057091206312179565]","[[-0.013081487268209457, -0.01867615059018135, 0.0036429641768336296]]","[1, 30]",7.300314376,-0.2116430550813675,2.0,2319.0,1748233139.4884608,2.0,
"[[-0.03674915060400963, -0.04767759144306183, 0.0015020966529846191]]",2322,"[0.4330715835094452, -0.27265465259552, 0.02998892404139042]","[-0.7349997162818909, -0.9535530209541321, 0.030041933059692383, 0.9742567539215088]",False,"[0.6258662343025208, -0.1853390783071518, 0.029999999329447746]","[[0.4501912593841553, -0.11545722186565399, 0.12521176040172577, 0.07999970018863678, 0.4330715835094452, -0.27265465259552, 0.02998892404139042, 4.483720476855524e-05, 6.188572569953976e-06, -1.9649001842481084e-05]]","[0.15962684154510498, 0.054143358021974564, 0.04075157269835472, -0.012351669371128082, 0.005054861307144165, -0.03155475854873657]","[[-0.00806790217757225, -0.006222479045391083, 7.741153240203857e-06]]","[1, 30]",7.305328892,-0.21164540946483612,2.0,2322.0,1748233139.4933314,5.0,
"[[-0.009741815738379955, -0.04551073536276817, -0.0058611794374883175]]",2323,"[0.4330707788467407, -0.2726547420024872, 0.02998892217874527]","[-0.19485241174697876, -0.9102165102958679, -0.11722362041473389, 0.960116982460022]",False,"[0.6258662343025208, -0.1853390783071518, 0.029999999329447746]","[[0.4412940442562103, -0.15195348858833313, 0.12198545038700104, 0.07999973744153976, 0.4330707788467407, -0.2726547420024872, 0.02998892217874527, 4.484603778109886e-05, 6.188576207932783e-06, -2.3065516870701686e-05]]","[0.16543887555599213, 0.10979650914669037, 0.05205031856894493, -0.005574867129325867, 0.034081533551216125, -0.02014501392841339]","[[-0.0008454052731394768, -0.009014558047056198, -0.0026348712854087353]]","[1, 30]",7.306999777,-0.2116461843252182,2.0,2323.0,1748233139.4950392,6.0,
"[[-0.016348863020539284, -0.04519491270184517, -0.004739394877105951]]",2324,"[0.43306994438171387, -0.27265483140945435, 0.02998892217874527]","[-0.3269939422607422, -0.9039000272750854, -0.09478789567947388, 0.8507522344589233]",False,"[0.6258662343025208, -0.1853390783071518, 0.029999999329447746]","[[0.42810091376304626, -0.18611831963062286, 0.11969985067844391, 0.07999995350837708, 0.43306994438171387, -0.27265483140945435, 0.02998892217874527, 4.4847703975392506e-05, 6.188578026922187e-06, -2.6482124667381868e-05]]","[0.14393039047718048, 0.1604355126619339, 0.06505021452903748, 0.0006182864308357239, 0.06637495011091232, -0.002614259719848633]","[[-0.0031565669924020767, -0.011030171066522598, -0.0024537951685488224]]","[1, 30]",7.30878896,-0.21164698898792267,2.0,2324.0,1748233139.4967303,7.0,
"[[0.04153550788760185, 0.034887343645095825, 0.04773535579442978]]",2333,"[0.4537331461906433, -0.22725170850753784, 0.03010515868663788]","[0.9962644577026367, 0.9676969051361084, 0.9547731876373291, -0.9839316010475159]",False,"[0.6258662343025208, -0.1853390783071518, 0.029999999329447746]","[[0.4441272020339966, -0.21302734315395355, 0.028565028682351112, 0.05380983650684357, 0.4537331461906433, -0.22725170850753784, 0.03010515868663788, -0.0038321344181895256, 7.92121409176616e-06, -0.06079721823334694]]","[-0.24320532381534576, 0.33391043543815613, 0.2858939468860626, -0.1438378095626831, -1.2643725872039795, 0.5554157495498657]","[[0.041555147618055344, 0.035772085189819336, 0.047707684338092804]]","[1, 30]",7.353100623,-0.1771622896194458,2.0,2333.0,1748233139.5172927,16.0,
"[[0.03356438875198364, -0.037176281213760376, 0.04203842207789421]]",2343,"[0.6031402945518494, -0.11725873500108719, 0.029989518225193024]","[0.9692978858947754, -0.9441689848899841, 0.8407851457595825, -0.8609408736228943]",False,"[0.6258662343025208, -0.1853390783071518, 0.029999999329447746]","[[0.5974897146224976, -0.1302916407585144, 0.027423817664384842, 0.05258875712752342, 0.6031402945518494, -0.11725873500108719, 0.029989518225193024, -3.23350764119823e-06, -1.3161330571165308e-05, -0.03802229464054108]]","[0.27542105317115784, -0.5536816120147705, 1.9350030422210693, 1.6624610424041748, -0.5029480457305908, 0.6492577791213989]","[[0.033686816692352295, -0.037572287023067474, 0.041894763708114624]]","[1, 30]",7.396929763,-0.07177326083183289,2.0,2343.0,1748233139.543211,26.0,
"[[-9.780526306713e-05, -0.04888460040092468, -0.010181001387536526]]",2350,"[0.5361447334289551, -0.2898353636264801, 0.029989412054419518]","[-0.0019549131393432617, -0.97770094871521, -0.20362001657485962, 0.8964892625808716]",False,"[0.5651068687438965, -0.11828260123729706, 0.029999999329447746]","[[0.5398732423782349, -0.0688181221485138, 0.1483551263809204, 0.07999791204929352, 0.5361447334289551, -0.2898353636264801, 0.029989412054419518, -3.006728547916282e-06, 2.4504464818164706e-05, -1.419783802703023e-05]]","[0.1252920925617218, 0.004400432109832764, 0.026206426322460175, -0.018142037093639374, -0.01624167710542679, -0.03210265934467316]","[[0.0006092846160754561, -0.009397599846124649, -0.0021294420585036278]]","[1, 30]",7.397216564,-0.17398032546043396,3.0,2350.0,1748233139.5565457,4.0,
"[[0.023125965148210526, 0.03954000398516655, -0.008069615811109543]]",2367,"[0.6085503697395325, -0.22484681010246277, 0.03040119633078575]","[0.6357649564743042, 0.9506853818893433, -0.1531670093536377, -0.5360987186431885]",False,"[0.5651068687438965, -0.11828260123729706, 0.029999999329447746]","[[0.6090742349624634, -0.2106410413980484, 0.022218631580471992, 0.05194314941763878, 0.6085503697395325, -0.22484681010246277, 0.03040119633078575, -0.013800137676298618, 3.853857037938724e-07, -0.02324988879263401]]","[0.10019347816705704, -0.2355259358882904, 1.1610472202301025, 1.2652649879455566, -1.4763516187667847, 0.7207997441291809]","[[0.01440407708287239, 0.038670267909765244, -0.006947274785488844]]","[1, 30]",7.441069346,-0.1150801032781601,3.0,2367.0,1748233139.597344,21.0,
"[[0.020967651158571243, 0.0020098001696169376, 0.031744807958602905]]",2383,"[0.553050696849823, 0.14331591129302979, 0.02998988889157772]","[0.44226980209350586, 0.04217875003814697, 0.634894609451294, -0.7066554427146912]",False,"[0.6911749839782715, 0.09805586189031601, 0.029999999329447746]","[[0.5491465330123901, 0.14077618718147278, 0.023387692868709564, 0.05377509072422981, 0.553050696849823, 0.14331591129302979, 0.02998988889157772, -3.130792538286187e-05, 7.538986665167613e-06, 0.019564911723136902]]","[-0.018093639984726906, 0.28273507952690125, 0.024616315960884094, 0.07250143587589264, 0.09588955342769623, 0.06879866123199463]","[[0.020076025277376175, 0.0036715329624712467, 0.031684909015893936]]","[1, 30]",7.446089414,-0.1453505903482437,4.0,2383.0,1748233139.6329114,10.0,
"[[0.03090032935142517, -0.042479850351810455, -0.049236319959163666]]",2404,"[0.6359529495239258, -0.07552646100521088, 0.02998976781964302]","[0.6180030107498169, -0.8495914936065674, -0.98472660779953, 0.9622242450714111]",False,"[0.532784104347229, 0.020195558667182922, 0.029999999329447746]","[[0.6547064185142517, -0.06384868174791336, 0.14771592617034912, 0.07985624670982361, 0.6359529495239258, -0.07552646100521088, 0.02998976781964302, 1.2479092220019083e-05, 3.350324277562322e-06, 1.104863258660771e-05]]","[0.01739197038114071, -0.028291627764701843, -0.013007551431655884, -0.020288676023483276, 0.021113209426403046, 0.0570390522480011]","[[0.016168147325515747, -0.0015568211674690247, -0.004077944904565811]]","[1, 30]",7.513223222,-0.14073561131954193,5.0,2404.0,1748233139.6853216,2.0,
"[[-0.004506963770836592, 0.04087395593523979, -0.04949449747800827]]",2406,"[0.6359480023384094, -0.07547121495008469, 0.02998950146138668]","[-0.0902334451675415, 0.8185760974884033, -0.9898969531059265, 0.9724948406219482]",False,"[0.532784104347229, 0.020195558667182922, 0.029999999329447746]","[[0.6390299797058105, -0.0644085481762886, 0.033872999250888824, 0.08024702221155167, 0.6359480023384094, -0.07547121495008469, 0.02998950146138668, 1.3139025213604327e-05, -5.022659479436697e-07, -0.00017905949789565057]]","[0.12530101835727692, 0.004401788115501404, 0.026181314140558243, -0.0181194469332695, -0.016249455511569977, -0.03209720551967621]","[[0.005148094613105059, 0.031149689108133316, 0.006839007139205933]]","[1, 30]",7.513311796,-0.14069440960884094,5.0,2406.0,1748233139.6890733,4.0,
"[[-0.0426798015832901, 0.01798190549015999, -0.04524309188127518]]",2416,"[0.659157931804657, -0.015370012260973454, 0.02999005652964115]","[-0.9249141812324524, 0.43718433380126953, -0.9056135416030884, -0.9103201031684875]",False,"[0.532784104347229, 0.020195558667182922, 0.029999999329447746]","[[0.6648952960968018, 0.001082253293134272, 0.02283301390707493, 0.04925718903541565, 0.659157931804657, -0.015370012260973454, 0.02999005652964115, 5.577974206971703e-07, -1.543156287198144e-07, -0.028217576444149017]]","[-0.09136741608381271, 0.4098288118839264, -0.38559937477111816, 0.2592534124851227, -0.9548155069351196, 0.40158170461654663]","[[-0.04052366316318512, 0.018904531374573708, -0.04538042098283768]]","[1, 30]",7.557023388,-0.13128307461738586,5.0,2416.0,1748233139.7141395,14.0,
"[[-0.009422722272574902, 0.005875222384929657, 0.00653883907943964]]",2443,"[0.6142028570175171, -0.009999020025134087, 0.029989205300807953]","[-0.1886177659034729, 0.1172173023223877, 0.13084495067596436, 0.6448678970336914]",False,"[0.532784104347229, 0.020195558667182922, 0.029999999329447746]","[[0.5859009027481079, -0.010122387669980526, 0.04872806370258331, 0.07987072318792343, 0.6142028570175171, -0.009999020025134087, 0.029989205300807953, -2.593029239505995e-05, 3.7388201690191636e-07, 0.23179781436920166]]","[0.12800781428813934, -2.771880626678467, 2.7467098236083984, 7.423384189605713, 1.8847012519836426, 0.16393771767616272]","[[-0.0031222132965922356, 0.001071779988706112, 0.0017252610996365547]]","[1, 30]",7.60135665,-0.08683732897043228,5.0,2443.0,1748233139.7847211,41.0,
"[[0.018543124198913574, 0.030588794499635696, 0.0252158734947443]]",2457,"[0.5300217270851135, 0.027875037863850594, 0.03042415902018547]","[0.3920590877532959, 0.6917216777801514, 0.5117413997650146, -0.7743301391601562]",False,"[0.49247974157333374, -0.20292522013187408, 0.029999999329447746]","[[0.5458894968032837, 0.04269232973456383, 0.03775860369205475, 0.05307382717728615, 0.5300217270851135, 0.027875037863850594, 0.03042415902018547, -0.014578298665583134, -1.3501822877515224e-06, 0.0005684866919182241]]","[0.17970320582389832, 0.05780860036611557, -0.04671522602438927, 0.03607968986034393, -0.022714145481586456, -0.02806040644645691]","[[0.017117023468017578, 0.026594627648591995, 0.025037292391061783]]","[1, 30]",7.645273892,-0.23383399844169617,6.0,2457.0,1748233139.8117752,5.0,
"[[0.018019599840044975, 0.023537762463092804, 0.03265482932329178]]",2459,"[0.5321279168128967, 0.030194079503417015, 0.02998676337301731]","[0.36631906032562256, 0.46158742904663086, 0.653373122215271, -0.867023766040802]",False,"[0.49247974157333374, -0.20292522013187408, 0.029999999329447746]","[[0.5351634621620178, 0.035391464829444885, 0.027468431740999222, 0.05369575694203377, 0.5321279168128967, 0.030194079503417015, 0.02998676337301731, 0.00010641911649145186, -1.4097124676482053e-06, -0.0014142614090815187]]","[0.17272748053073883, 0.16925716400146484, -0.056653182953596115, 0.06924711167812347, 0.00939563661813736, 0.011090785264968872]","[[0.02053735964000225, 0.01514430157840252, 0.026837339624762535]]","[1, 30]",7.645345515,-0.23646686971187592,6.0,2459.0,1748233139.8158445,7.0,
"[[0.0238615982234478, -0.029258158057928085, 0.02366369217634201]]",2468,"[0.5496284365653992, -0.06745295226573944, 0.030279990285634995]","[0.6332781314849854, -0.9734002947807312, 0.47287869453430176, -0.41511499881744385]",False,"[0.49247974157333374, -0.20292522013187408, 0.029999999329447746]","[[0.548785924911499, -0.08069150894880295, 0.02638491615653038, 0.05409882217645645, 0.5496284365653992, -0.06745295226573944, 0.030279990285634995, 0.009718567132949829, 6.396577191480901e-06, 0.028569620102643967]]","[0.11873330920934677, 0.3383750021457672, -0.9760745763778687, 0.6446329951286316, -2.20051646232605, 0.6776638031005859]","[[0.02396697923541069, -0.029356956481933594, 0.023670079186558723]]","[1, 30]",7.688948205,-0.14703327417373657,6.0,2468.0,1748233139.838123,16.0,
"[[-0.049424104392528534, -0.041281990706920624, -0.047057442367076874]]",2477,"[0.5502516031265259, -0.14165861904621124, 0.030273064970970154]","[-0.988514244556427, -0.8246208429336548, -0.9421452283859253, -0.8320268392562866]",False,"[0.49247974157333374, -0.20292522013187408, 0.029999999329447746]","[[0.5618380308151245, -0.15326187014579773, 0.02324485033750534, 0.057700689882040024, 0.5502516031265259, -0.14165861904621124, 0.030273064970970154, 0.009490384720265865, 5.8069163060281426e-06, 0.06610199809074402]]","[0.14584778249263763, -0.8282980918884277, 2.0138862133026123, 2.3569977283477783, -0.7258660197257996, 0.7145951390266418]","[[-0.049347154796123505, -0.04170899838209152, -0.047146305441856384]]","[1, 30]",7.690056097,-0.08420960605144501,6.0,2477.0,1748233139.8636029,25.0,
"[[-0.015345513820648193, -0.03618621453642845, 0.0030383088160306215]]",2492,"[0.5111777186393738, -0.16512440145015717, 0.029999999329447746]","[-0.5920171737670898, -0.9153383374214172, 0.05912458896636963, -0.15418362617492676]",True,"[0.6501103043556213, 0.21729588508605957, 0.029999999329447746]","[[0.6384396553039551, -2.194472251484947e-12, 0.19740013778209686, 0, 0.5111777186393738, -0.16512440145015717, 0.029999999329447746, 0, 0, 0]]","[-0.07728537172079086, -2.352114677429199, 2.7531659603118896, 6.236959457397461, 1.4040764570236206, 0.22070731222629547]","[[-0.17212748527526855, -0.22379250824451447, -0.1680365800857544]]","[1, 30]",7.748939847,-0.04391081631183624,6.0,2492.0,1748233139.903853,40.0,
"[[0.011079097166657448, 0.027079522609710693, -0.027929509058594704]]",2502,"[0.6249960064888, 0.2920137643814087, 0.02998983860015869]","[0.22158193588256836, 0.5415940284729004, -0.5585929751396179, 0.9306433200836182]",False,"[0.6299077868461609, -0.2539811134338379, 0.029999999329447746]","[[0.6327239274978638, 0.27805882692337036, 0.06259175390005112, 0.07997800409793854, 0.6249960064888, 0.2920137643814087, 0.02998983860015869, -2.661566668393789e-06, -8.919576430344023e-06, -2.3867629352025688e-05]]","[0.03813319653272629, 0.2443724125623703, 0.07374739646911621, 0.026082593947649002, 0.11668640375137329, 0.03949941694736481]","[[0.0015279296785593033, 0.006267160177230835, -0.02030939608812332]]","[1, 30]",7.749380062,-0.5460169911384583,7.0,2502.0,1748233139.9208407,9.0,
"[[0.004945963621139526, 0.013968062587082386, -0.031694985926151276]]",2503,"[0.6249962449073792, 0.29201367497444153, 0.029989955946803093]","[0.09892404079437256, 0.27935945987701416, -0.6338974237442017, 0.8072531223297119]",False,"[0.6299077868461609, -0.2539811134338379, 0.029999999329447746]","[[0.6315456628799438, 0.2875155806541443, 0.03765953332185745, 0.07999745011329651, 0.6249962449073792, 0.29201367497444153, 0.029989955946803093, -3.659777830181815e-13, -1.4561519492417574e-06, -2.3895785489003174e-05]]","[-0.03943769633769989, 0.2771521210670471, 0.09404140710830688, 0.03047027438879013, 0.12781119346618652, 0.06412959843873978]","[[0.00612446665763855, 0.004511219449341297, -0.006762649863958359]]","[1, 30]",7.749420176,-0.5460168719291687,7.0,2503.0,1748233139.9228153,10.0,
"[[0.02960994467139244, -0.04031180962920189, 0.03293313458561897]]",2519,"[0.6353641748428345, 0.20275762677192688, 0.02999003604054451]","[0.7595555782318115, -0.9879505038261414, 0.6586630344390869, -0.2768484354019165]",False,"[0.6299077868461609, -0.2539811134338379, 0.029999999329447746]","[[0.6350501179695129, 0.18966537714004517, 0.0245169959962368, 0.05633188411593437, 0.6353641748428345, 0.20275762677192688, 0.02999003604054451, -8.829588438175051e-08, -9.447281712482436e-08, 0.07205618917942047]]","[0.12883536517620087, -0.5618458986282349, 1.8713150024414062, 1.7769044637680054, -0.31510278582572937, 0.565963625907898]","[[0.02936657890677452, -0.040459539741277695, 0.03294189274311066]]","[1, 30]",7.793211896,-0.4567713439464569,7.0,2519.0,1748233139.9654868,26.0,
"[[0.009990406222641468, -0.03449108824133873, 0.022953279316425323]]",2530,"[0.7083567380905151, 0.06376054137945175, 0.029990043491125107]","[0.2855541706085205, -0.9862745404243469, 0.45906877517700195, -0.8385987877845764]",False,"[0.6299077868461609, -0.2539811134338379, 0.029999999329447746]","[[0.7173688411712646, 0.05043584853410721, 0.024541469290852547, 0.05232086777687073, 0.7083567380905151, 0.06376054137945175, 0.029990043491125107, 4.870124030276202e-06, 5.980015885143075e-06, -0.02007293328642845]]","[-0.1976270228624344, -1.9549779891967773, 3.0178117752075195, 5.148069381713867, 0.822527289390564, 0.37671470642089844]","[[0.009583187289536, -0.03433994576334953, 0.0229863952845335]]","[1, 30]",7.84094204,-0.32728275656700134,7.0,2530.0,1748233139.9941442,37.0,
"[[0.025002747774124146, -0.031721729785203934, 0.02684534527361393]]",2534,"[0.7344878315925598, 0.0051298728212714195, 0.030009793117642403]","[0.6456607580184937, -0.9344443082809448, 0.5368201732635498, -0.3565239906311035]",False,"[0.6299077868461609, -0.2539811134338379, 0.029999999329447746]","[[0.7456079125404358, -0.008973346091806889, 0.024859795346856117, 0.05179246515035629, 0.7344878315925598, 0.0051298728212714195, 0.030009793117642403, 0.0006655679317191243, 6.865159775770735e-06, 0.004508300218731165]]","[-0.229885533452034, -2.6739535331726074, 2.710400342941284, 7.080144882202148, 1.7698074579238892, 0.1014893651008606]","[[0.023936957120895386, -0.03412197530269623, 0.02677677758038044]]","[1, 30]",7.84109313,-0.2794199287891388,7.0,2534.0,1748233140.0044038,41.0,
"[[-0.027033433318138123, -0.0372324213385582, -0.01530017051845789]]",2539,"[0.7477218508720398, -0.05611662566661835, 0.03238999471068382]","[-0.5364295840263367, -0.8628787994384766, -0.26606106758117676, 0.68882155418396]",False,"[0.6299077868461609, -0.2539811134338379, 0.029999999329447746]","[[0.7619209289550781, -0.0696682259440422, 0.024902522563934326, 0.08007501810789108, 0.7477218508720398, -0.05611662566661835, 0.03238999471068382, 0.0835811123251915, 6.603960628126515e-06, -0.2609056532382965]]","[0.032621659338474274, -4.203989028930664, 2.9568543434143066, 11.363579750061035, 3.516204357147217, -0.12432236969470978]","[[-0.026863738894462585, -0.03636763617396355, -0.014726313762366772]]","[1, 30]",7.841277271,-0.23029594123363495,7.0,2539.0,1748233140.0162995,46.0,
"[[-0.01493423618376255, -0.041897594928741455, -0.02314259298145771]]",2541,"[0.7474151253700256, -0.05879548192024231, 0.034142859280109406]","[-0.29996979236602783, -0.8440890312194824, -0.4585336446762085, 0.6566952466964722]",False,"[0.6299077868461609, -0.2539811134338379, 0.029999999329447746]","[[0.7647321820259094, -0.07451321184635162, 0.02619544230401516, 0.08010677248239517, 0.7474151253700256, -0.05879548192024231, 0.034142859280109406, 0.15027353167533875, 1.6209474779316224e-05, -0.2747341990470886]]","[-0.29078802466392517, -4.557135105133057, 2.831516981124878, 12.483999252319336, 4.491521835327148, -0.31608569622039795]","[[-0.017167920246720314, -0.04086175188422203, -0.02314792387187481]]","[1, 30]",7.841351148,-0.22786524891853333,7.0,2541.0,1748233140.0211139,48.0,
"[[0.041354622691869736, 0.02560458332300186, -0.04944537580013275]]",2544,"[0.6598060131072998, 0.054152071475982666, 0.029989441856741905]","[0.8271424770355225, 0.5121016502380371, -0.988865852355957, 0.9283771514892578]",False,"[0.4828060269355774, -0.08786173909902573, 0.029999999329447746]","[[0.6468844413757324, 0.02939601056277752, 0.19925659894943237, 0.07881831377744675, 0.6598060131072998, 0.054152071475982666, 0.029989441856741905, -1.9018039893126115e-05, -1.9971164419985143e-06, 1.477297701057978e-05]]","[0.031440287828445435, -0.02582453191280365, -0.019125882536172867, -0.028267666697502136, 0.05357088893651962, 0.13179732859134674]","[[0.0025545619428157806, 0.005561254918575287, -0.05448538437485695]]","[1, 30]",7.841456663,-0.22692932188510895,8.0,2544.0,1748233140.0271199,1.0,
"[[-0.030562683939933777, -0.01581709086894989, -0.03313417360186577]]",2552,"[0.617537260055542, 0.04365763068199158, 0.02989570051431656]","[-0.9178003668785095, -0.3956550359725952, -0.7724829316139221, 0.8047187328338623]",False,"[0.4828060269355774, -0.08786173909902573, 0.029999999329447746]","[[0.642321765422821, 0.05000310763716698, 0.022952206432819366, 0.07362028956413269, 0.617537260055542, 0.04365763068199158, 0.02989570051431656, -3.5303168260725215e-05, 0.0030975292902439833, -0.49431711435317993]]","[0.2972588837146759, 0.21363621950149536, -1.2999800443649292, 0.7999612092971802, -0.7672512531280518, 0.25250279903411865]","[[-0.026320800185203552, -0.006708931177854538, -0.021564655005931854]]","[1, 30]",7.885175068,-0.1882813274860382,8.0,2552.0,1748233140.043201,9.0,
"[[-0.046790387481451035, -0.03340290114283562, 0.018311895430088043]]",2560,"[0.564946174621582, -0.02190728485584259, 0.030207637697458267]","[-0.9505109786987305, -0.7486052513122559, 0.35631871223449707, -0.9626001715660095]",False,"[0.4828060269355774, -0.08786173909902573, 0.029999999329447746]","[[0.5420001149177551, -0.041040197014808655, 0.02711717039346695, 0.04894975200295448, 0.564946174621582, -0.02190728485584259, 0.030207637697458267, 0.0072916122153401375, -1.1414101209084038e-05, 0.06555246561765671]]","[0.2901518940925598, -0.8443019986152649, 0.40511438250541687, 2.7608392238616943, -1.7816050052642822, 0.6452740430831909]","[[-0.018005158752202988, -0.028752051293849945, 0.013318568468093872]]","[1, 30]",7.885480804,-0.10534247756004333,8.0,2560.0,1748233140.0621917,17.0,
"[[-0.03452455624938011, -0.042978376150131226, -0.04162945598363876]]",2563,"[0.5612499117851257, -0.03228798881173134, 0.029989931732416153]","[-0.7220350503921509, -0.8803778886795044, -0.8357841372489929, -0.5921516418457031]",False,"[0.4828060269355774, -0.08786173909902573, 0.029999999329447746]","[[0.5051766633987427, -0.09868909418582916, 0.0198490172624588, 0.003865359118208289, 0.5612499117851257, -0.03228798881173134, 0.029989931732416153, -0.00025986519176512957, -0.00026206954498775303, 0.12449782341718674]]","[0.058683253824710846, -1.3708266019821167, 1.260840654373169, 3.8141775131225586, -0.5041358470916748, 0.45004791021347046]","[[-0.015935298055410385, 5.260109901428223e-06, -0.03337760269641876]]","[1, 30]",7.885586099,-0.0961347222328186,8.0,2563.0,1748233140.0687923,20.0,
"[[-0.03674999624490738, -0.044972751289606094, 0.03146039694547653]]",2567,"[0.561257541179657, -0.032295651733875275, 0.02998989261686802]","[-0.7350058555603027, -0.8994600176811218, 0.6292080879211426, 0.6932289600372314]",False,"[0.4828060269355774, -0.08786173909902573, 0.029999999329447746]","[[0.36860519647598267, -0.24170637130737305, 0.04203736037015915, 0.07995496690273285, 0.561257541179657, -0.032295651733875275, 0.02998989261686802, 9.186078955281118e-07, -4.6900413508410566e-06, 0.12447964400053024]]","[0.048728324472904205, -1.5135483741760254, 1.6258857250213623, 4.081978797912598, -0.22095534205436707, 0.45616644620895386]","[[-0.008032329380512238, -0.0113258957862854, 0.019899802282452583]]","[1, 30]",7.928916616,-0.09613651782274246,8.0,2567.0,1748233140.0756214,24.0,
"[[-0.03284009173512459, -0.04450307786464691, 0.024213595315814018]]",2577,"[0.5612547397613525, -0.032298143953084946, 0.02998989447951317]","[-0.6568077802658081, -0.8900665640830994, 0.4842718839645386, 0.5315650701522827]",False,"[0.4828060269355774, -0.08786173909902573, 0.029999999329447746]","[[0.1014678105711937, -0.5713332891464233, 0.20546995103359222, 0.07999999076128006, 0.5612547397613525, -0.032298143953084946, 0.02998989447951317, 9.18711577924114e-07, -4.6477694013447035e-06, 0.12442365288734436]]","[-0.10791041702032089, -2.1423017978668213, 2.326627254486084, 5.773061752319336, 0.9486000537872314, 0.2431573122739792]","[[-0.004675086587667465, -0.014493640512228012, 0.00814257375895977]]","[1, 30]",7.92931292,-0.096132792532444,8.0,2577.0,1748233140.0927756,34.0,
"[[-0.0396563746035099, -0.04560801386833191, 0.04212712123990059]]",2584,"[0.5612528324127197, -0.032299891114234924, 0.02998989447951317]","[-0.7931322455406189, -0.9121652245521545, 0.8425424098968506, 0.6173797845840454]",False,"[0.4828060269355774, -0.08786173909902573, 0.029999999329447746]","[[-0.09667769819498062, -0.716596782207489, 0.3544881343841553, 0.07999954372644424, 0.5612528324127197, -0.032299891114234924, 0.02998989447951317, 9.187835416923917e-07, -4.64759841634077e-06, 0.12438445538282394]]","[0.15805523097515106, -3.1893179416656494, 2.7570242881774902, 8.555704116821289, 2.2070815563201904, 0.10890020430088043]","[[-0.010767165571451187, -0.03618399426341057, 0.019603241235017776]]","[1, 30]",7.929640707,-0.09613022953271866,8.0,2584.0,1748233140.104527,41.0,
"[[-0.04186837002635002, -0.047297403216362, 0.03978283330798149]]",2586,"[0.561252236366272, -0.03230038657784462, 0.02998989447951317]","[-0.8373733162879944, -0.9459530115127563, 0.795656681060791, 0.36310243606567383]",False,"[0.4828060269355774, -0.08786173909902573, 0.029999999329447746]","[[-0.1521749198436737, -0.7219830751419067, 0.3903878331184387, 0.07999987155199051, 0.561252236366272, -0.03230038657784462, 0.02998989447951317, 9.188041190100193e-07, -4.6475493036268745e-06, 0.12437325716018677]]","[0.14680294692516327, -3.6703624725341797, 2.664041042327881, 10.008298873901367, 2.823585033416748, 0.020462021231651306]","[[-0.015027876943349838, -0.04670947417616844, 0.02355332300066948]]","[1, 30]",7.9297475649999996,-0.09612945467233658,8.0,2586.0,1748233140.1079094,43.0,
"[[0.03463342785835266, 0.018962111324071884, 0.04719854146242142]]",2611,"[0.4916607439517975, 0.10369189828634262, 0.030695052817463875]","[0.9805440902709961, 0.9510245323181152, 0.9436373710632324, -0.6530229449272156]",False,"[0.49407240748405457, 0.1785009801387787, 0.029999999329447746]","[[0.4871586263179779, 0.11350051313638687, 0.02888188511133194, 0.05818712338805199, 0.4916607439517975, 0.10369189828634262, 0.030695052817463875, -0.023785531520843506, -2.020724707563204e-07, -0.0007837414159439504]]","[-0.199724018573761, 0.1263752430677414, 0.1338004767894745, 0.7326017618179321, -1.6836544275283813, 0.6354840993881226]","[[0.034401923418045044, 0.019841399043798447, 0.04712647199630737]]","[1, 30]",7.975275912,-0.07485117763280869,9.0,2611.0,1748233140.1622427,18.0,
"[[-0.012367317453026772, -0.04900708049535751, -0.011762221343815327]]",2617,"[0.6074259281158447, -0.1836993247270584, 0.029989855363965034]","[-0.24733799695968628, -0.9801490306854248, -0.23524415493011475, 0.809233546257019]",False,"[0.517499566078186, 0.07925847917795181, 0.029999999329447746]","[[0.622565507888794, -0.07374213635921478, 0.15038983523845673, 0.07998253405094147, 0.6074259281158447, -0.1836993247270584, 0.029989855363965034, 2.6477521259948844e-06, 5.370332019083435e-06, 3.6670542613137513e-05]]","[0.12524934113025665, 0.004384875297546387, 0.026135284453630447, -0.018110185861587524, -0.01625210791826248, -0.03208981454372406]","[[-0.0098500344902277, -0.006599679589271545, -0.012883610092103481]]","[1, 30]",7.985320694,-0.2779092788696289,10.0,2617.0,1748233140.173388,4.0,
"[[0.02808443270623684, 0.02824733592569828, 0.04644110053777695]]",2622,"[0.6073576211929321, -0.18197447061538696, 0.029989974573254585]","[0.5603117942810059, 0.599450945854187, 0.9288225173950195, -0.12571966648101807]",False,"[0.517499566078186, 0.07925847917795181, 0.029999999329447746]","[[0.6078714728355408, -0.16940464079380035, 0.02835235372185707, 0.07452430576086044, 0.6073576211929321, -0.18197447061538696, 0.029989974573254585, -2.2826118595276057e-07, 2.8762667625414906e-07, -0.021902678534388542]]","[0.03818131610751152, 0.24435162544250488, 0.07365377247333527, 0.026131194084882736, 0.11664769053459167, 0.03949117660522461]","[[0.025945400819182396, 0.013657921925187111, 0.039632223546504974]]","[1, 30]",8.028945987,-0.2762555480003357,10.0,2622.0,1748233140.1824782,9.0,
"[[0.03625892475247383, 0.008472198620438576, -0.0010088194394484162]]",2623,"[0.6087678074836731, -0.1777937114238739, 0.02998999133706093]","[0.7533822059631348, 0.25305914878845215, -0.020176053047180176, -0.10445719957351685]",False,"[0.517499566078186, 0.07925847917795181, 0.029999999329447746]","[[0.631359875202179, -0.17170117795467377, 0.029289519414305687, 0.06550590693950653, 0.6087678074836731, -0.1777937114238739, 0.02998999133706093, -1.9237336346122902e-07, 2.3004082194688635e-08, 0.034484196454286575]]","[-0.039395853877067566, 0.27713361382484436, 0.09398975968360901, 0.030484899878501892, 0.12779510021209717, 0.06412330269813538]","[[0.014180708676576614, 0.01494949497282505, -0.0019459683680906892]]","[1, 30]",8.02898004,-0.2727741301059723,10.0,2623.0,1748233140.1846747,10.0,
"[[0.04073560982942581, 0.03944063559174538, 0.021892471238970757]]",2634,"[0.5583707690238953, -0.1138666570186615, 0.02999001555144787]","[0.7342745065689087, 0.9609376192092896, 0.4378509521484375, -0.5720318555831909]",False,"[0.517499566078186, 0.07925847917795181, 0.029999999329447746]","[[0.5541485548019409, -0.09891430288553238, 0.02474604919552803, 0.050762027502059937, 0.5583707690238953, -0.1138666570186615, 0.02999001555144787, -1.387498286931077e-05, 1.3756252883467823e-05, -0.059332866221666336]]","[0.0291487667709589, -0.004335299134254456, 1.3917551040649414, 0.41078853607177734, -0.8940192461013794, 0.5964075326919556]","[[0.040578849613666534, 0.04138700291514397, 0.021504661068320274]]","[1, 30]",8.029369562,-0.19740256667137146,10.0,2634.0,1748233140.2129183,21.0,
"[[0.007390791550278664, -0.03351559489965439, 0.027477353811264038]]",2651,"[0.620482325553894, 0.08196964114904404, 0.029989974573254585]","[0.1790379285812378, -0.3808116912841797, 0.5496094226837158, -0.7516801953315735]",False,"[0.517499566078186, 0.07925847917795181, 0.029999999329447746]","[[0.6065638065338135, 0.06583110243082047, 0.02598431520164013, 0.0525338351726532, 0.620482325553894, 0.08196964114904404, 0.029989974573254585, -2.3007667095953366e-06, -2.074115627692663e-06, 0.028454381972551346]]","[-0.18788893520832062, -2.1058788299560547, 2.94270396232605, 5.581867218017578, 1.034835696220398, 0.32187071442604065]","[[0.01015138067305088, -0.0066763535141944885, 0.02657746523618698]]","[1, 30]",8.077797759,-0.10301846265792847,10.0,2651.0,1748233140.257216,38.0,
"[[-0.01450345478951931, -0.01847207359969616, 0.006481291260570288]]",2656,"[0.6076988577842712, 0.05558362603187561, 0.029985874891281128]","[-0.31619739532470703, -0.5851399302482605, 0.12727725505828857, 0.702934741973877]",False,"[0.517499566078186, 0.07925847917795181, 0.029999999329447746]","[[0.5633989572525024, 0.019074084237217903, 0.04626202955842018, 0.07998427748680115, 0.6076988577842712, 0.05558362603187561, 0.029985874891281128, -0.00012924113252665848, 7.0239725573628675e-06, 0.8107123970985413]]","[-0.013131460174918175, -3.2263333797454834, 2.824300765991211, 8.640464782714844, 2.3273091316223145, 0.057441845536231995]","[[-0.004331206902861595, -0.006527729332447052, 0.0026283315382897854]]","[1, 30]",8.120962198,-0.09325456619262695,10.0,2656.0,1748233140.2685091,43.0,
"[[0.08266758918762207, 0.3486143946647644, 0.004022728186100721]]",2662,"[0.5228874087333679, -0.2901133596897125, 0.029999999329447746]","[-0.043203771114349365, 0.21430039405822754, 0.0806729793548584, 0.6359462738037109]",True,"[0.6948150396347046, 0.10700846463441849, 0.029999999329447746]","[[0.6384396553039551, -2.194472251484947e-12, 0.19740013778209686, 0, 0.5228874087333679, -0.2901133596897125, 0.029999999329447746, 0, 0, 0]]","[-0.5664823651313782, -4.752772808074951, 2.494204044342041, 13.077155113220215, 4.986323833465576, -0.5193536877632141]","[[-0.17721816897392273, 0.05592148378491402, -0.15462626516819]]","[1, 30]",8.121203835,-0.09554782509803772,10.0,2662.0,1748233140.2800493,49.0,
"[[0.022656692191958427, -0.04984479770064354, -0.04556611180305481]]",2664,"[0.677783727645874, -0.14711207151412964, 0.029989339411258698]","[0.4531731605529785, -0.9969146847724915, -0.9112857580184937, 0.9603153467178345]",False,"[0.48349112272262573, -0.02692626789212227, 0.029999999329447746]","[[0.6621102094650269, -0.02059447020292282, 0.1633601039648056, 0.0742785781621933, 0.677783727645874, -0.14711207151412964, 0.029989339411258698, -8.75439764058683e-06, 2.1405168808996677e-05, -5.463830348162446e-06]]","[0.03143562376499176, -0.025829926133155823, -0.019114188849925995, -0.028277762234210968, 0.05357282608747482, 0.13179564476013184]","[[0.003960682079195976, -0.027571726590394974, -0.02132539078593254]]","[1, 30]",8.121280227,-0.22846059501171112,11.0,2664.0,1748233140.283586,1.0,
"[[0.0029512166511267424, 0.0408330075442791, 0.016180381178855896]]",2670,"[0.673264741897583, -0.14015890657901764, 0.02998950146138668]","[0.0005104541778564453, 0.9211041927337646, 0.3221101760864258, -0.4486493468284607]",False,"[0.48349112272262573, -0.02692626789212227, 0.029999999329447746]","[[0.6738440990447998, -0.12837564945220947, 0.022570742294192314, 0.05486930161714554, 0.673264741897583, -0.14015890657901764, 0.02998950146138668, 5.465313279273687e-06, -1.1131887731608003e-05, -0.08892446011304855]]","[0.14657238125801086, 0.16139084100723267, 0.047531936317682266, 0.009383149445056915, 0.05967105180025101, -0.00035937875509262085]","[[0.004128468222916126, 0.042839210480451584, 0.016081428155303]]","[1, 30]",8.12153566,-0.22098791599273682,11.0,2670.0,1748233140.296761,7.0,
"[[-0.033498119562864304, 0.028102006763219833, -0.04327186569571495]]",2677,"[0.6498364806175232, -0.10378793627023697, 0.029990235343575478]","[-0.8107425570487976, 0.7211402654647827, -0.8654289841651917, -0.9299536347389221]",False,"[0.48349112272262573, -0.02692626789212227, 0.029999999329447746]","[[0.6554961204528809, -0.08965782821178436, 0.022762885317206383, 0.052812982350587845, 0.6498364806175232, -0.10378793627023697, 0.029990235343575478, -7.92258924775524e-06, -8.819771210255567e-06, -0.03494086489081383]]","[-0.3072949945926666, 0.3695835769176483, 0.04066052660346031, -0.013415180146694183, -0.5267400741577148, 0.3446422219276428]","[[-0.033452462404966354, 0.028895478695631027, -0.04327990859746933]]","[1, 30]",8.164939692,-0.18324436247348785,11.0,2677.0,1748233140.3163738,14.0,
"[[-0.04108778387308121, 0.03809289261698723, -0.045241355895996094]]",2686,"[0.6150773167610168, -0.06947601586580276, 0.029989901930093765]","[-0.9667201042175293, 0.8964322805404663, -0.9048225283622742, -0.936406135559082]",False,"[0.48349112272262573, -0.02692626789212227, 0.029999999329447746]","[[0.6212277412414551, -0.05387221276760101, 0.023098303005099297, 0.04974546656012535, 0.6150773167610168, -0.06947601586580276, 0.029989901930093765, -2.8672179723798763e-06, -1.5915062476778985e-06, -0.05740991607308388]]","[0.19779177010059357, -0.2480151355266571, 1.6547441482543945, 1.1560841798782349, -0.7558678984642029, 0.612865149974823]","[[-0.03942296653985977, 0.037508003413677216, -0.04516705870628357]]","[1, 30]",8.16527339,-0.13829465210437775,11.0,2686.0,1748233140.340274,23.0,
"[[-0.04200034216046333, 0.03635849058628082, -0.04656057059764862]]",2689,"[0.5938383340835571, -0.04871309548616409, 0.02999821864068508]","[-0.9752938747406006, 0.8629664182662964, -0.9310287833213806, -0.8932619094848633]",False,"[0.48349112272262573, -0.02692626789212227, 0.029999999329447746]","[[0.5963128805160522, -0.033908404409885406, 0.023136580362915993, 0.050580885261297226, 0.5938383340835571, -0.04871309548616409, 0.02999821864068508, -0.00027343371766619384, 2.5128682068498165e-07, -0.06390520930290222]]","[0.2508571743965149, -0.6593978404998779, 2.0919346809387207, 1.8952231407165527, -0.4635976254940033, 0.6671727895736694]","[[-0.04100160673260689, 0.037477102130651474, -0.04659648239612579]]","[1, 30]",8.165376461,-0.11247743666172028,11.0,2689.0,1748233140.3484228,26.0,
"[[0.019615519791841507, -0.020734408870339394, 0.019242873415350914]]",2697,"[0.5779626369476318, -0.03084304742515087, 0.02998993545770645]","[0.4080519676208496, -0.4159504175186157, 0.3848609924316406, -0.8016478419303894]",False,"[0.48349112272262573, -0.02692626789212227, 0.029999999329447746]","[[0.5776548981666565, -0.042348530143499374, 0.023390108719468117, 0.052341051399707794, 0.5779626369476318, -0.03084304742515087, 0.02998993545770645, -2.675652922334848e-06, 4.6623199523310177e-07, 0.012188376858830452]]","[-0.18432267010211945, -1.6477746963500977, 2.8507018089294434, 4.29233455657959, 0.47358790040016174, 0.45904892683029175]","[[0.017184246331453323, -0.004924660548567772, 0.018334239721298218]]","[1, 30]",8.183230537,-0.09455268085002899,11.0,2697.0,1748233140.3702612,34.0,
"[[-0.0026454210747033358, -0.03782660514116287, -0.04047832265496254]]",2719,"[0.5337907671928406, -0.1468007117509842, 0.02998998574912548]","[-0.05290722846984863, -0.7565314769744873, -0.8095662593841553, 0.693458080291748]",False,"[0.4969845712184906, -0.20532214641571045, 0.029999999329447746]","[[0.5208719968795776, -0.151675745844841, 0.0466308668255806, 0.07999884337186813, 0.5337907671928406, -0.1468007117509842, 0.02998998574912548, -3.584976582260424e-07, 9.801485134630639e-08, 3.0773444450460374e-05]]","[0.16542045772075653, 0.10977374762296677, 0.05193864926695824, -0.005507387220859528, 0.03405280411243439, -0.02012893557548523]","[[0.005447101779282093, -0.0076165348291397095, -0.0007850117981433868]]","[1, 30]",8.229537255,-0.06913359463214874,12.0,2719.0,1748233140.4152899,6.0,
"[[0.0016392648685723543, -0.0056088389828801155, -0.00630919449031353]]",2721,"[0.5338298678398132, -0.14724282920360565, 0.029990021139383316]","[0.032782912254333496, -0.11217737197875977, -0.12618184089660645, -0.4112694263458252]",False,"[0.4969845712184906, -0.20532214641571045, 0.029999999329447746]","[[0.5374492406845093, -0.16123993694782257, 0.021949810907244682, 0.061915550380945206, 0.5338298678398132, -0.14724282920360565, 0.029990021139383316, 4.780163180839736e-06, -4.5630608838109765e-06, 0.003515114774927497]]","[0.10268534719944, 0.20461603999137878, 0.06785504519939423, 0.013032078742980957, 0.09762105345726013, 0.017334580421447754]","[[-0.0027157485019415617, -0.004620355553925037, -0.006367741152644157]]","[1, 30]",8.272843006,-0.06878068298101425,12.0,2721.0,1748233140.4199092,8.0,
"[[-0.04842674359679222, -0.039334818720817566, -0.0395815446972847]]",2732,"[0.5336078405380249, -0.15391309559345245, 0.03009847179055214]","[-0.9767876863479614, -0.7828471064567566, -0.7913509607315063, -0.8878214955329895]",False,"[0.4969845712184906, -0.20532214641571045, 0.029999999329447746]","[[0.5399225354194641, -0.17013178765773773, 0.023012608289718628, 0.049761585891246796, 0.5336078405380249, -0.15391309559345245, 0.03009847179055214, 0.003626453224569559, -2.243642848043237e-05, 0.02244553714990616]]","[-0.23657368123531342, 0.14867502450942993, 0.9704189300537109, 0.18396273255348206, -1.0198832750320435, 0.5666134357452393]","[[-0.048123832792043686, -0.03892649710178375, -0.03969570994377136]]","[1, 30]",8.273232807,-0.06312023103237152,12.0,2732.0,1748233140.4486055,19.0,
"[[-0.049585048109292984, -0.02264902926981449, -0.0437915176153183]]",2737,"[0.5336068868637085, -0.15381275117397308, 0.02998919039964676]","[-0.9916628003120422, -0.45304346084594727, -0.8758338093757629, -0.8801616430282593]",False,"[0.4969845712184906, -0.20532214641571045, 0.029999999329447746]","[[0.5386439561843872, -0.1708822399377823, 0.022920677438378334, 0.0486995093524456, 0.5336068868637085, -0.15381275117397308, 0.02998919039964676, -2.6698724468587898e-05, -7.157249910960672e-06, 0.02242066152393818]]","[0.07005465775728226, -0.39881351590156555, 1.6509169340133667, 1.5250085592269897, -0.6134545803070068, 0.5512291193008423]","[[-0.04921484366059303, -0.022454554215073586, -0.043762169778347015]]","[1, 30]",8.274155306,-0.06320136040449142,12.0,2737.0,1748233140.4612513,24.0,
"[[-0.028303708881139755, 0.029746364802122116, -0.04045083373785019]]",2766,"[0.6573938131332397, -0.21646973490715027, 0.030509717762470245]","[-0.6516867280006409, 0.6947182416915894, -0.8084757328033447, -0.7736563682556152]",False,"[0.5459908843040466, -0.015420624054968357, 0.029999999329447746]","[[0.6598929166793823, -0.20101699233055115, 0.0229047778993845, 0.050557538866996765, 0.6573938131332397, -0.21646973490715027, 0.030509717762470245, -0.017497582361102104, -1.9644687199615873e-05, -0.03210313618183136]]","[-0.19190707802772522, 0.3641597628593445, 0.0829392820596695, -0.03847227990627289, -0.5422457456588745, 0.3370022773742676]","[[-0.02829470857977867, 0.03187889978289604, -0.04053300619125366]]","[1, 30]",8.365180812,-0.22985130548477173,13.0,2766.0,1748233140.5283701,14.0,
"[[-0.0013749836944043636, 0.04103665053844452, -0.03844437375664711]]",2770,"[0.6434245705604553, -0.20039431750774384, 0.029990103095769882]","[-0.11787819862365723, 0.9423071146011353, -0.7688709497451782, -0.7526066303253174]",False,"[0.5459908843040466, -0.015420624054968357, 0.029999999329447746]","[[0.6443348526954651, -0.18489612638950348, 0.02249401994049549, 0.05090304836630821, 0.6434245705604553, -0.20039431750774384, 0.029990103095769882, -1.7342981664114632e-06, 6.746735721208097e-07, -0.05736758932471275]]","[-0.05840935558080673, 0.17103935778141022, 0.45504266023635864, 0.2787860035896301, -1.4776114225387573, 0.6252902150154114]","[[-0.000833356287330389, 0.04318384826183319, -0.03801669180393219]]","[1, 30]",8.365330289,-0.2090660035610199,13.0,2770.0,1748233140.5391138,18.0,
"[[-0.015416732989251614, -0.04490044713020325, 0.02025046944618225]]",2794,"[0.6227129697799683, 0.00029130245093256235, 0.029989996924996376]","[-0.3083346486091614, -0.8980088233947754, 0.405009388923645, 0.6538214683532715]",False,"[0.5459908843040466, -0.015420624054968357, 0.029999999329447746]","[[0.5528146028518677, -0.13368813693523407, 0.0661463737487793, 0.07995134592056274, 0.6227129697799683, 0.00029130245093256235, 0.029989996924996376, -1.0767112712528615e-07, -2.2602308913377556e-09, 0.08718757331371307]]","[-0.0009443368762731552, -3.051994562149048, 2.815491199493408, 8.176802635192871, 2.1791305541992188, 0.09031827747821808]","[[-0.0023968135938048363, -0.005514103919267654, 0.005861297249794006]]","[1, 30]",8.413424778,-0.078314408659935,13.0,2794.0,1748233140.599173,42.0,
"[[-0.030513308942317963, -0.04620807245373726, -0.03137567639350891]]",2821,"[0.6337615847587585, 0.03623507171869278, 0.03053402528166771]","[-0.6563143134117126, -0.9620934128761292, -0.6284061670303345, -0.9301080703735352]",False,"[0.6185513734817505, -0.1898321807384491, 0.029999999329447746]","[[0.6413978338241577, 0.0195822324603796, 0.023064717650413513, 0.04835928604006767, 0.6337615847587585, 0.03623507171869278, 0.03053402528166771, 0.018339157104492188, -1.2047569725837093e-05, 0.06465298682451248]]","[-0.07732253521680832, 0.17564864456653595, 0.8219173550605774, 0.1709386110305786, -1.2053987979888916, 0.575897753238678]","[[-0.030393682420253754, -0.04513826221227646, -0.031327344477176666]]","[1, 30]",8.500972383,-0.2265789806842804,14.0,2821.0,1748233140.6555035,19.0,
"[[0.007848662324249744, -0.044566795229911804, -0.012273705564439297]]",2825,"[0.6327836513519287, 0.02211117185652256, 0.03026260808110237]","[0.21920883655548096, -0.9441370368003845, -0.2398567795753479, -0.8349041938781738]",False,"[0.6185513734817505, -0.1898321807384491, 0.029999999329447746]","[[0.6485943794250488, 0.0065201036632061005, 0.022256560623645782, 0.049692459404468536, 0.6327836513519287, 0.02211117185652256, 0.03026260808110237, 0.009120641276240349, -5.02347666042624e-06, 0.04091021418571472]]","[0.2262270301580429, -0.10915985703468323, 1.4698827266693115, 0.6885110139846802, -1.045615553855896, 0.6605543494224548]","[[-0.00343360286206007, -0.04344407096505165, -0.01010028924793005]]","[1, 30]",8.501144031,-0.21242083609104156,14.0,2825.0,1748233140.6656792,23.0,
"[[-0.03520429879426956, -0.04562392830848694, 0.010844857431948185]]",2847,"[0.6817731857299805, -0.09372656792402267, 0.029989400878548622]","[-0.7040871381759644, -0.9124952554702759, 0.21688532829284668, 0.6767799854278564]",False,"[0.6185513734817505, -0.1898321807384491, 0.029999999329447746]","[[0.5524533987045288, -0.2611967623233795, 0.025934096425771713, 0.07999932020902634, 0.6817731857299805, -0.09372656792402267, 0.029989400878548622, 2.8728823963319883e-05, 6.1197397371870466e-06, 0.22639614343643188]]","[0.028097787871956825, -3.8281025886535645, 2.956462860107422, 10.275647163391113, 3.0014455318450928, -0.04021093249320984]","[[-0.007234819233417511, -0.004267886281013489, 0.0037621473893523216]]","[1, 30]",8.530667207,-0.1150360256433487,14.0,2847.0,1748233140.7187784,45.0,
"[[-0.03760368004441261, -0.04654289036989212, 0.013321506790816784]]",2848,"[0.6817725300788879, -0.0937269777059555, 0.02998904325067997]","[-0.7520866990089417, -0.930866003036499, 0.26642298698425293, 0.6096775531768799]",False,"[0.6185513734817505, -0.1898321807384491, 0.029999999329447746]","[[0.5220699906349182, -0.3028125762939453, 0.03541327267885208, 0.0799999088048935, 0.6817725300788879, -0.0937269777059555, 0.02998904325067997, 4.062499283463694e-05, 6.123246748757083e-06, 0.22639667987823486]]","[0.04034010320901871, -4.158337116241455, 2.994708299636841, 11.2227201461792, 3.4645800590515137, -0.11601974070072174]","[[-0.0072209276258945465, -0.004927486181259155, 0.0038419729098677635]]","[1, 30]",8.532320429,-0.11503532528877258,14.0,2848.0,1748233140.7203975,46.0,
"[[0.018363554030656815, -0.035036783665418625, 0.015763413161039352]]",2864,"[0.5417953133583069, 0.1739233434200287, 0.03008878044784069]","[0.45628583431243896, -0.8669595718383789, 0.314825177192688, -0.48789066076278687]",False,"[0.5742144584655762, -0.07555550336837769, 0.029999999329447746]","[[0.5470179915428162, 0.16183701157569885, 0.026225648820400238, 0.0545925535261631, 0.5417953133583069, 0.1739233434200287, 0.03008878044784069, 0.003278467571362853, -8.430527486780193e-06, 0.01446334458887577]]","[-0.18338917195796967, 0.329986572265625, 0.11662203073501587, 0.017730478197336197, 0.003830268979072571, 0.1453692466020584]","[[0.01721854880452156, -0.03584675118327141, 0.016089944168925285]]","[1, 30]",8.596936967,-0.25157642364501953,15.0,2864.0,1748233140.7542434,12.0,
"[[0.027406074106693268, -0.024203147739171982, 0.04352454096078873]]",2871,"[0.5622658133506775, 0.04086989909410477, 0.03052743896842003]","[0.6599171161651611, -0.9815381765365601, 0.8685252666473389, -0.6746230125427246]",False,"[0.5742144584655762, -0.07555550336837769, 0.029999999329447746]","[[0.5640610456466675, 0.027943558990955353, 0.02845744602382183, 0.05153394863009453, 0.5622658133506775, 0.04086989909410477, 0.03052743896842003, 0.01809755153954029, 1.9765086108236574e-05, 0.010522102937102318]]","[-0.3482058048248291, 0.028029441833496094, 0.15261925756931305, 0.8824211359024048, -1.1095609664916992, 0.46958768367767334]","[[0.027593590319156647, -0.024073243141174316, 0.04343327507376671]]","[1, 30]",8.597189434,-0.11703812330961227,15.0,2871.0,1748233140.7717075,19.0,
"[[0.025052839890122414, -0.04988903924822807, -0.04968789964914322]]",2877,"[0.681288480758667, -0.2737799882888794, 0.029989857226610184]","[0.5010639429092407, -0.9977723956108093, -0.9937579035758972, 0.9419289827346802]",False,"[0.4894360601902008, 0.23370689153671265, 0.029999999329447746]","[[0.6585593223571777, -0.11219650506973267, 0.1698799431324005, 0.07985620200634003, 0.681288480758667, -0.2737799882888794, 0.029989857226610184, -5.298760243022116e-06, 2.645440872584004e-06, 2.309414412593469e-05]]","[0.017394090071320534, -0.028292112052440643, -0.013018038123846054, -0.020284093916416168, 0.02110859751701355, 0.057039543986320496]","[[0.01186942495405674, -0.012027230113744736, -0.010844457894563675]]","[1, 30]",8.597413638999999,-0.5425406098365784,16.0,2877.0,1748233140.784191,2.0,
"[[0.0020917775109410286, -0.04424678161740303, -0.03146154433488846]]",2883,"[0.6835628151893616, -0.2809118330478668, 0.02996821328997612]","[0.0862874984741211, -0.9578970670700073, -0.6357606053352356, 0.05452859401702881]",False,"[0.4894360601902008, 0.23370689153671265, 0.029999999329447746]","[[0.698765754699707, -0.23041491210460663, 0.04055982083082199, 0.005637418944388628, 0.6835628151893616, -0.2809118330478668, 0.02996821328997612, -0.0007188933086581528, -5.391658305597957e-06, -0.0317990742623806]]","[0.12624064087867737, 0.21217535436153412, -0.03397546336054802, 0.061270806938409805, 0.0484151691198349, 0.03076804429292679]","[[-0.014744090847671032, -0.04830868914723396, -0.025583960115909576]]","[1, 30]",8.641040124,-0.5500160455703735,16.0,2883.0,1748233140.7955885,8.0,
"[[-0.02688118815422058, -0.02266097441315651, -0.0319184884428978]]",2887,"[0.6843258738517761, -0.2831605076789856, 0.029989955946803093]","[-0.5372029542922974, -0.4547954201698303, -0.638369083404541, 0.9260339736938477]",False,"[0.4894360601902008, 0.23370689153671265, 0.029999999329447746]","[[0.7150752544403076, -0.22004684805870056, 0.029714439064264297, 0.04875196889042854, 0.6843258738517761, -0.2831605076789856, 0.029989955946803093, 8.99624239991681e-07, -6.778789156669518e-07, -0.055238161236047745]]","[-0.1335170716047287, 0.3318937420845032, 0.027339883148670197, 0.058148231357336044, -0.06988761574029922, 0.1599692851305008]","[[-0.022154539823532104, -0.032663095742464066, -0.01533396914601326]]","[1, 30]",8.641185102,-0.5523893237113953,16.0,2887.0,1748233140.803959,12.0,
"[[-0.009428969584405422, 0.023683929815888405, -0.046185728162527084]]",2890,"[0.684333086013794, -0.28316813707351685, 0.029990000650286674]","[-0.18857699632644653, 0.4736839532852173, -0.9237109422683716, 0.972468376159668]",False,"[0.4894360601902008, 0.23370689153671265, 0.029999999329447746]","[[0.7192698121070862, -0.17995698750019073, 0.0212730560451746, 0.07970365881919861, 0.684333086013794, -0.28316813707351685, 0.029990000650286674, -2.196148670918774e-06, 2.175594318032381e-06, -0.05547144636511803]]","[-0.13093693554401398, 0.37051934003829956, -0.10165734589099884, 0.10460060834884644, -1.1198581457138062, 0.46889638900756836]","[[-0.010191968642175198, 0.008761772885918617, -0.045566897839307785]]","[1, 30]",8.641294625,-0.5523989796638489,16.0,2890.0,1748233140.810281,15.0,
"[[-0.03285856917500496, 0.029325146228075027, -0.026667995378375053]]",2913,"[0.6843169331550598, -0.2831707298755646, 0.02998892404139042]","[-0.6571868658065796, 0.5865017175674438, -0.5333598852157593, 0.9208214282989502]",False,"[0.4894360601902008, 0.23370689153671265, 0.029999999329447746]","[[0.30260682106018066, 0.3809616267681122, 0.005713740363717079, 0.07999938726425171, 0.6843169331550598, -0.2831707298755646, 0.02998892404139042, 4.482986332732253e-05, 6.2046406128501985e-06, -0.055575836449861526]]","[-0.10423298925161362, -2.2687344551086426, 2.705198287963867, 6.024077415466309, 1.2683379650115967, 0.2473478615283966]","[[-0.03089003637433052, 0.02100558951497078, -0.026572881266474724]]","[1, 30]",8.685431615,-0.5523957014083862,16.0,2913.0,1748233140.8545735,38.0,
"[[0.045599378645420074, 0.04650361090898514, -0.0295390821993351]]",2921,"[0.6843106150627136, -0.283171147108078, 0.02998892404139042]","[0.9119720458984375, 0.9300709962844849, -0.5907816290855408, 0.9256308078765869]",False,"[0.4894360601902008, 0.23370689153671265, 0.029999999329447746]","[[0.30635765194892883, 0.4165744185447693, 0.001110253157094121, 0.06228356063365936, 0.6843106150627136, -0.283171147108078, 0.02998892404139042, 4.4829790567746386e-05, 6.204651981533971e-06, -0.05561640486121178]]","[-0.09274836629629135, -4.330086708068848, 2.8220267295837402, 11.889266014099121, 3.962301254272461, -0.1651383489370346]","[[0.0455939844250679, 0.04642976075410843, -0.02819027192890644]]","[1, 30]",8.685721202,-0.5523938536643982,16.0,2921.0,1748233140.8726337,46.0,
"[[0.043621670454740524, 0.040736861526966095, -0.0384024977684021]]",2923,"[0.6843090653419495, -0.28317123651504517, 0.02998892404139042]","[0.8724179267883301, 0.814736008644104, -0.768049955368042, 0.9530239105224609]",False,"[0.4894360601902008, 0.23370689153671265, 0.029999999329447746]","[[0.3064461648464203, 0.4171190559864044, 0.0006641875370405614, 0.061622753739356995, 0.6843090653419495, -0.28317123651504517, 0.02998892404139042, 4.482977237785235e-05, 6.204654710018076e-06, -0.05562654882669449]]","[-0.4796442687511444, -4.686004161834717, 2.5087058544158936, 12.895936965942383, 4.8918867111206055, -0.47790032625198364]","[[0.043528567999601364, 0.040238089859485626, -0.03829560428857803]]","[1, 30]",8.689608911,-0.5523934364318848,16.0,2923.0,1748233140.8770254,48.0,
"[[0.023532772436738014, 0.04992818087339401, -0.04706435650587082]]",2928,"[0.6094253063201904, 0.021190987899899483, 0.02998984232544899]","[0.47064828872680664, 0.9985909461975098, -0.9412888884544373, 0.5700399875640869]",False,"[0.6486095190048218, 0.28068122267723083, 0.029999999329447746]","[[0.6463376879692078, 0.015796037390828133, 0.05385575070977211, 0.07936916500329971, 0.6094253063201904, 0.021190987899899483, 0.02998984232544899, -3.487149569991743e-06, 1.7857651073427405e-06, -2.62681223830441e-05]]","[0.056677259504795074, -0.027732178568840027, 0.006557118147611618, -0.020909182727336884, -0.017267949879169464, -0.005009159445762634]","[[-0.002758776769042015, 0.007477831095457077, -0.036018844693899155]]","[1, 30]",8.698652831,-0.2624320685863495,17.0,2928.0,1748233140.8862953,3.0,
"[[-0.007845181971788406, 0.030690494924783707, 0.009573044255375862]]",2930,"[0.6103193759918213, 0.025524161756038666, 0.03126448020339012]","[-0.14105594158172607, 0.6827478408813477, 0.21428942680358887, -0.10152328014373779]",False,"[0.6486095190048218, 0.28068122267723083, 0.029999999329447746]","[[0.6261591911315918, 0.03507537767291069, 0.02945946343243122, 0.07169581204652786, 0.6103193759918213, 0.025524161756038666, 0.03126448020339012, -0.04344066232442856, 3.985050625487929e-06, 0.05602564662694931]]","[0.22643597424030304, 0.06600061058998108, -0.2464800924062729, 0.14660179615020752, -0.08591724187135696, -0.021670743823051453]","[[-0.002964514773339033, 0.03386721387505531, 0.004161067306995392]]","[1, 30]",8.702942835,-0.2580171823501587,17.0,2930.0,1748233140.8906035,5.0,
"[[0.024760831147432327, 0.0292741060256958, 0.03334379196166992]]",2938,"[0.6440569758415222, 0.10457973182201385, 0.030484631657600403]","[0.7161388397216797, 0.884629487991333, 0.664803147315979, -0.7962110638618469]",False,"[0.6486095190048218, 0.28068122267723083, 0.029999999329447746]","[[0.6504266858100891, 0.11619438230991364, 0.03295653685927391, 0.054144516587257385, 0.6440569758415222, 0.10457973182201385, 0.030484631657600403, -0.016628962010145187, 9.518666956864763e-06, 0.011334437876939774]]","[-0.0405140146613121, 0.29949480295181274, -0.34641191363334656, 0.2974992096424103, -0.6376270651817322, 0.3201848268508911]","[[0.02478020265698433, 0.029001250863075256, 0.033443059772253036]]","[1, 30]",8.725767336,-0.176160991191864,17.0,2938.0,1748233140.9128485,13.0,
"[[-0.013243145309388638, 0.042239341884851456, 0.017918316647410393]]",2951,"[0.7045889496803284, 0.23929832875728607, 0.03536876663565636]","[-0.30621659755706787, 0.9527603387832642, 0.3488936424255371, -0.3010571002960205]",False,"[0.6486095190048218, 0.28068122267723083, 0.029999999329447746]","[[0.7211609482765198, 0.2547576129436493, 0.035841599106788635, 0.05405460298061371, 0.7045889496803284, 0.23929832875728607, 0.03536876663565636, -0.2009926289319992, 0.00021956991986371577, 0.14020468294620514]]","[0.24739734828472137, -1.2446538209915161, 2.0165114402770996, 3.256941080093384, -0.2690710723400116, 0.579757571220398]","[[-0.013806170783936977, 0.04327975586056709, 0.01748397760093212]]","[1, 30]",8.769209569000001,-0.06982164084911346,17.0,2951.0,1748233140.9429963,26.0,
"[[0.01726113073527813, -0.0009016573312692344, 0.02957974188029766]]",2959,"[0.6993045210838318, 0.26116472482681274, 0.029965346679091454]","[0.35365188121795654, -0.011877179145812988, 0.5774996280670166, -0.5169833302497864]",False,"[0.6486095190048218, 0.28068122267723083, 0.029999999329447746]","[[0.7176178693771362, 0.2741064727306366, 0.03536297380924225, 0.05655958130955696, 0.6993045210838318, 0.26116472482681274, 0.029965346679091454, 0.0008222759934142232, 1.5319837984861806e-05, 0.011752481572329998]]","[-0.03050144575536251, -1.8955588340759277, 2.529632568359375, 5.075331687927246, 0.6660411953926086, 0.3635011315345764]","[[0.016339285299181938, 0.0005679547903127968, 0.029049739241600037]]","[1, 30]",8.812938814,-0.05432195961475372,17.0,2959.0,1748233140.963474,34.0,
"[[0.01352717261761427, -0.009411615319550037, 0.02407832443714142]]",2961,"[0.702278196811676, 0.2616501748561859, 0.029988955706357956]","[0.30441439151763916, -0.18633508682250977, 0.4816383123397827, -0.3145427107810974]",False,"[0.6486095190048218, 0.28068122267723083, 0.029999999329447746]","[[0.7229978442192078, 0.26406431198120117, 0.03539719805121422, 0.05340609326958656, 0.702278196811676, 0.2616501748561859, 0.029988955706357956, 4.216028537484817e-05, 2.9480688681360334e-06, -0.010920054279267788]]","[0.00482884980738163, -2.0761923789978027, 2.637627363204956, 5.507534503936768, 1.0637519359588623, 0.2935855984687805]","[[0.01230205874890089, -0.00428579468280077, 0.02408934384584427]]","[1, 30]",8.81300663,-0.05694299563765526,17.0,2961.0,1748233140.9688993,36.0,
"[[0.017448414117097855, -0.0005939453840255737, 0.024791261181235313]]",2967,"[0.7085698843002319, 0.2558845579624176, 0.02998983860015869]","[0.3498575687408447, -0.013172924518585205, 0.49582862854003906, 0.6501868963241577]",False,"[0.6486095190048218, 0.28068122267723083, 0.029999999329447746]","[[0.7519679665565491, 0.2377500683069229, 0.07618913054466248, 0.08000798523426056, 0.7085698843002319, 0.2558845579624176, 0.02998983860015869, 4.004789104783413e-07, -4.950613401888404e-06, -0.18128985166549683]]","[0.21943633258342743, -3.3715829849243164, 2.8783936500549316, 9.032313346862793, 2.4870963096618652, 0.07531487941741943]","[[0.010575998574495316, 0.002062365412712097, 0.005479520186781883]]","[1, 30]",8.813214405,-0.06488541513681412,17.0,2967.0,1748233140.9827254,42.0,
"[[-0.03687180206179619, -0.03882606327533722, -0.017158612608909607]]",2980,"[0.4024694561958313, -0.23328016698360443, 0.02998914197087288]","[-0.7374533414840698, -0.776512622833252, -0.34316790103912354, 0.5714293718338013]",False,"[0.690531849861145, 0.03782622888684273, 0.029999999329447746]","[[0.4493029713630676, -0.24230128526687622, 0.11014366149902344, 0.07999718189239502, 0.4024694561958313, -0.23328016698360443, 0.02998914197087288, 2.866853537852876e-05, -1.3420925704110687e-08, -1.865886770247016e-05]]","[0.15961892902851105, 0.054124847054481506, 0.040748897939920425, -0.012355446815490723, 0.005045197904109955, -0.03155753016471863]","[[-0.006083380430936813, -0.0033947527408599854, -0.004045246168971062]]","[1, 30]",8.856934744,-0.39557379484176636,18.0,2980.0,1748233141.0055068,5.0,
"[[-0.008228308521211147, 0.020390648394823074, -0.02308846078813076]]",2981,"[0.4024694561958313, -0.23327948153018951, 0.029989834874868393]","[-0.16456615924835205, 0.40782666206359863, -0.46175533533096313, 0.7248833179473877]",False,"[0.690531849861145, 0.03782622888684273, 0.029999999329447746]","[[0.4404033422470093, -0.2321835309267044, 0.09059365093708038, 0.07999991625547409, 0.4024694561958313, -0.23327948153018951, 0.029989834874868393, 5.534222964342916e-06, 1.1466226561708103e-14, -1.8776507204165682e-05]]","[0.165451318025589, 0.10977721959352493, 0.051974620670080185, -0.005544751882553101, 0.034043677151203156, -0.020146861672401428]","[[0.0006713205948472023, 0.010273579508066177, -0.003537757322192192]]","[1, 30]",8.85697045,-0.39557331800460815,18.0,2981.0,1748233141.0072732,6.0,
"[[-0.020330015569925308, 0.0043991804122924805, -0.03152557834982872]]",2983,"[0.4024694561958313, -0.23327931761741638, 0.029989993199706078]","[-0.40660029649734497, 0.08798420429229736, -0.6305110454559326, 0.756129264831543]",False,"[0.690531849861145, 0.03782622888684273, 0.029999999329447746]","[[0.4122094213962555, -0.22973354160785675, 0.0499519519507885, 0.07999996840953827, 0.4024694561958313, -0.23327931761741638, 0.029989993199706078, 2.111135017912602e-07, -1.0132257255435206e-09, -1.8863773220800795e-05]]","[0.1026904508471489, 0.2046034038066864, 0.06793457269668579, 0.012986566871404648, 0.09763537347316742, 0.017329096794128418]","[[-0.00512111559510231, 0.0007894188165664673, -0.007229063659906387]]","[1, 30]",8.857038786,-0.3955731987953186,18.0,2983.0,1748233141.0110042,8.0,
"[[-0.02084054984152317, 0.021201083436608315, -0.0020050685852766037]]",2986,"[0.39901185035705566, -0.22737161815166473, 0.029980076476931572]","[-0.4820840358734131, 0.5319010019302368, -0.04029303789138794, 0.046427249908447266]",False,"[0.690531849861145, 0.03782622888684273, 0.029999999329447746]","[[0.3819623589515686, -0.21135176718235016, 0.027441808953881264, 0.08008935302495956, 0.39901185035705566, -0.22737161815166473, 0.029980076476931572, 0.0003273292677477002, 2.2616466139879776e-06, -0.13296997547149658]]","[-0.12579858303070068, 0.3048864006996155, 0.11855189502239227, 0.022928155958652496, 0.10863756388425827, 0.09533552825450897]","[[-0.0074510518461465836, 0.01843670941889286, -0.0024527814239263535]]","[1, 30]",8.857147167,-0.3940987288951874,18.0,2986.0,1748233141.0176873,11.0,
"[[0.035042960196733475, 0.024815432727336884, 0.04658907279372215]]",2991,"[0.4269379675388336, -0.158917635679245, 0.029984889551997185]","[0.966200590133667, 0.8555997610092163, 0.9317150115966797, -0.8892785906791687]",False,"[0.690531849861145, 0.03782622888684273, 0.029999999329447746]","[[0.41966512799263, -0.14418408274650574, 0.03280949220061302, 0.05061372369527817, 0.4269379675388336, -0.158917635679245, 0.029984889551997185, -0.0007108487188816071, -0.0008768696570768952, -0.05598333850502968]]","[-0.31108710169792175, 0.32422852516174316, 0.6217261552810669, -0.2141970992088318, -0.7963125109672546, 0.43282365798950195]","[[0.034998346120119095, 0.025797568261623383, 0.04643084853887558]]","[1, 30]",8.857319055,-0.328922301530838,18.0,2991.0,1748233141.0294669,16.0,
"[[0.031925078481435776, 0.012671912088990211, 0.04784084111452103]]",2996,"[0.5057552456855774, -0.021865418180823326, 0.029968446120619774]","[0.9912292957305908, 0.8419809341430664, 0.9558727741241455, -0.9333217144012451]",False,"[0.690531849861145, 0.03782622888684273, 0.029999999329447746]","[[0.49774086475372314, -0.010700482875108719, 0.03304453194141388, 0.05442172288894653, 0.5057552456855774, -0.021865418180823326, 0.029968446120619774, -0.0008332261932082474, -0.0015508326468989253, -0.0003458056889940053]]","[-0.024813314899802208, -0.027730464935302734, 1.3505773544311523, 0.3856848478317261, -0.8275480270385742, 0.5752576589584351]","[[0.032205190509557724, 0.0115877166390419, 0.04759244993329048]]","[1, 30]",8.857492416,-0.1941790133714676,18.0,2996.0,1748233141.0427153,21.0,
"[[0.032632242888212204, 0.014645863324403763, 0.046977415680885315]]",2998,"[0.540126383304596, 0.026691177859902382, 0.02994205616414547]","[0.993783712387085, 0.7483206987380981, 0.9399095773696899, -0.9320322871208191]",False,"[0.690531849861145, 0.03782622888684273, 0.029999999329447746]","[[0.5324312448501587, 0.04133268818259239, 0.033423926681280136, 0.053405266255140305, 0.540126383304596, 0.026691177859902382, 0.02994205616414547, -0.0005548353656195104, -0.0021525972988456488, 0.004261144436895847]]","[0.05686459690332413, -0.21717500686645508, 1.618758201599121, 0.9190691113471985, -0.6406345963478088, 0.5441566109657288]","[[0.03301842138171196, 0.012422773987054825, 0.04680873453617096]]","[1, 30]",8.860782319,-0.15081709623336792,18.0,2998.0,1748233141.047911,23.0,
"[[0.036030735820531845, -0.0508192740380764, 0.04220061004161835]]",3003,"[0.6205763816833496, 0.10791587829589844, 0.030035478994250298]","[0.990339994430542, -0.9536435604095459, 0.8450582027435303, -0.7719483375549316]",False,"[0.690531849861145, 0.03782622888684273, 0.029999999329447746]","[[0.6171510219573975, 0.09145896881818771, 0.03330470621585846, 0.05019582435488701, 0.6205763816833496, 0.10791587829589844, 0.030035478994250298, 0.0015185109805315733, 2.308306420673034e-06, 0.015289539471268654]]","[0.0722755566239357, -0.8056451082229614, 2.266481876373291, 2.163867950439453, -0.2694564163684845, 0.6286069750785828]","[[0.03422292694449425, -0.051612596958875656, 0.042610082775354385]]","[1, 30]",8.905254821,-0.09902691096067429,18.0,3003.0,1748233141.0606532,28.0,
"[[0.03126130253076553, 0.009324800223112106, 0.03895633667707443]]",3027,"[0.4430100619792938, -0.06248783320188522, 0.03145967423915863]","[0.8641464710235596, 0.742088794708252, 0.7766382694244385, -0.6892115473747253]",False,"[0.6807255148887634, 0.2804599404335022, 0.029999999329447746]","[[0.43185850977897644, -0.04958926513791084, 0.04925478994846344, 0.05491691455245018, 0.4430100619792938, -0.06248783320188522, 0.03145967423915863, -0.05032225325703621, -4.597567021846771e-05, -0.04082672670483589]]","[0.173137366771698, -0.5132588148117065, 0.939075231552124, 1.948861837387085, -1.3733704090118408, 0.595240592956543]","[[0.031673140823841095, 0.011012107133865356, 0.038813963532447815]]","[1, 30]",8.949240532,-0.4172815978527069,19.0,3027.0,1748233141.1124222,19.0,
"[[0.03322963789105415, 0.02079416811466217, 0.0454355925321579]]",3037,"[0.617057204246521, 0.21723826229572296, 0.029966961592435837]","[0.9955129623413086, 0.9543120861053467, 0.9066998958587646, -0.8851298093795776]",False,"[0.6807255148887634, 0.2804599404335022, 0.029999999329447746]","[[0.6071822643280029, 0.23048438131809235, 0.04941901937127113, 0.055012259632349014, 0.617057204246521, 0.21723826229572296, 0.029966961592435837, -0.0007323467871174216, -0.001484638312831521, -0.0020101130940020084]]","[0.25881317257881165, -1.3418612480163574, 2.1659605503082275, 3.473304510116577, -0.24318274855613708, 0.596771776676178]","[[0.033819545060396194, 0.020921871066093445, 0.045295823365449905]]","[1, 30]",8.954100563,-0.0897253155708313,19.0,3037.0,1748233141.1410441,29.0,
"[[0.015513467602431774, 0.047651831060647964, -0.03575470298528671]]",3044,"[0.6670281887054443, 0.17635256052017212, 0.029989933595061302]","[0.3102705478668213, 0.9530351161956787, -0.7150922417640686, 0.9823533296585083]",False,"[0.5250517129898071, -0.1237403005361557, 0.029999999329447746]","[[0.6678062677383423, 0.1469855159521103, 0.0736379474401474, 0.07998699694871902, 0.6670281887054443, 0.17635256052017212, 0.029989933595061302, 7.230345886455325e-07, 2.0963657334505115e-06, 3.1723102438263595e-05]]","[0.12524941563606262, 0.004384912550449371, 0.02613486722111702, -0.018110007047653198, -0.016252346336841583, -0.03208974003791809]","[[0.014271545223891735, 0.008461054414510727, 0.010178335011005402]]","[1, 30]",8.967193862,-0.3319835066795349,20.0,3044.0,1748233141.155105,4.0,
"[[0.012941784225404263, -0.04841405153274536, -0.030797582119703293]]",3062,"[0.6596567630767822, 0.1115754023194313, 0.02999064140021801]","[0.273276686668396, -0.9691113233566284, -0.615885853767395, -0.815811038017273]",False,"[0.5250517129898071, -0.1237403005361557, 0.029999999329447746]","[[0.6717821359634399, 0.09400197118520737, 0.022630497813224792, 0.048789747059345245, 0.6596567630767822, 0.1115754023194313, 0.02999064140021801, 1.9235743820900097e-05, 1.264985985471867e-05, 0.03163081035017967]]","[0.25724703073501587, -0.18736806511878967, 1.4801528453826904, 1.0402636528015137, -0.7078837752342224, 0.5843883752822876]","[[0.006281799636781216, -0.04881615191698074, -0.028749557211995125]]","[1, 30]",9.011585354,-0.27109408378601074,20.0,3062.0,1748233141.198722,22.0,
"[[-0.03868027776479721, -0.045323196798563004, -0.037106722593307495]]",3068,"[0.6642893552780151, 0.09356791526079178, 0.029989974573254585]","[-0.7815937399864197, -0.9675793647766113, -0.7421343326568604, -0.9118028879165649]",False,"[0.5250517129898071, -0.1237403005361557, 0.029999999329447746]","[[0.6745235919952393, 0.07771100103855133, 0.023290129378437996, 0.04912940785288811, 0.6642893552780151, 0.09356791526079178, 0.029989974573254585, 1.8677197886063368e-06, -4.926395718030108e-07, 0.06569014489650726]]","[0.20157770812511444, -0.8646321296691895, 2.101053237915039, 2.2789790630340576, -0.2438557744026184, 0.6087818145751953]","[[-0.03827371448278427, -0.04287825897336006, -0.036229901015758514]]","[1, 30]",9.053101511,-0.2580891251564026,20.0,3068.0,1748233141.2147236,28.0,
"[[0.20585820078849792, 0.21377091109752655, 0.006257178261876106]]",3089,"[0.46007028222084045, -0.27946653962135315, 0.029999999329447746]","[0.21478545665740967, -0.45729029178619385, 0.12534856796264648, 0.42371857166290283]",True,"[0.4735483229160309, 0.11374413222074509, 0.029999999329447746]","[[0.6384396553039551, -2.194472251484947e-12, 0.19740013778209686, 0, 0.46007028222084045, -0.27946653962135315, 0.029999999329447746, 0, 0, 0]]","[-0.42979106307029724, -4.660816192626953, 3.014328718185425, 12.729692459106445, 5.02925968170166, -0.4568886160850525]","[[-0.11845510452985764, -0.2593647539615631, -0.16429366171360016]]","[1, 30]",9.097444764,-0.15323862433433533,20.0,3089.0,1748233141.2644513,49.0,
"[[-0.013308423571288586, -0.00913971196860075, 0.020724216476082802]]",3098,"[0.529007613658905, 0.0028876664582639933, 0.02999001182615757]","[-0.27205026149749756, -0.21097087860107422, 0.41448473930358887, -0.15012335777282715]",False,"[0.508921205997467, -0.15749101340770721, 0.029999999329447746]","[[0.5319368243217468, -0.0036770650185644627, 0.029511569067835808, 0.06647543609142303, 0.529007613658905, 0.0028876664582639933, 0.02999001182615757, 6.885097150188813e-07, 3.076560517456528e-07, 0.007145346608012915]]","[0.10264664888381958, 0.20464342832565308, 0.06785297393798828, 0.013044767081737518, 0.0976443737745285, 0.01734904944896698]","[[0.0014199437573552132, -0.002183872275054455, 0.013444878160953522]]","[1, 30]",9.097892713,-0.16163162887096405,21.0,3098.0,1748233141.2817292,8.0,
"[[-0.043403465300798416, -0.042414989322423935, -0.04703647643327713]]",3119,"[0.5817789435386658, -0.11677568405866623, 0.03037220984697342]","[-0.8680323362350464, -0.8499791622161865, -0.9389763474464417, -0.959125816822052]",False,"[0.508921205997467, -0.15749101340770721, 0.029999999329447746]","[[0.5777742862701416, -0.1336875855922699, 0.023055316880345345, 0.052494268864393234, 0.5817789435386658, -0.11677568405866623, 0.03037220984697342, 0.012814924120903015, -6.86094062984921e-06, 0.06140629202127457]]","[-0.07289149612188339, -1.0738677978515625, 2.287184238433838, 2.740032434463501, -0.19752246141433716, 0.5948647260665894]","[[-0.0434238500893116, -0.04229625687003136, -0.04709120839834213]]","[1, 30]",9.149440629,-0.08346332609653473,21.0,3119.0,1748233141.3363843,29.0,
"[[-0.03650307655334473, -0.041906822472810745, 0.0031200877856463194]]",3127,"[0.5743951797485352, -0.1264648288488388, 0.02999059483408928]","[-0.8862090110778809, -0.9415565729141235, 0.05771064758300781, -0.4646068811416626]",False,"[0.508921205997467, -0.15749101340770721, 0.029999999329447746]","[[0.5543266534805298, -0.14563024044036865, 0.026052193716168404, 0.04892297089099884, 0.5743951797485352, -0.1264648288488388, 0.02999059483408928, 1.8176264347857796e-05, 1.4173998579281033e-06, 0.11598467081785202]]","[-0.19604285061359406, -2.203366279602051, 2.806206703186035, 5.865987300872803, 1.1720117330551147, 0.27306893467903137]","[[-0.023897945880889893, -0.04134413227438927, 0.0018386680167168379]]","[1, 30]",9.170655288,-0.07245319336652756,21.0,3127.0,1748233141.3579886,37.0,
"[[-0.03309262543916702, -0.03522530198097229, 0.01724524423480034]]",3133,"[0.5591772794723511, -0.14363636076450348, 0.02998919039964676]","[-0.6618548631668091, -0.7045191526412964, 0.34488916397094727, 0.5609614849090576]",False,"[0.508921205997467, -0.15749101340770721, 0.029999999329447746]","[[0.4167613685131073, -0.2933531403541565, 0.030413709580898285, 0.07999933511018753, 0.5591772794723511, -0.14363636076450348, 0.02998919039964676, 3.548775566741824e-05, 6.22539710093406e-06, 0.447602242231369]]","[0.02314070798456669, -3.69230318069458, 2.92689847946167, 9.909819602966309, 2.8452229499816895, -0.011664390563964844]","[[-0.007396973669528961, -0.007485389709472656, 0.008344883099198341]]","[1, 30]",9.181706675,-0.052130840718746185,21.0,3133.0,1748233141.369744,43.0,
"[[0.013464147225022316, -0.03778844699263573, 0.016426468268036842]]",3138,"[0.5591749548912048, -0.14363625645637512, 0.029989007860422134]","[0.26927340030670166, -0.7557680606842041, 0.32852935791015625, 0.3670457601547241]",False,"[0.508921205997467, -0.15749101340770721, 0.029999999329447746]","[[0.3392879068851471, -0.4487435817718506, 0.07993517071008682, 0.07999923080205917, 0.5591749548912048, -0.14363625645637512, 0.029989007860422134, 4.158751471550204e-05, 6.226772256923141e-06, 0.44759202003479004]]","[-0.5854328274726868, -4.736052513122559, 2.7033183574676514, 13.007823944091797, 5.072664737701416, -0.5118184685707092]","[[0.006032640114426613, -0.011916380375623703, 0.005508968606591225]]","[1, 30]",9.190385769,-0.0521286278963089,21.0,3138.0,1748233141.3782601,48.0,
"[[0.04125813767313957, 0.012506844475865364, -0.049974553287029266]]",3140,"[0.5252377986907959, 0.0928981751203537, 0.029987357556819916]","[0.8252092599868774, 0.2501528263092041, -0.9997439384460449, 0.9873180389404297]",False,"[0.6031607389450073, -0.07101267576217651, 0.029999999329447746]","[[0.6740480065345764, 0.010056452825665474, 0.18571972846984863, 0.0702742412686348, 0.5252377986907959, 0.0928981751203537, 0.029987357556819916, -1.6662395864841528e-05, -7.380306487902999e-05, 7.399258265650133e-06]]","[0.03122313693165779, -0.035865865647792816, -0.04084373638033867, -0.03549332171678543, 0.07735367119312286, 0.2005711942911148]","[[0.0056521110236644745, 0.002451188862323761, -0.038306787610054016]]","[1, 30]",9.193909595,-0.18149037659168243,22.0,3140.0,1748233141.382001,0.0,
"[[0.02166825532913208, 0.031127378344535828, 0.027259020134806633]]",3146,"[0.5257220268249512, 0.09204354137182236, 0.029989872127771378]","[0.4453122615814209, 0.6202661991119385, 0.5451900959014893, -0.6219863891601562]",False,"[0.6031607389450073, -0.07101267576217651, 0.029999999329447746]","[[0.5182657837867737, 0.10090496391057968, 0.023297863081097603, 0.05460164695978165, 0.5257220268249512, 0.09204354137182236, 0.029989872127771378, -3.8314574339892715e-06, -6.404267764992255e-07, 0.003715449944138527]]","[0.16540656983852386, 0.10976874828338623, 0.05204932019114494, -0.00556366890668869, 0.03409242630004883, -0.020144224166870117]","[[0.021034181118011475, 0.009217903017997742, 0.029596567153930664]]","[1, 30]",9.205865857,-0.18051062524318695,22.0,3146.0,1748233141.3932195,6.0,
"[[0.03427327796816826, 0.0018751949537545443, 0.016861576586961746]]",3147,"[0.5269872546195984, 0.09390465170145035, 0.02998996712267399]","[0.7107701301574707, 0.07472610473632812, 0.33723342418670654, -0.006769299507141113]",False,"[0.6031607389450073, -0.07101267576217651, 0.029999999329447746]","[[0.5288699269294739, 0.098526731133461, 0.024237362667918205, 0.056761037558317184, 0.5269872546195984, 0.09390465170145035, 0.02998996712267399, -7.749213182250969e-07, -6.152135938464198e-07, 0.005934408865869045]]","[0.14395688474178314, 0.16042962670326233, 0.06481489539146423, 0.0007318779826164246, 0.066291943192482, -0.002593591809272766]","[[0.02493436262011528, 0.006114537827670574, 0.015922171995043755]]","[1, 30]",9.208278064,-0.18165937066078186,22.0,3147.0,1748233141.3956072,7.0,
"[[0.02047072723507881, -0.028185740113258362, 0.04303751140832901]]",3157,"[0.5238496661186218, 0.006626529153436422, 0.031124774366617203]","[0.4450819492340088, -0.970669150352478, 0.8610625267028809, -0.7111483812332153]",False,"[0.6031607389450073, -0.07101267576217651, 0.029999999329447746]","[[0.5276690721511841, -0.003817315213382244, 0.03343929350376129, 0.05560696870088577, 0.5238496661186218, 0.006626529153436422, 0.031124774366617203, 0.0386124812066555, 2.875223117371206e-06, 0.029614515602588654]]","[-0.1553228348493576, 0.15388821065425873, 0.26891204714775085, 0.4751812517642975, -0.986825704574585, 0.44362324476242065]","[[0.02039717510342598, -0.028555497527122498, 0.04299824312329292]]","[1, 30]",9.268866253,-0.11099261790513992,22.0,3157.0,1748233141.420241,17.0,
"[[0.026572037488222122, -0.02634110115468502, 0.044765301048755646]]",3158,"[0.5272940993309021, -0.01584065705537796, 0.030985699966549873]","[0.6003293991088867, -0.9761657118797302, 0.8925244808197021, -0.6887878179550171]",False,"[0.6031607389450073, -0.07101267576217651, 0.029999999329447746]","[[0.5313925743103027, -0.026244638487696648, 0.03320121765136719, 0.05583082512021065, 0.5272940993309021, -0.01584065705537796, 0.030985699966549873, 0.03376919776201248, 9.137716006080154e-06, 0.011796077713370323]]","[-0.1039704754948616, 0.17554710805416107, 0.20818021893501282, 0.4995119571685791, -1.6192957162857056, 0.6470891833305359]","[[0.026292968541383743, -0.026380963623523712, 0.04486430063843727]]","[1, 30]",9.268903021,-0.09381190687417984,22.0,3158.0,1748233141.4231074,18.0,
"[[0.0492071807384491, 0.04992970451712608, -0.0498126819729805]]",3162,"[0.42886510491371155, -0.08307519555091858, 0.0299898199737072]","[0.9841418266296387, 0.9985940456390381, -0.9964572787284851, 0.850578784942627]",False,"[0.631247341632843, -0.00772858876734972, 0.029999999329447746]","[[0.6800203323364258, 0.025085845962166786, 0.1885698288679123, 0.0702737495303154, 0.42886510491371155, -0.08307519555091858, 0.0299898199737072, -3.3503115446364973e-06, -1.0719993042584974e-05, -3.5290004234411754e-06]]","[0.031228283420205116, -0.036004483699798584, -0.040873315185308456, -0.0356299951672554, 0.07730570435523987, 0.20066535472869873]","[[0.0076264142990112305, 0.024843858554959297, -0.040992554277181625]]","[1, 30]",9.269041688,-0.21595297753810883,23.0,3162.0,1748233141.432561,0.0,
"[[-0.039723772555589676, -0.019000675529241562, -0.02904277667403221]]",3167,"[0.42886629700660706, -0.08307582885026932, 0.02998998574912548]","[-0.7944736480712891, -0.38001394271850586, -0.5808544158935547, 0.7912683486938477]",False,"[0.631247341632843, -0.00772858876734972, 0.029999999329447746]","[[0.44789037108421326, -0.0903155580163002, 0.09123174846172333, 0.07797537744045258, 0.42886629700660706, -0.08307582885026932, 0.02998998574912548, -2.8692317965983705e-10, -4.893209961664979e-07, -1.5500329027418047e-05]]","[0.15961232781410217, 0.054153844714164734, 0.040694039314985275, -0.012299194931983948, 0.005066931247711182, -0.03153762221336365]","[[-0.02459152415394783, -0.0010589249432086945, -0.031130485236644745]]","[1, 30]",9.269219187000001,-0.2159520834684372,23.0,3167.0,1748233141.4408762,5.0,
"[[0.03275543078780174, -0.0009320434182882309, 0.0477491170167923]]",3180,"[0.506916880607605, 0.05793096870183945, 0.030050555244088173]","[0.9828965663909912, 0.43651413917541504, 0.950115442276001, -0.89558345079422]",False,"[0.631247341632843, -0.00772858876734972, 0.029999999329447746]","[[0.4997462034225464, 0.062288470566272736, 0.024282073602080345, 0.052960626780986786, 0.506916880607605, 0.05793096870183945, 0.030050555244088173, -0.00202441425062716, -1.6902325228329573e-07, 0.0023302461486309767]]","[-0.03232883661985397, 0.31388816237449646, 0.4439220726490021, 0.05403739959001541, -1.707516074180603, 0.6703889966011047]","[[0.03322341665625572, 0.007889391854405403, 0.047419071197509766]]","[1, 30]",9.313088622,-0.14060315489768982,23.0,3180.0,1748233141.4730837,18.0,
"[[0.035139527171850204, -0.05367187038064003, 0.044343553483486176]]",3182,"[0.5355878472328186, 0.07902279496192932, 0.030011650174856186]","[0.9593908786773682, -0.9738287925720215, 0.8876153230667114, -0.85617595911026]",False,"[0.631247341632843, -0.00772858876734972, 0.029999999329447746]","[[0.5295096635818481, 0.06427520513534546, 0.02395140379667282, 0.05221975967288017, 0.5355878472328186, 0.07902279496192932, 0.030011650174856186, 0.0007206249865703285, 4.2245690679010295e-07, 0.02005450613796711]]","[-0.05375739187002182, 0.15462106466293335, 0.9475011825561523, 0.2566783130168915, -1.2467920780181885, 0.6626630425453186]","[[0.03381707891821861, -0.054103218019008636, 0.04476810246706009]]","[1, 30]",9.31342761,-0.12913769483566284,23.0,3182.0,1748233141.47849,20.0,
"[[0.03404253348708153, 0.02234146185219288, 0.029945265501737595]]",3202,"[0.43892812728881836, 0.030541636049747467, 0.03045268915593624]","[0.8827470541000366, 0.9299426078796387, 0.6008737087249756, -0.9376558065414429]",False,"[0.4745522439479828, 0.12132912129163742, 0.029999999329447746]","[[0.43348604440689087, 0.044720299541950226, 0.03772904351353645, 0.052849214524030685, 0.43892812728881836, 0.030541636049747467, 0.03045268915593624, -0.01555444672703743, 1.3675087757292204e-05, -0.013583682477474213]]","[-0.14243842661380768, 0.3594874143600464, -0.2771850526332855, 0.20802384614944458, -0.4675242602825165, 0.29328012466430664]","[[0.034274663776159286, 0.02403126284480095, 0.029839957132935524]]","[1, 30]",9.376861549000001,-0.09752768278121948,24.0,3202.0,1748233141.5231903,13.0,
"[[-0.050000350922346115, -0.04999763146042824, 0.049948032945394516]]",3205,"[0.4710009694099426, -0.21801714599132538, 0.02998734824359417]","[-0.9999920725822449, -1, 0.99870765209198, 0.9204671382904053]",False,"[0.6644867062568665, 0.1926908940076828, 0.029999999329447746]","[[0.5937049984931946, -0.02561892196536064, 0.19273705780506134, 0.07027393579483032, 0.4710009694099426, -0.21801714599132538, 0.02998734824359417, -7.362991891568527e-05, 1.7159907656605355e-05, 7.197692411864409e-06]]","[0.03122311644256115, -0.03586535155773163, -0.04084363207221031, -0.03549278527498245, 0.07735385000705719, 0.20057085156440735]","[[-0.005264949053525925, -0.024381078779697418, 0.05459846183657646]]","[1, 30]",9.377009823,-0.4540019929409027,25.0,3205.0,1748233141.5303175,0.0,
"[[-0.04686939716339111, -0.04869440197944641, -0.037852585315704346]]",3206,"[0.4710014760494232, -0.21801967918872833, 0.029989439994096756]","[-0.9373778104782104, -0.9739387035369873, -0.7570099234580994, 0.9658534526824951]",False,"[0.6644867062568665, 0.1926908940076828, 0.029999999329447746]","[[0.5747339129447937, -0.0777844488620758, 0.17771604657173157, 0.07881749421358109, 0.4710014760494232, -0.21801967918872833, 0.029989439994096756, -1.964604507520562e-06, 1.9111661458737217e-05, 1.457249527447857e-05]]","[0.03144044056534767, -0.025824151933193207, -0.019126228988170624, -0.028267167508602142, 0.05357092618942261, 0.13179735839366913]","[[-0.027897804975509644, 0.003468591719865799, -0.022829484194517136]]","[1, 30]",9.377046571,-0.45400407910346985,25.0,3206.0,1748233141.5319726,1.0,
"[[-0.0015467972261831164, -0.03160395845770836, -0.010107998736202717]]",3210,"[0.47100165486335754, -0.21802039444446564, 0.02998999133706093]","[-0.030935943126678467, -0.6320791244506836, -0.20215940475463867, 0.9360896348953247]",False,"[0.6644867062568665, 0.1926908940076828, 0.029999999329447746]","[[0.45637238025665283, -0.22600330412387848, 0.06762657314538956, 0.07999947667121887, 0.47100165486335754, -0.21802039444446564, 0.02998999133706093, 5.400481128958745e-08, 2.3192465903321136e-07, 2.7443524231784977e-05]]","[0.15959522128105164, 0.0541212372481823, 0.040684472769498825, -0.012302257120609283, 0.005049005150794983, -0.03154100477695465]","[[0.0005268185632303357, -0.005865003913640976, -0.003622240386903286]]","[1, 30]",9.377189035,-0.4540046453475952,25.0,3210.0,1748233141.5387847,5.0,
"[[0.01957111433148384, 0.04300827533006668, 0.03413096442818642]]",3213,"[0.467784583568573, -0.21128283441066742, 0.029987193644046783]","[0.3401908874511719, 0.9483910799026489, 0.679357647895813, -0.3585256338119507]",False,"[0.6644867062568665, 0.1926908940076828, 0.029999999329447746]","[[0.4482240378856659, -0.2006206214427948, 0.034380167722702026, 0.0577329657971859, 0.467784583568573, -0.21128283441066742, 0.029987193644046783, 8.907140727387741e-05, 6.064259196136845e-06, -0.16336464881896973]]","[0.1134587898850441, 0.2083517611026764, 0.020237043499946594, 0.035335417836904526, 0.07543669641017914, 0.023956410586833954]","[[0.026270586997270584, 0.04683024436235428, 0.021952969953417778]]","[1, 30]",9.377298779,-0.4493178129196167,25.0,3213.0,1748233141.545182,8.0,
"[[0.03435568884015083, 0.03022944927215576, 0.04935651645064354]]",3223,"[0.5464836359024048, -0.09546583890914917, 0.030351025983691216]","[0.9827730655670166, 0.989640474319458, 0.9867873191833496, -0.7897104024887085]",False,"[0.6644867062568665, 0.1926908940076828, 0.029999999329447746]","[[0.5377841591835022, -0.08209584653377533, 0.03054254688322544, 0.054305706173181534, 0.5464836359024048, -0.09546583890914917, 0.030351025983691216, -0.01210204977542162, 2.7341382065060316e-06, -0.03309819474816322]]","[-0.35322603583335876, -0.004792883992195129, 0.09441636502742767, 1.0623621940612793, -1.595460295677185, 0.5865306854248047]","[[0.03441821411252022, 0.03022889792919159, 0.049356989562511444]]","[1, 30]",9.420901139,-0.3113826513290405,25.0,3223.0,1748233141.570351,18.0,
"[[0.03364970162510872, 0.028278712183237076, 0.04938916116952896]]",3224,"[0.5624675750732422, -0.07447979599237442, 0.03039030358195305]","[0.9926728010177612, 0.9852950572967529, 0.9885687828063965, -0.7476294040679932]",False,"[0.6644867062568665, 0.1926908940076828, 0.029999999329447746]","[[0.5536141991615295, -0.061345964670181274, 0.030574211850762367, 0.054327342659235, 0.5624675750732422, -0.07447979599237442, 0.03039030358195305, -0.013431375846266747, 2.8599438337550964e-06, -0.02735060825943947]]","[-0.2398243099451065, -0.07757723331451416, -0.005811790004372597, 1.2821087837219238, -1.5896446704864502, 0.5477468371391296]","[[0.03380360081791878, 0.02851487323641777, 0.04939677566289902]]","[1, 30]",9.420935052,-0.28598642349243164,25.0,3224.0,1748233141.5729396,19.0,
"[[0.013822364620864391, -0.0025115578901022673, 0.031171157956123352]]",3244,"[0.4830949008464813, 0.07237625122070312, 0.029989363625645638]","[0.27976369857788086, -0.043154001235961914, 0.6234774589538574, -0.3889787197113037]",False,"[0.6696473956108093, 0.24004584550857544, 0.029999999329447746]","[[0.4817196726799011, 0.08360504359006882, 0.026206597685813904, 0.05315987765789032, 0.4830949008464813, 0.07237625122070312, 0.029989363625645638, -4.215889930492267e-06, -1.601475742063485e-05, -0.0016188215231522918]]","[-0.020622340962290764, 0.2829304337501526, 0.02528531104326248, 0.07144687324762344, 0.09726175665855408, 0.06854335963726044]","[[0.015187877230346203, 0.001161086605861783, 0.03037409484386444]]","[1, 30]",9.465010168,-0.25082847476005554,26.0,3244.0,1748233141.617437,10.0,
"[[0.03413865715265274, -0.01759677194058895, 0.04770079255104065]]",3257,"[0.5877569913864136, 0.2727464437484741, 0.0299790408462286]","[0.9886105060577393, -0.09279531240463257, 0.9547210931777954, -0.797735333442688]",False,"[0.6696473956108093, 0.24004584550857544, 0.029999999329447746]","[[0.5887128114700317, 0.2677062451839447, 0.02764611877501011, 0.05420922115445137, 0.5877569913864136, 0.2727464437484741, 0.0299790408462286, -0.00012702539970632643, -0.00024087002384476364, 0.030743256211280823]]","[0.08455211669206619, -0.18432974815368652, 1.2607773542404175, 1.0282844305038452, -1.0274518728256226, 0.6061505675315857]","[[0.031213916838169098, -0.0005131871439516544, 0.04712092503905296]]","[1, 30]",9.46550277,-0.08817803859710693,26.0,3257.0,1748233141.6499445,23.0,
"[[-0.027506792917847633, 0.027699971571564674, -0.011317884549498558]]",3267,"[0.4271281659603119, 0.25860437750816345, 0.02998986653983593]","[-0.5501281023025513, 0.5540083646774292, -0.22635847330093384, 0.2693136930465698]",False,"[0.5806047916412354, 0.06564968079328537, 0.029999999329447746]","[[0.4956887662410736, 0.18400216102600098, 0.11261936277151108, 0.02991950325667858, 0.4271281659603119, 0.25860437750816345, 0.02998986653983593, -5.06667038280284e-06, 2.5504866698611295e-06, 4.337364953244105e-05]]","[0.15961091220378876, 0.0541536808013916, 0.04069193825125694, -0.012297496199607849, 0.0050661638379096985, -0.0315372496843338]","[[-0.012074911966919899, 0.004916349425911903, -0.009148642420768738]]","[1, 30]",9.524880647,-0.24654938280582428,27.0,3267.0,1748233141.670363,5.0,
"[[-0.02354716695845127, 0.027788788080215454, -0.019783228635787964]]",3268,"[0.4271281361579895, 0.2586042881011963, 0.02998996526002884]","[-0.4709439277648926, 0.5557739734649658, -0.3956626057624817, 0.40205371379852295]",False,"[0.5806047916412354, 0.06564968079328537, 0.029999999329447746]","[[0.475894033908844, 0.20616543292999268, 0.09473074972629547, 0.0652371197938919, 0.4271281361579895, 0.2586042881011963, 0.02998996526002884, -7.614357855345588e-07, 3.8308886018967314e-07, 4.3877531425096095e-05]]","[0.16541241109371185, 0.10980848968029022, 0.05195852741599083, -0.005507804453372955, 0.03408106416463852, -0.020119518041610718]","[[-0.0037524644285440445, 0.005625426769256592, -0.001894516870379448]]","[1, 30]",9.524917305,-0.2465493232011795,27.0,3268.0,1748233141.6721427,6.0,
"[[0.010165494866669178, -0.005823946557939053, 0.03692278265953064]]",3272,"[0.4261550307273865, 0.2555030286312103, 0.03006899729371071]","[0.18394255638122559, -0.17744016647338867, 0.7400413751602173, -0.9107848405838013]",False,"[0.5806047916412354, 0.06564968079328537, 0.029999999329447746]","[[0.42758408188819885, 0.23979921638965607, 0.027480266988277435, 0.052017565816640854, 0.4261550307273865, 0.2555030286312103, 0.03006899729371071, -0.0026332223787903786, -9.81239800523781e-09, 0.006096102297306061]]","[-0.03485335409641266, 0.2777373790740967, 0.07485243678092957, 0.040714047849178314, 0.12180997431278229, 0.06458289921283722]","[[0.016397755593061447, -0.0011951988562941551, 0.03204170987010002]]","[1, 30]",9.525055631,-0.24474279582500458,27.0,3272.0,1748233141.6802104,10.0,
"[[0.02783544734120369, -0.03935355320572853, 0.046687908470630646]]",3283,"[0.38618218898773193, 0.04343179613351822, 0.030337398871779442]","[0.5714646577835083, -0.8514471054077148, 0.940985918045044, -0.8687888383865356]",False,"[0.5806047916412354, 0.06564968079328537, 0.029999999329447746]","[[0.39821192622184753, 0.02499018795788288, 0.03054342418909073, 0.04630160704255104, 0.38618218898773193, 0.04343179613351822, 0.030337398871779442, 0.011769555509090424, -4.7352972615044564e-05, 0.012068831361830235]]","[-0.02912881039083004, -0.08114740252494812, 0.623944878578186, 0.8741818070411682, -1.3122237920761108, 0.6210832595825195]","[[0.026144374161958694, -0.0280307624489069, 0.045410580933094025]]","[1, 30]",9.525441135,-0.19568827748298645,27.0,3283.0,1748233141.706853,21.0,
"[[0.019072366878390312, -0.032792992889881134, 0.046441398561000824]]",3284,"[0.3840782940387726, 0.03162415698170662, 0.030985068529844284]","[0.33936941623687744, -0.8920125961303711, 0.9417814016342163, -0.5647927522659302]",False,"[0.5806047916412354, 0.06564968079328537, 0.029999999329447746]","[[0.39232680201530457, 0.01554845180362463, 0.03217320889234543, 0.048396363854408264, 0.3840782940387726, 0.03162415698170662, 0.030985068529844284, 0.03289234638214111, -0.0008782354998402297, 0.07365840673446655]]","[-0.0515415295958519, -0.15839682519435883, 1.0987026691436768, 1.242457389831543, -0.8882631063461304, 0.5433351993560791]","[[0.02285359613597393, -0.03515889495611191, 0.045459285378456116]]","[1, 30]",9.525475389,-0.1994526982307434,27.0,3284.0,1748233141.709271,22.0,
"[[0.045862048864364624, -0.02780032530426979, 0.048663631081581116]]",3285,"[0.3835151493549347, 0.013539469800889492, 0.03070823661983013]","[0.9059780836105347, -0.9177002310752869, 0.967736005783081, -0.8700225949287415]",False,"[0.5806047916412354, 0.06564968079328537, 0.029999999329447746]","[[0.39241883158683777, 0.0007150127203203738, 0.03186206519603729, 0.052337538450956345, 0.3835151493549347, 0.013539469800889492, 0.03070823661983013, 0.02432807721197605, 7.118398934835568e-05, 0.02670242264866829]]","[0.1083998754620552, -0.2588597238063812, 1.0355557203292847, 1.3693875074386597, -0.510219931602478, 0.40841352939605713]","[[0.04520687460899353, -0.031051572412252426, 0.04869794473052025]]","[1, 30]",9.568816566,-0.2038634568452835,27.0,3285.0,1748233141.711947,23.0,
"[[0.02010800875723362, -0.04253397509455681, 0.015834806486964226]]",3314,"[0.5937729477882385, 0.13421039283275604, 0.02998965047299862]","[0.49135255813598633, -0.9123800992965698, 0.31668901443481445, -0.8861023187637329]",False,"[0.6881468296051025, 0.08179941773414612, 0.029999999329447746]","[[0.5970926880836487, 0.11966178566217422, 0.022567059844732285, 0.05131407454609871, 0.5937729477882385, 0.13421039283275604, 0.02998965047299862, 2.8342810765025206e-05, 1.967237585631665e-05, 0.005996303632855415]]","[-0.07077720016241074, 0.30945897102355957, 0.012595634907484055, 0.07043550908565521, 0.041243910789489746, 0.10871503502130508]","[[0.01720407046377659, -0.039944473654031754, 0.016024405136704445]]","[1, 30]",9.621225286,-0.10795063525438309,28.0,3314.0,1748233141.7842858,11.0,
"[[0.19666051864624023, 0.04801733419299126, 0.041088543832302094]]",3320,"[0.47994735836982727, 0.03638995438814163, 0.029999999329447746]","[0.9191446304321289, -0.1785346269607544, 0.8219730854034424, -0.691750168800354]",True,"[0.659361720085144, -0.12166611105203629, 0.029999999329447746]","[[0.6384396553039551, -2.194472251484947e-12, 0.19740013778209686, 0, 0.47994735836982727, 0.03638995438814163, 0.029999999329447746, 0, 0, 0]]","[-0.05520900338888168, 0.33795681595802307, 0.2611068785190582, -0.04158719629049301, -1.6034091711044312, 0.620736300945282]","[[0.042511966079473495, 0.07121054083108902, -0.1330295205116272]]","[1, 30]",9.621447707,-0.0448283776640892,28.0,3320.0,1748233141.8009112,17.0,
"[[-0.04330290108919144, -0.03954653441905975, -0.04510514810681343]]",3322,"[0.40946927666664124, -0.08546373248100281, 0.029989875853061676]","[-0.8660615682601929, -0.7909328937530518, -0.9021033048629761, 0.41768085956573486]",False,"[0.6400777697563171, 0.045588333159685135, 0.029999999329447746]","[[0.5902699828147888, -0.0032369005493819714, 0.18158438801765442, 0.07881761342287064, 0.40946927666664124, -0.08546373248100281, 0.029989875853061676, -2.8357389965094626e-06, 8.34959701023763e-06, 4.22911125497194e-06]]","[0.03140201419591904, -0.025922462344169617, -0.01904461160302162, -0.028402172029018402, 0.053553394973278046, 0.131792351603508]","[[-0.032549209892749786, -0.022250428795814514, -0.03184211999177933]]","[1, 30]",9.621518008,-0.2652449905872345,29.0,3322.0,1748233141.8043642,1.0,
"[[-0.04802523925900459, -0.038495708256959915, -0.023421738296747208]]",3324,"[0.4094689190387726, -0.08546396344900131, 0.029989872127771378]","[-0.9605083465576172, -0.7699163556098938, -0.46843481063842773, 0.28786492347717285]",False,"[0.6400777697563171, 0.045588333159685135, 0.029999999329447746]","[[0.5142999291419983, -0.07064592093229294, 0.11275988072156906, 0.07998247444629669, 0.4094689190387726, -0.08546396344900131, 0.029989872127771378, -2.8357414976198925e-06, 8.476203220197931e-06, 8.820268703857437e-06]]","[0.056679919362068176, -0.027731500566005707, 0.006561007350683212, -0.02090901881456375, -0.017267189919948578, -0.005011364817619324]","[[-0.010928142815828323, -0.008703891187906265, -0.0006142240017652512]]","[1, 30]",9.621599118,-0.2652454376220703,29.0,3324.0,1748233141.8076077,3.0,
"[[-0.04276103898882866, 0.002975219627842307, -0.029460793361067772]]",3326,"[0.4094686210155487, -0.08546409755945206, 0.02998998761177063]","[-0.8552219867706299, 0.05950438976287842, -0.5892148017883301, 0.6686091423034668]",False,"[0.6400777697563171, 0.045588333159685135, 0.029999999329447746]","[[0.44422152638435364, -0.09013062715530396, 0.08849580585956573, 0.07999962568283081, 0.4094686210155487, -0.08546409755945206, 0.02998998761177063, -1.7123763740301e-08, 4.2460638383090554e-07, 9.74189788394142e-06]]","[0.1596105843782425, 0.05415382981300354, 0.04069055989384651, -0.012296229600906372, 0.005066543817520142, -0.03153684735298157]","[[-0.014959853142499924, 0.0017822848167270422, -0.009513704106211662]]","[1, 30]",9.664866488,-0.2652457654476166,29.0,3326.0,1748233141.8112953,5.0,
"[[0.02191886305809021, 0.014858601614832878, 0.03000013530254364]]",3334,"[0.41258448362350464, -0.0519828237593174, 0.029992589727044106]","[0.5028033256530762, 0.4959864616394043, 0.5994400978088379, -0.9730347990989685]",False,"[0.6400777697563171, 0.045588333159685135, 0.029999999329447746]","[[0.40455377101898193, -0.03768472373485565, 0.02943597175180912, 0.054092708975076675, 0.41258448362350464, -0.0519828237593174, 0.029992589727044106, -8.977003744803369e-05, 5.232540729593893e-07, -0.02071872167289257]]","[-0.20430141687393188, 0.35396918654441833, 0.06638437509536743, 0.012739025056362152, -0.24865540862083435, 0.24265123903751373]","[[0.02162948250770569, 0.015667377039790154, 0.029970744624733925]]","[1, 30]",9.665147388,-0.24753448367118835,29.0,3334.0,1748233141.8296003,13.0,
"[[0.03315364196896553, 0.02946992963552475, 0.037964291870594025]]",3335,"[0.4187294840812683, -0.03854081779718399, 0.030092719942331314]","[0.7859728336334229, 0.858238697052002, 0.7612884044647217, -0.9853945374488831]",False,"[0.6400777697563171, 0.045588333159685135, 0.029999999329447746]","[[0.4110318720340729, -0.025080755352973938, 0.029427306726574898, 0.0547400526702404, 0.4187294840812683, -0.03854081779718399, 0.030092719942331314, -0.0034301213454455137, 7.909414307505358e-06, -0.04275370389223099]]","[-0.2215479016304016, 0.36415374279022217, 0.1600111424922943, -0.05075892060995102, -0.5388680696487427, 0.32405245304107666]","[[0.03282054141163826, 0.030307967215776443, 0.038073085248470306]]","[1, 30]",9.665181401,-0.23679691553115845,29.0,3335.0,1748233141.832427,14.0,
"[[0.033489324152469635, 0.016675397753715515, 0.04780419170856476]]",3340,"[0.48449820280075073, 0.07895252108573914, 0.030108673498034477]","[0.9880383014678955, 0.9042911529541016, 0.9561622142791748, -0.9548168182373047]",False,"[0.6400777697563171, 0.045588333159685135, 0.029999999329447746]","[[0.47616031765937805, 0.09079471975564957, 0.02939305454492569, 0.05487624555826187, 0.48449820280075073, 0.07895252108573914, 0.030108673498034477, -0.003964648116379976, -5.270305223348259e-07, 0.0032189935445785522]]","[0.03066031076014042, 0.14763501286506653, 0.46497273445129395, 0.38319337368011475, -1.2318583726882935, 0.6036256551742554]","[[0.03351960331201553, 0.01754780486226082, 0.04780947044491768]]","[1, 30]",9.665344974,-0.15911686420440674,29.0,3340.0,1748233141.845333,19.0,
"[[-0.013601250015199184, 0.04971759021282196, -0.04748217761516571]]",3351,"[0.40453797578811646, 0.2137751430273056, 0.02998952567577362]","[-0.2720106840133667, 0.99434494972229, -0.9498530626296997, 0.9991395473480225]",False,"[0.4845335781574249, -0.28597378730773926, 0.029999999329447746]","[[0.6350725293159485, 0.024304423481225967, 0.16887915134429932, 0.07027385383844376, 0.40453797578811646, 0.2137751430273056, 0.02998952567577362, -3.005915914400248e-06, 2.0705629140138626e-05, -2.900113258874626e-06]]","[0.031227674335241318, -0.035987913608551025, -0.040869783610105515, -0.03561364859342575, 0.0773114338517189, 0.20065408945083618]","[[-0.010233408771455288, 0.025412824004888535, -0.01897166669368744]]","[1, 30]",9.720939203,-0.5061109662055969,30.0,3351.0,1748233141.8733857,0.0,
"[[-0.014816546812653542, -0.013743594288825989, -0.011418660171329975]]",3361,"[0.403856098651886, 0.21396851539611816, 0.030203254893422127]","[-0.2991424798965454, -0.2758908271789551, -0.2245587706565857, -0.7497991323471069]",False,"[0.4845335781574249, -0.28597378730773926, 0.029999999329447746]","[[0.3886018395423889, 0.22313982248306274, 0.022613869979977608, 0.054746415466070175, 0.403856098651886, 0.21396851539611816, 0.030203254893422127, 0.007136200554668903, -3.0324215458676917e-06, 0.005553890019655228]]","[-0.025982359424233437, 0.279138445854187, 0.03753966838121414, 0.059891700744628906, 0.10928326845169067, 0.06614692509174347]","[[-0.014637375250458717, -0.008522957563400269, -0.01155316736549139]]","[1, 30]",9.721309109,-0.5064101219177246,30.0,3361.0,1748233141.8941693,10.0,
"[[-0.009789520874619484, -0.03158167749643326, -0.006916828453540802]]",3362,"[0.4037438631057739, 0.21427685022354126, 0.029989847913384438]","[-0.1980351209640503, -0.6254668235778809, -0.14260470867156982, -0.9436049461364746]",False,"[0.4845335781574249, -0.28597378730773926, 0.029999999329447746]","[[0.3882113993167877, 0.20362795889377594, 0.02218891680240631, 0.05605006590485573, 0.4037438631057739, 0.21427685022354126, 0.029989847913384438, -4.9856998884934e-06, -4.181840722594643e-06, 0.009264353662729263]]","[-0.09740681201219559, 0.3115089535713196, 0.041411254554986954, 0.05631420016288757, 0.06544972956180573, 0.10633624345064163]","[[-0.009511316195130348, -0.011761479079723358, -0.0067052822560071945]]","[1, 30]",9.721344294,-0.5067323446273804,30.0,3362.0,1748233141.8970323,11.0,
"[[0.027147900313138962, -0.019917888566851616, 0.03961591422557831]]",3372,"[0.49038389325141907, 0.025885364040732384, 0.02998989447951317]","[0.9001621007919312, -0.9786006212234497, 0.788475751876831, -0.7631909847259521]",False,"[0.4845335781574249, -0.28597378730773926, 0.029999999329447746]","[[0.47549936175346375, 0.01587195321917534, 0.026281537488102913, 0.053915053606033325, 0.49038389325141907, 0.025885364040732384, 0.02998989447951317, 0.0009897042764350772, -0.0009874748066067696, 0.004561866167932749]]","[0.1569286733865738, -0.18274801969528198, 1.1202600002288818, 1.09270179271698, -1.5113654136657715, 0.7258158326148987]","[[0.02740458771586418, -0.020587623119354248, 0.039171431213617325]]","[1, 30]",9.765062019,-0.31191402673721313,30.0,3372.0,1748233141.923929,21.0,
"[[0.03125321492552757, -0.020311612635850906, 0.02044411189854145]]",3373,"[0.5081024765968323, -0.0032496219500899315, 0.029989175498485565]","[0.979435920715332, -0.9889319539070129, 0.40886783599853516, -0.3359851837158203]",False,"[0.4845335781574249, -0.28597378730773926, 0.029999999329447746]","[[0.4937330186367035, -0.014934541657567024, 0.02646084502339363, 0.0547514371573925, 0.5081024765968323, -0.0032496219500899315, 0.029989175498485565, 0.000347848457749933, -0.0003780950210057199, 0.010750342160463333]]","[0.10811043530702591, -0.21171444654464722, 1.0614675283432007, 1.3091875314712524, -0.6713985800743103, 0.4663727283477783]","[[0.030738141387701035, -0.018640102818608284, 0.02026408538222313]]","[1, 30]",9.765096382,-0.28370484709739685,30.0,3373.0,1748233141.9265962,22.0,
"[[-0.041375450789928436, -0.04381054267287254, -0.01409405842423439]]",3390,"[0.6247805953025818, -0.20902128517627716, 0.02999008260667324]","[-0.8475409150123596, -0.8951523303985596, -0.2818632125854492, 0.09589934349060059]",False,"[0.4845335781574249, -0.28597378730773926, 0.029999999329447746]","[[0.6244148015975952, -0.21445250511169434, 0.023241233080625534, 0.06175543740391731, 0.6247805953025818, -0.20902128517627716, 0.02999008260667324, 1.2734361007460393e-05, -1.326161054748809e-05, 0.06864291429519653]]","[-0.09856482595205307, -2.38358736038208, 2.7777535915374756, 6.314249038696289, 1.4059542417526245, 0.2318992167711258]","[[-0.03577708452939987, -0.04885154590010643, -0.014759266749024391]]","[1, 30]",9.809082053000001,-0.15997159481048584,30.0,3390.0,1748233141.9690335,39.0,
"[[-0.03610141575336456, -0.0452464297413826, -0.01850036159157753]]",3391,"[0.6247807145118713, -0.2090212106704712, 0.02998996712267399]","[-0.7220259308815002, -0.9049270749092102, -0.37000954151153564, 0.3151826858520508]",False,"[0.4845335781574249, -0.28597378730773926, 0.029999999329447746]","[[0.6180318593978882, -0.21904808282852173, 0.022981641814112663, 0.07781348377466202, 0.6247807145118713, -0.2090212106704712, 0.02998996712267399, 5.705712737835711e-06, -7.70800488680834e-06, 0.06863763183355331]]","[-0.17344065010547638, -2.5498342514038086, 2.7365782260894775, 6.755763530731201, 1.6755486726760864, 0.13514943420886993]","[[-0.02971835434436798, -0.04065077751874924, -0.01824088580906391]]","[1, 30]",9.809117609,-0.15997174382209778,30.0,3391.0,1748233141.9712796,40.0,
"[[-0.03129464387893677, -0.04572761058807373, -0.021102141588926315]]",3392,"[0.6247804164886475, -0.20902130007743835, 0.029989764094352722]","[-0.6258988380432129, -0.9145539999008179, -0.4220468997955322, 0.4372154474258423]",False,"[0.4845335781574249, -0.28597378730773926, 0.029999999329447746]","[[0.616720974445343, -0.21979764103889465, 0.023054879158735275, 0.07977406680583954, 0.6247804164886475, -0.20902130007743835, 0.029989764094352722, -3.995062343165046e-06, -1.1865371561725624e-05, 0.06862930208444595]]","[-0.08278676122426987, -2.804760694503784, 2.780224323272705, 7.468620300292969, 1.9053997993469238, 0.12570931017398834]","[[-0.02998405694961548, -0.04497814178466797, -0.021175581961870193]]","[1, 30]",9.809151361,-0.1599714308977127,30.0,3392.0,1748233141.9736152,41.0,
"[[-0.038049500435590744, -0.04582996293902397, -0.012721213512122631]]",3396,"[0.623870313167572, -0.2100823074579239, 0.029989656060934067]","[-0.7736285924911499, -0.9312241077423096, -0.25441181659698486, 0.595799446105957]",False,"[0.4845335781574249, -0.28597378730773926, 0.029999999329447746]","[[0.5945667624473572, -0.22524748742580414, 0.022304367274045944, 0.08006890118122101, 0.623870313167572, -0.2100823074579239, 0.029989656060934067, -2.2658524301277794e-07, 1.3393189874477684e-05, 0.10105735063552856]]","[0.10841528326272964, -4.053787708282471, 2.9831972122192383, 10.926422119140625, 3.3175580501556396, -0.08703739941120148]","[[-0.03056136891245842, -0.04429289326071739, -0.012455274350941181]]","[1, 30]",9.809287293,-0.15866392850875854,30.0,3396.0,1748233141.9833536,45.0,
"[[-0.02130628563463688, 0.03604130446910858, -0.034307900816202164]]",3406,"[0.49463576078414917, 0.23937688767910004, 0.029989898204803467]","[-0.4261346459388733, 0.7208257913589478, -0.6861494183540344, 0.5977228879928589]",False,"[0.59054034948349, 0.018798111006617546, 0.029999999329447746]","[[0.5130298137664795, 0.22041042149066925, 0.07232064753770828, 0.0799986869096756, 0.49463576078414917, 0.23937688767910004, 0.029989898204803467, 1.178939168511306e-08, 3.400620244065067e-06, -1.0865713193197735e-05]]","[0.1596037596464157, 0.054130859673023224, 0.040707606822252274, -0.012318514287471771, 0.005049914121627808, -0.031544893980026245]","[[0.0012604203075170517, 0.00800718367099762, 0.004149675369262695]]","[1, 30]",9.852970244,-0.24052585661411285,31.0,3406.0,1748233142.0029416,5.0,
"[[0.011687886901199818, -0.04485417529940605, -0.025721149519085884]]",3428,"[0.6186062097549438, -0.22828148305416107, 0.029989970847964287]","[0.23376011848449707, -0.8970834612846375, -0.514420747756958, 0.9603750705718994]",False,"[0.5823032855987549, -0.12403380125761032, 0.029999999329447746]","[[0.6222057342529297, -0.18313553929328918, 0.0736500546336174, 0.07999994605779648, 0.6186062097549438, -0.22828148305416107, 0.029989970847964287, -1.309478250277607e-07, -9.480726248511928e-07, -2.0733243218273856e-05]]","[0.16541972756385803, 0.10981183499097824, 0.051938410848379135, -0.005500048398971558, 0.03407188504934311, -0.020118698477745056]","[[0.009593320079147816, -0.008128177374601364, 0.0018060039728879929]]","[1, 30]",9.864965068,-0.1103878766298294,32.0,3428.0,1748233142.0526886,6.0,
"[[0.01700316183269024, 0.037867676466703415, -0.03629013150930405]]",3437,"[0.6135545372962952, -0.22209076583385468, 0.03000817820429802]","[0.3408857583999634, 0.7737712860107422, -0.7254364490509033, -0.6002506017684937]",False,"[0.5823032855987549, -0.12403380125761032, 0.029999999329447746]","[[0.6170267462730408, -0.20596998929977417, 0.022524196654558182, 0.04985902085900307, 0.6135545372962952, -0.22209076583385468, 0.03000817820429802, -0.0006076229619793594, 4.800951955985511e-06, -0.016743876039981842]]","[-0.3128356635570526, 0.34624963998794556, 0.45603689551353455, -0.21353554725646973, -0.6259645223617554, 0.3894248604774475]","[[0.010243935510516167, 0.03902911767363548, -0.035819388926029205]]","[1, 30]",9.913045673,-0.10291652381420135,32.0,3437.0,1748233142.0742435,15.0,
"[[-0.08823613822460175, -0.3959294557571411, -0.0475563108921051]]",3443,"[0.6252774000167847, 0.26397591829299927, 0.029999999329447746]","[-0.7960507869720459, 0.9526264667510986, -0.950914204120636, -0.934463381767273]",True,"[0.46939635276794434, -0.15376198291778564, 0.029999999329447746]","[[0.6384396553039551, -2.194472251484947e-12, 0.19740013778209686, 0, 0.6252774000167847, 0.26397591829299927, 0.029999999329447746, 0, 0, 0]]","[-0.07772066444158554, -0.04614138603210449, 1.1854702234268188, 0.5778326988220215, -0.9809485673904419, 0.5971133708953857]","[[-0.10666660964488983, -0.11718890070915222, -0.2215971052646637]]","[1, 30]",9.913251905,-0.04704868048429489,32.0,3443.0,1748233142.0905535,21.0,
"[[-0.01991930603981018, 0.048546984791755676, -0.019884096458554268]]",3449,"[0.4591570496559143, 0.24801626801490784, 0.02998892217874527]","[-0.3984028100967407, 0.9709382057189941, -0.39768195152282715, -0.1313123106956482]",False,"[0.5574394464492798, -0.13463051617145538, 0.029999999329447746]","[[0.5168288350105286, 0.1132567897439003, 0.1314786672592163, 2.600949301267974e-05, 0.4591570496559143, 0.24801626801490784, 0.02998892217874527, 4.484114469960332e-05, 6.188573479448678e-06, -1.932519444380887e-05]]","[0.1596190631389618, 0.05412498861551285, 0.04074862226843834, -0.012355312705039978, 0.0050451382994651794, -0.03155754506587982]","[[-0.0037287771701812744, 0.006306558847427368, -0.003871861845254898]]","[1, 30]",9.913460481,-0.3950670659542084,33.0,3449.0,1748233142.1003675,5.0,
"[[-0.021656258031725883, 0.045616745948791504, -0.03309495747089386]]",3451,"[0.4591558873653412, 0.24801719188690186, 0.029989684000611305]","[-0.4331322908401489, 0.9123551845550537, -0.6618839502334595, 0.4348433017730713]",False,"[0.5574394464492798, -0.13463051617145538, 0.029999999329447746]","[[0.4801785945892334, 0.1900244653224945, 0.0877104103565216, 0.050500478595495224, 0.4591558873653412, 0.24801719188690186, 0.029989684000611305, 1.0519451279833447e-05, -1.4451993379793748e-08, -2.343685264349915e-05]]","[0.143948033452034, 0.1604158878326416, 0.06501775979995728, 0.00062522292137146, 0.06635059416294098, -0.002622932195663452]","[[-0.0034845005720853806, 0.008086666464805603, -0.007237933576107025]]","[1, 30]",9.956878171,-0.3950682580471039,33.0,3451.0,1748233142.1036682,7.0,
"[[-0.013460910879075527, 0.045725494623184204, -0.04218368977308273]]",3452,"[0.4591556787490845, 0.2480175793170929, 0.029989849776029587]","[-0.2692223787307739, 0.9145176410675049, -0.8436704277992249, 0.6883368492126465]",False,"[0.5574394464492798, -0.13463051617145538, 0.029999999329447746]","[[0.47516241669654846, 0.22639432549476624, 0.0609639510512352, 0.06336243450641632, 0.4591556787490845, 0.2480175793170929, 0.029989849776029587, -7.084454267669571e-08, -7.602983259857865e-06, -2.5843946787063032e-05]]","[0.10274867713451385, 0.2046290785074234, 0.06767867505550385, 0.013113357126712799, 0.09753017127513885, 0.017338037490844727]","[[-0.008444941602647305, 0.009356021881103516, -0.015437062829732895]]","[1, 30]",9.956913025,-0.3950686752796173,33.0,3452.0,1748233142.1055558,8.0,
"[[0.02410665899515152, -0.016011487692594528, 0.0297938771545887]]",3468,"[0.6134017705917358, -0.056806571781635284, 0.029988134279847145]","[0.8169097900390625, -0.966588020324707, 0.5960488319396973, 0.02253115177154541]",False,"[0.5574394464492798, -0.13463051617145538, 0.029999999329447746]","[[0.6144534349441528, -0.059091053903102875, 0.03483296558260918, 0.062065497040748596, 0.6134017705917358, -0.056806571781635284, 0.029988134279847145, -1.0109854883921798e-05, -5.076111119706184e-05, 0.018805911764502525]]","[0.18797872960567474, -0.93003249168396, 1.8550081253051758, 2.6615068912506104, -0.7750355005264282, 0.7070005536079407]","[[0.022865571081638336, -0.016722172498703003, 0.024450009688735008]]","[1, 30]",9.958020196,-0.09585586935281754,33.0,3468.0,1748233142.1454554,24.0,
"[[-0.017827564850449562, -0.025963276624679565, -0.036173637956380844]]",3471,"[0.6294139623641968, -0.12852080166339874, 0.030130958184599876]","[-0.4236994981765747, -0.8860009908676147, -0.7206352353096008, -0.8416679501533508]",False,"[0.5574394464492798, -0.13463051617145538, 0.029999999329447746]","[[0.622920036315918, -0.1425601691007614, 0.02238103188574314, 0.053606439381837845, 0.6294139623641968, -0.12852080166339874, 0.030130958184599876, 0.005129328463226557, -0.0004153073823545128, 0.03338999301195145]]","[0.07880512624979019, -1.266425609588623, 2.176668167114258, 3.294267177581787, -0.1660337746143341, 0.5278231501579285]","[[-0.016672903671860695, -0.025882624089717865, -0.0356762558221817]]","[1, 30]",9.96667811,-0.07223349809646606,33.0,3471.0,1748233142.1532423,27.0,
"[[0.005518549587577581, -0.0019103973172605038, 0.014395796693861485]]",3476,"[0.6194934248924255, -0.13218997418880463, 0.02998977154493332]","[0.11192190647125244, 0.09002399444580078, 0.2850838899612427, -0.85794997215271]",False,"[0.5574394464492798, -0.13463051617145538, 0.029999999329447746]","[[0.6110808253288269, -0.11835844814777374, 0.02256052754819393, 0.054058533161878586, 0.6194934248924255, -0.13218997418880463, 0.02998977154493332, -6.1967461988388095e-06, -1.4678439583803993e-06, -0.0019426568178460002]]","[-0.09420224279165268, -1.5771911144256592, 2.444817066192627, 4.14854621887207, 0.3462449610233307, 0.43618887662887573]","[[0.005649202968925238, -0.00017200550064444542, 0.014223976992070675]]","[1, 30]",9.980874582,-0.06210196390748024,33.0,3476.0,1748233142.1678276,32.0,
"[[0.015754038468003273, 0.04945364594459534, -0.041126549243927]]",3483,"[0.6496434211730957, 0.07588402926921844, 0.029989931732416153]","[0.31507837772369385, 0.9890788793563843, -0.8225278258323669, 0.9363033771514893]",False,"[0.6091912388801575, 0.15012526512145996, 0.029999999329447746]","[[0.6307157278060913, -0.0005810242146253586, 0.06610139459371567, 0.0769781768321991, 0.6496434211730957, 0.07588402926921844, 0.029989931732416153, 2.2636800167674664e-06, -5.5598513881705e-07, 7.383540378214093e-06]]","[0.01739693433046341, -0.02829127013683319, -0.013026785105466843, -0.020279057323932648, 0.0211067795753479, 0.05704011768102646]","[[0.010802919045090675, 0.014957256615161896, 0.009482741355895996]]","[1, 30]",9.995442813,-0.08454667031764984,34.0,3483.0,1748233142.1832812,2.0,
"[[-0.03431130573153496, 0.04553275555372238, -0.029212860390543938]]",3497,"[0.5455505847930908, 0.11737105250358582, 0.029989847913384438]","[-0.6862213611602783, 0.9106504917144775, -0.5842490792274475, 0.8230690956115723]",False,"[0.6991683840751648, 0.1396096646785736, 0.029999999329447746]","[[0.5755813717842102, 0.1111471951007843, 0.09680406004190445, 0.0798562616109848, 0.5455505847930908, 0.11737105250358582, 0.029989847913384438, -4.7187518248392735e-06, 4.89372439460567e-07, 1.8265951439389028e-05]]","[0.01737239956855774, -0.028304368257522583, -0.01297975704073906, -0.020335257053375244, 0.021168939769268036, 0.057102784514427185]","[[-0.010723423212766647, 0.006088636815547943, -0.0006186682730913162]]","[1, 30]",10.05706683,-0.15521913766860962,35.0,3497.0,1748233142.2142959,2.0,
"[[-0.02058514766395092, 0.03728781268000603, -0.02415398508310318]]",3525,"[0.5179497599601746, 0.2679175138473511, 0.02998892404139042]","[-0.4117184281349182, 0.7457544803619385, -0.48307985067367554, 0.6285337209701538]",False,"[0.6763738989830017, 0.2194785624742508, 0.029999999329447746]","[[0.5494688153266907, 0.08782628923654556, 0.1750456839799881, 0.07285419851541519, 0.5179497599601746, 0.2679175138473511, 0.02998892404139042, 4.479031122173183e-05, 6.188556653796695e-06, -1.623255775484722e-05]]","[0.12524907290935516, 0.004385098814964294, 0.026210270822048187, -0.018162958323955536, -0.01623436063528061, -0.03210510313510895]","[[-0.004855005070567131, 0.007465343922376633, -0.0015586316585540771]]","[1, 30]",10.101417517,-0.1656639277935028,36.0,3525.0,1748233142.2792733,4.0,
"[[-0.01199220772832632, 0.04260030388832092, -0.025224236771464348]]",3526,"[0.5179489254951477, 0.2679174244403839, 0.02998892404139042]","[-0.23986083269119263, 0.8520042896270752, -0.5044847130775452, 0.6855671405792236]",False,"[0.6763738989830017, 0.2194785624742508, 0.029999999329447746]","[[0.5398060083389282, 0.12259770184755325, 0.1530005782842636, 0.07913125306367874, 0.5179489254951477, 0.2679174244403839, 0.02998892404139042, 4.483720476855524e-05, 6.188572569953976e-06, -1.9649001842481084e-05]]","[0.15962684154510498, 0.054143358021974564, 0.04075157269835472, -0.012351669371128082, 0.005054861307144165, -0.03155475854873657]","[[-0.002330235205590725, 0.00782880187034607, -0.0031791310757398605]]","[1, 30]",10.101457271,-0.1656647026538849,36.0,3526.0,1748233142.2808864,5.0,
"[[-0.0037425667978823185, 0.04510606452822685, -0.03731466829776764]]",3528,"[0.5179476737976074, 0.26791828870773315, 0.02998962439596653]","[-0.07485967874526978, 0.9021403789520264, -0.7462793588638306, 0.3532254695892334]",False,"[0.6763738989830017, 0.2194785624742508, 0.029999999329447746]","[[0.5268298387527466, 0.19459226727485657, 0.08284119516611099, 0.07998716086149216, 0.5179476737976074, 0.26791828870773315, 0.02998962439596653, 1.2506076927820686e-05, -1.1790234566433355e-08, -2.4140168534358963e-05]]","[0.14393287897109985, 0.1604337990283966, 0.0650227963924408, 0.000629521906375885, 0.0663658082485199, -0.002614930272102356]","[[0.0044288127683103085, 0.010033231228590012, 0.0015497282147407532]]","[1, 30]",10.101527831,-0.1656661480665207,36.0,3528.0,1748233142.2841222,7.0,
"[[0.03939129784703255, 0.01490206178277731, 0.033694926649332047]]",3536,"[0.5431937575340271, 0.25094231963157654, 0.029989982023835182]","[0.9865728616714478, 0.21536660194396973, 0.6739027500152588, -0.9433907270431519]",False,"[0.6763738989830017, 0.2194785624742508, 0.029999999329447746]","[[0.5327193737030029, 0.23943772912025452, 0.023918651044368744, 0.05362141504883766, 0.5431937575340271, 0.25094231963157654, 0.029989982023835182, 7.312524985536584e-07, 1.877582121778687e-06, -0.0030761852394789457]]","[-0.3016526997089386, 0.35125070810317993, 0.3951648473739624, -0.18660062551498413, -0.6451513767242432, 0.395094096660614]","[[0.038843054324388504, 0.012607297860085964, 0.033337779343128204]]","[1, 30]",10.145072857,-0.13684631884098053,36.0,3536.0,1748233142.3039207,15.0,
"[[0.03760164603590965, 0.004651686642318964, 0.04415085166692734]]",3539,"[0.5759145021438599, 0.24544714391231537, 0.029989896342158318]","[0.9822820425033569, 0.05625200271606445, 0.8830151557922363, -0.7187696099281311]",False,"[0.6763738989830017, 0.2194785624742508, 0.029999999329447746]","[[0.5692229270935059, 0.23233453929424286, 0.02388826757669449, 0.05346702039241791, 0.5759145021438599, 0.24544714391231537, 0.029989896342158318, 1.6817647292555193e-06, 1.3581762914327555e-06, -0.01455199345946312]]","[-0.14911474287509918, 0.26422274112701416, 0.8600883483886719, 0.015302978456020355, -0.9772986173629761, 0.5561713576316833]","[[0.03659379109740257, 0.0050664604641497135, 0.0442940779030323]]","[1, 30]",10.145178492,-0.10376153141260147,36.0,3539.0,1748233142.3118734,18.0,
"[[0.03359798714518547, 0.02406124770641327, 0.027171874418854713]]",3553,"[0.548354983329773, -0.042272381484508514, 0.030402256175875664]","[0.7800229787826538, 0.6788567304611206, 0.5423259735107422, -0.9163604974746704]",False,"[0.6802793145179749, -0.04794682562351227, 0.029999999329447746]","[[0.5396162867546082, -0.02838338166475296, 0.02569770999252796, 0.05187056213617325, 0.548354983329773, -0.042272381484508514, 0.030402256175875664, -0.01384466327726841, -7.354737135756295e-06, -0.04934981092810631]]","[0.09671029448509216, 0.24944809079170227, -0.07216359674930573, 0.10069885104894638, 0.0036402568221092224, 0.06971003860235214]","[[0.03313128277659416, 0.024454589933156967, 0.027259383350610733]]","[1, 30]",10.15638636,-0.13204693794250488,37.0,3553.0,1748233142.3435562,9.0,
"[[0.03281572088599205, -0.036892976611852646, 0.046208761632442474]]",3561,"[0.6393119096755981, -0.011834768578410149, 0.029989806935191154]","[0.8853380680084229, -0.9308111667633057, 0.9241794347763062, -0.6377423405647278]",False,"[0.6802793145179749, -0.04794682562351227, 0.029999999329447746]","[[0.6440349817276001, -0.024035660549998283, 0.023584522306919098, 0.05428284779191017, 0.6393119096755981, -0.011834768578410149, 0.029989806935191154, -3.408961674722377e-06, -5.519788828678429e-06, -0.06263192743062973]]","[0.08258118480443954, 0.33485597372055054, -0.7085256576538086, 0.6739838719367981, -2.408712863922119, 0.7332049012184143]","[[0.032851364463567734, -0.03685683012008667, 0.04610997438430786]]","[1, 30]",10.178338876,-0.0546114481985569,37.0,3561.0,1748233142.365002,17.0,
"[[0.005836069583892822, -0.020876839756965637, -0.03454397991299629]]",3564,"[0.628352701663971, -0.14171458780765533, 0.029989775270223618]","[0.11672616004943848, -0.4175400733947754, -0.6908803582191467, 0.4354020357131958]",False,"[0.6987988948822021, -0.17117488384246826, 0.029999999329447746]","[[0.640228807926178, 0.049193184822797775, 0.12490466237068176, 0.07881754636764526, 0.628352701663971, -0.14171458780765533, 0.029989775270223618, -3.3503213217045413e-06, -1.2256618902029004e-05, -7.013421054580249e-06]]","[0.03140172362327576, -0.02591877430677414, -0.019042853266000748, -0.028398938477039337, 0.05355603247880936, 0.1317916214466095]","[[0.011027276515960693, -0.045663200318813324, 0.013312239199876785]]","[1, 30]",10.183409436,-0.07635820657014847,38.0,3564.0,1748233142.3714902,1.0,
"[[0.022589921951293945, -0.02960168942809105, 0.020182499662041664]]",3577,"[0.6499853134155273, -0.13947217166423798, 0.030191414058208466]","[0.5735206604003906, -0.6422033309936523, 0.4076809883117676, -0.8024094700813293]",False,"[0.6987988948822021, -0.17117488384246826, 0.029999999329447746]","[[0.6581586003303528, -0.15352566540241241, 0.022581208497285843, 0.05292340740561485, 0.6499853134155273, -0.13947217166423798, 0.030191414058208466, 0.006742658093571663, -8.130813512252644e-06, -0.036509040743112564]]","[-0.296966016292572, 0.34833604097366333, 0.2908047139644623, -0.1244310662150383, -0.358908087015152, 0.2919214367866516]","[[0.02130228281021118, -0.02182881161570549, 0.020700747147202492]]","[1, 30]",10.214136232,-0.058205362409353256,38.0,3577.0,1748233142.4011457,14.0,
"[[0.006546765565872192, 0.04090893268585205, -0.04952889680862427]]",3583,"[0.6775845885276794, -0.03980818763375282, 0.02998965047299862]","[0.13405263423919678, 0.8212406635284424, -0.9905815720558167, 0.9826803207397461]",False,"[0.4618283212184906, 0.09231379628181458, 0.029999999329447746]","[[0.697461724281311, -0.028113195672631264, 0.04886505752801895, 0.08019008487462997, 0.6775845885276794, -0.03980818763375282, 0.02998965047299862, 5.65654727324727e-06, -2.7676082936523017e-06, 0.0052982596680521965]]","[0.12530100345611572, 0.0044017210602760315, 0.026182636618614197, -0.018120266497135162, -0.01624930649995804, -0.03209733963012695]","[[0.0019200146198272705, 0.019920608028769493, -0.00632074847817421]]","[1, 30]",10.225035407,-0.252996027469635,39.0,3583.0,1748233142.4126906,4.0,
"[[-0.04258042946457863, 0.04100530967116356, -0.04689577966928482]]",3596,"[0.6045093536376953, -0.04343216493725777, 0.029986348003149033]","[-0.8516538739204407, 0.8201111555099487, -0.9375962018966675, 0.7753210067749023]",False,"[0.4618283212184906, 0.09231379628181458, 0.029999999329447746]","[[0.6025856137275696, 0.1499806046485901, 0.006434133742004633, 0.06931282579898834, 0.6045093536376953, -0.04343216493725777, 0.029986348003149033, 0, -1.5707963705062866, 0.11921750009059906]]","[0.04300353676080704, -0.5019437670707703, -0.42593398690223694, 2.3007469177246094, -1.1591637134552002, 0.47766077518463135]","[[-0.018568221479654312, 0.012021906673908234, -0.04660547524690628]]","[1, 30]",10.269241918,-0.1969386786222458,39.0,3596.0,1748233142.4389493,17.0,
"[[-0.03620260953903198, 0.04878140240907669, -0.04780961945652962]]",3603,"[0.6045072078704834, -0.04343036562204361, 0.02998989447951317]","[-0.7240569591522217, 0.9756336212158203, -0.9561923742294312, -0.38568031787872314]",False,"[0.4618283212184906, 0.09231379628181458, 0.029999999329447746]","[[0.4648233652114868, 0.3943410813808441, 0.006221254356205463, 0.0008022919064387679, 0.6045072078704834, -0.04343036562204361, 0.02998989447951317, 0, -1.5707963705062866, 0.11918219178915024]]","[-0.10142483562231064, -1.6505281925201416, 1.6426570415496826, 4.4948835372924805, -0.04209289699792862, 0.40843814611434937]","[[-0.013482332229614258, 0.00908433273434639, -0.047772202640771866]]","[1, 30]",10.269477825,-0.19693589210510254,39.0,3603.0,1748233142.4522529,24.0,
"[[-0.03620040416717529, 0.0490913949906826, -0.04637128859758377]]",3604,"[0.6045069694519043, -0.043430082499980927, 0.02998989447951317]","[-0.7240128517150879, 0.9818335771560669, -0.927425742149353, -0.5106521248817444]",False,"[0.4618283212184906, 0.09231379628181458, 0.029999999329447746]","[[0.4496654272079468, 0.4254662096500397, 0.006333879195153713, 9.746855357661843e-05, 0.6045069694519043, -0.043430082499980927, 0.02998989447951317, 0, -1.5707963705062866, 0.11917660385370255]]","[-0.08933588117361069, -1.7075903415679932, 1.8923970460891724, 4.574304580688477, 0.06573572009801865, 0.4092795252799988]","[[-0.021042704582214355, 0.01796654984354973, -0.04648391157388687]]","[1, 30]",10.269511126,-0.1969355195760727,39.0,3604.0,1748233142.454081,25.0,
"[[-0.04138103872537613, 0.04959370568394661, -0.03972433879971504]]",3614,"[0.6045044660568237, -0.04342728108167648, 0.02998989447951317]","[-0.8276255130767822, 0.9918797016143799, -0.7944867610931396, -0.20373249053955078]",False,"[0.4618283212184906, 0.09231379628181458, 0.029999999329447746]","[[0.22434447705745697, 0.727084219455719, 0.007173481862992048, 1.793212163647695e-06, 0.6045044660568237, -0.04342728108167648, 0.02998989447951317, 0, -1.5707963705062866, 0.11912070214748383]]","[-0.028413018211722374, -2.394437313079834, 2.5760109424591064, 6.392306804656982, 1.288543701171875, 0.23110675811767578]","[[-0.026438407599925995, 0.02810460329055786, -0.04044059291481972]]","[1, 30]",10.313214655,-0.19693177938461304,39.0,3614.0,1748233142.473025,35.0,
"[[-0.0419381745159626, 0.04963376000523567, -0.03895416855812073]]",3615,"[0.6045042276382446, -0.0434270016849041, 0.02998989447951317]","[-0.8387682437896729, 0.9926807880401611, -0.7790833711624146, -0.10801738500595093]",False,"[0.4618283212184906, 0.09231379628181458, 0.029999999329447746]","[[0.20461879670619965, 0.7444694638252258, 0.007709411438554525, -3.3229252949240617e-06, 0.6045042276382446, -0.0434270016849041, 0.02998989447951317, 0, -1.5707963705062866, 0.11911511421203613]]","[0.006299654021859169, -2.5083112716674805, 2.6102066040039062, 6.706110000610352, 1.4287556409835815, 0.21760259568691254]","[[-0.022212732583284378, 0.03224879503250122, -0.039490096271038055]]","[1, 30]",10.313252395,-0.1969314068555832,39.0,3615.0,1748233142.4751117,36.0,
"[[-0.0011970311170443892, 0.04899803549051285, -0.03664708882570267]]",3623,"[0.6045022010803223, -0.043424759060144424, 0.02998989447951317]","[-0.023945391178131104, 0.9799662828445435, -0.732941746711731, 0.8768680095672607]",False,"[0.4618283212184906, 0.09231379628181458, 0.029999999329447746]","[[0.009898299351334572, 0.7974399328231812, 0.007774688303470612, 0.07999954372644424, 0.6045022010803223, -0.043424759060144424, 0.02998989447951317, 0, -1.5707963705062866, 0.1190703958272934]]","[-0.011439165100455284, -4.224776268005371, 2.5007166862487793, 11.618695259094238, 3.642775774002075, -0.10881252586841583]","[[0.00028387142810970545, 0.04789556935429573, -0.03673386201262474]]","[1, 30]",10.31355743,-0.19692839682102203,39.0,3623.0,1748233142.4908302,44.0,
"[[0.0005989015335217118, -0.024248046800494194, -0.033380258828401566]]",3673,"[0.42423152923583984, -0.23790603876113892, 0.030001666396856308]","[0.011986374855041504, -0.4858877658843994, -0.6673715710639954, 0.49628937244415283]",False,"[0.4371683895587921, -0.03688730672001839, 0.029999999329447746]","[[0.41890040040016174, -0.2293756753206253, 0.058253414928913116, 0.0749979242682457, 0.42423152923583984, -0.23790603876113892, 0.030001666396856308, 0.0003984986979048699, 1.0651870070432778e-05, 3.4458847949281335e-05]]","[0.14442317187786102, 0.16048267483711243, 0.06274819374084473, 0.0018701627850532532, 0.06564293056726456, -0.0025448650121688843]","[[-0.00182217953260988, -0.005511341616511345, -0.014152012765407562]]","[1, 30]",10.464834163999999,-0.20143458247184753,41.0,3673.0,1748233142.6045334,7.0,
"[[0.022801470011472702, 0.03602404147386551, 0.01877547800540924]]",3683,"[0.44025367498397827, -0.16870957612991333, 0.03065384551882744]","[0.655266284942627, 0.9467358589172363, 0.37950634956359863, -0.32158172130584717]",False,"[0.4371683895587921, -0.03688730672001839, 0.029999999329447746]","[[0.4423363506793976, -0.1577189862728119, 0.054217629134655, 0.05739353969693184, 0.44025367498397827, -0.16870957612991333, 0.03065384551882744, -0.022397227585315704, 8.520502888131887e-06, -0.05343778431415558]]","[-0.07840410619974136, 0.2999325394630432, 0.3507590591907501, 0.044474028050899506, -1.188443660736084, 0.5344145894050598]","[[0.023341666907072067, 0.036977969110012054, 0.018720578402280807]]","[1, 30]",10.465235107,-0.13185998797416687,41.0,3683.0,1748233142.6271815,17.0,
"[[-0.015892719849944115, 0.007754217833280563, 0.026355335488915443]]",3695,"[0.5054174661636353, -0.03427395224571228, 0.029999999329447746]","[0.27037668228149414, 0.9211372137069702, 0.5230692625045776, -0.6793915033340454]",True,"[0.6506330370903015, 0.05814807862043381, 0.029999999329447746]","[[0.6384396553039551, -2.194472251484947e-12, 0.19740013778209686, 0, 0.5054174661636353, -0.03427395224571228, 0.029999999329447746, 0, 0, 0]]","[0.04356739670038223, -1.0764446258544922, 2.188462734222412, 2.875005006790161, -0.07253188639879227, 0.54631108045578]","[[-0.1431567370891571, -0.009133260697126389, -0.14498558640480042]]","[1, 30]",10.508933797,-0.04740772768855095,41.0,3695.0,1748233142.6580434,29.0,
"[[0.021965831518173218, 0.027394350618124008, 0.032444555312395096]]",3713,"[0.4449683129787445, -0.1309514194726944, 0.03250424191355705]","[0.5473244190216064, 0.8928154706954956, 0.6503102779388428, -0.4540727734565735]",False,"[0.41678163409233093, 0.17535294592380524, 0.029999999329447746]","[[0.44328203797340393, -0.11662617325782776, 0.04972977191209793, 0.05310196056962013, 0.4449683129787445, -0.1309514194726944, 0.03250424191355705, -0.08778863400220871, -2.6652040105545893e-05, -0.0708787813782692]]","[0.11795557290315628, 0.17309656739234924, -0.5289571285247803, 1.0490810871124268, -1.8360613584518433, 0.6251382231712341]","[[0.02236342430114746, 0.02773795649409294, 0.032264791429042816]]","[1, 30]",10.509552403,-0.3076087236404419,42.0,3713.0,1748233142.6947954,17.0,
"[[0.025797095149755478, -0.03784305602312088, 0.0276594590395689]]",3731,"[0.6069762110710144, 0.1452060490846634, 0.03095005452632904]","[0.64945387840271, -0.9034470915794373, 0.5527578592300415, -0.6043940782546997]",False,"[0.41678163409233093, 0.17535294592380524, 0.029999999329447746]","[[0.611323893070221, 0.13171541690826416, 0.036337170749902725, 0.051991257816553116, 0.6069762110710144, 0.1452060490846634, 0.03095005452632904, 0.03255029022693634, 1.3106223377690185e-05, 0.027745921164751053]]","[-0.018753549084067345, -1.7938435077667236, 2.2972640991210938, 4.8143792152404785, 0.39630332589149475, 0.3925192356109619]","[[0.025936629623174667, -0.037809886038303375, 0.0276524405926466]]","[1, 30]",10.553451774,-0.19257132709026337,42.0,3731.0,1748233142.7386677,35.0,
"[[0.023363417014479637, -0.04982467368245125, 0.04069385677576065]]",3749,"[0.6329984664916992, -0.09274084866046906, 0.029989976435899734]","[0.46726834774017334, -0.996491551399231, 0.8138790130615234, 0.9011517763137817]",False,"[0.47483113408088684, 0.2080126404762268, 0.029999999329447746]","[[0.6298707723617554, -0.027611758559942245, 0.1045333743095398, 0.07985624670982361, 0.6329984664916992, -0.09274084866046906, 0.029989976435899734, 7.492677696063765e-07, 6.235961080847119e-08, 9.06782952370122e-06]]","[0.05667626112699509, -0.027732595801353455, 0.006563376635313034, -0.020912572741508484, -0.017265252768993378, -0.005009904503822327]","[[0.0138475950807333, -0.0005713216960430145, 0.03945378586649895]]","[1, 30]",10.587488981,-0.3398081362247467,43.0,3749.0,1748233142.7755625,3.0,
"[[0.024998022243380547, 0.04818456619977951, -0.003996699582785368]]",3752,"[0.6331676840782166, -0.09259757399559021, 0.029989974573254585]","[0.5033459663391113, 0.9665567874908447, -0.07993417978286743, -0.5578365325927734]",False,"[0.47483113408088684, 0.2080126404762268, 0.029999999329447746]","[[0.6337001919746399, -0.0858583152294159, 0.022004012018442154, 0.05724410340189934, 0.6331676840782166, -0.09259757399559021, 0.029989974573254585, 7.005406246207713e-07, -5.3996654258980925e-08, -0.0011080240365117788]]","[0.16541123390197754, 0.10980675369501114, 0.05194462463259697, -0.0054998621344566345, 0.034076906740665436, -0.020117759704589844]","[[0.016938699409365654, 0.03290081024169922, 0.01136067695915699]]","[1, 30]",10.594028281,-0.3397601544857025,43.0,3752.0,1748233142.7810903,6.0,
"[[0.03233812376856804, 0.03453373536467552, 0.035571638494729996]]",3776,"[0.631206750869751, 0.02039289101958275, 0.029989629983901978]","[0.6959244012832642, 0.8682048320770264, 0.7114284038543701, -0.42254483699798584]",False,"[0.47483113408088684, 0.2080126404762268, 0.029999999329447746]","[[0.6208315491676331, 0.03491095453500748, 0.026753440499305725, 0.05352221801877022, 0.631206750869751, 0.02039289101958275, 0.029989629983901978, -8.589016033511143e-06, 1.5316696817535558e-06, -0.045146264135837555]]","[0.22011379897594452, -1.2717386484146118, 2.3082592487335205, 3.2687675952911377, -0.17256388068199158, 0.6066615581512451]","[[0.03252146765589714, 0.035877443850040436, 0.03547310829162598]]","[1, 30]",10.657609174,-0.24424271285533905,43.0,3776.0,1748233142.844604,30.0,
"[[-0.0017708837985992432, -0.03801506757736206, 0.015972910448908806]]",3790,"[0.7054202556610107, 0.16103307902812958, 0.02998185157775879]","[-0.03547370433807373, -0.7610005140304565, 0.3201589584350586, 0.7938985824584961]",False,"[0.47483113408088684, 0.2080126404762268, 0.029999999329447746]","[[0.7281042337417603, 0.0772540345788002, 0.09842275828123093, 0.07999998331069946, 0.7054202556610107, 0.16103307902812958, 0.02998185157775879, -0.0002710592816583812, 5.16492605129315e-07, -0.08237804472446442]]","[0.2589949667453766, -3.5999417304992676, 2.9237232208251953, 9.649312019348145, 2.7472856044769287, 0.027489185333251953]","[[-0.0022181570529937744, -0.013559401035308838, 0.004137534648180008]]","[1, 30]",10.690778503,-0.23532620072364807,43.0,3790.0,1748233142.878644,44.0,
"[[-0.04393278434872627, -0.03795837238430977, -0.034776605665683746]]",3799,"[0.4403194785118103, -0.18442405760288239, 0.029989872127771378]","[-0.8786592483520508, -0.7591695189476013, -0.6955320835113525, 0.8220926523208618]",False,"[0.42412951588630676, -0.24144376814365387, 0.029999999329447746]","[[0.557839035987854, -0.11183111369609833, 0.12397187203168869, 0.07694511115550995, 0.4403194785118103, -0.18442405760288239, 0.029989872127771378, -2.8357414976198925e-06, 8.476203220197931e-06, 8.820268703857437e-06]]","[0.056679919362068176, -0.027731500566005707, 0.006561007350683212, -0.02090901881456375, -0.017267189919948578, -0.005011364817619324]","[[-0.011828113347291946, -0.00018923357129096985, -0.003454342484474182]]","[1, 30]",10.706248433,-0.059273626655340195,44.0,3799.0,1748233142.894343,3.0,
"[[-0.012841579504311085, -0.015054470859467983, -0.023545077070593834]]",3804,"[0.4402907192707062, -0.18483774363994598, 0.029989566653966904]","[-0.2573978304862976, -0.30935895442962646, -0.4709101915359497, 0.6266992092132568]",False,"[0.42412951588630676, -0.24144376814365387, 0.029999999329447746]","[[0.43984779715538025, -0.1976139098405838, 0.02864721044898033, 0.08013227581977844, 0.4402907192707062, -0.18483774363994598, 0.029989566653966904, -1.2420951861713547e-05, -1.4258836245062412e-06, 0.002738125855103135]]","[0.10264545679092407, 0.20464788377285004, 0.06785435974597931, 0.01304558664560318, 0.09764537215232849, 0.01734992116689682]","[[-0.00317170936614275, -0.00821546372026205, -0.0031899455934762955]]","[1, 30]",10.716220241,-0.05886787921190262,44.0,3804.0,1748233142.9036572,8.0,
"[[0.0044203284196555614, 0.0028772323857992887, 0.01004593726247549]]",3807,"[0.44028687477111816, -0.18541653454303741, 0.029989924281835556]","[0.08820569515228271, 0.057561635971069336, 0.20091748237609863, -0.6445646286010742]",False,"[0.42412951588630676, -0.24144376814365387, 0.029999999329447746]","[[0.435187965631485, -0.17794965207576752, 0.030029481276869774, 0.05355692282319069, 0.44028687477111816, -0.18541653454303741, 0.029989924281835556, -7.373528205789626e-07, -2.5133783765340922e-06, 0.001327779027633369]]","[-0.12496756762266159, 0.30484646558761597, 0.11822307109832764, 0.022821810096502304, 0.10783455520868301, 0.09553861618041992]","[[0.004821825306862593, -0.0007260621059685946, 0.009739208035171032]]","[1, 30]",10.724095886,-0.058310478925704956,44.0,3807.0,1748233142.911092,11.0,
"[[-0.10755184292793274, -0.45216479897499084, 0.04613570496439934]]",3813,"[0.5960761308670044, 0.22054536640644073, 0.029999999329447746]","[0.8850781917572021, -0.7606557607650757, 0.9154015779495239, -0.7470095157623291]",True,"[0.49109190702438354, 0.03617032617330551, 0.029999999329447746]","[[0.6384396553039551, -2.194472251484947e-12, 0.19740013778209686, 0, 0.5960761308670044, 0.22054536640644073, 0.029999999329447746, 0, 0, 0]]","[-0.26412755250930786, 0.2723066210746765, 0.7129849791526794, -0.12853923439979553, -0.8931734561920166, 0.47876250743865967]","[[-0.15317833423614502, -0.24828363955020905, -0.1212674081325531]]","[1, 30]",10.738615247,-0.044350557029247284,44.0,3813.0,1748233142.9266028,17.0,
"[[-0.049477338790893555, 0.04856681823730469, -0.04998701810836792]]",3814,"[0.45753219723701477, 0.21864065527915955, 0.029987357556819916]","[-0.9894996881484985, 0.9713524580001831, -0.9999931454658508, 0.9999997615814209]",False,"[0.6338400840759277, -0.03548455610871315, 0.029999999329447746]","[[0.6196755170822144, 0.023890892043709755, 0.1662147045135498, 0.07027385383844376, 0.45753219723701477, 0.21864065527915955, 0.029987357556819916, -1.6662395864841528e-05, -7.380306487902999e-05, 7.399258265650133e-06]]","[0.03122313693165779, -0.035865865647792816, -0.04084373638033867, -0.03549332171678543, 0.07735367119312286, 0.2005711942911148]","[[-0.030710846185684204, 0.0246767308562994, -0.018814224749803543]]","[1, 30]",10.740239925000001,-0.3092961311340332,45.0,3814.0,1748233142.9283462,0.0,
"[[-0.003534659743309021, -0.011974292807281017, -0.0384092703461647]]",3821,"[0.45753538608551025, 0.21864129602909088, 0.029989995062351227]","[-0.07069319486618042, -0.23948556184768677, -0.7681853771209717, 0.4845387935638428]",False,"[0.6338400840759277, -0.03548455610871315, 0.029999999329447746]","[[0.46406370401382446, 0.21818967163562775, 0.022031322121620178, 0.07999984174966812, 0.45753538608551025, 0.21864129602909088, 0.029989995062351227, 1.6400178992626024e-07, -1.5029687006062886e-07, 2.6929265004582703e-05]]","[0.14391325414180756, 0.16040942072868347, 0.06495243310928345, 0.0006788894534111023, 0.06634974479675293, -0.0025975704193115234]","[[-0.0036075860261917114, -0.0036890683695673943, -0.012875840067863464]]","[1, 30]",10.753422629,-0.30929484963417053,45.0,3821.0,1748233142.940713,7.0,
"[[0.009427971206605434, -0.02074151113629341, 0.02681294083595276]]",3840,"[0.4753095507621765, -0.24480602145195007, 0.029989812523126602]","[0.18855762481689453, -0.4148319959640503, 0.5360550880432129, 0.9946391582489014]",False,"[0.6989331841468811, 0.1261265128850937, 0.029999999329447746]","[[0.6414684057235718, -0.015418521128594875, 0.2109423130750656, 0.07027317583560944, 0.4753095507621765, -0.24480602145195007, 0.029989812523126602, 1.102040278055938e-05, 3.3503131362522254e-06, 3.2536950129724573e-06]]","[0.03122827224433422, -0.03600405156612396, -0.04087326303124428, -0.03562958538532257, 0.07730584591627121, 0.20066505670547485]","[[0.006399131380021572, -0.005323079414665699, 0.013260578736662865]]","[1, 30]",10.813268003,-0.43312638998031616,46.0,3840.0,1748233142.9892812,0.0,
"[[-0.04722452908754349, -0.04848247021436691, -0.038980960845947266]]",3843,"[0.4753090441226959, -0.2448052316904068, 0.02998976595699787]","[-0.9444941282272339, -0.9696440100669861, -0.7796192765235901, 0.7714583873748779]",False,"[0.6989331841468811, 0.1261265128850937, 0.029999999329447746]","[[0.5560942888259888, -0.1389072686433792, 0.13229352235794067, 0.07998251169919968, 0.4753090441226959, -0.2448052316904068, 0.02998976595699787, 1.2533755580079742e-05, 3.35032586917805e-06, 1.4533136891259346e-05]]","[0.05667363852262497, -0.027733705937862396, 0.006577391177415848, -0.0209195613861084, -0.017258815467357635, -0.005012050271034241]","[[-0.013403065502643585, -0.00600849837064743, -0.0035126246511936188]]","[1, 30]",10.813382575,-0.43312597274780273,46.0,3843.0,1748233142.9941258,3.0,
"[[0.00728951720520854, 0.0465027391910553, -0.029664693400263786]]",3848,"[0.475048691034317, -0.24284043908119202, 0.03007960505783558]","[0.14058148860931396, 0.9693360328674316, -0.5915006399154663, 0.3498523235321045]",False,"[0.6989331841468811, 0.1261265128850937, 0.029999999329447746]","[[0.4674001634120941, -0.22893984615802765, 0.02237268164753914, 0.08012870699167252, 0.475048691034317, -0.24284043908119202, 0.03007960505783558, -0.0029956994112581015, -1.0265138371323701e-05, -0.024583827704191208]]","[0.10818012803792953, 0.2055184245109558, 0.04497374966740608, 0.025476902723312378, 0.09025596082210541, 0.01798488199710846]","[[0.00939415767788887, 0.039327383041381836, -0.010046476498246193]]","[1, 30]",10.856853675,-0.4315795302391052,46.0,3848.0,1748233143.0037847,8.0,
"[[0.03340064361691475, 0.02450229972600937, 0.04954403638839722]]",3863,"[0.5687981843948364, -0.06108546629548073, 0.03032607026398182]","[0.9967718124389648, 0.9580271244049072, 0.9883131980895996, -0.8542985916137695]",False,"[0.6989331841468811, 0.1261265128850937, 0.029999999329447746]","[[0.5601088404655457, -0.0512927770614624, 0.023447517305612564, 0.059085436165332794, 0.5687981843948364, -0.06108546629548073, 0.03032607026398182, -0.011266278102993965, 5.59574755243375e-06, -0.02256913110613823]]","[0.09606937319040298, -0.8580313920974731, 1.9774916172027588, 2.4741413593292236, -1.25093674659729, 0.8075984120368958]","[[0.033449698239564896, 0.024607468396425247, 0.04950452968478203]]","[1, 30]",10.859971338,-0.2279990166425705,46.0,3863.0,1748233143.0462558,23.0,
"[[0.03238973021507263, 0.018563492223620415, 0.0480060800909996]]",3867,"[0.6359996795654297, 0.04878029227256775, 0.030221525579690933]","[0.9778982400894165, 0.9577264785766602, 0.9587540626525879, -0.7695537805557251]",False,"[0.6989331841468811, 0.1261265128850937, 0.029999999329447746]","[[0.6271495819091797, 0.057961732149124146, 0.023300115019083023, 0.058886826038360596, 0.6359996795654297, 0.04878029227256775, 0.030221525579690933, -0.00774548202753067, 2.2994315429514245e-07, -0.0009848359040915966]]","[0.12740014493465424, -1.1845920085906982, 2.1527528762817383, 3.163180351257324, -0.21518442034721375, 0.5910131931304932]","[[0.03232720494270325, 0.01877554878592491, 0.04803677648305893]]","[1, 30]",10.904903574,-0.09971515834331512,46.0,3867.0,1748233143.0598042,27.0,
"[[-0.04687517508864403, -0.006414644420146942, 0.028368286788463593]]",3870,"[0.5592936277389526, -0.057637762278318405, 0.02998983860015869]","[-0.9375130534172058, -0.12830257415771484, 0.5671625137329102, -0.44966596364974976]",False,"[0.5177487134933472, -0.22220461070537567, 0.029999999329447746]","[[0.5985468626022339, -0.005500762257725, 0.19275324046611786, -3.682020688344778e-09, 0.5592936277389526, -0.057637762278318405, 0.02998983860015869, 2.2848787466500653e-06, -6.299248525465373e-06, -8.36345770949265e-06]]","[0.031228339299559593, -0.03600551187992096, -0.04087357595562935, -0.03563099354505539, 0.07730532437562943, 0.20066605508327484]","[[-0.006982859224081039, -0.0009143664501607418, 0.03300502151250839]]","[1, 30]",10.905015191,-0.16972985863685608,47.0,3870.0,1748233143.067489,0.0,
"[[-0.05178951472043991, -0.031140297651290894, -0.04279492050409317]]",3889,"[0.5824666619300842, -0.16371041536331177, 0.030076738446950912]","[-0.9771738648414612, -0.9010443091392517, -0.8541474342346191, -0.8845893740653992]",False,"[0.5177487134933472, -0.22220461070537567, 0.029999999329447746]","[[0.5854788422584534, -0.1801982820034027, 0.02274910919368267, 0.048828959465026855, 0.5824666619300842, -0.16371041536331177, 0.030076738446950912, 0.0029126456938683987, -1.816853546188213e-05, 0.035404134541749954]]","[-0.3209988474845886, -0.08595779538154602, 0.1807001829147339, 1.353631615638733, -1.4493259191513062, 0.5245282649993896]","[[-0.050176672637462616, -0.03092147409915924, -0.04200261831283569]]","[1, 30]",10.949121005,-0.08723524212837219,47.0,3889.0,1748233143.112052,19.0,
"[[-0.03320280462503433, -0.04435143992304802, -0.03447939455509186]]",3901,"[0.5738804340362549, -0.17441141605377197, 0.03000798635184765]","[-0.6640357971191406, -0.8874257802963257, -0.6891918778419495, -0.9617916941642761]",False,"[0.5177487134933472, -0.22220461070537567, 0.029999999329447746]","[[0.5750728845596313, -0.19002708792686462, 0.022878248244524002, 0.04999725893139839, 0.5738804340362549, -0.17441141605377197, 0.03000798635184765, 0.0006313065532594919, 4.407110100146383e-05, 0.07582488656044006]]","[-0.024221500381827354, -1.4914250373840332, 2.5556883811950684, 3.8904173374176025, 0.21203258633613586, 0.4671088457107544]","[[-0.0330796018242836, -0.04430393502116203, -0.03442816436290741]]","[1, 30]",10.956484914,-0.07372216135263443,47.0,3901.0,1748233143.1435962,31.0,
"[[-0.030069950968027115, -0.044660452753305435, -0.03175245225429535]]",3902,"[0.5738754272460938, -0.1743987798690796, 0.02998736873269081]","[-0.6014991402626038, -0.8929563164710999, -0.6354613304138184, -0.9663171768188477]",False,"[0.5177487134933472, -0.22220461070537567, 0.029999999329447746]","[[0.5749478936195374, -0.1901535987854004, 0.022820964455604553, 0.04987800121307373, 0.5738754272460938, -0.1743987798690796, 0.02998736873269081, -3.3847296435851604e-05, 7.941400690469891e-05, 0.07578843086957932]]","[-0.15513665974140167, -1.6269710063934326, 2.6127283573150635, 4.254270076751709, 0.4454578459262848, 0.41772687435150146]","[[-0.029949966818094254, -0.044521305710077286, -0.03171578422188759]]","[1, 30]",10.959115355,-0.07372654229402542,47.0,3902.0,1748233143.1461985,32.0,
"[[0.037185657769441605, 0.02486749179661274, 0.022954443469643593]]",3928,"[0.5290621519088745, 0.09417515248060226, 0.029989996924996376]","[0.7507703304290771, 0.5121498107910156, 0.4590902328491211, -0.3522210717201233]",False,"[0.556065022945404, -0.039112236350774765, 0.029999999329447746]","[[0.5463762283325195, 0.10115215927362442, 0.03147762641310692, 0.06053026765584946, 0.5290621519088745, 0.09417515248060226, 0.029989996924996376, 2.603961490876827e-08, -5.987376816563028e-09, 0.01912764459848404]]","[0.10264942795038223, 0.20464040338993073, 0.06788799166679382, 0.013020671904087067, 0.09764865040779114, 0.017341241240501404]","[[0.01958005502820015, 0.0075228456407785416, 0.013398880138993263]]","[1, 30]",11.021890515,-0.13599516451358795,48.0,3928.0,1748233143.194726,8.0,
"[[-0.010600286535918713, -0.031187932938337326, -0.012569802813231945]]",3980,"[0.6624755859375, -0.22619317471981049, 0.029989223927259445]","[-0.19000446796417236, -0.783622145652771, -0.25141024589538574, 0.5509719848632812]",False,"[0.4097624719142914, -0.17867353558540344, 0.029999999329447746]","[[0.6748205423355103, -0.23910290002822876, 0.022752761840820312, 0.08003910630941391, 0.6624755859375, -0.22619317471981049, 0.029989223927259445, -2.1976286006974988e-05, 4.4992276571065304e-08, -0.07437774538993835]]","[0.08471707254648209, -2.814584970474243, 2.720794677734375, 7.536077499389648, 1.855455994606018, 0.1619132161140442]","[[-0.012768167071044445, -0.03098989650607109, -0.012506396509706974]]","[1, 30]",11.169115458,-0.2571420669555664,49.0,3980.0,1748233143.3192909,41.0,
"[[-0.013918283395469189, -0.026559913530945778, -0.018211273476481438]]",3981,"[0.6630467176437378, -0.22901791334152222, 0.02998940646648407]","[-0.2669430375099182, -0.5876930356025696, -0.36422181129455566, 0.6567704677581787]",False,"[0.4097624719142914, -0.17867353558540344, 0.029999999329447746]","[[0.6768555045127869, -0.24216328561306, 0.022578483447432518, 0.08009466528892517, 0.6630467176437378, -0.22901791334152222, 0.02998940646648407, -2.1374396965256892e-05, 5.118913577462081e-06, -0.08118833601474762]]","[0.1700863093137741, -3.0977635383605957, 2.7717950344085693, 8.290953636169434, 2.1331608295440674, 0.1168603003025055]","[[-0.015382113866508007, -0.02632426656782627, -0.01803681254386902]]","[1, 30]",11.169155432,-0.25823917984962463,49.0,3981.0,1748233143.3218436,42.0,
"[[-0.030492324382066727, -0.019821707159280777, -0.015526306815445423]]",3985,"[0.6630470752716064, -0.2290218472480774, 0.029990006238222122]","[-0.6098393201828003, -0.39644694328308105, -0.3105262517929077, 0.7621865272521973]",False,"[0.4097624719142914, -0.17867353558540344, 0.029999999329447746]","[[0.6597434282302856, -0.240193173289299, 0.02204943262040615, 0.08006789535284042, 0.6630470752716064, -0.2290218472480774, 0.029990006238222122, -1.2138186775700888e-06, -2.7478997708385577e-06, -0.08118738234043121]]","[0.01653234101831913, -4.176418304443359, 2.7179994583129883, 11.486790657043457, 3.659188747406006, -0.09240055084228516]","[[-0.023371834307909012, -0.02042851224541664, -0.015488571487367153]]","[1, 30]",11.169299289,-0.258240282535553,49.0,3985.0,1748233143.3318405,46.0,
"[[-0.012701332569122314, 0.04899894446134567, -0.022533854469656944]]",3993,"[0.603949248790741, 0.18047048151493073, 0.029989412054419518]","[-0.2540266513824463, 0.9799880981445312, -0.4506770968437195, 0.7401646375656128]",False,"[0.5301070809364319, -0.24421493709087372, 0.029999999329447746]","[[0.6184192299842834, 0.06960005313158035, 0.14811129868030548, 0.0799979418516159, 0.603949248790741, 0.18047048151493073, 0.029989412054419518, 3.006728547916282e-06, -2.4504341126885265e-05, -1.4128427210380323e-05]]","[0.125292107462883, 0.004400372505187988, 0.02620653808116913, -0.018142059445381165, -0.01624167710542679, -0.032102689146995544]","[[-0.004150390625, 0.008160274475812912, -0.002083694562315941]]","[1, 5]",11.344999317,-0.43105727434158325,0.0,3993.0,1748233143.4987383,4.0,
"[[-0.006692472845315933, 0.001048654317855835, 0.015625378116965294]]",4001,"[0.5454870462417603, 0.07354898005723953, 0.07786405831575394]","[-0.7894051671028137, -0.977623462677002, 0.6142123937606812, -0.9846354722976685]",False,"[0.5301070809364319, -0.24421493709087372, 0.029999999329447746]","[[0.5433306694030762, 0.07863679528236389, 0.0714040994644165, 0.05547916889190674, 0.5454870462417603, 0.07354898005723953, 0.07786405831575394, -0.002633059863001108, 0.12216918915510178, -0.002379833487793803]]","[0.33013081550598145, 0.15524151921272278, -2.837733268737793, 1.7091857194900513, -1.2820154428482056, 0.2272738516330719]","[[-0.006549481302499771, -0.009274102747440338, 0.014889402315020561]]","[1, 5]",11.345332094,-0.3217163681983948,0.0,4001.0,1748233143.5168219,12.0,
"[[0.010770406574010849, -0.00584050640463829, -0.011767301708459854]]",4003,"[0.5628401637077332, -0.017534926533699036, 0.07010207325220108]","[0.7102792263031006, -0.9641508460044861, -0.5048114657402039, -0.9591935276985168]",False,"[0.5301070809364319, -0.24421493709087372, 0.029999999329447746]","[[0.5649408102035522, -0.0015931499656289816, 0.06590288877487183, 0.05370054394006729, 0.5628401637077332, -0.017534926533699036, 0.07010207325220108, 0.0011147352633997798, -0.1462862491607666, 0.005795749835669994]]","[0.34703493118286133, 0.07688359171152115, -2.1719768047332764, 1.425359845161438, -1.2853740453720093, 0.30036842823028564]","[[0.00847938284277916, -0.0066694654524326324, -0.01322467252612114]]","[1, 5]",11.345419756,-0.23251549899578094,0.0,4003.0,1748233143.5217414,14.0,
"[[-0.14083963632583618, -0.24575494229793549, -0.006196449510753155]]",4009,"[0.6637810468673706, 0.021039307117462158, 0.029999999329447746]","[-0.44363725185394287, -0.8250077366828918, -0.1899295449256897, -0.9298931360244751]",True,"[0.5547962188720703, -0.1738787144422531, 0.029999999329447746]","[[0.6384396553039551, -2.194472251484947e-12, 0.19740013778209686, 0, 0.6637810468673706, 0.021039307117462158, 0.029999999329447746, 0, 0, 0]]","[0.43628236651420593, -0.855146586894989, 0.3625217080116272, 2.8119394779205322, -1.5232905149459839, 0.5905798077583313]","[[-0.12130527943372726, -0.2301415205001831, -0.1759815812110901]]","[1, 5]",11.388919188,-0.028444726020097733,0.0,4009.0,1748233143.5364714,20.0,
"[[0.007234150543808937, -0.003826085478067398, 0.017350662499666214]]",4018,"[0.5124101638793945, 0.10839254409074783, 0.052516840398311615]","[0.3385387659072876, -0.9627812504768372, 0.6622176170349121, -0.9858723878860474]",False,"[0.6038010716438293, -0.19721896946430206, 0.029999999329447746]","[[0.5150535702705383, 0.1041456013917923, 0.044081393629312515, 0.05784951522946358, 0.5124101638793945, 0.10839254409074783, 0.052516840398311615, -0.005712821148335934, -0.015301291830837727, 0.009645035490393639]]","[0.74652498960495, 0.24498915672302246, -2.8894290924072266, 1.5460983514785767, -1.1548749208450317, 0.2760721445083618]","[[0.007641250267624855, -0.009315725415945053, 0.017657333984971046]]","[1, 5]",11.389241184,-0.31977757811546326,1.0,4018.0,1748233143.5546045,8.0,
"[[0.01081771869212389, -0.04654524475336075, 0.00723620830103755]]",4070,"[0.5321475863456726, 0.21070919930934906, 0.02995491214096546]","[0.21669650077819824, -0.9347749948501587, 0.14564740657806396, 0.6496753692626953]",False,"[0.4772174656391144, 0.20018835365772247, 0.029999999329447746]","[[0.5587022304534912, 0.021748321130871773, 0.11679181456565857, 0.07999999076128006, 0.5321475863456726, 0.21070919930934906, 0.02995491214096546, 0.000684720987919718, 1.5587407688144594e-05, 0.08773528039455414]]","[-0.3131886422634125, -4.485541820526123, 1.9565308094024658, 12.382231712341309, 4.099193572998047, -0.3260180354118347]","[[0.002635669894516468, -0.007674358785152435, 0.001180404331535101]]","[1, 5]",11.481592941,-0.05592860281467438,2.0,4070.0,1748233143.6694725,43.0,
"[[0.01966395601630211, 0.003221385180950165, 0.019143566489219666]]",4087,"[0.4610653817653656, -0.016697166487574577, 0.05114859715104103]","[0.9800087213516235, 0.8927781581878662, 0.689406156539917, -0.9942436814308167]",False,"[0.6731894016265869, 0.20803005993366241, 0.029999999329447746]","[[0.4604331851005554, -0.012340772897005081, 0.045312169939279556, 0.05542100593447685, 0.4610653817653656, -0.016697166487574577, 0.05114859715104103, -0.001527436776086688, -0.07241885364055634, -0.006496465764939785]]","[0.8268638849258423, 0.28279638290405273, -3.3133463859558105, 1.7821118831634521, -1.4490246772766113, 0.3742014765739441]","[[0.02024584636092186, 0.010660961270332336, 0.019475247710943222]]","[1, 5]",11.512882039,-0.30975180864334106,3.0,4087.0,1748233143.7000897,10.0,
"[[0.027252208441495895, 0.019202910363674164, 0.02187713421881199]]",4093,"[0.6262997984886169, 0.16214287281036377, 0.031062155961990356]","[0.9702672958374023, 0.711046576499939, 0.4559779167175293, -0.8880692720413208]",False,"[0.6731894016265869, 0.20803005993366241, 0.029999999329447746]","[[0.624872624874115, 0.1643715351819992, 0.02583196759223938, 0.05749920755624771, 0.6262997984886169, 0.16214287281036377, 0.031062155961990356, -0.009226677007973194, 0.020052442327141762, -0.008201271295547485]]","[0.04848306626081467, -0.2818532884120941, -1.0126441717147827, 2.1076982021331787, -1.305967926979065, 0.36320656538009644]","[[0.027346622198820114, 0.011763133108615875, 0.021787792444229126]]","[1, 5]",11.52826062,-0.06561550498008728,3.0,4093.0,1748233143.7153354,16.0,
"[[-0.04707285016775131, -0.04858240485191345, -0.03668929636478424]]",4098,"[0.43364816904067993, -0.17169038951396942, 0.029989412054419518]","[-0.9414575695991516, -0.9716391563415527, -0.7337859869003296, 0.7292934656143188]",False,"[0.6095457673072815, 0.09267255663871765, 0.029999999329447746]","[[0.5194879770278931, -0.08960877358913422, 0.1221904382109642, 0.07990191131830215, 0.43364816904067993, -0.17169038951396942, 0.029989412054419518, 3.006722863574396e-06, -2.4483129891450517e-05, -1.1304365216346923e-05]]","[0.05665217339992523, -0.02774091064929962, 0.00663173571228981, -0.020954929292201996, -0.017230622470378876, -0.00501406192779541]","[[-0.012553028762340546, -0.008003201335668564, -0.004749562591314316]]","[1, 5]",11.536686415,-0.31753382086753845,4.0,4098.0,1748233143.7247775,3.0,
"[[-0.003502479288727045, -0.04351722449064255, -0.037843361496925354]]",4143,"[0.6173933744430542, -0.17241796851158142, 0.0322992317378521]","[-0.06727558374404907, -0.917229175567627, -0.7106829881668091, 0.7669510841369629]",False,"[0.4745764136314392, -0.14299458265304565, 0.029999999329447746]","[[0.6393644213676453, -0.1597377508878708, 0.062379855662584305, 0.07996928691864014, 0.6173933744430542, -0.17241796851158142, 0.0322992317378521, 0.08022668212652206, -5.262767999170137e-08, -0.004999125842005014]]","[0.3024353086948395, 0.1852153241634369, -0.5873888731002808, 0.35825106501579285, -0.14223149418830872, 0.017155952751636505]","[[-0.0115389134734869, -0.011884070932865143, -0.032771576195955276]]","[1, 5]",11.665033786,-0.14583450555801392,7.0,4143.0,1748233143.816971,7.0,
"[[0.13948915898799896, 0.16144931316375732, 0.036478228867053986]]",4154,"[0.5882217884063721, -0.2703477740287781, 0.029999999329447746]","[1, -0.2476276159286499, 0.7295645475387573, 1]",True,"[0.5384011268615723, -0.11876127868890762, 0.029999999329447746]","[[0.6384396553039551, -2.194472251484947e-12, 0.19740013778209686, 0, 0.5882217884063721, -0.2703477740287781, 0.029999999329447746, 0, 0, 0]]","[0.031249593943357468, -0.036577388644218445, -0.04099562391638756, -0.036194927990436554, 0.07710743695497513, 0.20105451345443726]","[[0.05000000074505806, -0.01238138135522604, 0.036478228867053986]]","[1, 5]",11.665467309,-0.04480725899338722,8.0,4154.0,1748233143.8452046,0.0,
"[[0.202438086271286, -0.3198402225971222, -0.0007392428815364838]]",4167,"[0.41168317198753357, 0.2762361168861389, 0.029999999329447746]","[-0.36877763271331787, 0.949002742767334, -0.31435275077819824, -0.9447551965713501]",True,"[0.6227679252624512, -0.26743340492248535, 0.029999999329447746]","[[0.6384396553039551, -2.194472251484947e-12, 0.19740013778209686, 0, 0.41168317198753357, 0.2762361168861389, 0.029999999329447746, 0, 0, 0]]","[0.1070573702454567, 0.10659638047218323, -2.0947813987731934, 1.3499951362609863, -1.3469144105911255, 0.28042072057724]","[[-0.034238941967487335, -0.04188786819577217, -0.17385263741016388]]","[1, 5]",11.684314585,-0.047859076410532,9.0,4167.0,1748233143.87232,12.0,
"[[-0.0056507945992052555, 0.04999939724802971, -0.04997429996728897]]",4168,"[0.534625768661499, 0.04936004430055618, 0.02998952753841877]","[-0.11302781105041504, 0.9999954700469971, -0.9996954202651978, 0.9999768733978271]",False,"[0.6880978345870972, -0.18499282002449036, 0.029999999329447746]","[[0.6408470273017883, 0.024381930008530617, 0.17091423273086548, 0.07027385383844376, 0.534625768661499, 0.04936004430055618, 0.02998952753841877, 3.005894996022107e-06, -2.0607802071026526e-05, -2.8306608328421135e-06]]","[0.031227683648467064, -0.03598801791667938, -0.04086983576416969, -0.03561374545097351, 0.07731138169765472, 0.20065416395664215]","[[-0.008058762177824974, 0.025617843493819237, -0.023498866707086563]]","[1, 5]",11.685961585,-0.28013381361961365,10.0,4168.0,1748233143.8740695,0.0,
"[[-0.04669453203678131, 0.025279024615883827, -0.04409389942884445]]",4169,"[0.5346256494522095, 0.0493604950606823, 0.02998943440616131]","[-0.9338930249214172, 0.505589485168457, -0.8818798661231995, 0.7875667810440063]",False,"[0.6880978345870972, -0.18499282002449036, 0.029999999329447746]","[[0.6035681962966919, 0.0507928691804409, 0.12189275771379471, 0.07881753146648407, 0.5346256494522095, 0.0493604950606823, 0.02998943440616131, 3.0065698410908226e-06, -2.377380405960139e-05, -5.656060693581821e-06]]","[0.03140094131231308, -0.025906041264533997, -0.019037064164876938, -0.028387539088726044, 0.053564876317977905, 0.13178907334804535]","[[-0.009415820240974426, -0.0011314637959003448, 0.004927482455968857]]","[1, 5]",11.687818584,-0.2801342308521271,10.0,4169.0,1748233143.8757038,1.0,
"[[0.021383166313171387, -0.025143787264823914, 0.027183692902326584]]",4175,"[0.5680550336837769, 0.060686446726322174, 0.03439989313483238]","[0.6943976879119873, -0.9336110949516296, 0.6326230764389038, -0.9883232712745667]",False,"[0.6880978345870972, -0.18499282002449036, 0.029999999329447746]","[[0.5714923143386841, 0.05036916956305504, 0.03794655576348305, 0.05432352423667908, 0.5680550336837769, 0.060686446726322174, 0.03439989313483238, 0.003947247751057148, 0.016190150752663612, 0.031280577182769775]]","[0.461393803358078, 0.15709751844406128, -1.7741429805755615, 1.0300116539001465, -0.821471631526947, 0.18269893527030945]","[[0.02144557237625122, -0.02794772759079933, 0.027415812015533447]]","[1, 5]",11.702131272,-0.2734738290309906,10.0,4175.0,1748233143.8893585,7.0,
"[[-0.04390287026762962, -0.04892488941550255, -0.01955491490662098]]",4183,"[0.4220178425312042, -0.2428363412618637, 0.029989775270223618]","[-0.8780525922775269, -0.97850102186203, -0.3910990357398987, 0.8956224918365479]",False,"[0.5543323159217834, 0.019301917403936386, 0.029999999329447746]","[[0.571293294429779, -0.07776212692260742, 0.18560783565044403, 0.07881753146648407, 0.4220178425312042, -0.2428363412618637, 0.029989775270223618, -3.3503213217045413e-06, -1.2256618902029004e-05, -7.013421054580249e-06]]","[0.03140172362327576, -0.02591877430677414, -0.019042853266000748, -0.028398938477039337, 0.05355603247880936, 0.1317916214466095]","[[-0.021479900926351547, 0.0032175444066524506, -0.012428591027855873]]","[1, 5]",11.719701472,-0.29363852739334106,11.0,4183.0,1748233143.9078355,1.0,
"[[-0.033591609448194504, 0.02972227707505226, -0.04726523160934448]]",4198,"[0.45293188095092773, 0.20259763300418854, 0.02998952753841877]","[-0.6718447208404541, 0.594452977180481, -0.9455140233039856, 0.996405839920044]",False,"[0.47499728202819824, -0.032664742320775986, 0.029999999329447746]","[[0.6250209808349609, 0.020569201558828354, 0.16585440933704376, 0.07027384638786316, 0.45293188095092773, 0.20259763300418854, 0.02998952753841877, 3.005894996022107e-06, -2.0607802071026526e-05, -2.8306608328421135e-06]]","[0.031227683648467064, -0.03598801791667938, -0.04086983576416969, -0.03561374545097351, 0.07731138169765472, 0.20065416395664215]","[[-0.020173560827970505, 0.009153448045253754, -0.01572997495532036]]","[1, 5]",11.765304509,-0.23629488050937653,12.0,4198.0,1748233143.939419,0.0,
"[[0.04541512951254845, -0.046856511384248734, 0.01891135424375534]]",4229,"[0.5335218906402588, -0.05056953430175781, 0.02998983860015869]","[0.9083120822906494, -0.9371199607849121, 0.3780238628387451, 0.6427119970321655]",False,"[0.6874080896377563, -0.24528461694717407, 0.029999999329447746]","[[0.6606572866439819, -0.02266821451485157, 0.20080792903900146, 0.05645739287137985, 0.5335218906402588, -0.05056953430175781, 0.02998983860015869, -6.299248525465373e-06, 2.2848787466500653e-06, 8.363443157577422e-06]]","[0.031228339299559593, -0.03600551187992096, -0.04087357595562935, -0.03563099354505539, 0.07730532437562943, 0.20066605508327484]","[[0.023197975009679794, -0.024187782779335976, 0.015493402257561684]]","[1, 5]",11.852984715,-0.2481832504272461,14.0,4229.0,1748233144.0077293,0.0,
"[[-0.033571310341358185, 0.0376700721681118, -0.039312735199928284]]",4248,"[0.6278377175331116, 0.07114163786172867, 0.030228715389966965]","[-0.703349232673645, 0.9983534812927246, -0.8141433000564575, 0.3388561010360718]",False,"[0.5615310668945312, 0.1542518436908722, 0.029999999329447746]","[[0.6297041177749634, 0.08307722955942154, 0.022195899859070778, 0.08028775453567505, 0.6278377175331116, 0.07114163786172867, 0.030228715389966965, -0.018686790019273758, -0.007133021019399166, 0.03449785336852074]]","[0.17131172120571136, 0.026316672563552856, -0.24051594734191895, 0.11803115904331207, -0.1341182291507721, 0.005741827189922333]","[[-0.011640436947345734, 0.016830772161483765, -0.005923811346292496]]","[1, 5]",11.860967188,-0.10631992667913437,15.0,4248.0,1748233144.0481856,4.0,
"[[0.06318178027868271, 0.05815344303846359, 0.01093843299895525]]",4251,"[0.5145032405853271, 0.1269329935312271, 0.029999999329447746]","[-0.686143159866333, 0.7293088436126709, -0.0871163010597229, -0.8865224123001099]",True,"[0.6776688098907471, 0.10517451912164688, 0.029999999329447746]","[[0.6384396553039551, -2.194472251484947e-12, 0.19740013778209686, 0, 0.5145032405853271, 0.1269329935312271, 0.029999999329447746, 0, 0, 0]]","[0.4126550257205963, 0.20561574399471283, -2.1175339221954346, 1.1911245584487915, -1.1335338354110718, 0.3116799592971802]","[[-0.06371120363473892, 0.18731698393821716, -0.16203093528747559]]","[1, 5]",11.867623717,-0.047109998762607574,15.0,4251.0,1748233144.0556183,7.0,
"[[0.022695448249578476, 0.029200296849012375, 0.012642589397728443]]",4262,"[0.6151136755943298, -0.28520914912223816, 0.033053476363420486]","[0.9332292079925537, 0.8790143728256226, 0.3068692684173584, -0.9579308032989502]",False,"[0.6830055117607117, -0.21836179494857788, 0.029999999329447746]","[[0.6145078539848328, -0.2720077335834503, 0.025188298895955086, 0.053156185895204544, 0.6151136755943298, -0.28520914912223816, 0.033053476363420486, 0.010123871266841888, 0.0013808206422254443, -0.038634367287158966]]","[0.3444279730319977, 0.2824608087539673, -1.5345089435577393, 0.9210984706878662, -0.882445752620697, 0.28467845916748047]","[[0.02275266870856285, 0.025249671190977097, 0.012561448849737644]]","[1, 5]",11.888803191000001,-0.0953267514705658,16.0,4262.0,1748233144.0759072,10.0,
"[[-0.020831985399127007, 0.045327078551054, -0.03429226577281952]]",4272,"[0.49535873532295227, 0.2954172194004059, 0.030072079971432686]","[-0.4166516065597534, 0.9081932306289673, -0.6842027902603149, 0.8187494277954102]",False,"[0.5607678890228271, -0.15451213717460632, 0.029999999329447746]","[[0.5160393714904785, 0.2669597268104553, 0.0628245547413826, 0.07271598279476166, 0.49535873532295227, 0.2954172194004059, 0.030072079971432686, -0.0027437619864940643, -4.908304617856629e-06, 1.416089799022302e-05]]","[0.1076277643442154, 0.20542854070663452, 0.0472131110727787, 0.024248048663139343, 0.09097472578287125, 0.017921529710292816]","[[-0.014748496934771538, 0.0072222016751766205, -0.015529777854681015]]","[1, 5]",11.90612914,-0.45465898513793945,17.0,4272.0,1748233144.0939379,8.0,
"[[-0.017041495069861412, -0.033372774720191956, -0.04514720290899277]]",4274,"[0.49462440609931946, 0.2940594553947449, 0.03047380968928337]","[-0.3549949526786804, -0.7202878594398499, -0.9134036898612976, 0.911865234375]",False,"[0.5607678890228271, -0.15451213717460632, 0.029999999329447746]","[[0.49618783593177795, 0.2836192846298218, 0.021930379793047905, 0.0802169144153595, 0.49462440609931946, 0.2940594553947449, 0.03047380968928337, 0.016326235607266426, 1.6999027138808742e-05, 0.013170761987566948]]","[0.07840916514396667, 0.304192453622818, -0.3138827681541443, 0.2192746102809906, -0.09173203259706497, 0.11624936014413834]","[[-0.003245105966925621, -0.025205448269844055, -0.016990898177027702]]","[1, 5]",11.948936881,-0.4534221589565277,17.0,4274.0,1748233144.0979033,10.0,
"[[-0.043430279940366745, -0.04174782708287239, -0.04635279253125191]]",4287,"[0.5692010521888733, -0.0860966220498085, 0.02998943440616131]","[-0.8686079978942871, -0.834947407245636, -0.927057683467865, 0.9071893692016602]",False,"[0.6190196871757507, -0.21834705770015717, 0.029999999329447746]","[[0.649384081363678, -0.06670127063989639, 0.1354738473892212, 0.07881753146648407, 0.5692010521888733, -0.0860966220498085, 0.02998943440616131, 3.006569613717147e-06, -2.377380405960139e-05, -5.656060693581821e-06]]","[0.03140094131231308, -0.025906041264533997, -0.019037064164876938, -0.028387539088726044, 0.053564876317977905, 0.13178907334804535]","[[-0.01272125169634819, 0.0023777782917022705, 0.007066778838634491]]","[1, 5]",11.949399578,-0.14132258296012878,18.0,4287.0,1748233144.1305735,1.0,
"[[0.0037328959442675114, 0.048005979508161545, -0.016468431800603867]]",4299,"[0.6044020056724548, 0.24875007569789886, 0.029989415779709816]","[0.07465791702270508, 0.9601285457611084, -0.3293690085411072, -0.5650705099105835]",False,"[0.5413029789924622, 0.041475627571344376, 0.029999999329447746]","[[0.6101515889167786, 0.00232051033526659, 0.17839550971984863, 0.0016145367408171296, 0.6044020056724548, 0.24875007569789886, 0.029989415779709816, 3.006697852470097e-06, -2.43706217588624e-05, -8.480304131808225e-06]]","[0.017381707206368446, -0.028290599584579468, -0.012963362038135529, -0.020310916006565094, 0.021136611700057983, 0.05704280734062195]","[[0.0007791281677782536, 0.011364344507455826, -0.0004524737596511841]]","[1, 5]",11.993159142,-0.2166660577058792,19.0,4299.0,1748233144.155718,2.0,
"[[-0.022964773699641228, -0.02552742511034012, -0.00477218721061945]]",4307,"[0.6018947958946228, 0.24927984178066254, 0.029685700312256813]","[-0.5052351355552673, -0.7864992022514343, -0.2864406108856201, -0.039346158504486084]",False,"[0.5413029789924622, 0.041475627571344376, 0.029999999329447746]","[[0.6037623882293701, 0.24178950488567352, 0.028648972511291504, 0.07705406844615936, 0.6018947958946228, 0.24927984178066254, 0.029685700312256813, 0.011828040704131126, -0.0014285783981904387, -0.015666574239730835]]","[0.34934327006340027, 0.24067097902297974, -1.8320517539978027, 1.0521156787872314, -1.0215150117874146, 0.31322747468948364]","[[-0.008546588942408562, -0.01838446408510208, -0.0018393127247691154]]","[1, 5]",11.993447947,-0.21645797789096832,19.0,4307.0,1748233144.169657,10.0,
"[[0.0007808711379766464, -0.013485141098499298, 0.038915179669857025]]",4308,"[0.5894173979759216, 0.2150052934885025, 0.0339258573949337]","[-0.2339305281639099, -0.9551937580108643, 0.8631067276000977, -0.9825490713119507]",False,"[0.5413029789924622, 0.041475627571344376, 0.029999999329447746]","[[0.5842342376708984, 0.20465338230133057, 0.03168589621782303, 0.05492905527353287, 0.5894173979759216, 0.2150052934885025, 0.0339258573949337, 0.006330837961286306, 0.06741293519735336, 0.0703742653131485]]","[0.3119920492172241, 0.1527395397424698, -1.8887128829956055, 1.1084707975387573, -1.1863335371017456, 0.347428560256958]","[[0.007831623777747154, -0.010623566806316376, 0.04011841490864754]]","[1, 5]",11.993485226,-0.18011927604675293,19.0,4308.0,1748233144.171797,11.0,
"[[-0.016479026526212692, 0.035611193627119064, 0.0055873459205031395]]",4318,"[0.501126766204834, 0.21088442206382751, 0.033646535128355026]","[-0.9654881358146667, 0.9690724611282349, 0.1848987340927124, -0.6954646706581116]",False,"[0.4258456230163574, 0.23683102428913116, 0.029999999329447746]","[[0.5451012253761292, 0.2077910155057907, 0.02848823182284832, 0.013461987487971783, 0.501126766204834, 0.21088442206382751, 0.033646535128355026, -0.05957409739494324, -0.04949355497956276, 0.693040668964386]]","[0.37953218817710876, 0.09188339859247208, -0.8607907891273499, 0.4892207384109497, -0.27963995933532715, -0.006344720721244812]","[[-0.025753330439329147, 0.035463493317365646, 0.003652702085673809]]","[1, 5]",12.037069977,-0.07971055805683136,20.0,4318.0,1748233144.1921,5.0,
"[[0.012260746210813522, -0.001614246517419815, 0.010283788666129112]]",4330,"[0.537757933139801, 0.08610064536333084, 0.040132030844688416]","[0.6865086555480957, -0.9585633277893066, 0.1490004062652588, -0.9675992727279663]",False,"[0.5044765472412109, -0.04348038509488106, 0.029999999329447746]","[[0.5289589166641235, 0.08088915050029755, 0.03456421568989754, 0.05625785514712334, 0.537757933139801, 0.08610064536333084, 0.040132030844688416, -0.00048822039389051497, 0.033647604286670685, 0.00013077449693810195]]","[0.32942405343055725, 0.15453903377056122, -2.5225296020507812, 1.501676321029663, -1.3899822235107422, 0.29728978872299194]","[[0.013265382498502731, -0.00682169571518898, 0.009709609672427177]]","[1, 5]",12.037518437,-0.13416986167430878,21.0,4330.0,1748233144.21671,10.0,
"[[-0.17582018673419952, 0.10243593156337738, -0.02770155481994152]]",4334,"[0.6815412640571594, -0.15902520716190338, 0.029999999329447746]","[-0.8184565901756287, -0.8037968277931213, -0.554593026638031, -0.8627597689628601]",True,"[0.4902815520763397, 0.23848935961723328, 0.029999999329447746]","[[0.6384396553039551, -2.194472251484947e-12, 0.19740013778209686, 0, 0.6815412640571594, -0.15902520716190338, 0.029999999329447746, 0, 0, 0]]","[0.11332174390554428, -0.5885857343673706, -0.9896878004074097, 2.353099822998047, -1.8899568319320679, 0.39695674180984497]","[[-0.14068569242954254, -0.07070864737033844, -0.20287077128887177]]","[1, 5]",12.080930648,-0.042176421731710434,21.0,4334.0,1748233144.2269788,14.0,
"[[0.004254591651260853, -0.048857901245355606, 0.0381985679268837]]",4339,"[0.5712870359420776, -0.23023366928100586, 0.029989993199706078]","[0.08508944511413574, -0.9771586060523987, 0.7639737129211426, 0.9508558511734009]",False,"[0.42081987857818604, -0.02765621803700924, 0.029999999329447746]","[[0.5723658204078674, -0.13127873837947845, 0.11317650973796844, 0.07999788969755173, 0.5712870359420776, -0.23023366928100586, 0.029989993199706078, -2.1701389414374717e-06, 3.820949586952338e-06, 9.049509571923409e-06]]","[0.1253029704093933, 0.004401609301567078, 0.02618381753563881, -0.018118418753147125, -0.016249485313892365, -0.03209671378135681]","[[0.0015799524262547493, -0.0049741752445697784, 0.01501939445734024]]","[1, 5]",12.081112976,-0.2523449659347534,22.0,4339.0,1748233144.2353354,4.0,
"[[-0.049963392317295074, 0.05000125989317894, -0.04998914152383804]]",4349,"[0.4628249406814575, 0.05750693008303642, 0.029989156872034073]","[-0.9992797374725342, 1, -0.9999996423721313, 0.5924758911132812]",False,"[0.5537649989128113, 0.2993149757385254, 0.029999999329447746]","[[0.619478702545166, 0.02392713911831379, 0.166266530752182, 0.05204445868730545, 0.4628249406814575, 0.05750693008303642, 0.029989156872034073, 3.70309098798316e-05, 6.186130121932365e-06, -3.4460654205759056e-06]]","[0.03122689574956894, -0.03596717119216919, -0.04086534306406975, -0.03559320420026779, 0.07731862366199493, 0.2006399929523468]","[[-0.031003035604953766, 0.02607286162674427, -0.01886637508869171]]","[1, 5]",12.081469426,-0.2583432197570801,23.0,4349.0,1748233144.2564714,0.0,
"[[0.020445920526981354, 0.018780913203954697, 0.015973588451743126]]",4356,"[0.4824698269367218, 0.10539233684539795, 0.03788852319121361]","[0.7154626846313477, 0.9872947931289673, 0.42778337001800537, -0.9427199363708496]",False,"[0.5537649989128113, 0.2993149757385254, 0.029999999329447746]","[[0.46636781096458435, 0.11491643637418747, 0.03620963916182518, 0.05413217470049858, 0.4824698269367218, 0.10539233684539795, 0.03788852319121361, 0.0018512691603973508, 0.2225562036037445, 0.0037848257925361395]]","[0.5396942496299744, 0.2359735667705536, -1.726098656654358, 0.9268786311149597, -0.6147826313972473, 0.11621269583702087]","[[0.020304061472415924, 0.011466044932603836, 0.01363006979227066]]","[1, 5]",12.124875295,-0.20676366984844208,23.0,4356.0,1748233144.2699058,7.0,
"[[-0.021969668567180634, -0.00435807928442955, 0.02424580603837967]]",4384,"[0.6242532134056091, 0.12047962099313736, 0.05412374436855316]","[-0.842555582523346, -0.9655190110206604, 0.7183291912078857, -0.9841627478599548]",False,"[0.5671361684799194, -0.0592484250664711, 0.029999999329447746]","[[0.6245604753494263, 0.11459185183048248, 0.0469181053340435, 0.0549490824341774, 0.6242532134056091, 0.12047962099313736, 0.05412374436855316, -0.00724452780559659, 0.1520807296037674, -0.00929082091897726]]","[0.464673787355423, 0.13171395659446716, -2.528135061264038, 1.6437183618545532, -1.1636000871658325, 0.2930390238761902]","[[-0.01713656634092331, -0.007133234292268753, 0.022966478019952774]]","[1, 5]",12.141601803,-0.19012229144573212,25.0,4384.0,1748233144.3287516,11.0,
"[[0.0027677356265485287, -0.0034509561955928802, -1.2263655662536621e-05]]",4387,"[0.5839386582374573, -0.007508871611207724, 0.03453075513243675]","[-0.00866544246673584, -0.9191572666168213, -0.4627290964126587, -0.9097692966461182]",False,"[0.5671361684799194, -0.0592484250664711, 0.029999999329447746]","[[0.5837209224700928, -0.0008886571740731597, 0.02969721518456936, 0.05535051226615906, 0.5839386582374573, -0.007508871611207724, 0.03453075513243675, 0.00048665120266377926, 0.03397947549819946, 0.0066975378431379795]]","[0.21817205846309662, 0.03345225006341934, -1.6435543298721313, 1.2643426656723022, -1.181186556816101, 0.2821139097213745]","[[0.0018489897483959794, -0.00647297129034996, -0.00038673169910907745]]","[1, 5]",12.149095542,-0.054587848484516144,25.0,4387.0,1748233144.336249,14.0,
"[[-0.013890111818909645, -0.0456274151802063, -0.012265736237168312]]",4402,"[0.41652607917785645, 0.23353268206119537, 0.02998734824359417]","[-0.2777867317199707, -0.9125956892967224, -0.24556773900985718, 0.8720837831497192]",False,"[0.5290839076042175, -0.06650126725435257, 0.029999999329447746]","[[0.6308236718177795, -0.024468708783388138, 0.18765510618686676, 0.0702739953994751, 0.41652607917785645, 0.23353268206119537, 0.02998734824359417, -7.362991891568527e-05, 1.7159907656605355e-05, 7.197692411864409e-06]]","[0.03122311644256115, -0.03586535155773163, -0.04084363207221031, -0.03549278527498245, 0.07735385000705719, 0.20057085156440735]","[[-0.006273353472352028, -0.021161075681447983, -0.002533355727791786]]","[1, 5]",12.209101555,-0.3204522430896759,27.0,4402.0,1748233144.370337,0.0,
"[[-0.01339984592050314, -0.029750116169452667, -0.016654182225465775]]",4419,"[0.5586034059524536, 0.010847978293895721, 0.03047684207558632]","[-0.23262512683868408, -0.9092285633087158, -0.3179086446762085, -0.8986791372299194]",False,"[0.5290839076042175, -0.06650126725435257, 0.029999999329447746]","[[0.5566334128379822, -0.0015259524807333946, 0.022288359701633453, 0.053747937083244324, 0.5586034059524536, 0.010847978293895721, 0.03047684207558632, 0.011753156781196594, -0.005372971761971712, 0.01794624887406826]]","[0.1622972935438156, -0.295840859413147, -0.983728289604187, 1.7851048707962036, -0.8907567262649536, 0.2645259201526642]","[[-0.01476032193750143, -0.028062406927347183, -0.016660824418067932]]","[1, 5]",12.25294304,-0.08279211819171906,27.0,4419.0,1748233144.4054253,17.0,
"[[0.00042534471140243113, 0.04834337159991264, -0.04701501503586769]]",4425,"[0.6007808446884155, 0.04786723479628563, 0.030405433848500252]","[0.008484244346618652, 0.9752753973007202, -0.9319799542427063, 0.9325778484344482]",False,"[0.4686964154243469, 0.058025721460580826, 0.029999999329447746]","[[0.5935755968093872, 0.02179444395005703, 0.06572780758142471, 0.07830505073070526, 0.6007808446884155, 0.04786723479628563, 0.030405433848500252, -0.013935267925262451, -2.998389936692547e-05, -2.9126444132998586e-05]]","[0.0748504176735878, -0.024294927716255188, -0.06491299718618393, 0.01873987913131714, -0.039919473230838776, -0.002502724528312683]","[[0.004451578948646784, 0.004080422222614288, 0.004742611199617386]]","[1, 5]",12.253149483,-0.1324751228094101,28.0,4425.0,1748233144.4179318,3.0,
"[[0.008202040567994118, -0.041982557624578476, -0.027585307136178017]]",4443,"[0.5229813456535339, -0.27132314443588257, 0.031190175563097]","[0.16409683227539062, -0.8646553158760071, -0.5277021527290344, 0.5060319900512695]",False,"[0.5927694439888, 0.09677035361528397, 0.029999999329447746]","[[0.5158535242080688, -0.25061699748039246, 0.05964522063732147, 0.07694472372531891, 0.5229813456535339, -0.27132314443588257, 0.031190175563097, 0.04083855077624321, 3.780157157962094e-06, -4.288765921955928e-06]]","[0.22687336802482605, 0.17456431686878204, -0.2758755385875702, 0.1886681616306305, -0.04254915565252304, 0.007054589688777924]","[[0.003110552206635475, -0.00982564315199852, -0.009041057899594307]]","[1, 5]",12.301048503,-0.3746526539325714,29.0,4443.0,1748233144.456869,7.0,
"[[-0.013644513674080372, -0.035685837268829346, -0.04794597625732422]]",4459,"[0.6316612958908081, -0.03940590098500252, 0.02998989447951317]","[-0.2728819251060486, -0.7137163877487183, -0.9589114189147949, 0.9386186599731445]",False,"[0.6062393188476562, 0.052956774830818176, 0.029999999329447746]","[[0.6217103600502014, -0.047416962683200836, 0.0509832426905632, 0.07999787479639053, 0.6316612958908081, -0.03940590098500252, 0.02998989447951317, -2.6363338179180573e-08, -3.436150564084528e-06, -1.1077822819061112e-05]]","[0.12529335916042328, 0.004401251673698425, 0.026194777339696884, -0.01813603937625885, -0.016245760023593903, -0.03210100531578064]","[[0.0006162552163004875, -0.004477277398109436, 0.006496857851743698]]","[1, 5]",12.344976299,-0.09579739719629288,30.0,4459.0,1748233144.493883,4.0,
"[[0.08840221166610718, 0.39206740260124207, -0.0423382893204689]]",4469,"[0.5300674438476562, -0.14154863357543945, 0.029999999329447746]","[0.2417922019958496, 0.969728946685791, -0.9113975763320923, 0.6119974851608276]",True,"[0.6981392502784729, -0.12989617884159088, 0.029999999329447746]","[[0.6384396553039551, -2.194472251484947e-12, 0.19740013778209686, 0, 0.5300674438476562, -0.14154863357543945, 0.029999999329447746, 0, 0, 0]]","[0.3312661349773407, 0.1528475284576416, -0.7907264828681946, 0.4078123867511749, -0.3534650206565857, 0.08568330109119415]","[[-0.01550436019897461, 0.23414045572280884, -0.18074651062488556]]","[1, 5]",12.345359248,-0.04637051373720169,31.0,4469.0,1748233144.5133953,6.0,
"[[-0.04766882583498955, -0.0494065098464489, -0.029397891834378242]]",4483,"[0.45050084590911865, -0.11696701496839523, 0.029989486560225487]","[-0.9533729553222656, -0.9881206750869751, -0.587956428527832, 0.7664531469345093]",False,"[0.6933901309967041, 0.12463559210300446, 0.029999999329447746]","[[0.5012277364730835, -0.031250812113285065, 0.1085163801908493, 0.07985623925924301, 0.45050084590911865, -0.11696701496839523, 0.029989486560225487, 2.5152271376782664e-08, -1.7315138393314555e-05, -1.0942968401650432e-05]]","[0.05665221065282822, -0.027740851044654846, 0.0066317059099674225, -0.02095501869916916, -0.017230667173862457, -0.005013957619667053]","[[-0.010977338999509811, -0.0026719309389591217, -0.003231396898627281]]","[1, 5]",12.389080421,-0.3425886929035187,33.0,4483.0,1748233144.5421906,3.0,
"[[-0.0039817034266889095, 0.03244723007082939, -0.049987323582172394]]",4496,"[0.4886685013771057, 0.07322084158658981, 0.029987357556819916]","[-0.07958698272705078, 0.6489607095718384, -0.9999992251396179, 0.9997971057891846]",False,"[0.5787740349769592, 0.11627369374036789, 0.029999999329447746]","[[0.6413859724998474, 0.021622920408844948, 0.17111489176750183, 0.07027394324541092, 0.4886685013771057, 0.07322084158658981, 0.029987357556819916, -1.6662395864841528e-05, -7.380306487902999e-05, 7.399258265650133e-06]]","[0.03122313693165779, -0.035865865647792816, -0.04084373638033867, -0.03549332171678543, 0.07735367119312286, 0.2005711942911148]","[[-0.006925666239112616, 0.010825114324688911, -0.023714717477560043]]","[1, 5]",12.38964134,-0.09986268728971481,35.0,4496.0,1748233144.572152,0.0,
"[[0.02470826543867588, 0.04901350289583206, 0.0331549271941185]]",4526,"[0.6114532947540283, 0.2930906116962433, 0.02998976595699787]","[0.4941617250442505, 0.9802753925323486, 0.6630984544754028, -0.7099130153656006]",False,"[0.41164523363113403, -0.06762824952602386, 0.029999999329447746]","[[0.6969243288040161, 0.03229326754808426, 0.1463659703731537, 2.108192553862409e-08, 0.6114532947540283, 0.2930906116962433, 0.02998976595699787, 1.2531740139820613e-05, 3.35032586917805e-06, 1.4808519154030364e-05]]","[0.056673865765333176, -0.02773360162973404, 0.006577197462320328, -0.02091936022043228, -0.017258919775485992, -0.005012154579162598]","[[0.013639265671372414, 0.000504322350025177, 0.027571145445108414]]","[1, 5]",12.451191072,-0.4123607277870178,37.0,4526.0,1748233144.6392584,3.0,
"[[0.005761331412941217, 0.04849892854690552, 0.02978876233100891]]",4527,"[0.611453115940094, 0.2930908799171448, 0.02998976595699787]","[0.11522305011749268, 0.9699839353561401, 0.5957752466201782, -0.5892330408096313]",False,"[0.41164523363113403, -0.06762824952602386, 0.029999999329447746]","[[0.7007190585136414, 0.07412973791360855, 0.1671074777841568, 1.7322390988283587e-07, 0.611453115940094, 0.2930908799171448, 0.02998976595699787, 1.2541671821963973e-05, 3.3503274607937783e-06, 1.85684984899126e-05]]","[0.1253005862236023, 0.004401348531246185, 0.026189863681793213, -0.01812414824962616, -0.016247399151325226, -0.032098203897476196]","[[0.001966422889381647, 0.006662726402282715, 0.009047254920005798]]","[1, 5]",12.452877926,-0.41236087679862976,37.0,4527.0,1748233144.6409404,4.0,
"[[-0.018891531974077225, 0.030285412445664406, -0.03343937546014786]]",4532,"[0.6114524006843567, 0.293092280626297, 0.02998996153473854]","[-0.3778306245803833, 0.6057112216949463, -0.6687843799591064, 0.8391661643981934]",False,"[0.41164523363113403, -0.06762824952602386, 0.029999999329447746]","[[0.6360151171684265, 0.26627281308174133, 0.07100025564432144, 0.07779589295387268, 0.6114524006843567, 0.293092280626297, 0.02998996153473854, 1.236517277902749e-06, 5.2414588225246916e-08, 3.274296614108607e-05]]","[0.03812114894390106, 0.24438032507896423, 0.07365259528160095, 0.02614271268248558, 0.11665784567594528, 0.0395069420337677]","[[-0.0012983866035938263, 0.0022609177976846695, 0.0014106258749961853]]","[1, 5]",12.461417952,-0.412361741065979,37.0,4532.0,1748233144.6491845,9.0,
"[[-0.013428382575511932, -0.018652230501174927, -0.0023711174726486206]]",4540,"[0.4561183452606201, 0.09924256056547165, 0.036248065531253815]","[-0.9614006876945496, -0.9707374572753906, -0.4566371440887451, -0.9571245908737183]",False,"[0.41164523363113403, -0.06762824952602386, 0.029999999329447746]","[[0.44308212399482727, 0.10354539006948471, 0.03658280521631241, 0.05595456063747406, 0.4561183452606201, 0.09924256056547165, 0.036248065531253815, 0.0009022378362715244, 0.29077303409576416, 0.01070739608258009]]","[0.28263795375823975, -0.32905256748199463, -1.044071912765503, 1.6644161939620972, -1.488693356513977, 0.3986198306083679]","[[-0.013700149953365326, -0.008364632725715637, -0.003265444189310074]]","[1, 5]",12.481243129,-0.1728084683418274,37.0,4540.0,1748233144.6681914,17.0,
"[[-0.04481413587927818, 0.004339374601840973, -0.008711016736924648]]",4544,"[0.4623170495033264, -0.04101249575614929, 0.0578620620071888]","[-0.8318405151367188, -0.9154091477394104, 0.1092609167098999, -0.8601522445678711]",False,"[0.41164523363113403, -0.06762824952602386, 0.029999999329447746]","[[0.4450341463088989, -0.03074498288333416, 0.05463173985481262, 0.054194629192352295, 0.4623170495033264, -0.04101249575614929, 0.0578620620071888, -0.008389033377170563, 0.18786367774009705, -0.006556112784892321]]","[0.029555002227425575, -1.2660502195358276, 0.6987128853797913, 3.656170129776001, -1.0429387092590332, 0.4535127282142639]","[[-0.04102056846022606, -0.008111193776130676, -0.012312735430896282]]","[1, 5]",12.532839879,-0.06365789473056793,37.0,4544.0,1748233144.6792011,21.0,
"[[-0.016311882063746452, 0.015592175535857677, -0.02776479534804821]]",4554,"[0.4148559868335724, 0.2568453550338745, 0.029989982023835182]","[-0.32623761892318726, 0.3118429183959961, -0.5552949905395508, 0.39871811866760254]",False,"[0.46047845482826233, 0.07695067673921585, 0.029999999329447746]","[[0.4461860656738281, 0.22309619188308716, 0.08092408627271652, 0.06093589588999748, 0.4148559868335724, 0.2568453550338745, 0.029989982023835182, 2.0395148681018327e-07, 3.8671973356940725e-07, 4.773200998897664e-05]]","[0.14391900599002838, 0.16041254997253418, 0.06494326889514923, 0.000681556761264801, 0.06634450703859329, -0.0025976598262786865]","[[-0.0028900187462568283, 0.0032884804531931877, -0.005605628713965416]]","[1, 5]",12.533238347,-0.18558961153030396,39.0,4554.0,1748233144.697619,7.0,
"[[0.01647493988275528, -0.00243435800075531, 0.012274283915758133]]",4575,"[0.5986509323120117, -0.0836867168545723, 0.08251693844795227]","[0.9388275146484375, 0.9585423469543457, 0.6888928413391113, -0.994142472743988]",False,"[0.6728029251098633, 0.21518371999263763, 0.029999999329447746]","[[0.5944987535476685, -0.08476203680038452, 0.0747850090265274, 0.0577203631401062, 0.5986509323120117, -0.0836867168545723, 0.08251693844795227, 0.006601155735552311, 0.005729628261178732, -0.0002512138453312218]]","[0.20491132140159607, 0.08807850629091263, -2.963850498199463, 1.7914756536483765, -1.3141151666641235, 0.19488464295864105]","[[0.01672957092523575, 0.0054007843136787415, 0.012589961290359497]]","[1, 5]",12.57733231,-0.3123781085014343,40.0,4575.0,1748233144.7415376,13.0,
"[[-0.022043148055672646, -0.04928943142294884, -0.012432140298187733]]",4588,"[0.4805617928504944, -0.2720210552215576, 0.029989412054419518]","[-0.44086354970932007, -0.9857796430587769, -0.24864280223846436, 0.7911025285720825]",False,"[0.5050351619720459, 0.2028413563966751, 0.029999999329447746]","[[0.4856020212173462, -0.12282481789588928, 0.13835439085960388, 0.07999792695045471, 0.4805617928504944, -0.2720210552215576, 0.029989412054419518, 3.006728547916282e-06, -2.4504341126885265e-05, -1.4128427210380323e-05]]","[0.125292107462883, 0.004400372505187988, 0.02620653808116913, -0.018142059445381165, -0.01624167710542679, -0.032102689146995544]","[[-0.0038825366646051407, -0.006881769746541977, -0.0025639208033680916]]","[1, 5]",12.6247939,-0.4754926264286041,41.0,4588.0,1748233144.7714574,4.0,
"[[0.002908420516178012, -0.04930277541279793, -0.014397526159882545]]",4589,"[0.4805617928504944, -0.2720206081867218, 0.029989412054419518]","[0.05816841125488281, -0.986046552658081, -0.2879505157470703, 0.5200366973876953]",False,"[0.5050351619720459, 0.2028413563966751, 0.029999999329447746]","[[0.48555558919906616, -0.16216066479682922, 0.12750805914402008, 0.07999972254037857, 0.4805617928504944, -0.2720206081867218, 0.029989412054419518, 3.0067303669056855e-06, -2.4508342903573066e-05, -1.6952526493696496e-05]]","[0.15962320566177368, 0.054159976541996, 0.04072364792227745, -0.012322403490543365, 0.005066342651844025, -0.03154410421848297]","[[0.002954852534458041, -0.009966481477022171, -0.003551194444298744]]","[1, 5]",12.62483729,-0.4754921793937683,41.0,4589.0,1748233144.7731059,5.0,
"[[0.020276285707950592, 0.02638161927461624, 0.00862625427544117]]",4595,"[0.49943068623542786, -0.23714271187782288, 0.03251013904809952]","[0.8044953346252441, 0.9930343627929688, 0.21890628337860107, -0.8346399664878845]",False,"[0.5050351619720459, 0.2028413563966751, 0.029999999329447746]","[[0.4880375564098358, -0.22565428912639618, 0.031725674867630005, 0.05407324433326721, 0.49943068623542786, -0.23714271187782288, 0.03251013904809952, -0.010989139787852764, 0.03813830390572548, -0.008355308324098587]]","[0.14518840610980988, 0.3475000262260437, -0.867522656917572, 0.5647520422935486, -0.2582066059112549, 0.14242054522037506]","[[0.01769978553056717, 0.01828264445066452, 0.008006205782294273]]","[1, 5]",12.625053431,-0.4400269091129303,41.0,4595.0,1748233144.784828,11.0,
"[[0.002411615801975131, 0.02902217209339142, -0.009794415906071663]]",4601,"[0.5266607403755188, 0.01989247277379036, 0.029805272817611694]","[-0.05017495155334473, 0.9487377405166626, -0.4053308963775635, -0.9789616465568542]",False,"[0.5050351619720459, 0.2028413563966751, 0.029999999329447746]","[[0.5106351971626282, 0.02675538882613182, 0.02592235989868641, 0.05429527163505554, 0.5266607403755188, 0.01989247277379036, 0.029805272817611694, 0.001606218982487917, -0.002350905677303672, 0.006995974108576775]]","[0.1361912190914154, -0.28914928436279297, -1.371954083442688, 1.7622150182724, -1.3519965410232544, 0.29048964381217957]","[[0.0013772367965430021, 0.007882680743932724, -0.0006043538451194763]]","[1, 5]",12.625264772,-0.18422268331050873,41.0,4601.0,1748233144.7992709,17.0,
"[[0.011804558336734772, 0.011791877448558807, 0.007123482413589954]]",4606,"[0.560060441493988, 0.182601198554039, 0.032155074179172516]","[0.6457455158233643, 0.9321267604827881, 0.17185842990875244, -0.8958582878112793]",False,"[0.5050351619720459, 0.2028413563966751, 0.029999999329447746]","[[0.5414831638336182, 0.19096499681472778, 0.025331297889351845, 0.05423709377646446, 0.560060441493988, 0.182601198554039, 0.032155074179172516, -0.013753654435276985, 0.058417074382305145, -0.0012273238971829414]]","[0.7969400882720947, -0.6927417516708374, 1.1534191370010376, 2.225555896759033, -0.852268636226654, 0.6462979316711426]","[[0.012075163424015045, 0.012832678854465485, 0.006063307635486126]]","[1, 5]",12.668818244,-0.0586693212389946,41.0,4606.0,1748233144.8124115,22.0,
"[[0.008026212453842163, 0.18555325269699097, 0.025446921586990356]]",4616,"[0.5352343916893005, 0.021177202463150024, 0.029999999329447746]","[-0.18191158771514893, 0.5549427270889282, 0.47366809844970703, -0.707495927810669]",True,"[0.6083275079727173, -0.14572106301784515, 0.029999999329447746]","[[0.6384396553039551, -2.194472251484947e-12, 0.19740013778209686, 0, 0.5352343916893005, 0.021177202463150024, 0.029999999329447746, 0, 0, 0]]","[0.08188626915216446, -1.6629228591918945, 2.0446200370788574, 4.460672378540039, 0.12827709317207336, 0.43890464305877686]","[[-0.11674603819847107, 0.2182447463274002, -0.14837637543678284]]","[1, 5]",12.669156611,-0.04706375300884247,41.0,4616.0,1748233144.8395224,32.0,
"[[0.01763114333152771, 0.007790729403495789, 0.03334600478410721]]",4627,"[0.5273815393447876, 0.24449630081653595, 0.0348111055791378]","[0.41554152965545654, -0.09646117687225342, 0.7586908340454102, -0.9855999946594238]",False,"[0.5761508941650391, -0.0895882397890091, 0.029999999329447746]","[[0.5252521634101868, 0.24053089320659637, 0.027004729956388474, 0.05620783194899559, 0.5273815393447876, 0.24449630081653595, 0.0348111055791378, -0.018908794969320297, -0.01614978350698948, 0.008200866170227528]]","[0.3168790340423584, 0.3265640139579773, -1.3547331094741821, 0.800552487373352, -0.3440980911254883, 0.11402657628059387]","[[0.018907636404037476, 0.005117282271385193, 0.03289108723402023]]","[1, 5]",12.712911717,-0.33765971660614014,42.0,4627.0,1748233144.8590991,10.0,
"[[0.006619000341743231, 0.04885184392333031, -0.009940053336322308]]",4637,"[0.6290980577468872, 0.23492267727851868, 0.02998896688222885]","[0.13236331939697266, 0.9770312309265137, -0.1988048553466797, -0.07772374153137207]",False,"[0.5985890030860901, -0.14593936502933502, 0.029999999329447746]","[[0.6281247138977051, -0.046012237668037415, 0.19788521528244019, 0.06344633549451828, 0.6290980577468872, 0.23492267727851868, 0.02998896688222885, 4.337637437856756e-05, 6.188112365634879e-06, -6.86728617438348e-06]]","[0.03139950707554817, -0.025889262557029724, -0.01902839168906212, -0.028372906148433685, 0.05357695370912552, 0.1317855268716812]","[[0.0019496320746839046, 0.06978841125965118, -0.00560570415109396]]","[1, 5]",12.713283045,-0.3820820450782776,43.0,4637.0,1748233144.886779,1.0,
"[[0.004318147897720337, 0.0481145940721035, -0.01897195540368557]]",4641,"[0.6290947794914246, 0.23492230474948883, 0.02998892217874527]","[0.08634626865386963, 0.9622900485992432, -0.379439115524292, 0.1423267126083374]",False,"[0.5985890030860901, -0.14593936502933502, 0.029999999329447746]","[[0.6597269177436829, 0.11271161586046219, 0.13730038702487946, 0.012616252526640892, 0.6290947794914246, 0.23492230474948883, 0.02998892217874527, 4.484623423195444e-05, 6.188575753185432e-06, -2.053361458820291e-05]]","[0.15963591635227203, 0.05416591465473175, 0.04075632616877556, -0.012348346412181854, 0.005066566169261932, -0.03155122697353363]","[[0.0025587379932403564, 0.006294693797826767, -0.00425911508500576]]","[1, 5]",12.713423866,-0.38208141922950745,43.0,4641.0,1748233144.8931713,5.0,
"[[-0.04471368342638016, 0.10371632874011993, -0.002209675032645464]]",4655,"[0.6579422950744629, -0.22743409872055054, 0.029999999329447746]","[0.29052722454071045, -0.8820996284484863, -0.08769941329956055, -0.8755071759223938]",True,"[0.5187674760818481, 0.07151863723993301, 0.029999999329447746]","[[0.6384396553039551, -2.194472251484947e-12, 0.19740013778209686, 0, 0.6579422950744629, -0.22743409872055054, 0.029999999329447746, 0, 0, 0]]","[0.19473035633563995, -0.6692934036254883, 0.3263213038444519, 2.2287542819976807, -0.5959575772285461, 0.3140162229537964]","[[-0.030688589438796043, -0.12285125255584717, -0.17554152011871338]]","[1, 5]",12.757227601,-0.04374649003148079,43.0,4655.0,1748233144.9255176,19.0,
"[[0.030965089797973633, 0.04932360723614693, -0.030237164348363876]]",4658,"[0.6917610764503479, 0.269258052110672, 0.02998976781964302]","[0.6192982196807861, 0.9864774942398071, -0.6047434210777283, -0.7262365818023682]",False,"[0.6269879937171936, -0.13384132087230682, 0.029999999329447746]","[[0.6811208724975586, -0.024969976395368576, 0.20327743887901306, 0.0006846024771220982, 0.6917610764503479, 0.269258052110672, 0.02998976781964302, 1.2489778782764915e-05, 3.3503240501886467e-06, 1.0773257599794306e-05]]","[0.017391877248883247, -0.028291650116443634, -0.013007476925849915, -0.020288832485675812, 0.021113403141498566, 0.057039253413677216]","[[0.010628283023834229, 0.026050690561532974, -0.010271582752466202]]","[1, 5]",12.757333728,-0.40827032923698425,44.0,4658.0,1748233144.9304862,2.0,
"[[0.04136792570352554, 0.04873597249388695, 0.02062673680484295]]",4660,"[0.6917607188224792, 0.26925861835479736, 0.02998976595699787]","[0.827354907989502, 0.9747247695922852, 0.4125347137451172, -0.10167574882507324]",False,"[0.6269879937171936, -0.13384132087230682, 0.029999999329447746]","[[0.700943648815155, 0.06254762411117554, 0.14341464638710022, 1.0133923751709517e-05, 0.6917607188224792, 0.26925861835479736, 0.02998976595699787, 1.2542051081254613e-05, 3.3503274607937783e-06, 1.8293108951183967e-05]]","[0.12530043721199036, 0.004401274025440216, 0.02618962898850441, -0.018124081194400787, -0.016247428953647614, -0.032098188996315]","[[0.031702734529972076, 0.009286094456911087, 0.04232250154018402]]","[1, 5]",12.75740477,-0.40827083587646484,44.0,4660.0,1748233144.933759,4.0,
"[[0.011231518350541592, 0.04834577441215515, -0.0016741246217861772]]",4662,"[0.6917604207992554, 0.26925918459892273, 0.02998976595699787]","[0.22462677955627441, 0.9669208526611328, -0.033482491970062256, 0.1519678831100464]",False,"[0.6269879937171936, -0.13384132087230682, 0.029999999329447746]","[[0.7192313075065613, 0.1429099440574646, 0.13824449479579926, 0.013350443914532661, 0.6917604207992554, 0.26925918459892273, 0.02998976595699787, 1.2543913726403844e-05, 3.3503301892778836e-06, 2.5813344109337777e-05]]","[0.16541673243045807, 0.10981129109859467, 0.05196384713053703, -0.005512349307537079, 0.03408066928386688, -0.02012096345424652]","[[0.005803502164781094, 0.007577948272228241, -0.0003020406002178788]]","[1, 5]",12.757473968,-0.40827134251594543,44.0,4662.0,1748233144.9370606,6.0,
"[[0.001633507083170116, 0.04687194153666496, -0.023983467370271683]]",4663,"[0.691760241985321, 0.2692594528198242, 0.02998976595699787]","[0.032666563987731934, 0.9374442100524902, -0.47966933250427246, 0.5805630683898926]",False,"[0.6269879937171936, -0.13384132087230682, 0.029999999329447746]","[[0.7157706022262573, 0.18342554569244385, 0.11866117268800735, 0.06434847414493561, 0.691760241985321, 0.2692594528198242, 0.02998976595699787, 1.2543971024570055e-05, 3.3503317808936117e-06, 2.957360447908286e-05]]","[0.1438903510570526, 0.1604461818933487, 0.06497763097286224, 0.0006757751107215881, 0.06638099253177643, -0.0025870054960250854]","[[0.005094033665955067, 0.006356608122587204, -0.004400145262479782]]","[1, 5]",12.75750775,-0.40827158093452454,44.0,4663.0,1748233144.938687,7.0,
"[[-0.0074484944343566895, -0.010944828391075134, 0.04364011809229851]]",4669,"[0.6883371472358704, 0.23433256149291992, 0.03920360282063484]","[-0.22019743919372559, -0.9681633114814758, 0.9862717390060425, -0.9933211803436279]",False,"[0.6269879937171936, -0.13384132087230682, 0.029999999329447746]","[[0.6912908554077148, 0.2266669124364853, 0.030765743926167488, 0.05643114820122719, 0.6883371472358704, 0.23433256149291992, 0.03920360282063484, 0.02212064154446125, 0.05094768479466438, -0.024858443066477776]]","[0.37747952342033386, 0.31129345297813416, -1.8274011611938477, 1.0516796112060547, -1.1067860126495361, 0.40737342834472656]","[[-0.007927179336547852, -0.015306204557418823, 0.043158452957868576]]","[1, 5]",12.764966183,-0.3733636736869812,44.0,4669.0,1748233144.95218,13.0,
"[[-0.034623291343450546, 0.0454569086432457, -0.04758835583925247]]",4680,"[0.5961893796920776, 0.09468477219343185, 0.02998943440616131]","[-0.6924681663513184, 0.9091472625732422, -0.9517689347267151, 0.9848837852478027]",False,"[0.6558031439781189, -0.1889466792345047, 0.029999999329447746]","[[0.6208693385124207, 0.054496850818395615, 0.12633159756660461, 0.07027387619018555, 0.5961893796920776, 0.09468477219343185, 0.02998943440616131, 3.0065698410908226e-06, -2.377380405960139e-05, -5.656060693581821e-06]]","[0.03140094131231308, -0.025906041264533997, -0.019037064164876938, -0.028387539088726044, 0.053564876317977905, 0.13178907334804535]","[[-0.010952558368444443, 0.010540589690208435, 3.587082028388977e-05]]","[1, 5]",12.813143319,-0.2898285686969757,45.0,4680.0,1748233144.9788442,1.0,
"[[-0.022901184856891632, 0.009075887501239777, -0.03245888650417328]]",4709,"[0.5647188425064087, 0.045811790972948074, 0.03879839554429054]","[-0.8863927125930786, 0.9588133096694946, -0.9391651749610901, -0.8696852922439575]",False,"[0.5432243347167969, 0.14740900695323944, 0.029999999329447746]","[[0.5454870462417603, 0.040823668241500854, 0.0401165746152401, 0.052783749997615814, 0.5647188425064087, 0.045811790972948074, 0.03879839554429054, 0.0074045704677701, 0.38016873598098755, 0.011178040876984596]]","[0.2159871906042099, 0.07446136325597763, -1.6483744382858276, 1.1676836013793945, -1.0740910768508911, 0.2798939049243927]","[[-0.024238117039203644, 0.00649106502532959, -0.029559358954429626]]","[1, 5]",12.900957034,-0.10421814769506454,46.0,4709.0,1748233145.0492363,15.0,
"[[0.002017062855884433, -0.04788545146584511, 0.021719416603446007]]",4717,"[0.6136443018913269, -0.21881628036499023, 0.029989872127771378]","[0.04033768177032471, -0.957711398601532, 0.43438827991485596, 0.8561398983001709]",False,"[0.5086854100227356, -0.08735761046409607, 0.029999999329447746]","[[0.6239256858825684, -0.02406306192278862, 0.18851925432682037, 0.07985623180866241, 0.6136443018913269, -0.21881628036499023, 0.029989872127771378, -2.8357414976198925e-06, 8.476203220197931e-06, 8.820268703857437e-06]]","[0.056679919362068176, -0.027731500566005707, 0.006561007350683212, -0.02090901881456375, -0.017267189919948578, -0.005011364817619324]","[[-0.0014930546749383211, 0.0008085407316684723, 0.0031258948147296906]]","[1, 5]",12.901262941,-0.16821934282779694,47.0,4717.0,1748233145.0667655,3.0,
"[[-0.01077351626008749, 0.020500630140304565, -0.019670702517032623]]",4735,"[0.6918486952781677, 0.29819658398628235, 0.02998996153473854]","[-0.21546673774719238, 0.4100126028060913, -0.39341068267822266, 0.9452379941940308]",False,"[0.6320615410804749, -0.2294079214334488, 0.029999999329447746]","[[0.697855532169342, 0.2380167543888092, 0.07005488127470016, 0.08000000566244125, 0.6918486952781677, 0.29819658398628235, 0.02998996153473854, -9.855029681204996e-09, -1.2970848501936416e-06, -2.5337030820082873e-05]]","[0.14389194548130035, 0.1604461371898651, 0.06496353447437286, 0.0006821677088737488, 0.06637601554393768, -0.002586349844932556]","[[0.0009606117382645607, 0.00406530499458313, 0.01322939619421959]]","[1, 5]",12.945451941,-0.530981183052063,48.0,4735.0,1748233145.100425,7.0,
"[[0.002377468394115567, 0.04114089161157608, -0.05094585195183754]]",4738,"[0.6914843916893005, 0.3047344386577606, 0.03466637805104256]","[0.03968155384063721, 0.8838905096054077, -0.9879747033119202, 0.9949676990509033]",False,"[0.6320615410804749, -0.2294079214334488, 0.029999999329447746]","[[0.6995558142662048, 0.313402384519577, 0.04572394862771034, 0.08000508695840836, 0.6914843916893005, 0.3047344386577606, 0.03466637805104256, -0.17132079601287842, 5.694449555448955e-06, -0.01512688398361206]]","[0.27737680077552795, 0.3287182152271271, -1.1898314952850342, 0.6297346949577332, -0.518084704875946, 0.2051963210105896]","[[0.003988343290984631, 0.016600139439105988, -0.03106272593140602]]","[1, 5]",12.94560828,-0.5374578237533569,48.0,4738.0,1748233145.1062558,10.0,
"[[-0.018684357404708862, -0.008201122283935547, 0.04019046202301979]]",4741,"[0.6799569129943848, 0.25652533769607544, 0.04478613659739494]","[-0.5122894048690796, -0.9896504878997803, 0.9862222671508789, -0.9931733012199402]",False,"[0.6320615410804749, -0.2294079214334488, 0.029999999329447746]","[[0.6750171780586243, 0.2526780366897583, 0.03761664777994156, 0.056438274681568146, 0.6799569129943848, 0.25652533769607544, 0.04478613659739494, 0.006491123232990503, 0.12637370824813843, -0.011181749403476715]]","[0.36598899960517883, 0.18287299573421478, -2.525970458984375, 1.6628118753433228, -1.7506290674209595, 0.4110904335975647]","[[-0.017810910940170288, -0.015448808670043945, 0.0392829030752182]]","[1, 5]",12.945864615,-0.48851174116134644,48.0,4741.0,1748233145.1135163,13.0,
"[[-0.0112148467451334, 0.004012148827314377, -0.016290932893753052]]",4751,"[0.6195929646492004, -0.14204533398151398, 0.07412511855363846]","[-0.34991252422332764, -0.924899160861969, -0.2753525972366333, -0.9351220726966858]",False,"[0.6320615410804749, -0.2294079214334488, 0.029999999329447746]","[[0.6098296046257019, -0.12865924835205078, 0.06742779910564423, 0.056156422942876816, 0.6195929646492004, -0.14204533398151398, 0.07412511855363846, -0.001847225590609014, -0.022479988634586334, 0.0020131911151111126]]","[0.35478320717811584, -1.081383466720581, 1.4664480686187744, 3.0690181255340576, -0.7410906553268433, 0.6741541624069214]","[[-0.0125040952116251, -0.004852544516324997, -0.016851380467414856]]","[1, 5]",12.988962865,-0.09866464883089066,48.0,4751.0,1748233145.1383827,23.0,
"[[0.020199842751026154, -0.004560377448797226, 0.020862160250544548]]",4752,"[0.6147130727767944, -0.1833900809288025, 0.05646859109401703]","[0.30639898777008057, -0.918102502822876, 0.06411266326904297, -0.6489484906196594]",False,"[0.6320615410804749, -0.2294079214334488, 0.029999999329447746]","[[0.6045886278152466, -0.16924640536308289, 0.05048287287354469, 0.05582086741924286, 0.6147130727767944, -0.1833900809288025, 0.05646859109401703, 0.0038064634427428246, 0.035663023591041565, -0.015657886862754822]]","[0.2696591913700104, -1.3358452320098877, 1.3311519622802734, 3.5518593788146973, -0.5117819905281067, 0.4817913770675659]","[[0.02056092768907547, -0.005317967385053635, 0.02015055902302265]]","[1, 5]",12.9889979,-0.05584977939724922,48.0,4752.0,1748233145.1409566,24.0,
"[[-0.013221222907304764, -0.030955377966165543, 0.022860825061798096]]",4761,"[0.6147899627685547, 0.21934248507022858, 0.050654564052820206]","[-0.8505383729934692, 0.08609259128570557, 0.6408222913742065, -0.9586111903190613]",False,"[0.5287366509437561, 0.1978565901517868, 0.029999999329447746]","[[0.6079958081245422, 0.20405665040016174, 0.04456336051225662, 0.05419059842824936, 0.6147899627685547, 0.21934248507022858, 0.050654564052820206, -0.008131638169288635, 0.13943304121494293, -0.0027086101472377777]]","[0.5502124428749084, 0.20980015397071838, -2.626335620880127, 1.45653235912323, -1.1744916439056396, 0.28425270318984985]","[[-0.00963791087269783, -0.0038632331416010857, 0.02163628861308098]]","[1, 5]",12.98928391,-0.09106827527284622,49.0,4761.0,1748233145.159922,7.0,
,4766,,,,,,,,,14.982885048,,,,1748233147.1726103,,"{'path': 'media/images/pca_4766_432e271f5a94d9780857.png', 'sha256': '432e271f5a94d978085750d8bb2140d13eddbe1e1e676d23047e27680e5bb658', 'size': 62615, 'width': 640, '_type': 'image-file', 'format': 'png', 'height': 480}"
