{"_runtime":57.373152344,"test/done":false,"_wandb":{"runtime":57},"_timestamp":1.7455774263526251e+09,"test/env_info":[1,1],"test/episode":0,"_step":9,"test/action":[-0.14890742301940918,0.9673941135406494,0.5021102428436279,-0.43391191959381104],"test/causal_embedding":[0.14936946332454681,0.060491785407066345,0.22858086228370667,0.1266179382801056,-0.6414913535118103,-0.19006000459194183],"test/desired_goal":[0.6000000238418579,0.019999999552965164,0.029999999329447746],"test/observations":[[0.5805813074111938,-0.03927323594689369,0.08976045995950699,0.06463504582643509,0.5675004720687866,-0.08748996257781982,0.06848803907632828,0.09593349695205688,-0.06453639268875122,-0.04074792563915253]],"global_step":9,"test/steps":9,"test/reward":-0.11870821565389633,"test/achieved_goal":[0.5675004720687866,-0.08748996257781982,0.06848803907632828]}