{"test/reward":-0.1648106426000595,"test/observations":[[0.5275845527648926,-0.07198992371559143,0.02803974039852619,0.00010900666529778391,0.5128383636474609,-0.11985114961862564,0.027344154193997383,0.09616566449403763,-0.0629478394985199,-0.32774022221565247]],"test/episode":0,"test/done":false,"test/env_info":[1,1],"test/causal_embedding":[-0.072003573179245,-0.2094273716211319,-0.16135168075561523,-0.0412592887878418,-0.9477195143699646,0.7530254125595093],"_runtime":56.495854307,"test/desired_goal":[0.6000000238418579,0.019999999552965164,0.029999999329447746],"test/steps":9,"_wandb":{"runtime":56},"global_step":9,"_timestamp":1.7455761465382612e+09,"test/achieved_goal":[0.5128383636474609,-0.11985114961862564,0.027344154193997383],"_step":9,"test/action":[0.6539051532745361,0.9932801723480225,-0.5829182267189026,-0.979670524597168]}