{"global_step":6,"test/desired_goal":[0.6000000238418579,0.019999999552965164,0.029999999329447746],"test/achieved_goal":[0.5541549324989319,-0.026556536555290222,0.06206991896033287],"test/env_info":[1,1],"_timestamp":1.745577330152256e+09,"test/reward":-0.07278572022914886,"test/observations":[[0.5510358214378357,-0.06760173290967941,0.06660304963588715,0.07999709993600845,0.5541549324989319,-0.026556536555290222,0.06206991896033287,0.09297355264425278,-0.02468198351562023,-0.015062636695802212]],"_step":6,"test/steps":6,"_runtime":39.957391032,"test/action":[-0.07988446950912476,-0.7542406320571899,-0.029176771640777588,0.5964040756225586],"_wandb":{"runtime":39},"test/done":false,"test/causal_embedding":[-0.12320613116025925,-0.07665088027715683,0.23860225081443787,0.0555860698223114,0.21422079205513,0.16685084998607635],"test/episode":0}