{"test/steps":11,"test/env_info":[1,1],"_wandb":{"runtime":90},"test/reward":-0.16551052033901215,"_timestamp":1.7455776326755385e+09,"test/observations":[[0.5996334552764893,0.019763950258493423,0.059677183628082275,0.07877504825592041,0.5367336869239807,-0.12842556834220886,0.06689111888408661,0.09313320368528366,-0.06318443268537521,-0.02203328162431717]],"global_step":17,"_runtime":90.037728799,"test/episode":1,"test/desired_goal":[0.6000000238418579,0.019999999552965164,0.029999999329447746],"test/achieved_goal":[0.5367336869239807,-0.12842556834220886,0.06689111888408661],"test/done":true,"test/causal_embedding":[0.08664887398481369,0.08452142775058746,0.27406546473503113,-0.19004060328006744,-0.4614384174346924,-0.11307629942893982],"_step":17,"test/action":[0.4424492120742798,0.9497562646865845,0.7550512552261353,-0.6156045198440552]}