test/cube_pos_constraint,_step,test/achieved_goal,test/action,test/done,test/desired_goal,test/observations,test/causal_embedding,test/robot_constraint,test/env_info,_runtime,test/reward,test/episode,global_step,_timestamp,test/steps
"[[-0.030573923140764236, -0.020474862307310104, -0.049429576843976974]]",34,"[0.7764958739280701, -0.11636312305927277, 0.02996869944036007]","[-0.7563153505325317, -0.7830297350883484, -0.989005982875824, -0.9828116297721863]",False,"[0.5921628475189209, -0.19364427030086517, 0.029999999329447746]","[[0.7679110765457153, -0.12641136348247528, 0.02211003378033638, 0.05757172033190727, 0.7764958739280701, -0.11636312305927277, 0.02996869944036007, -0.0012057328131049871, 0.00050981470849365, 0.03338821604847908]]","[-0.21136505901813507, -1.5094220638275146, 2.6748766899108887, 3.9462335109710693, 0.34120550751686096, 0.4730246663093567]","[[-0.03040148690342903, -0.02115858718752861, -0.0494438111782074]]","[0, 30]",2.240154209,-0.1998775750398636,0,34,1748251619.811886,34
"[[-0.016774533316493034, -0.012224685400724411, -0.04654964804649353]]",36,"[0.7595279216766357, -0.16840286552906036, 0.029974866658449173]","[-0.5066930651664734, -0.8158310651779175, -0.9304724931716919, -0.9773319363594055]",False,"[0.5921628475189209, -0.19364427030086517, 0.029999999329447746]","[[0.7506839632987976, -0.17767614126205444, 0.022115632891654968, 0.057715483009815216, 0.7595279216766357, -0.16840286552906036, 0.029974866658449173, -0.0011303082574158907, -0.0006468327483162284, 0.01650499552488327]]","[-0.2332906275987625, -1.7879633903503418, 2.922642707824707, 4.706829071044922, 0.678824782371521, 0.4094926118850708]","[[-0.016611872240900993, -0.01257215067744255, -0.046556636691093445]]","[0, 30]",2.247261531,-0.16925780475139618,0,36,1748251619.819093,36
"[[0.00067881029099226, 0.03808043897151947, -0.01927998475730419]]",42,"[0.7013257741928101, -0.3243308663368225, 0.029988735914230347]","[-0.13174229860305786, 0.4985013008117676, -0.3855167627334595, 0.6926376819610596]",False,"[0.5921628475189209, -0.19364427030086517, 0.029999999329447746]","[[0.6837782263755798, -0.3089345395565033, 0.022214071825146675, 0.08006717264652252, 0.7013257741928101, -0.3243308663368225, 0.029988735914230347, -1.8493723473511636e-05, -7.0870682975510135e-06, -0.28624090552330017]]","[-0.12083109468221664, -2.9203662872314453, 2.802016019821167, 7.789130210876465, 2.0195107460021973, 0.09888453781604767]","[[0.00023445766419172287, 0.03870655596256256, -0.018824264407157898]]","[0, 30]",2.291473956,-0.17028075456619263,0,42,1748251619.8350055,42
"[[-0.028019219636917114, 0.06462010741233826, -0.008413202129304409]]",68,"[0.5199642181396484, 0.05183528736233711, 0.03009364753961563]","[-0.838204026222229, 0.8943843841552734, -0.16645526885986328, -0.7491081953048706]",False,"[0.5117294788360596, 0.1625925749540329, 0.029999999329447746]","[[0.5282459855079651, 0.06758452206850052, 0.022759705781936646, 0.05142124369740486, 0.5199642181396484, 0.05183528736233711, 0.03009364753961563, -0.005013497080653906, 6.487213977379724e-05, -0.0952887311577797]]","[-0.23850013315677643, 0.22637715935707092, 0.8720192909240723, -0.050254546105861664, -0.967038631439209, 0.523166835308075]","[[-0.02710464596748352, 0.06292100995779037, -0.008313224650919437]]","[0, 30]",2.339729612,-0.11106302589178085,1,68,1748251619.8993251,18
"[[0.03376138210296631, -0.017490584403276443, 0.010339555330574512]]",128,"[0.4113684296607971, 0.2602526545524597, 0.029955420643091202]","[0.6282961368560791, -0.7353219985961914, 0.1959744691848755, -0.9573925733566284]",False,"[0.5163934230804443, 0.08870653808116913, 0.029999999329447746]","[[0.3987903296947479, 0.2454705685377121, 0.03282715007662773, 0.052789997309446335, 0.4113684296607971, 0.2602526545524597, 0.029955420643091202, 0.0005117914988659322, -0.0016514973249286413, 0.0825623869895935]]","[-0.1846819519996643, 0.35872453451156616, 0.01737138256430626, 0.033394183963537216, -0.22396323084831238, 0.226626455783844]","[[0.031515687704086304, -0.020134929567575455, 0.009537226520478725]]","[0, 30]",2.467068497,-0.20114253461360931,3,128,1748251620.0396147,13
"[[0.023699767887592316, -0.014599934220314026, 0.01850331947207451]]",131,"[0.453444242477417, 0.1764746904373169, 0.029963722452521324]","[0.9074540138244629, -0.9474378824234009, 0.37010765075683594, -0.9075819253921509]",False,"[0.5163934230804443, 0.08870653808116913, 0.029999999329447746]","[[0.44292590022087097, 0.16709160804748535, 0.03293029963970184, 0.05444732680916786, 0.453444242477417, 0.1764746904373169, 0.029963722452521324, -0.0013715482782572508, -0.0004980520461685956, -0.02694433182477951]]","[-0.12905512750148773, 0.3807413876056671, 0.23656237125396729, -0.09899339824914932, -1.1344660520553589, 0.5490131974220276]","[[0.02366585284471512, -0.014821022748947144, 0.0183107852935791]]","[0, 30]",2.511278408,-0.10800856351852417,3,131,1748251620.0480924,16
"[[-0.022586733102798462, -0.049644600600004196, -0.016328666359186172]]",187,"[0.5338014960289001, -0.10769052058458328, 0.029989996924996376]","[-0.45173466205596924, -0.9928919672966003, -0.32657337188720703, 0.9394626617431641]",False,"[0.6739449501037598, 0.21491017937660217, 0.029999999329447746]","[[0.5194728970527649, -0.03203041851520538, 0.11102726310491562, 0.0798562690615654, 0.5338014960289001, -0.10769052058458328, 0.029989996924996376, -1.0882119738653273e-07, 2.4999316394769266e-08, 9.522903434778032e-14]]","[0.056687600910663605, -0.027728959918022156, 0.006541680544614792, -0.020896390080451965, -0.017277218401432037, -0.005010694265365601]","[[-0.008127540349960327, -0.002861127257347107, -0.003451688215136528]]","[0, 30]",2.608031774,-0.35172632336616516,5,187,1748251620.166115,3
"[[-0.010914960876107216, -0.048878420144319534, -0.042171478271484375]]",188,"[0.5338014960289001, -0.10769052058458328, 0.029989998787641525]","[-0.21829921007156372, -0.9775683879852295, -0.843429446220398, 0.932814359664917]",False,"[0.6739449501037598, 0.21491017937660217, 0.029999999329447746]","[[0.5138853192329407, -0.07139477878808975, 0.08359575271606445, 0.07998251914978027, 0.5338014960289001, -0.10769052058458328, 0.029989998787641525, -1.935453219914507e-08, 5.024552856300411e-15, 9.556677687703671e-14]]","[0.1253059059381485, 0.004401907324790955, 0.026178669184446335, -0.018112435936927795, -0.01625121384859085, -0.0320952832698822]","[[-0.005327383056282997, -0.009514059871435165, -0.01473996415734291]]","[0, 30]",2.608072521,-0.35172632336616516,5,188,1748251620.167882,4
"[[-0.01827412284910679, 0.003144981572404504, -0.027867821976542473]]",216,"[0.5891373157501221, -0.05952690541744232, 0.029989993199706078]","[-0.37278997898101807, -0.06746906042098999, -0.5573562383651733, 0.33732473850250244]",False,"[0.42090925574302673, -0.1512201577425003, 0.029999999329447746]","[[0.5973641276359558, -0.05727292224764824, 0.022286636754870415, 0.0796675756573677, 0.5891373157501221, -0.05952690541744232, 0.029989993199706078, 2.6738810277038283e-08, -1.1955987133660528e-07, 0.24616727232933044]]","[0.03812664374709129, 0.24437494575977325, 0.07367457449436188, 0.026132330298423767, 0.11666305363178253, 0.039508938789367676]","[[-0.013873035088181496, 0.003143871435895562, -0.02803255058825016]]","[0, 30]",2.663943703,-0.1915941834449768,6,216,1748251620.2316682,9
"[[-0.001991582103073597, 0.006240248680114746, -0.013596928678452969]]",220,"[0.582008421421051, -0.1167643740773201, 0.029989829286932945]","[-0.12160682678222656, -0.2550598978996277, -0.27193760871887207, -0.09387779235839844]",False,"[0.42090925574302673, -0.1512201577425003, 0.029999999329447746]","[[0.590284526348114, -0.11522918194532394, 0.022133158519864082, 0.05793499946594238, 0.582008421421051, -0.1167643740773201, 0.029989829286932945, -0.00224254559725523, 0.0022485724184662104, 0.08472242951393127]]","[-0.26420414447784424, 0.34013837575912476, 0.2525438070297241, -0.07363405078649521, -0.11058204621076584, 0.20239004492759705]","[[-0.003976655192673206, 0.0034982115030288696, -0.013412886299192905]]","[0, 30]",2.707423711,-0.16474264860153198,6,220,1748251620.2412667,13
"[[0.025974642485380173, -0.010615978389978409, 0.01750471256673336]]",245,"[0.4303778409957886, 0.05318006873130798, 0.029954764991998672]","[0.6432321071624756, -0.9563062191009521, 0.3503599166870117, -0.9683580994606018]",False,"[0.6295530200004578, -0.19775164127349854, 0.029999999329447746]","[[0.42028331756591797, 0.045666638761758804, 0.022224167361855507, 0.05390111356973648, 0.4303778409957886, 0.05318006873130798, 0.029954764991998672, -0.0018418479012325406, -0.0006696517230011523, 0.023312782868742943]]","[-0.3028660714626312, 0.3556095063686371, 0.4893031716346741, -0.22869670391082764, -0.6498611569404602, 0.38286352157592773]","[[0.02484024688601494, -0.012789286673069, 0.017255382612347603]]","[0, 30]",2.729726688,-0.3203708529472351,7,245,1748251620.302625,15
"[[0.037142205983400345, -0.00926724448800087, 0.04667393118143082]]",246,"[0.4406304359436035, 0.016211116686463356, 0.029965952038764954]","[0.9478960037231445, -0.9247239232063293, 0.9337023496627808, -0.9856244325637817]",False,"[0.6295530200004578, -0.19775164127349854, 0.029999999329447746]","[[0.4372977912425995, 0.015365763567388058, 0.025807462632656097, 0.052410244941711426, 0.4406304359436035, 0.016211116686463356, 0.029965952038764954, -0.0008590506622567773, 5.738468826166354e-05, 0.01768774539232254]]","[-0.29444339871406555, 0.33192113041877747, 0.5999703407287598, -0.21134892106056213, -0.835847020149231, 0.4419921040534973]","[[0.030380327254533768, -0.015935324132442474, 0.043101824820041656]]","[0, 30]",2.732364597,-0.2854326665401459,7,246,1748251620.30506,16
"[[-0.04866510257124901, 0.04947061464190483, 0.047307856380939484]]",334,"[0.531683623790741, -0.21330560743808746, 0.029989872127771378]","[-0.9733020663261414, 0.9894123077392578, 0.9459545612335205, 0.998720645904541]",False,"[0.5751045942306519, 0.12304258346557617, 0.029999999329447746]","[[0.5958136916160583, 0.023836735635995865, 0.19292451441287994, 0.07027386128902435, 0.531683623790741, -0.21330560743808746, 0.029989872127771378, -1.5367468222393654e-06, 3.4093625345121836e-06, 1.4366828039735768e-11]]","[0.03122839704155922, -0.03600741922855377, -0.040873948484659195, -0.03563288599252701, 0.07730468362569809, 0.2006673514842987]","[[-0.00603913888335228, 0.025633879005908966, 0.051773350685834885]]","[0, 30]",2.939662487,-0.33913934230804443,10,334,1748251620.512734,0
"[[-0.03489979729056358, 0.04096958786249161, -0.036652520298957825]]",360,"[0.5028592348098755, 0.22302567958831787, 0.029989873990416527]","[-0.6979959011077881, 0.8193917274475098, -0.7330502271652222, 0.8086414337158203]",False,"[0.49058768153190613, -0.0804482027888298, 0.029999999329447746]","[[0.556472897529602, 0.1721661239862442, 0.12071263045072556, 0.07999790459871292, 0.5028592348098755, 0.22302567958831787, 0.029989873990416527, 4.406920652400004e-06, 4.905948571831686e-07, 1.162909768481768e-09]]","[0.12522782385349274, 0.0043783485889434814, 0.026114370673894882, -0.01810503751039505, -0.016253121197223663, -0.03208641707897186]","[[-0.007480110973119736, 0.002806536853313446, -0.0026497691869735718]]","[0, 30]",3.035204035,-0.30372190475463867,11,360,1748251620.5675259,4
"[[-0.03528827428817749, 0.0711245983839035, -0.047434136271476746]]",380,"[0.6466901898384094, -0.18746228516101837, 0.029983459040522575]","[-0.540238618850708, 0.9587013721466064, -0.9556616544723511, -0.9665356874465942]",False,"[0.49058768153190613, -0.0804482027888298, 0.029999999329447746]","[[0.6310634613037109, -0.16678248345851898, 0.02379973791539669, 0.049623847007751465, 0.6466901898384094, -0.18746228516101837, 0.029983459040522575, -9.623363439459354e-07, -0.00019226514268666506, -0.15452446043491364]]","[0.13495413959026337, -0.2942366600036621, 1.7324081659317017, 1.2622065544128418, -0.48773500323295593, 0.5392963886260986]","[[-0.025677740573883057, 0.06870706379413605, -0.048592716455459595]]","[0, 30]",3.079362268,-0.18926174938678741,11,380,1748251620.6171281,24
"[[0.04594367742538452, 0.04826587438583374, 0.040847182273864746]]",409,"[0.6700080037117004, 0.22759759426116943, 0.029989968985319138]","[0.9188735485076904, 0.9653174877166748, 0.816946268081665, 0.9989428520202637]",False,"[0.5018602609634399, -0.27419906854629517, 0.029999999329447746]","[[0.6878617405891418, 0.14611904323101044, 0.12902991473674774, 0.07998251914978027, 0.6700080037117004, 0.22759759426116943, 0.029989968985319138, -6.216897645572317e-07, -6.542094865835679e-07, 3.481147661799078e-13]]","[0.05655311048030853, -0.027753449976444244, 0.006623167544603348, -0.02099812775850296, -0.017188943922519684, -0.00494799017906189]","[[0.027011513710021973, 0.010745085775852203, 0.035645123571157455]]","[0, 30]",3.127757908,-0.5292197465896606,12,409,1748251620.6884851,3
"[[0.06032976880669594, 0.06175161525607109, -0.025143077597022057]]",446,"[0.18137520551681519, -0.5413468480110168, 0.02997373417019844]","[0.8111504316329956, 0.8409550189971924, -0.503171443939209, -0.7315135598182678]",False,"[0.5018602609634399, -0.27419906854629517, 0.029999999329447746]","[[0.6073681712150574, 0.14999094605445862, 0.0059485724195837975, 2.0333613903744663e-08, 0.18137520551681519, -0.5413468480110168, 0.02997373417019844, 0.00026644920581020415, -0.0007910874555818737, -0.5677326917648315]]","[-0.1758555918931961, -2.455883741378784, 2.768821954727173, 6.514455318450928, 1.5183593034744263, 0.19211332499980927]","[[0.013214785605669022, 0.009557466953992844, -0.02518944814801216]]","[0, 30]",3.199302995,-0.41722729802131653,12,446,1748251620.7727683,40
"[[-0.011849409900605679, 0.005630964413285255, -0.03068159520626068]]",526,"[0.4606286287307739, 0.27252325415611267, 0.029989946633577347]","[-0.24965357780456543, 0.16892898082733154, -0.6136298179626465, 0.39327704906463623]",False,"[0.44806042313575745, -0.017925595864653587, 0.029999999329447746]","[[0.45855146646499634, 0.2690913677215576, 0.022007109597325325, 0.07999932765960693, 0.4606286287307739, 0.27252325415611267, 0.029989946633577347, -1.7856449119335593e-07, -2.1052122178844002e-07, 0.16103240847587585]]","[0.03812937065958977, 0.24438363313674927, 0.07361257076263428, 0.026165619492530823, 0.11663985252380371, 0.0395100936293602]","[[-0.0032855039462447166, 0.001765841618180275, -0.007822537794709206]]","[0, 30]",3.395965601,-0.2907206416130066,15,526,1748251620.9655483,9
"[[0.018470866605639458, -0.05895116925239563, 0.00030505325412377715]]",552,"[0.7479109764099121, -0.024016279727220535, 0.030542533844709396]","[0.5574938058853149, -0.7699439525604248, 0.019107580184936523, -0.7613195180892944]",False,"[0.44806042313575745, -0.017925595864653587, 0.029999999329447746]","[[0.7448317408561707, -0.04037747532129288, 0.022712085396051407, 0.05271604284644127, 0.7479109764099121, -0.024016279727220535, 0.030542533844709396, 0.020243052393198013, -0.00041927999700419605, 0.02823556214570999]]","[-0.013073405250906944, -1.7999939918518066, 2.7759382724761963, 4.7416090965271, 0.6044198870658875, 0.42174816131591797]","[[0.01910666935145855, -0.05173564329743385, 0.00024024624144658446]]","[0, 30]",3.460980522,-0.29991286993026733,15,552,1748251621.0334616,35
"[[-0.029890436679124832, 0.016774315387010574, -0.04722563177347183]]",598,"[0.5562118291854858, -0.06929696351289749, 0.02991517074406147]","[-0.8185056447982788, 0.966771125793457, -0.94334876537323, -0.028433382511138916]",False,"[0.5832957625389099, 0.04487771913409233, 0.029999999329447746]","[[0.5570414066314697, -0.06582558900117874, 0.02222725749015808, 0.0775512307882309, 0.5562118291854858, -0.06929696351289749, 0.02991517074406147, -0.00351699092425406, 0.00103891477920115, 0.311873197555542]]","[-0.2705133855342865, 0.2779896557331085, 0.7628859281539917, -0.16431725025177002, -0.8890962600708008, 0.48550277948379517]","[[-0.022144991904497147, 0.01720535382628441, -0.04693251848220825]]","[0, 30]",3.5757622700000002,-0.11734310537576675,17,598,1748251621.1338143,17
"[[0.004054039716720581, -0.043510790914297104, -0.012499733828008175]]",626,"[0.5536457896232605, 0.0888904258608818, 0.02998974174261093]","[0.12359678745269775, -0.946636974811554, -0.2501335144042969, -0.5074416399002075]",False,"[0.4114021360874176, 0.05417943000793457, 0.029999999329447746]","[[0.555350661277771, 0.07251816987991333, 0.02249128185212612, 0.05009770393371582, 0.5536457896232605, 0.0888904258608818, 0.02998974174261093, -7.519391147070564e-06, 3.907849531969987e-06, 0.043599218130111694]]","[-0.24380327761173248, 0.34681010246276855, 0.1972547471523285, -0.038926027715206146, -0.14035192131996155, 0.20602351427078247]","[[0.001747041940689087, -0.04291662201285362, -0.012010251171886921]]","[0, 30]",3.631907887,-0.14641758799552917,18,626,1748251621.2004125,13
"[[-0.026808390393853188, -0.03785396367311478, -0.035096801817417145]]",627,"[0.5558227896690369, 0.07823531329631805, 0.030149558559060097]","[-0.4926277995109558, -0.9701815247535706, -0.6987396478652954, -0.8836323022842407]",False,"[0.4114021360874176, 0.05417943000793457, 0.029999999329447746]","[[0.5580693483352661, 0.0613921582698822, 0.02281038463115692, 0.050373390316963196, 0.5558227896690369, 0.07823531329631805, 0.030149558559060097, 0.005341323558241129, -1.2872512343164999e-05, 0.031500931829214096]]","[-0.2681577503681183, 0.35020339488983154, 0.27281126379966736, -0.11636018007993698, -0.4040217697620392, 0.30802255868911743]","[[-0.027350077405571938, -0.0373830646276474, -0.03525608777999878]]","[0, 30]",3.631940599,-0.1464104950428009,18,627,1748251621.2031043,14
"[[0.03847768157720566, 0.03105568140745163, 0.035198356956243515]]",637,"[0.44324904680252075, -0.048622068017721176, 0.029926542192697525]","[0.4855858087539673, 0.9293792247772217, 0.7028961181640625, -0.4288296699523926]",False,"[0.4114021360874176, 0.05417943000793457, 0.029999999329447746]","[[0.4425541162490845, -0.0346616730093956, 0.024982428178191185, 0.05129994451999664, 0.44324904680252075, -0.048622068017721176, 0.029926542192697525, -0.002112697111442685, 1.454449943594227e-06, -0.05285564064979553]]","[-0.18528695404529572, -0.5429606437683105, 1.3893201351165771, 1.9461970329284668, -0.5883108377456665, 0.4686984419822693]","[[0.03835376352071762, 0.03346158564090729, 0.03474749997258186]]","[0, 30]",3.675599703,-0.1076214611530304,18,637,1748251621.2305095,24
"[[-0.07068120688199997, -0.012199081480503082, 0.03736526146531105]]",675,"[0.6010815501213074, -0.03809281438589096, 0.029999999329447746]","[0.7311583757400513, -0.9534056782722473, 0.7474563121795654, -0.9033757448196411]",True,"[0.5724255442619324, -0.1502084881067276, 0.029999999329447746]","[[0.6384396553039551, -2.194472251484947e-12, 0.19740013778209686, 0, 0.6010815501213074, -0.03809281438589096, 0.029999999329447746, 0, 0, 0]]","[-0.17494042217731476, -1.568833351135254, 2.702850818634033, 4.102516174316406, 0.273164302110672, 0.4725158214569092]","[[-0.09121327847242355, -0.06763944774866104, -0.13714641332626343]]","[0, 30]",3.772236931,-0.04978948459029198,19,675,1748251621.327105,34
"[[0.027444172650575638, 0.013635840266942978, 0.008630651980638504]]",689,"[0.46900272369384766, 0.08361037820577621, 0.029989803209900856]","[0.7455793619155884, 0.5554304122924805, 0.17261266708374023, -0.7744425535202026]",False,"[0.6655293703079224, 0.19052986800670624, 0.029999999329447746]","[[0.4641357958316803, 0.09802326560020447, 0.030986031517386436, 0.050975650548934937, 0.46900272369384766, 0.08361037820577621, 0.029989803209900856, 6.075335932109738e-06, -1.2688658443948952e-06, 0.010094708763062954]]","[-0.2641986012458801, 0.3401351273059845, 0.2525225877761841, -0.07360386103391647, -0.11036186665296555, 0.20230668783187866]","[[0.023890871554613113, 0.009893748909235, 0.009545629844069481]]","[0, 30]",3.819467719,-0.22372862696647644,20,689,1748251621.3584528,13
"[[-0.0009627521503716707, -0.003368822857737541, 0.023707641288638115]]",713,"[0.43862417340278625, -0.0940636545419693, 0.02996997907757759]","[0.0748833417892456, 0.5067561864852905, 0.4740877151489258, -0.3771533966064453]",False,"[0.6371352076530457, 0.07559087127447128, 0.029999999329447746]","[[0.42638787627220154, -0.09258981794118881, 0.0303683802485466, 0.05614301934838295, 0.43862417340278625, -0.0940636545419693, 0.02996997907757759, -0.00043194135650992393, -0.00023515337670687586, -0.07614816725254059]]","[-0.03972182422876358, 0.27743279933929443, 0.09501029551029205, 0.030131831765174866, 0.1280565857887268, 0.06399552524089813]","[[0.007893425412476063, 0.004228511825203896, 0.01854349486529827]]","[0, 30]",3.8637002110000003,-0.26113077998161316,21,713,1748251621.413534,10
"[[-0.036189496517181396, 0.054052602499723434, -0.024370381608605385]]",753,"[0.4963071644306183, -0.03184864670038223, 0.03071293793618679]","[-0.9437054395675659, 0.849205493927002, -0.48990392684936523, -0.7847862839698792]",False,"[0.40416356921195984, 0.10141156613826752, 0.029999999329447746]","[[0.5058400630950928, -0.0150284543633461, 0.02325548604130745, 0.048954736441373825, 0.4963071644306183, -0.03184864670038223, 0.03071293793618679, -0.024421749636530876, -2.090071029670071e-05, -0.0934147909283638]]","[-0.08826615661382675, 0.04484154284000397, 1.2081689834594727, 0.3274974822998047, -0.8214685916900635, 0.5694555640220642]","[[-0.03598901629447937, 0.053721196949481964, -0.024346044287085533]]","[0, 30]",3.951493433,-0.1620161533355713,22,753,1748251621.5084436,20
"[[-0.022194769233465195, 0.03554941713809967, -0.0056745088659226894]]",756,"[0.4380055367946625, -0.021439572796225548, 0.029803330078721046]","[-0.9356104731559753, 0.9328558444976807, -0.12093698978424072, -0.8267795443534851]",False,"[0.40416356921195984, 0.10141156613826752, 0.029999999329447746]","[[0.44389912486076355, -0.006842352449893951, 0.022382542490959167, 0.05129030719399452, 0.4380055367946625, -0.021439572796225548, 0.029803330078721046, 0.00044981049722991884, -0.005760193336755037, -0.07878176122903824]]","[0.025710204616189003, -0.24117353558540344, 1.6139005422592163, 1.0123116970062256, -0.666130006313324, 0.5503526329994202]","[[-0.018846925348043442, 0.03569050133228302, -0.0055721416138112545]]","[0, 30]",3.951571269,-0.12742730975151062,22,756,1748251621.516647,23
"[[0.0219282153993845, -0.012853316962718964, -0.03196056932210922]]",781,"[0.5209464430809021, 0.10237687081098557, 0.029989903792738914]","[0.44803428649902344, -0.2596038579940796, -0.6392131447792053, 0.3099029064178467]",False,"[0.44253191351890564, -0.2717428207397461, 0.029999999329447746]","[[0.5394370555877686, 0.09122579544782639, 0.022177744656801224, 0.07699717581272125, 0.5209464430809021, 0.10237687081098557, 0.029989903792738914, -2.2497160898637958e-06, 1.526628921055817e-06, 0.04167130962014198]]","[0.10265088081359863, 0.20464596152305603, 0.06783103942871094, 0.013055432587862015, 0.09763588011264801, 0.017349831759929657]","[[0.0003917459398508072, -0.011652380228042603, -0.026182793080806732]]","[0, 30]",3.995818079,-0.382249116897583,24,781,1748251621.5688818,8
"[[-0.043543364852666855, 0.013830289244651794, -0.04899820685386658]]",797,"[0.6141546964645386, -0.23795033991336823, 0.029977144673466682]","[-0.9475486874580383, 0.5571043491363525, -0.9812372922897339, -0.952800989151001]",False,"[0.44253191351890564, -0.2717428207397461, 0.029999999329447746]","[[0.6058810949325562, -0.22221995890140533, 0.02434438280761242, 0.05186361446976662, 0.6141546964645386, -0.23795033991336823, 0.029977144673466682, 0.0004154556372668594, 1.076758053386584e-05, -0.15139640867710114]]","[0.026876607909798622, -0.3932438790798187, 1.7288987636566162, 1.5288935899734497, -0.716248631477356, 0.5773779153823853]","[[-0.03957715258002281, 0.017650187015533447, -0.04904951900243759]]","[0, 30]",4.06754656,-0.1749180108308792,24,797,1748251621.6093168,24
"[[-0.029012851417064667, 0.003797188401222229, -0.04930901899933815]]",798,"[0.6061786413192749, -0.22188162803649902, 0.029983723536133766]","[-0.7397781014442444, 0.3973180055618286, -0.9860488176345825, -0.9385108947753906]",False,"[0.44253191351890564, -0.2717428207397461, 0.029999999329447746]","[[0.591775119304657, -0.2112729698419571, 0.02256813459098339, 0.050648853182792664, 0.6061786413192749, -0.22188162803649902, 0.029983723536133766, -3.616941512518679e-06, -0.00020539516117423773, 0.0229256059974432]]","[0.0756780281662941, -0.5171098113059998, 1.8034056425094604, 1.7401237487792969, -0.5745946168899536, 0.5838432312011719]","[[-0.02288293093442917, 0.008918911218643188, -0.04752619192004204]]","[0, 30]",4.067638153,-0.17107422649860382,24,798,1748251621.6118743,25
"[[-0.014024540781974792, 0.04202449321746826, -0.046237021684646606]]",807,"[0.6080410480499268, -0.3277994990348816, 0.029965542256832123]","[-0.5353066325187683, 0.2950948476791382, -0.9250732064247131, -0.9738280177116394]",False,"[0.44253191351890564, -0.2717428207397461, 0.029999999329447746]","[[0.598429799079895, -0.3215770125389099, 0.02267237938940525, 0.053179241716861725, 0.6080410480499268, -0.3277994990348816, 0.029965542256832123, -0.0012643373338505626, 0.0004515001201070845, -0.03212690353393555]]","[-0.2208203822374344, -1.523348093032837, 2.6755928993225098, 3.9886558055877686, 0.34857943654060364, 0.46801137924194336]","[[-0.01356862485408783, 0.023490458726882935, -0.04595721513032913]]","[0, 30]",4.068504191,-0.17474445700645447,24,807,1748251621.6370096,34
"[[0.021137624979019165, 0.012101173400878906, 0.008422773331403732]]",860,"[0.31263574957847595, -0.13080798089504242, 0.02998962625861168]","[-0.062427520751953125, 0.31545162200927734, 0.16848444938659668, 0.6860330104827881]",False,"[0.5239641666412354, 0.26973602175712585, 0.029999999329447746]","[[0.39685681462287903, -0.21808336675167084, 0.10718414187431335, 0.08000000566244125, 0.31263574957847595, -0.13080798089504242, 0.02998962625861168, -1.1600639481912367e-05, -8.610080044491042e-07, 0.6092808246612549]]","[-0.12969689071178436, 0.4016267657279968, -0.44032397866249084, 0.23700463771820068, -1.4599767923355103, 0.5696446299552917]","[[-0.003414630889892578, 0.0066721439361572266, -0.0008890479803085327]]","[0, 30]",4.183483279,-0.4528743624687195,26,860,1748251621.7569509,15
"[[9.548664093017578e-05, -0.02630120888352394, 0.016075778752565384]]",904,"[0.6441951394081116, 0.2021351158618927, 0.02998988702893257]","[0.011661052703857422, -0.44991111755371094, 0.32151782512664795, -0.5175416469573975]",False,"[0.4150298833847046, 0.05898979678750038, 0.029999999329447746]","[[0.6587005257606506, 0.19375672936439514, 0.023428885266184807, 0.056467507034540176, 0.6441951394081116, 0.2021351158618927, 0.02998988702893257, 9.479987284066738e-07, 7.216227118078677e-07, 0.013924389146268368]]","[0.038111552596092224, 0.24437572062015533, 0.0737193375825882, 0.0261131152510643, 0.11668308079242706, 0.039502955973148346]","[[-0.0007770061492919922, -0.00797315314412117, 0.01574537716805935]]","[0, 30]",4.315286164,-0.27019861340522766,27,904,1748251621.846863,9
"[[0.046155788004398346, -0.004175150766968727, -0.03170139342546463]]",906,"[0.637685239315033, 0.1898859292268753, 0.029980352148413658]","[0.8268065452575684, -0.28639423847198486, -0.6352015733718872, 0.38999760150909424]",False,"[0.4150298833847046, 0.05898979678750038, 0.029999999329447746]","[[0.6713371872901917, 0.17803330719470978, 0.022143539041280746, 0.07634103298187256, 0.637685239315033, 0.1898859292268753, 0.029980352148413658, -0.0003215665929019451, -2.8601937174244085e-07, 0.04103715717792511]]","[-0.12166846543550491, 0.30596858263015747, 0.10299918055534363, 0.029847506433725357, 0.10187530517578125, 0.09715926647186279]","[[0.014775849878787994, -0.009358981624245644, -0.02848205156624317]]","[0, 30]",4.315373549,-0.25828123092651367,27,906,1748251621.8518856,11
"[[0.018452107906341553, -0.0362623892724514, -0.04989619553089142]]",941,"[0.5960915684700012, -0.2621302306652069, 0.02989853359758854]","[0.9991192817687988, -0.9823276400566101, -0.9995728731155396, 0.9988576173782349]",False,"[0.47541847825050354, 0.1535618007183075, 0.029999999329447746]","[[0.5710381269454956, -0.2599389851093292, 0.02189108170568943, 0.08000633865594864, 0.5960915684700012, -0.2621302306652069, 0.02989853359758854, -0.0006029659998603165, -0.003417104948312044, 0.40685606002807617]]","[-0.3284139931201935, 0.34527963399887085, 0.49271827936172485, -0.22666671872138977, -0.5988063216209412, 0.38070231676101685]","[[0.005024135112762451, -0.00616922602057457, -0.046082504093647]]","[0, 30]",4.383388909,-0.43285316228866577,28,941,1748251621.9302714,15
"[[-0.034006547182798386, 0.0003886937629431486, -0.04711858928203583]]",947,"[0.8113979697227478, -0.2953205406665802, 0.029985330998897552]","[0.037947654724121094, -0.05735671520233154, -0.942035436630249, -0.3232727646827698]",False,"[0.47541847825050354, 0.1535618007183075, 0.029999999329447746]","[[0.6406164169311523, -0.22955892980098724, 0.0050964453257620335, 0.0035015647299587727, 0.8113979697227478, -0.2953205406665802, 0.029985330998897552, -7.544067193521187e-05, -8.014693594304845e-05, 0.09835635870695114]]","[-0.024540623649954796, -0.03281870484352112, 1.3663172721862793, 0.4353896975517273, -0.8186408877372742, 0.5676417350769043]","[[9.06467903405428e-05, -0.0005288452375680208, -0.046900466084480286]]","[0, 30]",4.383565822,-0.5606938600540161,28,947,1748251621.9430616,21
"[[0.03519284725189209, 0.026346726343035698, -0.04183351621031761]]",971,"[1.5308805704116821, -0.3710448741912842, -0.3700111210346222]","[0.786597728729248, 0.5246790647506714, -0.8366714715957642, 0.9339590072631836]",False,"[0.47541847825050354, 0.1535618007183075, 0.029999999329447746]","[[0.531916618347168, -0.5948210954666138, 0.005369025282561779, 0.07999994605779648, 1.5308805704116821, -0.3710448741912842, -0.3700111210346222, 0, 1.5707963705062866, -0.9704461693763733]]","[-2.8048033714294434, -3.670229911804199, 5.019235610961914, 12.348614692687988, 4.847049236297607, -0.39003193378448486]","[[0.018771052360534668, 0.00852404348552227, -0.04173910245299339]]","[0, 30]",4.431903742,-1.244677186012268,28,971,1748251621.987705,45
"[[0.021648330613970757, -0.01151055097579956, 0.03333336114883423]]",986,"[0.5486180186271667, 0.1932358294725418, 0.02998979203402996]","[0.5292900800704956, -0.3865373134613037, 0.666663646697998, -0.9387354850769043]",False,"[0.6682642102241516, -0.16611440479755402, 0.029999999329447746]","[[0.5457258224487305, 0.17954804003238678, 0.023528121411800385, 0.05505868420004845, 0.5486180186271667, 0.1932358294725418, 0.02998979203402996, -1.5998290336938226e-06, 1.4512153938994743e-05, 0.011150808073580265]]","[-0.03946549445390701, 0.27715346217155457, 0.09403102099895477, 0.030473314225673676, 0.12780404090881348, 0.06414292752742767]","[[0.021569056436419487, -0.005685329437255859, 0.03306873142719269]]","[0, 30]",4.475304541,-0.37874501943588257,29,986,1748251622.0186636,10
"[[0.015261983498930931, -0.013718083500862122, 0.019369572401046753]]",990,"[0.5870625376701355, 0.09606994688510895, 0.02997506782412529]","[0.5265624523162842, -0.956554114818573, 0.3866022825241089, -0.7255302667617798]",False,"[0.6682642102241516, -0.16611440479755402, 0.029999999329447746]","[[0.58731609582901, 0.08548420667648315, 0.02410425804555416, 0.055538762360811234, 0.5870625376701355, 0.09606994688510895, 0.02997506782412529, -0.0001294454705202952, -0.00036953980452381074, 0.02059284970164299]]","[-0.30864083766937256, 0.3486342430114746, 0.33311277627944946, -0.1472887396812439, -0.3496231138706207, 0.2928938865661621]","[[0.014971410855650902, -0.01517990231513977, 0.019235514104366302]]","[0, 30]",4.475446708,-0.2744710147380829,29,990,1748251622.0295923,14
"[[-0.03424353897571564, -0.0042487382888793945, -0.046234380453825]]",995,"[0.6779062747955322, -0.09868577122688293, 0.029948949813842773]","[-0.3203502297401428, -0.862877607345581, -0.9251235127449036, -0.9028210639953613]",False,"[0.6682642102241516, -0.16611440479755402, 0.029999999329447746]","[[0.6718899607658386, -0.1006893441081047, 0.022449899464845657, 0.053112175315618515, 0.6779062747955322, -0.09868577122688293, 0.029948949813842773, -0.0008974753436632454, -0.0009755274513736367, 0.019884349778294563]]","[-0.17617212235927582, 0.15835466980934143, 1.046741247177124, 0.07107985764741898, -0.9697542190551758, 0.5635658502578735]","[[-0.02571786940097809, -0.005688365548849106, -0.04444733262062073]]","[0, 30]",4.475626737,-0.06811455637216568,29,995,1748251622.0429251,19
"[[0.01583867333829403, -0.05896575376391411, -0.0320829339325428]]",1032,"[0.11845402419567108, 0.0683121457695961, 0.02996770665049553]","[-0.07359373569488525, -0.926559329032898, -0.6420613527297974, -0.6516661047935486]",False,"[0.4396402835845947, -0.217276930809021, 0.029999999329447746]","[[0.314364492893219, -0.6162051558494568, 0.005555206909775734, 1.3059430159501062e-07, 0.11845402419567108, 0.0683121457695961, 0.02996770665049553, 3.928691876353696e-05, -0.0004995219060219824, -2.652710199356079]]","[-0.21183045208454132, -1.635985255241394, 2.7899861335754395, 4.283873558044434, 0.46143272519111633, 0.44168567657470703]","[[0.002269214252009988, -0.016205567866563797, -0.029803987592458725]]","[0, 30]",4.57177293,-0.4297926723957062,30,1032,1748251622.1170206,35
"[[-0.024785425513982773, -0.014545513316988945, 0.03262549638748169]]",1036,"[0.040871888399124146, 0.11854516714811325, 0.02998100407421589]","[-0.8821519613265991, -0.0406951904296875, 0.6525152921676636, -0.7466880083084106]",False,"[0.4396402835845947, -0.217276930809021, 0.029999999329447746]","[[0.22575363516807556, -0.6721412539482117, 0.03996451199054718, 1.1614521611136297e-07, 0.040871888399124146, 0.11854516714811325, 0.02998100407421589, -0.00019259282271377742, -7.669439219171181e-05, 2.600815773010254]]","[-0.17191477119922638, -2.304870367050171, 2.7721657752990723, 6.1281023025512695, 1.2473957538604736, 0.25920528173446655]","[[-0.0017436258494853973, 0.010335469618439674, 0.008536752313375473]]","[0, 30]",4.57191661,-0.5213374495506287,30,1036,1748251622.1247997,39
"[[0.029272019863128662, -0.004357263445854187, 0.028438696637749672]]",1084,"[0.5597833395004272, -0.2257591038942337, 0.02998928539454937]","[0.8949017524719238, -0.8450615406036377, 0.5688302516937256, -0.6679078340530396]",False,"[0.5410289168357849, -0.2906656563282013, 0.029999999329447746]","[[0.5555205345153809, -0.21594177186489105, 0.030386732891201973, 0.05543120950460434, 0.5597833395004272, -0.2257591038942337, 0.02998928539454937, 0.0011616217670962214, -0.001183133921585977, 0.010087545961141586]]","[-0.28906288743019104, 0.33321887254714966, 0.5121874213218689, -0.228277325630188, -1.0440024137496948, 0.495039701461792]","[[0.028507530689239502, -0.01455126702785492, 0.028256384655833244]]","[0, 30]",4.679758691,-0.06756173819303513,32,1084,1748251622.2519953,16
"[[0.04623483493924141, -0.00200045108795166, -0.04998987168073654]]",1108,"[0.6516468524932861, -0.06195957586169243, 0.029989872127771378]","[0.924696683883667, -0.0400090217590332, -1, 0.9172310829162598]",False,"[0.4212472140789032, -0.033236078917980194, 0.029999999329447746]","[[0.6777215600013733, -0.001700541703030467, 0.18747825920581818, 0.07027383893728256, 0.6516468524932861, -0.06195957586169243, 0.029989872127771378, 3.4093625345121836e-06, -1.5367468222393654e-06, -1.9606155240992074e-11]]","[0.03122839704155922, -0.03600741922855377, -0.040873948484659195, -0.03563288599252701, 0.07730468362569809, 0.2006673514842987]","[[0.006952930241823196, -0.0002999093849211931, -0.04007812216877937]]","[0, 30]",4.775370158,-0.23218317329883575,34,1108,1748251622.3074632,0
"[[-0.0461062453687191, -0.030506327748298645, -0.049766961485147476]]",1113,"[0.6702093482017517, -0.05659479647874832, 0.02998834103345871]","[-0.8147327899932861, -0.5221390724182129, -0.9952258467674255, 0.8473192453384399]",False,"[0.4212472140789032, -0.033236078917980194, 0.029999999329447746]","[[0.6673762798309326, -0.05666239932179451, 0.022455329075455666, 0.0801820158958435, 0.6702093482017517, -0.05659479647874832, 0.02998834103345871, 1.7361810023430735e-05, -1.5165986951615196e-05, -0.5577213764190674]]","[0.16068792343139648, 0.054408442229032516, 0.03965982049703598, -0.012210674583911896, 0.0043335407972335815, -0.03178106248378754]","[[-0.03129812702536583, -0.029696140438318253, -0.02741243876516819]]","[0, 30]",4.775564364,-0.2500555217266083,34,1113,1748251622.3193374,5
"[[0.028843224048614502, -0.006373287178575993, -0.005463667679578066]]",1117,"[0.6791566610336304, -0.06104147061705589, 0.02998954802751541]","[0.6906819343566895, -0.16115838289260864, -0.10928225517272949, -0.02373206615447998]",False,"[0.4212472140789032, -0.033236078917980194, 0.029999999329447746]","[[0.6898568868637085, -0.06264342367649078, 0.021951233968138695, 0.05543233081698418, 0.6791566610336304, -0.06104147061705589, 0.02998954802751541, 1.5964251360855997e-05, 7.568494879706122e-07, 0.04341311752796173]]","[0.0378853902220726, 0.24425530433654785, 0.07485060393810272, 0.025537408888339996, 0.11707672476768494, 0.039534129202365875]","[[0.01564610004425049, -0.00589266512542963, -0.005034931469708681]]","[0, 30]",4.775707913,-0.2594039738178253,34,1117,1748251622.329574,9
"[[-0.04565388336777687, -0.0468599759042263, -0.041782476007938385]]",1137,"[0.49419280886650085, -0.15556173026561737, 0.029989980161190033]","[-0.9622389674186707, -0.9759261608123779, -0.8356491923332214, 0.9836370944976807]",False,"[0.4439663887023926, 0.2449578493833542, 0.029999999329447746]","[[0.5252441167831421, -0.12412726134061813, 0.058847177773714066, 0.07729429751634598, 0.49419280886650085, -0.15556173026561737, 0.029989980161190033, 1.1954057299590204e-07, 6.447651799135201e-07, -0.05315779894590378]]","[0.056681182235479355, -0.02773083746433258, 0.0065504685044288635, -0.020903974771499634, -0.017271749675273895, -0.0050093382596969604]","[[-0.03207704797387123, -0.008677702397108078, -0.02135520800948143]]","[0, 30]",4.827725812,-0.40365657210350037,35,1137,1748251622.3821983,3
"[[-0.04197530820965767, -0.013011297211050987, -0.03067578375339508]]",1162,"[0.05317695811390877, -0.14121034741401672, 0.029989980161190033]","[-0.9013670086860657, -0.5192245244979858, -0.6135139465332031, -0.8005858063697815]",False,"[0.4439663887023926, 0.2449578493833542, 0.029999999329447746]","[[0.12246432155370712, -0.18192993104457855, 0.0001382266782457009, 1.8044152966467664e-05, 0.05317695811390877, -0.14121034741401672, 0.029989980161190033, 5.520152512872301e-07, -1.0922157400727883e-07, -1.8171546459197998]]","[0.06464991718530655, -0.8080689907073975, 2.2193894386291504, 2.19793438911438, -0.24721357226371765, 0.6116013526916504]","[[-0.018846232444047928, -0.009155189618468285, -0.0304256659001112]]","[0, 30]",4.874104057,-0.5494017004966736,35,1162,1748251622.446623,28
"[[0.014828258194029331, 0.03567521274089813, -0.0009023543680086732]]",1179,"[-0.35231807827949524, -0.42042627930641174, 0.029983552172780037]","[-0.20335984230041504, 0.38488173484802246, -0.01812744140625, 0.03830826282501221]",False,"[0.4439663887023926, 0.2449578493833542, 0.029999999329447746]","[[-0.061545345932245255, -0.33398523926734924, 0.0031518845353275537, 0.0033654505386948586, -0.35231807827949524, -0.42042627930641174, 0.029983552172780037, -0.00019370116933714598, 1.2820500160160009e-05, -1.345136046409607]]","[0.02839151956140995, -3.865020275115967, 2.9649410247802734, 10.380049705505371, 3.0504775047302246, -0.048893317580223083]","[[-0.0012522106990218163, 0.005003822967410088, -0.0009681013179942966]]","[0, 30]",4.931696204,-1.0376921892166138,35,1179,1748251622.497642,45
"[[-0.0149178272113204, 0.037805188447237015, -0.04387785494327545]]",1240,"[0.4923360347747803, -0.11688672006130219, 0.02998921275138855]","[-0.3029627799987793, 0.8383976221084595, -0.877572774887085, 0.5894420146942139]",False,"[0.6278581023216248, 0.11467283219099045, 0.029999999329447746]","[[0.4997432231903076, -0.10364147275686264, 0.03329414129257202, 0.08016084879636765, 0.4923360347747803, -0.11688672006130219, 0.02998921275138855, 2.7529320504982024e-05, 5.664648483616475e-07, 0.026866136118769646]]","[0.16540959477424622, 0.10981079936027527, 0.05196802690625191, -0.005508638918399811, 0.03408560901880264, -0.02011542022228241]","[[-0.005121446214616299, 0.013409916311502457, -0.011371519416570663]]","[0, 30]",5.123419681,-0.26830217242240906,37,1240,1748251622.6594555,6
"[[-0.03962533175945282, 0.0007840609177947044, -0.037921369075775146]]",1241,"[0.4903964400291443, -0.10749918222427368, 0.029989730566740036]","[-0.8312985301017761, 0.20343196392059326, -0.758417010307312, 0.6300961971282959]",False,"[0.6278581023216248, 0.11467283219099045, 0.029999999329447746]","[[0.48643243312835693, -0.09819644689559937, 0.022365370765328407, 0.08000224083662033, 0.4903964400291443, -0.10749918222427368, 0.029989730566740036, 9.39241363084875e-06, 2.398014373738988e-07, 0.08988682180643082]]","[0.1438547521829605, 0.16043388843536377, 0.06515122950077057, 0.0005938336253166199, 0.06645236164331436, -0.0026053935289382935]","[[-0.028254136443138123, 0.004726572893559933, -0.026992080733180046]]","[0, 30]",5.123472771,-0.26125872135162354,37,1241,1748251622.6631522,7
"[[-0.00986561831086874, -0.023975804448127747, 0.017598140984773636]]",1263,"[0.47099506855010986, -0.04380081593990326, 0.029989995062351227]","[-0.26542019844055176, -0.6247389316558838, 0.3519632816314697, -0.3670955300331116]",False,"[0.4013568162918091, -0.1511116325855255, 0.029999999329447746]","[[0.48098018765449524, -0.04937494918704033, 0.02907557412981987, 0.05882088094949722, 0.47099506855010986, -0.04380081593990326, 0.029989995062351227, -5.312319117933839e-08, -1.1559582446807326e-07, -0.07376381009817123]]","[-0.20651179552078247, 0.3276413083076477, 0.16618773341178894, -0.008823581039905548, 0.032850541174411774, 0.14160305261611938]","[[-0.0013005798682570457, -0.02098093554377556, 0.010588478296995163]]","[0, 30]",5.187511897,-0.12792614102363586,38,1263,1748251622.741105,12
"[[0.04438313469290733, 0.04900819808244705, 0.008919543586671352]]",1292,"[0.5547193288803101, -0.30183759331703186, 0.029990004375576973]","[0.9198312759399414, 0.9947938919067383, 0.17839288711547852, 0.009687423706054688]",False,"[0.447852224111557, -0.23579341173171997, 0.029999999329447746]","[[0.5574964284896851, -0.29153043031692505, 0.0396997295320034, 0.08001681417226791, 0.5547193288803101, -0.30183759331703186, 0.029990004375576973, -7.876624295022339e-07, -4.3694868168131507e-07, -0.23868069052696228]]","[-0.31073132157325745, 0.3474661707878113, 0.34563061594963074, -0.15357419848442078, -0.3455606997013092, 0.291822612285614]","[[0.0383281372487545, 0.05006078630685806, 0.010006974451243877]]","[0, 30]",5.275631061,-0.12562808394432068,40,1292,1748251622.827598,14
"[[-0.025845641270279884, 0.01566600799560547, 0.020914573222398758]]",1310,"[0.4063487648963928, 0.29166826605796814, 0.029989320784807205]","[-0.5169128179550171, 0.3133201599121094, 0.41834986209869385, -0.7045204639434814]",False,"[0.4610127806663513, 0.25229179859161377, 0.029999999329447746]","[[0.5817328691482544, 0.048978209495544434, 0.21045555174350739, 0.0050295316614210606, 0.4063487648963928, 0.29166826605796814, 0.029989320784807205, 1.564595919489875e-07, -2.2741502107237466e-05, -3.327845984890665e-11]]","[0.03145550936460495, -0.02578778564929962, -0.019158922135829926, -0.028216280043125153, 0.053576432168483734, 0.13179966807365417]","[[-0.010999375954270363, -0.009422371163964272, 0.0038593746721744537]]","[0, 30]",5.331511539,-0.06736958026885986,41,1310,1748251622.8906515,1
"[[-0.006266415119171143, 0.04633120447397232, -0.030114108696579933]]",1317,"[0.4063487648963928, 0.29166826605796814, 0.029989998787641525]","[-0.12532830238342285, 0.926624059677124, -0.6022821664810181, 0.11818051338195801]",False,"[0.4610127806663513, 0.25229179859161377, 0.029999999329447746]","[[0.43457359075546265, 0.13081778585910797, 0.1508381962776184, 0.010382579639554024, 0.4063487648963928, 0.29166826605796814, 0.029989998787641525, 1.5075333692493587e-07, -1.1833686386353293e-07, -3.3212935873772054e-11]]","[0.10270355641841888, 0.20460593700408936, 0.06784175336360931, 0.013033702969551086, 0.09760577231645584, 0.01733231544494629]","[[0.00023698806762695312, 0.010835789144039154, -0.006388509646058083]]","[0, 30]",5.375235054,-0.06736958026885986,41,1317,1748251622.907968,8
"[[0.002368253655731678, -0.05012614652514458, 0.02169528603553772]]",1326,"[0.4610036611557007, 0.32593461871147156, 0.029990000650286674]","[0.24520719051361084, -0.8820237517356873, 0.43390583992004395, -0.18903744220733643]",False,"[0.4610127806663513, 0.25229179859161377, 0.029999999329447746]","[[0.4563957452774048, 0.1918761134147644, 0.06946583092212677, 0.06339479237794876, 0.4610036611557007, 0.32593461871147156, 0.029990000650286674, 6.149588216430857e-08, -6.28449683404142e-08, 0.011571787297725677]]","[-0.2799387574195862, 0.2727043330669403, 0.7499948143959045, -0.15494903922080994, -0.8924432992935181, 0.4807710647583008]","[[0.00707168597728014, -0.010897751897573471, 0.015500916168093681]]","[0, 30]",5.37561593,-0.07364282011985779,41,1326,1748251622.932817,17
"[[-0.04256203770637512, -0.055401917546987534, 0.04886675998568535]]",1330,"[0.5003687143325806, 0.34991055727005005, 0.029989998787641525]","[-0.655023455619812, -0.9885286688804626, 0.9773352146148682, 0.2644343376159668]",False,"[0.4610127806663513, 0.25229179859161377, 0.029999999329447746]","[[0.38274064660072327, 0.046154607087373734, 0.1837119609117508, 0.07999610155820847, 0.5003687143325806, 0.34991055727005005, 0.029989998787641525, 1.5067620040554175e-07, -1.1814418598987686e-07, 0.011571787297725677]]","[-0.01945718191564083, -0.030001983046531677, 1.3546066284179688, 0.42823857069015503, -0.8271472454071045, 0.5710504651069641]","[[-0.010232537984848022, -0.010376274585723877, 0.019311334937810898]]","[0, 30]",5.37577013,-0.10525355488061905,41,1330,1748251622.942379,21
"[[-0.05251254513859749, -0.05468844622373581, 0.04882374033331871]]",1342,"[0.6165394186973572, 0.4206661880016327, 0.029989998787641525]","[-0.858810305595398, -0.9771690964698792, 0.9764747619628906, 0.9237191677093506]",False,"[0.4610127806663513, 0.25229179859161377, 0.029999999329447746]","[[-0.03364187851548195, -0.3982331454753876, 0.5867204070091248, 0.0799999013543129, 0.6165394186973572, 0.4206661880016327, 0.029989998787641525, 1.50753280081517e-07, -1.181441788844495e-07, 0.011571787297725677]]","[-0.11461766809225082, -1.3791460990905762, 2.646026372909546, 3.564311981201172, 0.18140903115272522, 0.5059512257575989]","[[-0.009073704481124878, -0.020673327147960663, 0.021433677524328232]]","[0, 30]",5.41958123,-0.2292127162218094,41,1342,1748251622.969332,33
"[[-0.016728151589632034, 5.543837323784828e-05, 0.041565537452697754]]",1355,"[0.7392110228538513, 0.49538132548332214, 0.029989998787641525]","[-0.14813876152038574, 0.11465322971343994, 0.8313107490539551, 0.4097940921783447]",False,"[0.4610127806663513, 0.25229179859161377, 0.029999999329447746]","[[-0.20243573188781738, -0.4509027898311615, 0.7040560841560364, 0.0799996629357338, 0.7392110228538513, 0.49538132548332214, 0.029989998787641525, 1.50753280081517e-07, -1.181441788844495e-07, 0.011571787297725677]]","[0.028728285804390907, -4.188796043395996, 2.995265483856201, 11.317536354064941, 3.5188121795654297, -0.12298707664012909]","[[-0.006310779135674238, -0.012729043141007423, 0.027358531951904297]]","[0, 30]",5.463364657,-0.3694411814212799,41,1355,1748251623.0017643,46
"[[-0.019149480387568474, -0.010557347908616066, -0.04716956615447998]]",1390,"[0.5677939653396606, 0.26995348930358887, 0.029989831149578094]","[-0.39334529638290405, -0.1481919288635254, -0.9433944821357727, 0.9129652976989746]",False,"[0.6131191849708557, -0.09238604456186295, 0.029999999329447746]","[[0.5840597152709961, 0.2643446624279022, 0.027287539094686508, 0.08012410998344421, 0.5677939653396606, 0.26995348930358887, 0.029989831149578094, -3.767082034755731e-06, 4.832631930185016e-06, 0.2275320142507553]]","[-0.03945918381214142, 0.27715176343917847, 0.09405246376991272, 0.030460886657238007, 0.12781135737895966, 0.06413975358009338]","[[-0.0076941829174757, -0.004687184002250433, -0.013346515595912933]]","[0, 30]",5.529858317,-0.3651634156703949,43,1390,1748251623.1010706,10
"[[0.04344005510210991, -0.04981408268213272, -0.04711965098977089]]",1404,"[0.6742306351661682, -0.18989218771457672, 0.02998925745487213]","[0.8688011169433594, -0.996281623840332, -0.9423348307609558, 0.9761362075805664]",False,"[0.4503619968891144, -0.017032233998179436, 0.029999999329447746]","[[0.6467180252075195, -0.0750076100230217, 0.209346204996109, 0.07027388364076614, 0.6742306351661682, -0.18989218771457672, 0.02998925745487213, -3.6207754874340026e-06, -1.6889260223251767e-05, 1.1487787388020365e-09]]","[0.03145534545183182, -0.025785446166992188, -0.01915780082345009, -0.028214216232299805, 0.05357807129621506, 0.13179919123649597]","[[-0.0009316690266132355, -0.00029471516609191895, -0.060867950320243835]]","[0, 30]",5.595534149,-0.28283870220184326,44,1404,1748251623.1552274,1
"[[0.005205756518989801, -0.01425418071448803, -0.0475829616189003]]",1408,"[0.6743371486663818, -0.1920224279165268, 0.029989993199706078]","[0.10897171497344971, -0.32291316986083984, -0.9516586661338806, 0.993598222732544]",False,"[0.4503619968891144, -0.017032233998179436, 0.029999999329447746]","[[0.6841414570808411, -0.19093471765518188, 0.031031077727675438, 0.07964245229959488, 0.6743371486663818, -0.1920224279165268, 0.029989993199706078, -1.2082397304880033e-08, 6.022857945708893e-08, -0.013636503368616104]]","[0.1595895141363144, 0.054107796400785446, 0.04068249091506004, -0.012305222451686859, 0.005042023956775665, -0.03154343366622925]","[[0.001521474216133356, -0.002848191186785698, -0.014594968408346176]]","[0, 30]",5.595672379,-0.2842295467853546,44,1408,1748251623.1658015,5
"[[-0.03296166658401489, -0.037296734750270844, -0.048941224813461304]]",1421,"[0.6101070046424866, -0.022748805582523346, 0.02999143674969673]","[-0.9683609008789062, -0.8609793186187744, -0.9787928462028503, -0.9455711245536804]",False,"[0.4503619968891144, -0.017032233998179436, 0.029999999329447746]","[[0.6185213923454285, -0.03838827461004257, 0.02249934896826744, 0.05314280837774277, 0.6101070046424866, -0.022748805582523346, 0.02999143674969673, 2.875746758945752e-05, -3.6346358683658764e-05, 0.055321067571640015]]","[-0.08810942620038986, 0.21915066242218018, 0.5956767797470093, 0.10182932764291763, -1.183526873588562, 0.5238619446754456]","[[-0.03310859203338623, -0.035747818648815155, -0.04884207248687744]]","[0, 30]",5.653576342,-0.15984725952148438,44,1421,1748251623.223952,18
"[[0.06514458358287811, 0.02134927734732628, 0.045225560665130615]]",1430,"[0.40400758385658264, -0.037354085594415665, 0.030355671420693398]","[0.9565081596374512, 0.9392220973968506, 0.9071329832077026, -0.8254300355911255]",False,"[0.4503619968891144, -0.017032233998179436, 0.029999999329447746]","[[0.4134202301502228, -0.02454392798244953, 0.023943454027175903, 0.05209597572684288, 0.40400758385658264, -0.037354085594415665, 0.030355671420693398, -0.012327870354056358, -4.4416105083655566e-05, -0.023560432717204094]]","[0.18886025249958038, -0.6563995480537415, 2.032033681869507, 1.8971490859985352, -0.4746612012386322, 0.642546534538269]","[[0.06481780111789703, 0.024524027481675148, 0.04453312233090401]]","[0, 30]",5.69549323,-0.050614576786756516,44,1430,1748251623.264233,27
"[[0.06057264283299446, 0.00925840437412262, 0.04654331132769585]]",1431,"[0.39285027980804443, -0.004288922529667616, 0.029966620728373528]","[0.9883067607879639, 0.8464713096618652, 0.9230852127075195, -0.887761652469635]",False,"[0.4503619968891144, -0.017032233998179436, 0.029999999329447746]","[[0.402425616979599, 0.0040497868321835995, 0.02405678667128086, 0.05455707013607025, 0.39285027980804443, -0.004288922529667616, 0.029966620728373528, 0.0007759731379337609, 1.929277914314298e-06, -0.02147757075726986]]","[0.1675252765417099, -0.7659940719604492, 2.1672420501708984, 2.0732102394104004, -0.4048846662044525, 0.6546135544776917]","[[0.06040995195508003, 0.013729851692914963, 0.04604092985391617]]","[0, 30]",5.74317212,-0.05890662223100662,44,1431,1748251623.2688313,28
"[[-0.013941428624093533, 0.005054887849837542, -0.0026990731712430716]]",1518,"[0.7042895555496216, -0.16880415380001068, 0.02998991496860981]","[-0.2245895266532898, -0.14087891578674316, -0.05397844314575195, 0.3178595304489136]",False,"[0.6823735237121582, -0.2552863359451294, 0.029999999329447746]","[[0.7064752578735352, -0.1761351078748703, 0.021946055814623833, 0.08000469952821732, 0.7042895555496216, -0.16880415380001068, 0.02998991496860981, -2.1299465515767224e-06, -7.912126989140233e-07, -0.09943743795156479]]","[0.14389212429523468, 0.1604480743408203, 0.06495526432991028, 0.0006852895021438599, 0.06637578457593918, -0.0025864988565444946]","[[-0.005298933945596218, -0.00010605482384562492, -0.00266274600289762]]","[0, 30]",5.995748592,-0.08921591937541962,47,1518,1748251623.559763,7
"[[0.0059490143321454525, -0.04919804260134697, -0.024157708510756493]]",1528,"[0.6411775350570679, -0.2912217676639557, 0.029989831149578094]","[0.1189802885055542, -0.9839608073234558, -0.48315417766571045, 0.9420785903930664]",False,"[0.663718044757843, -0.02720385231077671, 0.029999999329447746]","[[0.6504284739494324, -0.1957322061061859, 0.12416227906942368, 0.07999996095895767, 0.6411775350570679, -0.2912217676639557, 0.029989831149578094, 5.912373126193415e-06, 2.742674496403197e-07, 3.536380606752876e-12]]","[0.16541534662246704, 0.10981060564517975, 0.05195717141032219, -0.005508013069629669, 0.03407955914735794, -0.020119652152061462]","[[0.0052111088298261166, -0.006137873977422714, -0.008094100281596184]]","[0, 30]",6.013665443,-0.2649783790111542,48,1528,1748251623.5865555,6
"[[0.02550685964524746, 0.04504401236772537, 0.027598310261964798]]",1532,"[0.6396083235740662, -0.29868635535240173, 0.029989970847964287]","[0.49632441997528076, 0.8133502006530762, 0.5519675016403198, -0.07097434997558594]",False,"[0.663718044757843, -0.02720385231077671, 0.029999999329447746]","[[0.627133846282959, -0.29921215772628784, 0.023414963856339455, 0.07421557605266571, 0.6396083235740662, -0.29868635535240173, 0.029989970847964287, -8.312172781188565e-07, -1.5306255818359205e-07, -0.042833682149648666]]","[-0.039464935660362244, 0.27714917063713074, 0.0940752923488617, 0.030450493097305298, 0.12782162427902222, 0.06413613259792328]","[[0.04159791022539139, 0.03579217940568924, 0.0518205352127552]]","[0, 30]",6.063134318,-0.2725509703159332,48,1532,1748251623.5968723,10
"[[-0.03492153808474541, 0.024723418056964874, -0.04848657548427582]]",1537,"[0.63749098777771, -0.25151678919792175, 0.0299608763307333]","[-0.8340086936950684, 0.8377392292022705, -0.9703109860420227, -0.6458530426025391]",False,"[0.663718044757843, -0.02720385231077671, 0.029999999329447746]","[[0.6420125961303711, -0.23774737119674683, 0.022569334134459496, 0.051751915365457535, 0.63749098777771, -0.25151678919792175, 0.0299608763307333, -4.1135379433399066e-05, -0.0010128217982128263, -0.037900034338235855]]","[-0.3248363137245178, 0.34494343400001526, 0.48609447479248047, -0.22411388158798218, -0.601847231388092, 0.3807593584060669]","[[-0.03135038539767265, 0.020323671400547028, -0.0484478734433651]]","[0, 30]",6.063333683,-0.2258409857749939,48,1537,1748251623.6135848,15
"[[0.14915233850479126, 0.011664260178804398, -0.027766266837716103]]",1558,"[0.5365360975265503, -0.05619504675269127, 0.029999999329447746]","[-0.4094494581222534, -0.9043576717376709, -0.5538725852966309, -0.9307570457458496]",True,"[0.45298120379447937, 0.007315043825656176, 0.029999999329447746]","[[0.6384396553039551, -2.194472251484947e-12, 0.19740013778209686, 0, 0.5365360975265503, -0.05619504675269127, 0.029999999329447746, 0, 0, 0]]","[-0.23021240532398224, -1.7829115390777588, 2.9388041496276855, 4.68458366394043, 0.6791788339614868, 0.4100561738014221]","[[0.053685955703258514, -0.0559120811522007, -0.20110376179218292]]","[0, 30]",6.155319355,-0.039567869156599045,48,1558,1748251623.6944914,36
"[[-0.04330528900027275, 0.0032614946831017733, -0.04713873192667961]]",1578,"[0.5225814580917358, 0.05783553421497345, 0.029989998787641525]","[-0.8661057353019714, 0.06522989273071289, -0.9427745938301086, 0.9285045862197876]",False,"[0.5322774648666382, 0.1975843757390976, 0.029999999329447746]","[[0.5535435676574707, 0.0501038022339344, 0.06940379738807678, 0.07881766557693481, 0.5225814580917358, 0.05783553421497345, 0.029989998787641525, -2.6881140868795228e-08, 1.0054622607592878e-13, 9.563132756388107e-14]]","[0.017398547381162643, -0.028292380273342133, -0.013036448508501053, -0.020274274051189423, 0.021098129451274872, 0.057036928832530975]","[[-0.01079244539141655, 0.0004024126101285219, -0.0010807551443576813]]","[0, 1]",6.361099025,-0.14008480310440063,0,1578,1748251623.9336894,2
"[[0.0023972224444150925, 0.005743604153394699, -0.0406016930937767]]",1641,"[0.7179332971572876, 0.158823162317276, 0.029439348727464676]","[0.550174355506897, 0.9711294174194336, -0.7964349985122681, 0.5830174684524536]",False,"[0.5484223961830139, -0.03994198143482208, 0.029999999329447746]","[[0.7240606546401978, 0.1253596693277359, 0.06375084072351456, 0.07996886223554611, 0.7179332971572876, 0.158823162317276, 0.029439348727464676, -0.0157722607254982, 0.0011222604662179947, -0.11508610099554062]]","[0.23063792288303375, 0.13195809721946716, -0.12526839971542358, 0.08942674100399017, -0.032821379601955414, -0.021517828106880188]","[[-0.0002420712262392044, 0.004432510584592819, -0.040142640471458435]]","[0, 1]",6.583326082,-0.261231392621994,5,1641,1748251624.1111097,6
"[[-0.02312999963760376, 0.012866122648119926, -0.029699845239520073]]",1667,"[0.2076823115348816, 0.5948753952980042, 0.029939381405711174]","[-0.9859204292297363, 0.33125007152557373, -0.5938174724578857, 0.6882270574569702]",False,"[0.5484223961830139, -0.03994198143482208, 0.029999999329447746]","[[0.27049386501312256, 0.4968600869178772, 0.03614356368780136, 0.07999777048826218, 0.2076823115348816, 0.5948753952980042, 0.029939381405711174, -0.002092949114739895, -0.0004177590017206967, -2.9816596508026123]]","[0.2594936192035675, -1.3961341381072998, 2.297724485397339, 3.645179510116577, -0.12939998507499695, 0.5945348739624023]","[[-0.008797168731689453, 0.003914935514330864, -0.0022421013563871384]]","[0, 1]",6.627396339,-0.7204837799072266,5,1667,1748251624.161861,32
"[[0.011264078319072723, 0.014846479520201683, -0.004848688840866089]]",1671,"[0.02093331143260002, 0.626899242401123, 0.029972607269883156]","[-0.825522780418396, 0.48224520683288574, -0.0965544581413269, -0.170876145362854]",False,"[0.5484223961830139, -0.03994198143482208, 0.029999999329447746]","[[0.12707927823066711, 0.5448379516601562, 0.004639679100364447, 0.0005009244196116924, 0.02093331143260002, 0.626899242401123, 0.029972607269883156, -0.0005987713229842484, 5.921590491198003e-05, 2.371458053588867]]","[0.12716202437877655, -1.8442573547363281, 2.6440603733062744, 4.909725189208984, 0.6841357946395874, 0.404499351978302]","[[-0.00756300613284111, 0.003978824242949486, -0.004573840647935867]]","[0, 1]",6.627550178,-0.8502481579780579,5,1671,1748251624.1696694,36
"[[0.018937725573778152, -0.019686568528413773, 0.03649411350488663]]",1677,"[-0.2902391254901886, 0.681776225566864, 0.029980693012475967]","[-0.6489114761352539, -0.21249628067016602, 0.7299656867980957, -0.8074518442153931]",False,"[0.5484223961830139, -0.03994198143482208, 0.029999999329447746]","[[-0.05526358634233475, 0.5166130661964417, 0.03770679980516434, 8.721027455749208e-09, -0.2902391254901886, 0.681776225566864, 0.029980693012475967, -0.00022448270465247333, -3.94387316191569e-05, 1.6496689319610596]]","[0.266391783952713, -2.9438812732696533, 2.76747989654541, 7.87894868850708, 2.0410284996032715, 0.1493099182844162]","[[-0.005137478932738304, 0.0032307030633091927, 0.019199032336473465]]","[0, 1]",6.62778022,-1.1064494848251343,5,1677,1748251624.1807516,42
"[[-0.04804027080535889, -0.04927168786525726, 0.001732003758661449]]",1700,"[0.4464007318019867, -0.28264984488487244, 0.029989998787641525]","[-0.9608054161071777, -0.9854337573051453, 0.03464007377624512, 0.9504992961883545]",False,"[0.5451104044914246, 0.06234322115778923, 0.029999999329447746]","[[0.5035923719406128, -0.034699928015470505, 0.12166821211576462, 0.0798562616109848, 0.4464007318019867, -0.28264984488487244, 0.029989998787641525, -1.5072637893354113e-07, 1.181441788844495e-07, 9.237183636262927e-14]]","[0.0566876046359539, -0.027728959918022156, 0.00654168426990509, -0.020896390080451965, -0.017277218401432037, -0.005010694265365601]","[[-0.014480769634246826, -0.0014143921434879303, 0.0010286913020536304]]","[0, 1]",6.653638871,-0.3588367700576782,7,1700,1748251624.227323,3
"[[-0.04605443775653839, -0.04942018538713455, -0.00132027268409729]]",1701,"[0.4464007318019867, -0.28264984488487244, 0.029989998787641525]","[-0.9210887551307678, -0.9884036779403687, -0.0264054536819458, 0.9538745880126953]",False,"[0.5451104044914246, 0.06234322115778923, 0.029999999329447746]","[[0.47028982639312744, -0.07630957663059235, 0.12068311125040054, 0.07998254150152206, 0.4464007318019867, -0.28264984488487244, 0.029989998787641525, -1.5074820680638368e-07, 1.181441788844495e-07, 9.236925460620604e-14]]","[0.1253059357404709, 0.004401907324790955, 0.026178468018770218, -0.01811232417821884, -0.016251273453235626, -0.032095253467559814]","[[-0.01275189220905304, -0.007810536772012711, -0.00033517181873321533]]","[0, 1]",6.655385074,-0.3588367700576782,7,1701,1748251624.2290027,4
"[[-0.046675000339746475, -0.04919068515300751, 0.007510131690651178]]",1733,"[0.504802405834198, -0.27418452501296997, 0.029989998787641525]","[-0.9334999918937683, -0.9838137030601501, 0.15020263195037842, 0.9786813259124756]",False,"[0.5067113637924194, 0.06675394624471664, 0.029999999329447746]","[[0.5216941833496094, -0.15773901343345642, 0.08140584081411362, 0.07998250424861908, 0.504802405834198, -0.27418452501296997, 0.029989998787641525, -4.4543146060505023e-08, 1.06101863406316e-11, 9.557113401451739e-14]]","[0.0566876046359539, -0.027728959918022156, 0.00654168426990509, -0.020896390080451965, -0.017277218401432037, -0.005010694265365601]","[[-0.0026951171457767487, -0.004955068230628967, 0.015689915046095848]]","[0, 1]",6.739970132,-0.3409438133239746,8,1733,1748251624.3034077,3
"[[-0.004637503530830145, -0.04168808087706566, -0.008461713790893555]]",1735,"[0.504802405834198, -0.27418452501296997, 0.029990000650286674]","[-0.09275007247924805, -0.8337616324424744, -0.1692342758178711, 0.7282909154891968]",False,"[0.5067113637924194, 0.06675394624471664, 0.029999999329447746]","[[0.48616886138916016, -0.2386242002248764, 0.06854841113090515, 0.07999975979328156, 0.504802405834198, -0.27418452501296997, 0.029990000650286674, -1.585872433373936e-09, 3.8160935974306605e-16, 9.557118144836244e-14]]","[0.15960806608200073, 0.054153233766555786, 0.040684279054403305, -0.012291081249713898, 0.005066342651844025, -0.031535401940345764]","[[0.002042746637016535, -0.005706649273633957, -0.002257034182548523]]","[0, 1]",6.740047056,-0.3409438133239746,8,1735,1748251624.3070648,5
"[[-0.025164108723402023, 0.01940171793103218, -0.04944966733455658]]",1748,"[0.5022897720336914, -0.575665295124054, 0.029811594635248184]","[-0.8393176198005676, 0.2516791820526123, -0.9912669658660889, 0.8886847496032715]",False,"[0.5067113637924194, 0.06675394624471664, 0.029999999329447746]","[[0.4950982630252838, -0.557212769985199, 0.06018076464533806, 0.08000605553388596, 0.5022897720336914, -0.575665295124054, 0.029811594635248184, 0.006240413524210453, -0.00879666581749916, 0.45097672939300537]]","[-0.2943190634250641, -0.23428231477737427, 0.12170910835266113, 1.5310975313186646, -1.2480419874191284, 0.47992420196533203]","[[-0.022221099585294724, 0.017061281949281693, -0.0510677807033062]]","[0, 1]",6.783644003,-0.6424344778060913,8,1748,1748251624.3347266,18
"[[-0.016215641051530838, 0.03850386291742325, -0.04976781830191612]]",1782,"[0.584383487701416, 0.14011137187480927, 0.029989998787641525]","[-0.32431280612945557, 0.7700772285461426, -0.9953563213348389, 0.9797849655151367]",False,"[0.4706324636936188, 0.28729599714279175, 0.029999999329447746]","[[0.5990122556686401, 0.10623724013566971, 0.14252926409244537, 0.07934925705194473, 0.584383487701416, 0.14011137187480927, 0.029989998787641525, -1.5061067415444995e-07, 1.181441788844495e-07, 9.238550408626617e-14]]","[0.017398547381162643, -0.028292380273342133, -0.013036448508501053, -0.020274274051189423, 0.021098129451274872, 0.057036928832530975]","[[0.000586431473493576, 0.00467275083065033, 0.0007572658360004425]]","[0, 1]",6.828212335,-0.18601776659488678,9,1782,1748251624.397381,2
"[[-0.047736119478940964, 0.07246348261833191, -0.0490274578332901]]",1820,"[0.6581019163131714, -0.6475421786308289, 0.029988689348101616]","[-0.9995343089103699, 0.9999567270278931, -0.9805426597595215, -0.9278864860534668]",False,"[0.5416112542152405, 0.028152983635663986, 0.029999999329447746]","[[0.40877610445022583, 0.1425483375787735, 0.15868285298347473, 1.2929840522701852e-06, 0.6581019163131714, -0.6475421786308289, 0.029988689348101616, -1.7692815390546457e-06, -2.4582706828368828e-05, -2.999274253845215]]","[0.30346807837486267, -0.3368382453918457, 0.9950776100158691, 1.4262275695800781, -1.2531883716583252, 0.5961852073669434]","[[-0.030736159533262253, 0.0027046427130699158, -0.044307757169008255]]","[0, 1]",6.919637532,-0.6856632232666016,11,1820,1748251624.4705155,20
"[[-0.0477461963891983, 0.06659682095050812, -0.04981817677617073]]",1825,"[0.6469826102256775, -0.7590347528457642, 0.029809443280100822]","[-0.9991791844367981, 0.8881440162658691, -0.9999549984931946, 0.16490650177001953]",False,"[0.5416112542152405, 0.028152983635663986, 0.029999999329447746]","[[0.19444690644741058, 0.29611751437187195, 0.06262239813804626, 0.014485747553408146, 0.6469826102256775, -0.7590347528457642, 0.029809443280100822, -0.008882245980203152, 0.005386395379900932, -2.6002206802368164]]","[0.33651483058929443, -0.9184015989303589, 2.201852560043335, 2.482417106628418, -0.756412148475647, 0.7573735117912292]","[[-0.01076073944568634, 0.02037067338824272, -0.045587945729494095]]","[0, 1]",6.919811579,-0.794208824634552,11,1825,1748251624.4789126,25
"[[-0.0266520157456398, -0.06525222957134247, 0.04905568063259125]]",1873,"[0.5446540117263794, 0.6140635013580322, 0.02998889982700348]","[-0.8102149963378906, -0.9269436001777649, 0.9811079502105713, 0.3941919803619385]",False,"[0.5381886959075928, 0.039264015853405, 0.029999999329447746]","[[0.6094213724136353, 0.4261651635169983, 0.1695544719696045, 0.07999962568283081, 0.5446540117263794, 0.6140635013580322, 0.02998889982700348, 2.4365106128243497e-06, -2.32699512707768e-05, -0.24979601800441742]]","[0.8964871764183044, -0.4272610545158386, 2.044954299926758, 1.2388960123062134, -1.2358254194259644, 0.9619598388671875]","[[-0.03353474289178848, -0.0268295519053936, 0.009993955492973328]]","[0, 1]",7.032589476,-0.5748358368873596,12,1873,1748251624.605387,23
"[[-0.017719537019729614, -0.0428047850728035, 0.056078098714351654]]",1882,"[0.42149117588996887, 0.7823692560195923, 0.023379135876893997]","[-0.6253284215927124, -0.4807831645011902, 0.999636173248291, 0.8819906711578369]",False,"[0.5381886959075928, 0.039264015853405, 0.029999999329447746]","[[0.35179415345191956, 0.1507556438446045, 0.517307698726654, 0.07999997586011887, 0.42149117588996887, 0.7823692560195923, 0.023379135876893997, -0.21870650351047516, -0.05573870241641998, -0.24363090097904205]]","[0.44427111744880676, -1.2900936603546143, 2.4663479328155518, 3.344111204147339, -0.22322306036949158, 0.678130567073822]","[[-0.0011681914329528809, -0.0017627719789743423, 0.002548493444919586]]","[0, 1]",7.055721782,-0.7522416710853577,12,1882,1748251624.6286476,32
"[[0.020601850003004074, -0.044975645840168, 0.11472582072019577]]",1886,"[0.36771854758262634, 0.8590381145477295, -0.14451009035110474]","[0.14466726779937744, -0.5179192423820496, 0.9907436370849609, 0.9661331176757812]",False,"[0.5381886959075928, 0.039264015853405, 0.029999999329447746]","[[0.31822070479393005, 0.07130134850740433, 0.6505799889564514, 0.07999995350837708, 0.36771854758262634, 0.8590381145477295, -0.14451009035110474, -1.4778180122375488, -0.24475450813770294, -0.027202017605304718]]","[-0.40855351090431213, -1.8694740533828735, 4.273819923400879, 4.754604339599609, 0.17096540331840515, 0.742242157459259]","[[0.006071341224014759, -0.0046804193407297134, 0.01910698413848877]]","[0, 1]",7.099276319,-0.8553031086921692,12,1886,1748251624.6379764,36
"[[-0.00543572660535574, 0.03850669413805008, -0.0386570580303669]]",1915,"[0.6140779852867126, -0.43293628096580505, 0.02994420938193798]","[-0.30301493406295776, 0.7911593914031982, -0.7692641019821167, 0.7068241834640503]",False,"[0.48767170310020447, -0.26571759581565857, 0.029999999329447746]","[[0.6340368986129761, -0.4035071134567261, 0.061252739280462265, 0.0800042375922203, 0.6140779852867126, -0.43293628096580505, 0.02994420938193798, -0.003498770296573639, 0.0020028729923069477, 0.10470464825630188]]","[0.014887599274516106, 0.4552798569202423, -0.8530348539352417, 0.4390738606452942, -1.7331587076187134, 0.5867017507553101]","[[-0.00826325174421072, 0.037981875240802765, -0.03853447362780571]]","[0, 1]",7.143794077,-0.20962020754814148,13,1915,1748251624.711016,15
"[[-0.027601249516010284, 0.012839119881391525, -0.02910050004720688]]",1924,"[0.5155589580535889, -0.3258500397205353, 0.029558923095464706]","[-0.9232498407363892, 0.8946456909179688, -0.5878039598464966, -0.6540480852127075]",False,"[0.48767170310020447, -0.26571759581565857, 0.029999999329447746]","[[0.5368912220001221, -0.3005562126636505, 0.0612417608499527, 0.02326113171875477, 0.5155589580535889, -0.3258500397205353, 0.029558923095464706, -0.004664634820073843, -0.009631809778511524, 0.40288543701171875]]","[0.13796763122081757, -0.8938429951667786, 1.9306403398513794, 2.5688388347625732, -0.7001474499702454, 0.7004166841506958]","[[-0.028082139790058136, 0.017960768193006516, -0.030161982402205467]]","[0, 1]",7.187589446,-0.06628575921058655,13,1924,1748251624.7368412,24
"[[0.0017786026000976562, -0.003386605530977249, -0.04066038504242897]]",1943,"[0.6069190502166748, -0.5565984845161438, 0.02977832965552807]","[-0.3765296936035156, -0.5374500751495361, -0.8148993253707886, 0.967049241065979]",False,"[0.49261876940727234, 0.10662809014320374, 0.029999999329447746]","[[0.6021931767463684, -0.5299515128135681, 0.06332925707101822, 0.08000153303146362, 0.6069190502166748, -0.5565984845161438, 0.02977832965552807, 0.009921994991600513, -0.016791457310318947, 0.21178781986236572]]","[-0.1400347501039505, 0.2702258825302124, 0.5152763724327087, -0.09667589515447617, -1.1196573972702026, 0.5237258076667786]","[[0.0016866326332092285, -0.003126908093690872, -0.040724977850914]]","[0, 1]",7.243353885,-0.6730037927627563,14,1943,1748251624.7872438,17
"[[-0.015435215085744858, 0.015127468854188919, -0.038634251803159714]]",1953,"[0.42176297307014465, -0.6884676218032837, 0.02994268201291561]","[-0.7790660262107849, 0.1162562370300293, -0.7713648676872253, -0.0037845969200134277]",False,"[0.49261876940727234, 0.10662809014320374, 0.029999999329447746]","[[0.4153195023536682, -0.6662217974662781, 0.060284197330474854, 0.0731007531285286, 0.42176297307014465, -0.6884676218032837, 0.02994268201291561, 0.0328940749168396, -0.03336208313703537, 0.10539368540048599]]","[0.2072514146566391, -0.7374451160430908, 2.1393585205078125, 2.011427164077759, -0.3560648262500763, 0.639983594417572]","[[-0.015070255845785141, 0.015207577496767044, -0.03883923962712288]]","[0, 1]",7.243707089,-0.7982466816902161,14,1953,1748251624.8150675,27
"[[-0.5140239000320435, -0.7257146835327148, -0.4466565251350403]]",1975,"[0.4585869610309601, -0.07992683351039886, 0.029999999329447746]","[0.8063137531280518, 0.9433711767196655, -0.9240648746490479, 0.9634535312652588]",True,"[0.4576543867588043, 0.08930175751447678, 0.029999999329447746]","[[0.6384396553039551, -2.194472251484947e-12, 0.19740013778209686, 0, 0.4585869610309601, -0.07992683351039886, 0.029999999329447746, 0, 0, 0]]","[-5.205435276031494, -4.504525661468506, 5.058618068695068, 15.122220039367676, 7.314772129058838, -0.4579958915710449]","[[0.17994630336761475, -0.05034639686346054, 0.044673021882772446]]","[0, 1]",7.33127753,-1.1958651542663574,14,1975,1748251624.8617494,49
"[[-0.047486890107393265, -0.040644168853759766, 0.04091479629278183]]",2020,"[0.6103785037994385, -0.15071305632591248, 0.029989872127771378]","[-0.9497377872467041, -0.8128833770751953, 0.8180934190750122, 0.9638979434967041]",False,"[0.4883803725242615, 0.2714754343032837, 0.029999999329447746]","[[0.596903383731842, -0.024632835760712624, 0.1932922750711441, 0.070273756980896, 0.6103785037994385, -0.15071305632591248, 0.029989872127771378, -1.5367468222393654e-06, 3.4093625345121836e-06, 1.4366828039735768e-11]]","[0.03122839704155922, -0.03600741922855377, -0.040873948484659195, -0.03563288599252701, 0.07730468362569809, 0.2006673514842987]","[[-0.005950618535280228, -0.016011333093047142, 0.04501253366470337]]","[0, 1]",7.418120683,-0.4394617974758148,19,2020,1748251624.9913046,0
"[[-0.03260314092040062, 0.049197811633348465, -0.045602332800626755]]",2038,"[0.5272302627563477, 0.12224394828081131, 0.029989831149578094]","[-0.6520628333091736, 0.9839562177658081, -0.9120466113090515, 0.4382443428039551]",False,"[0.4589149057865143, 0.2877699136734009, 0.029999999329447746]","[[0.6156849265098572, 0.06906414777040482, 0.08063685894012451, 0.0798562541604042, 0.5272302627563477, 0.12224394828081131, 0.029989831149578094, -3.155719241476618e-07, 5.868957032362232e-06, 1.7221599146743927e-11]]","[0.017393464222550392, -0.028291985392570496, -0.01301499456167221, -0.020285435020923615, 0.021109938621520996, 0.057039402425289154]","[[-0.00799846276640892, 0.0005574710667133331, 0.003362257033586502]]","[0, 1]",7.47937377,-0.17906935513019562,20,2038,1748251625.0505958,2
"[[-0.03367657586932182, 0.05863429978489876, -0.05173129215836525]]",2051,"[0.09486331790685654, -0.03504962474107742, 0.036729175597429276]","[-0.7067583799362183, 0.8743041753768921, -0.9637629985809326, -0.4515960216522217]",False,"[0.4589149057865143, 0.2877699136734009, 0.029999999329447746]","[[0.24870386719703674, 0.33389461040496826, 0.011133184656500816, 0.04033079743385315, 0.09486331790685654, -0.03504962474107742, 0.036729175597429276, -0.11856389045715332, 0.084318608045578, 1.4502408504486084]]","[0.0942266657948494, 0.3619105815887451, -1.2790699005126953, 0.6320631504058838, -1.0901745557785034, 0.40533584356307983]","[[-0.008515860885381699, 0.007091492414474487, -0.0364401713013649]]","[0, 1]",7.527519858,-0.4866120517253876,20,2051,1748251625.0766711,15
"[[-0.04327547177672386, 0.06002909690141678, -0.04490191861987114]]",2064,"[0.129497230052948, -0.22226914763450623, 0.029989831149578094]","[-0.8107959032058716, 0.9163529872894287, -0.8980383276939392, 0.3355119228363037]",False,"[0.4589149057865143, 0.2877699136734009, 0.029999999329447746]","[[-0.1939726620912552, 0.724903404712677, 0.005936104338616133, 0.07869582623243332, 0.129497230052948, -0.22226914763450623, 0.029989831149578094, 5.9124326980963815e-06, 2.742610263339884e-07, 1.0274335145950317]]","[-0.11663361638784409, -1.6515812873840332, 1.9871735572814941, 4.430361747741699, 0.07083442062139511, 0.4355262517929077]","[[-0.013637673109769821, 0.033348120748996735, -0.04527179151773453]]","[0, 1]",7.575249593,-0.6071703433990479,20,2064,1748251625.10148,28
"[[-0.006128102540969849, 0.06101880222558975, -0.030584335327148438]]",2074,"[0.1565292924642563, -0.3626967668533325, 0.029989831149578094]","[-0.06902426481246948, 0.942255973815918, -0.6116867065429688, -0.5132505893707275]",False,"[0.4589149057865143, 0.2877699136734009, 0.029999999329447746]","[[-0.23344077169895172, 0.764163613319397, 0.0073695434257388115, 0.00040888157673180103, 0.1565292924642563, -0.3626967668533325, 0.029989831149578094, 5.912418146181153e-06, 2.742608273820224e-07, 1.0274335145950317]]","[-0.07162376493215561, -2.4689974784851074, 2.7076575756073, 6.573884963989258, 1.4740544557571411, 0.20424111187458038]","[[-0.01146957278251648, 0.04406849294900894, -0.030631529167294502]]","[0, 1]",7.575547623,-0.7173171639442444,20,2074,1748251625.1214132,38
"[[-0.0019122660160064697, 0.00977955013513565, -0.04267720505595207]]",2091,"[0.698273777961731, 0.14483900368213654, 0.029589224606752396]","[0.2674311399459839, 0.9815247058868408, -0.861555814743042, 0.595721960067749]",False,"[0.6901050806045532, 0.23598390817642212, 0.029999999329447746]","[[0.6953796148300171, 0.11385167390108109, 0.06334341317415237, 0.07990903407335281, 0.698273777961731, 0.14483900368213654, 0.029589224606752396, -0.0008425356354564428, -0.004993331152945757, -0.3362480700016022]]","[0.1598324328660965, 0.05435088276863098, 0.040161799639463425, -0.012041978538036346, 0.0049321651458740234, -0.031617626547813416]","[[-0.010926872491836548, 0.007184237241744995, -0.04145513102412224]]","[0, 1]",7.581148232,-0.09151114523410797,21,2091,1748251625.1538565,5
"[[-0.015743499621748924, 0.01089335698634386, -0.04871736466884613]]",2105,"[0.5144131779670715, -0.3171861469745636, 0.030036019161343575]","[0.41809606552124023, 0.19916319847106934, -0.9721771478652954, -0.1595696210861206]",False,"[0.6570730805397034, -0.09727161377668381, 0.029999999329447746]","[[0.5046113729476929, -0.30886441469192505, 0.058660052716732025, 0.06602468341588974, 0.5144131779670715, -0.3171861469745636, 0.030036019161343575, 0.03491300344467163, -0.03826276212930679, 0.5149433016777039]]","[-0.10503359884023666, 0.3309175968170166, -0.12323494255542755, 0.14819441735744476, 0.013881534337997437, 0.11514046043157578]","[[-0.016415243968367577, 0.021707933396100998, -0.04581984132528305]]","[0, 1]",7.60733535,-0.26213404536247253,22,2105,1748251625.1806128,11
"[[0.004642582032829523, 0.001044818782247603, -0.04486092925071716]]",2147,"[0.5860360264778137, 0.08530166000127792, 0.029996348544955254]","[0.0968022346496582, 0.021865248680114746, -0.8970907926559448, 0.7793059349060059]",False,"[0.6953216791152954, -0.061492107808589935, 0.029999999329447746]","[[0.5901752710342407, 0.08379890769720078, 0.02195102907717228, 0.0799824595451355, 0.5860360264778137, 0.08530166000127792, 0.029996348544955254, -0.00016285992751363665, 0.0002576939878053963, -0.00361990905366838]]","[0.056682780385017395, -0.02772827446460724, 0.006552111357450485, -0.020914845168590546, -0.01727602630853653, -0.0049997419118881226]","[[0.007132864091545343, 0.000777290784753859, 0.0026022158563137054]]","[0, 1]",7.704021766,-0.18300755321979523,23,2147,1748251625.2662935,3
"[[0.022303437814116478, 0.04330393671989441, 0.03736325725913048]]",2198,"[-0.3040164113044739, -0.8893243670463562, -0.3700103163719177]","[0.44605088233947754, 0.8660620450973511, 0.747265100479126, 0.23274123668670654]",False,"[0.5363170504570007, 0.22729076445102692, 0.029999999329447746]","[[-0.42768263816833496, -0.6320825219154358, 0.08429785817861557, 0.02877705916762352, -0.3040164113044739, -0.8893243670463562, -0.3700103163719177, 0, -1.5707963705062866, 0.10923575609922409]]","[-2.641507625579834, -3.7508842945098877, 5.305115699768066, 12.465215682983398, 4.840418338775635, -0.32536208629608154]","[[0.021163975819945335, 0.03211548924446106, 0.013248145580291748]]","[0, 1]",7.88322934,-1.453615427017212,24,2198,1748251625.408681,44
"[[0.00890091061592102, 0.046306777745485306, 0.021711915731430054]]",2202,"[-0.30402007699012756, -0.8893274664878845, -0.3700103163719177]","[0.17799973487854004, 0.9261200428009033, 0.4342383146286011, 0.6500269174575806]",False,"[0.5363170504570007, 0.22729076445102692, 0.029999999329447746]","[[-0.4379156827926636, -0.5433083176612854, 0.17165827751159668, 0.07996831834316254, -0.30402007699012756, -0.8893274664878845, -0.3700103163719177, 0, -1.5707963705062866, 0.10916852205991745]]","[-3.346670627593994, -4.093912601470947, 5.783327579498291, 13.636786460876465, 6.2150444984436035, -0.5705724954605103]","[[0.010992288589477539, 0.018966007977724075, 0.004999592900276184]]","[0, 1]",7.883407586,-1.4536199569702148,24,2202,1748251625.4186668,48
"[[-0.030423257499933243, -0.0024603307247161865, -0.047626789659261703]]",2213,"[0.409625381231308, -0.09606223553419113, 0.029977941885590553]","[-0.6982094645500183, -0.5061313509941101, -0.9517719149589539, 0.7582001686096191]",False,"[0.5370557904243469, -0.027704447507858276, 0.029999999329447746]","[[0.4260956048965454, -0.08104484528303146, 0.06339503079652786, 0.0800790786743164, 0.409625381231308, -0.09606223553419113, 0.029977941885590553, -0.00010416658187750727, -0.00037707906449213624, -0.048715896904468536]]","[0.04167376831173897, 0.24592339992523193, 0.06120970472693443, 0.033768221735954285, 0.11320866644382477, 0.03898943215608597]","[[-0.03024948015809059, -0.0024719759821891785, -0.04741687700152397]]","[0, 1]",7.883820782,-0.14460740983486176,25,2213,1748251625.450884,9
"[[-0.03267563506960869, 0.01558973453938961, -0.04843183606863022]]",2220,"[0.396971732378006, -0.16855782270431519, 0.029900524765253067]","[-0.6968476176261902, 0.5442501306533813, -0.9830068349838257, 0.9716567993164062]",False,"[0.5370557904243469, -0.027704447507858276, 0.029999999329447746]","[[0.41143351793289185, -0.15512947738170624, 0.06292041391134262, 0.07997271418571472, 0.396971732378006, -0.16855782270431519, 0.029900524765253067, -0.0013467990793287754, -0.0015204352093860507, -0.1273958534002304]]","[-0.14877472817897797, 0.3741753399372101, 0.049512919038534164, 0.09329888969659805, -1.2057749032974243, 0.4896291494369507]","[[-0.031076233834028244, 0.014746015891432762, -0.04924687370657921]]","[0, 1]",7.927313322,-0.19865354895591736,25,2220,1748251625.4752092,16
"[[-0.04994458332657814, 0.020790671929717064, -0.04998932033777237]]",2242,"[0.6046507954597473, 0.05154408514499664, 0.029989976435899734]","[-0.9988916516304016, 0.4158134460449219, -0.9999868273735046, 0.9549045562744141]",False,"[0.40572863817214966, 0.1541862189769745, 0.029999999329447746]","[[0.6186124682426453, 0.015986764803528786, 0.16706325113773346, 0.07027449458837509, 0.6046507954597473, 0.05154408514499664, 0.029989976435899734, -5.076583988739003e-07, -4.23762486434498e-07, 6.406125087864145e-13]]","[0.031228622421622276, -0.036013275384902954, -0.040875229984521866, -0.03563867509365082, 0.07730264216661453, 0.20067133009433746]","[[-0.030117396265268326, 0.004803907126188278, -0.01966245472431183]]","[0, 1]",7.995291802,-0.22384242713451385,27,2242,1748251625.5451705,0
"[[-0.017398126423358917, 0.014446575194597244, -0.048900529742240906]]",2289,"[0.48953285813331604, -0.6694336533546448, 0.029919665306806564]","[-0.6614453792572021, 0.0998309850692749, -0.9790979623794556, 0.7977538108825684]",False,"[0.5446732044219971, 0.23474735021591187, 0.029999999329447746]","[[0.4964052438735962, -0.6137054562568665, 0.060942403972148895, 0.08000974357128143, 0.48953285813331604, -0.6694336533546448, 0.029919665306806564, 0.0008747169049456716, -0.0012129872338846326, 0.008711072616279125]]","[0.0037967655807733536, -0.049156516790390015, 0.8916402459144592, 0.6582525372505188, -1.272658109664917, 0.6181842684745789]","[[-0.017390526831150055, 0.014366824179887772, -0.04889873415231705]]","[0, 1]",8.159330942,-0.9058607816696167,28,2289,1748251625.698583,21
"[[0.031035250052809715, -0.04494316130876541, 0.049950674176216125]]",2297,"[0.21649789810180664, -0.7370261549949646, 0.029825687408447266]","[-0.2104346752166748, -0.8733762502670288, 0.9984159469604492, -0.11255627870559692]",False,"[0.5446732044219971, 0.23474735021591187, 0.029999999329447746]","[[0.27381351590156555, -0.7383781671524048, 0.15739677846431732, 0.07011241465806961, 0.21649789810180664, -0.7370261549949646, 0.029825687408447266, 0.0021971401292830706, -0.0014829090796411037, 0.497853547334671]]","[0.1759297102689743, -0.9283201694488525, 2.2092771530151367, 2.428365468978882, -0.172016441822052, 0.6077638864517212]","[[0.010299807414412498, -0.02705533057451248, 0.010530203580856323]]","[0, 1]",8.159632479,-1.0256913900375366,28,2297,1748251625.7232358,29
"[[-0.02915984019637108, -0.00021202187053859234, -0.04675940424203873]]",2324,"[0.46480196714401245, -0.028238441795110703, 0.02998325228691101]","[-0.7841734886169434, 0.027267098426818848, -0.9344310164451599, 0.6699788570404053]",False,"[0.42406293749809265, 0.07140113413333893, 0.029999999329447746]","[[0.48954612016677856, -0.01683121547102928, 0.05983564630150795, 0.07999682426452637, 0.46480196714401245, -0.028238441795110703, 0.02998325228691101, -0.00015682890079915524, 5.040619726059958e-05, 0.06647566705942154]]","[0.16832847893238068, 0.11064866185188293, 0.044363610446453094, -0.001226074993610382, 0.031358443200588226, -0.020384401082992554]","[[-0.029725249856710434, 0.0007978614885360003, -0.04366222023963928]]","[0, 1]",8.255520174,-0.10764624178409576,29,2324,1748251625.7976027,6
"[[-0.009993156418204308, 0.00025724805891513824, -0.04509191960096359]]",2343,"[0.5882866978645325, -0.4250827431678772, 0.029987938702106476]","[-0.015676438808441162, -0.60362708568573, -0.9018243551254272, 0.3000980615615845]",False,"[0.6111240386962891, -0.22439421713352203, 0.029999999329447746]","[[0.6015931367874146, -0.39674118161201477, 0.061008431017398834, 0.08000658452510834, 0.5882866978645325, -0.4250827431678772, 0.029987938702106476, 0.005855449475347996, -0.005887226667255163, 0.0008178435964509845]]","[-0.26247650384902954, 0.3404853045940399, 0.25171172618865967, -0.07382818311452866, -0.1114223375916481, 0.2022230327129364]","[[-0.009809693321585655, 0.000502491369843483, -0.04373801872134209]]","[0, 1]",8.299491594,-0.2019837349653244,30,2343,1748251625.8407218,13
"[[-0.012509307824075222, 0.04741165041923523, 0.003056776477023959]]",2367,"[0.6530801653862, 0.24996529519557953, 0.029989998787641525]","[-0.25018614530563354, 0.9482330083847046, 0.06113553047180176, 0.05554962158203125]",False,"[0.5078397393226624, 0.03865033760666847, 0.029999999329447746]","[[0.6502777934074402, 0.0406763069331646, 0.14704634249210358, 0.07515386492013931, 0.6530801653862, 0.24996529519557953, 0.029989998787641525, -1.499974899843437e-07, 1.181441788844495e-07, 9.245794912017893e-14]]","[0.03140223026275635, -0.025927133858203888, -0.019046548753976822, -0.02840646356344223, 0.053550250828266144, 0.1317933052778244]","[[0.0066361213102936745, 0.019432375207543373, 0.041220854967832565]]","[0, 1]",8.347617494,-0.2564152777194977,32,2367,1748251625.8933506,1
"[[0.011578768491744995, 0.012391453608870506, 0.02282831259071827]]",2383,"[0.5927541851997375, 0.4340350925922394, 0.02995167300105095]","[-0.32360732555389404, 0.5273349285125732, 0.45654773712158203, 0.9866570234298706]",False,"[0.5078397393226624, 0.03865033760666847, 0.029999999329447746]","[[0.6747766733169556, 0.3945549726486206, 0.12530528008937836, 0.07999963313341141, 0.5927541851997375, 0.4340350925922394, 0.02995167300105095, 0.0003413182857912034, -0.0015941812889650464, 1.8880970478057861]]","[-0.21533645689487457, 0.3504284918308258, 0.644164502620697, -0.22290962934494019, -1.1066322326660156, 0.5754725337028503]","[[-0.013473421335220337, 0.01627269946038723, 0.0029714256525039673]]","[0, 1]",8.391361967,-0.4044002592563629,32,2383,1748251625.9274197,17
"[[-0.01993151754140854, 0.029994286596775055, 0.02797778509557247]]",2404,"[0.027527086436748505, 0.7185975909233093, 0.029941048473119736]","[-0.9220292568206787, 0.8633894920349121, 0.5593808889389038, 0.1697368621826172]",False,"[0.5078397393226624, 0.03865033760666847, 0.029999999329447746]","[[0.20108838379383087, 0.6850690841674805, 0.2196752279996872, 0.03496275842189789, 0.027527086436748505, 0.7185975909233093, 0.029941048473119736, 0.0009469987126067281, -0.0006819992559030652, 1.999456524848938]]","[-0.19156606495380402, -2.117091655731201, 2.922703266143799, 5.615086555480957, 1.0152159929275513, 0.3219708204269409]","[[-0.0012700967490673065, 0.017312683165073395, 0.008805183693766594]]","[0, 1]",8.435383812,-0.8324833512306213,32,2404,1748251625.9671223,38
"[[-0.03438306227326393, 0.02944483794271946, -0.0483359694480896]]",2443,"[0.49917328357696533, 0.1320660263299942, 0.029989998787641525]","[-0.6876612305641174, 0.5888967514038086, -0.966719388961792, 0.9556622505187988]",False,"[0.5046390295028687, 0.29906025528907776, 0.029999999329447746]","[[0.5167109370231628, 0.1201619878411293, 0.08251049369573593, 0.07987760752439499, 0.49917328357696533, 0.1320660263299942, 0.029989998787641525, -4.454324553648803e-08, 1.0605140897401721e-11, 9.557112723825381e-14]]","[0.0566876046359539, -0.027728959918022156, 0.00654168426990509, -0.020896390080451965, -0.017277218401432037, -0.005010694265365601]","[[-0.007817629724740982, 0.006099531427025795, -0.0024488791823387146]]","[0, 1]",8.47989735,-0.16708365082740784,35,2443,1748251626.0458775,3
"[[-0.005878290627151728, 0.045348864048719406, -0.026264769956469536]]",2457,"[0.6344627737998962, 0.27938684821128845, 0.029989998787641525]","[-0.1175658106803894, 0.9069772958755493, -0.5252953767776489, 0.6157227754592896]",False,"[0.510439932346344, 0.10420992970466614, 0.029999999329447746]","[[0.6527798771858215, 0.24015101790428162, 0.0705278068780899, 0.0793822631239891, 0.6344627737998962, 0.27938684821128845, 0.029989998787641525, -1.0799658056726003e-08, 4.151495086439518e-16, 9.556344295535632e-14]]","[0.14388374984264374, 0.1604434996843338, 0.0649569183588028, 0.0006900280714035034, 0.0663783997297287, -0.002581983804702759]","[[0.0038553266786038876, 0.009694617241621017, 0.0036301854997873306]]","[0, 1]",8.502745651,-0.21463602781295776,36,2457,1748251626.0758848,7
"[[-0.034341488033533096, -0.0355423204600811, -0.02268110029399395]]",2468,"[0.5981215834617615, 0.4475555121898651, 0.029874421656131744]","[-0.9715670943260193, -0.9859104752540588, -0.4549512267112732, 0.9088302850723267]",False,"[0.510439932346344, 0.10420992970466614, 0.029999999329447746]","[[0.6347643136978149, 0.4153020679950714, 0.061964552849531174, 0.07999474555253983, 0.5981215834617615, 0.4475555121898651, 0.029874421656131744, -0.006402812898159027, 0.002572709461674094, -0.37390872836112976]]","[0.3218851387500763, -0.028647080063819885, 0.33283695578575134, 0.9038659334182739, -1.6710091829299927, 0.6621619462966919]","[[-0.03757617250084877, -0.027927827090024948, -0.02364620566368103]]","[0, 1]",8.571260068,-0.3543646037578583,36,2468,1748251626.1013377,18
"[[0.02513096109032631, 0.00018580444157123566, -0.043685637414455414]]",2477,"[0.3297920227050781, 0.21807138621807098, 0.02989231050014496]","[-0.2041810154914856, -0.5448427200317383, -0.8749892115592957, -0.3153451681137085]",False,"[0.510439932346344, 0.10420992970466614, 0.029999999329447746]","[[0.6493828892707825, 0.12974105775356293, 0.005244316998869181, 6.53491997582023e-06, 0.3297920227050781, 0.21807138621807098, 0.02989231050014496, -0.0014636543346568942, -0.001429343712516129, -2.5690011978149414]]","[-0.016608795151114464, -1.2521576881408691, 2.311910629272461, 3.252995729446411, 0.029388152062892914, 0.5363491773605347]","[[-0.008391824550926685, -0.004242775961756706, -0.04357829689979553]]","[0, 1]",8.571748907,-0.21353711187839508,36,2477,1748251626.1190808,27
"[[-0.046567097306251526, -0.0481034554541111, -0.0353805273771286]]",2502,"[0.5660842061042786, -0.1649375557899475, 0.02998925745487213]","[-0.9313419461250305, -0.9620690941810608, -0.7075523734092712, 0.9529261589050293]",False,"[0.6165714263916016, -0.045865848660469055, 0.029999999329447746]","[[0.6146163940429688, -0.0645161122083664, 0.12822547554969788, 0.0788174718618393, 0.5660842061042786, -0.1649375557899475, 0.02998925745487213, -3.6207754874340026e-06, -1.6889260223251767e-05, 1.1487787388020365e-09]]","[0.03145534545183182, -0.025785446166992188, -0.01915780082345009, -0.028214216232299805, 0.05357807129621506, 0.13179919123649597]","[[-0.009980753064155579, -0.005690280348062515, 0.012632790952920914]]","[0, 1]",8.619663509,-0.1293330192565918,38,2502,1748251626.1726515,1
"[[0.038610316812992096, -0.04987446963787079, -0.030301744118332863]]",2552,"[0.6925739049911499, -0.14579002559185028, 0.029989998787641525]","[0.7722063064575195, -0.9974893927574158, -0.6060348749160767, 0.9738411903381348]",False,"[0.5059286952018738, 0.019009482115507126, 0.029999999329447746]","[[0.6627848744392395, 0.04969871789216995, 0.12224945425987244, 0.07552284002304077, 0.6925739049911499, -0.14579002559185028, 0.029989998787641525, -1.499974899843437e-07, 1.181441788844495e-07, 9.245794912017893e-14]]","[0.03140223026275635, -0.025927133858203888, -0.019046548753976822, -0.02840646356344223, 0.053550250828266144, 0.1317933052778244]","[[0.029177285730838776, -0.07509300112724304, 0.02378818951547146]]","[0, 1]",8.715782348,-0.2489885836839676,39,2552,1748251626.2747169,1
"[[0.009703153744339943, 0.016279766336083412, -0.04812092334032059]]",2560,"[0.7067676782608032, -0.2922604978084564, 0.03230328857898712]","[0.21754133701324463, -0.055984675884246826, -0.9133269786834717, 0.6434016227722168]",False,"[0.5059286952018738, 0.019009482115507126, 0.029999999329447746]","[[0.7247475981712341, -0.21473713219165802, 0.05741243436932564, 0.08000115305185318, 0.7067676782608032, -0.2922604978084564, 0.03230328857898712, -0.08466934412717819, -0.002596195787191391, -1.158347725868225]]","[0.3686577081680298, 0.14280922710895538, -0.7337735295295715, 0.551292896270752, -0.3725770115852356, 0.14003077149391174]","[[0.005410546436905861, 0.01792917586863041, -0.04521757736802101]]","[0, 1]",8.759300545,-0.37044650316238403,39,2560,1748251626.2902343,9
"[[-0.010823477059602737, 0.06826984882354736, -0.055839940905570984]]",2563,"[0.6340683102607727, -0.3586147725582123, 0.04221835732460022]","[-0.7988581657409668, 0.9390180110931396, -0.9480405449867249, 0.5601354837417603]",False,"[0.5059286952018738, 0.019009482115507126, 0.029999999329447746]","[[0.6749951243400574, -0.20394402742385864, 0.006162394769489765, 0.07975464314222336, 0.6340683102607727, -0.3586147725582123, 0.04221835732460022, -2.2811527252197266, 0.003016180358827114, -0.9902791380882263]]","[0.5794761180877686, 0.08946722745895386, -2.3682706356048584, 1.5470147132873535, -1.4289408922195435, 0.36234772205352783]","[[-0.024250198155641556, 0.017728205770254135, -0.04061977565288544]]","[0, 1]",8.759471757,-0.39896005392074585,39,2563,1748251626.2963154,12
"[[0.04929433763027191, 0.07018154859542847, -0.04283682256937027]]",2577,"[0.22198602557182312, -0.6468334794044495, 0.02997533045709133]","[0.4087200164794922, 0.9999489784240723, -0.8568302392959595, 0.9893321990966797]",False,"[0.5059286952018738, 0.019009482115507126, 0.029999999329447746]","[[0.649728536605835, 0.3682948052883148, 0.00532962940633297, 0.07987353950738907, 0.22198602557182312, -0.6468334794044495, 0.02997533045709133, 3.1414706707000732, -0.0005676526925526559, -1.2639237642288208]]","[-0.09266766160726547, -1.6677730083465576, 1.6028426885604858, 4.546584129333496, -0.05585918575525284, 0.4008975625038147]","[[0.02192486636340618, 0.01647809147834778, -0.04258301109075546]]","[0, 1]",8.760060143,-0.7238579392433167,39,2577,1748251626.3242676,26
"[[0.00010736286640167236, 0.06999726593494415, 0.001930310856550932]]",2584,"[0.022382980212569237, -0.786776065826416, 0.021330852061510086]","[-0.5630394220352173, 0.9982290267944336, -0.11900585889816284, 0.9996819496154785]",False,"[0.5059286952018738, 0.019009482115507126, 0.029999999329447746]","[[0.5458803772926331, 0.5672607421875, 0.04005447402596474, 0.07041551172733307, 0.022382980212569237, -0.786776065826416, 0.021330852061510086, -3.0618984699249268, 0.24574515223503113, -1.2540944814682007]]","[-0.23934169113636017, -2.1217925548553467, 2.401521682739258, 5.740555286407471, 0.9345897436141968, 0.23652392625808716]","[[-0.009034020826220512, 0.019998740404844284, -0.004810976330190897]]","[0, 1]",8.762705857,-0.9397776126861572,39,2584,1748251626.336446,33
"[[0.01981772854924202, 0.07032616436481476, 0.022959094494581223]]",2586,"[-0.033863894641399384, -0.8274849653244019, -0.03729505091905594]","[-0.165152907371521, 0.9998741149902344, -0.28229570388793945, 0.9996953010559082]",False,"[0.5059286952018738, 0.019009482115507126, 0.029999999329447746]","[[0.48009368777275085, 0.6291084289550781, 0.026656141504645348, 0.07985841482877731, -0.033863894641399384, -0.8274849653244019, -0.03729505091905594, -2.802304267883301, 0.8052289485931396, -1.1187469959259033]]","[-0.46895596385002136, -2.31616473197937, 3.3315601348876953, 5.875998020172119, 1.1090518236160278, 0.3302990794181824]","[[0.020210575312376022, 0.023606371134519577, -0.004685421474277973]]","[0, 1]",8.766473199,-1.0062094926834106,39,2586,1748251626.3401067,35
"[[-0.02745378017425537, -0.0004224441945552826, -0.04591534286737442]]",2611,"[0.5017068982124329, -0.3115125298500061, 0.029897792264819145]","[-0.08038878440856934, -0.928699254989624, -0.9188546538352966, 0.48956167697906494]",False,"[0.45631107687950134, 0.18787208199501038, 0.029999999329447746]","[[0.49843165278434753, -0.28748443722724915, 0.05886761099100113, 0.07999986410140991, 0.5017068982124329, -0.3115125298500061, 0.029897792264819145, 0.04660021513700485, -0.04741644486784935, 0.40881216526031494]]","[-0.003081072121858597, 0.28657177090644836, 0.019986536353826523, 0.06037222966551781, 0.06515319645404816, 0.08058501780033112]","[[-0.02958264946937561, 3.9089471101760864e-05, -0.04403366893529892]]","[0, 1]",8.859342058,-0.5014436841011047,40,2611,1748251626.3905804,10
"[[-0.006650323048233986, 0.0010679587721824646, -0.048582278192043304]]",2617,"[0.5136323571205139, -0.5562127232551575, 0.029502203688025475]","[-0.4328106641769409, -0.9439475536346436, -0.9799110889434814, 0.7690422534942627]",False,"[0.45631107687950134, 0.18787208199501038, 0.029999999329447746]","[[0.5124087929725647, -0.5312510132789612, 0.0594380646944046, 0.08000248670578003, 0.5136323571205139, -0.5562127232551575, 0.029502203688025475, 0.007155765313655138, -0.023147987201809883, 0.3827405869960785]]","[-0.2342701107263565, 0.3759787678718567, -0.32369112968444824, 0.027654722332954407, -1.925026535987854, 0.7304643392562866]","[[-0.006991380825638771, 0.0001436099410057068, -0.04932614788413048]]","[0, 1]",8.859583581999999,-0.7462896108627319,40,2617,1748251626.4040005,16
"[[-0.01685282588005066, 0.015141624957323074, -0.04865340515971184]]",2622,"[0.4440278708934784, -0.6029042601585388, 0.029924271628260612]","[-0.7221949100494385, 0.1417151689529419, -0.9738916754722595, 0.1580977439880371]",False,"[0.45631107687950134, 0.18787208199501038, 0.029999999329447746]","[[0.4403117001056671, -0.5783925652503967, 0.05999567732214928, 0.08000779896974564, 0.4440278708934784, -0.6029042601585388, 0.029924271628260612, 0.014288758859038353, -0.01624620147049427, 0.2385939210653305]]","[0.1622203141450882, 0.0327434279024601, 1.320054054260254, 0.36666399240493774, -1.2931342124938965, 0.7114388942718506]","[[-0.016780197620391846, 0.015110690146684647, -0.048951901495456696]]","[0, 1]",8.859849983,-0.7908717393875122,40,2622,1748251626.415454,21
"[[-0.0020552873611450195, -0.009440213441848755, -0.0033001857809722424]]",2656,"[0.5730937123298645, -0.040898438543081284, 0.03387422114610672]","[0.3423166275024414, 0.7404481172561646, 0.006839156150817871, -0.33765602111816406]",False,"[0.5943475961685181, 0.2244964987039566, 0.029999999329447746]","[[0.5557196736335754, -0.04380696639418602, 0.025932516902685165, 0.05659167468547821, 0.5730937123298645, -0.040898438543081284, 0.03387422114610672, -0.0010282014263793826, 0.04732520133256912, -0.025078918784856796]]","[0.37649407982826233, 0.09220211952924728, -0.8757352828979492, 0.49591225385665894, -0.2846023738384247, -0.0032728761434555054]","[[0.005474686622619629, 0.002735130488872528, 0.003872439730912447]]","[0, 1]",8.919856316,-0.26627281308174133,41,2656,1748251626.480244,5
"[[-0.05106281116604805, 0.16628965735435486, -0.006834445521235466]]",2662,"[0.6659566760063171, 0.025055401027202606, 0.029999999329447746]","[-0.4071519374847412, 0.9368600845336914, -0.2562195062637329, -0.9163787961006165]",True,"[0.6077914834022522, -0.2863766551017761, 0.029999999329447746]","[[0.6384396553039551, -2.194472251484947e-12, 0.19740013778209686, 0, 0.6659566760063171, 0.025055401027202606, 0.029999999329447746, 0, 0, 0]]","[0.330111026763916, -0.16421383619308472, -2.0962750911712646, 1.7988165616989136, -1.7855353355407715, 0.3789379596710205]","[[-0.04052196815609932, 0.19853125512599945, -0.1820383071899414]]","[0, 1]",8.963273725,-0.046249985694885254,41,2662,1748251626.4970837,11
"[[-0.04603343829512596, 0.04850207641720772, -0.04064635932445526]]",2664,"[0.4201168715953827, 0.07809664309024811, 0.02998925745487213]","[-0.9206687211990356, 0.9700415134429932, -0.8128690123558044, 0.8479605913162231]",False,"[0.46001121401786804, -0.25397661328315735, 0.029999999329447746]","[[0.5780923366546631, -0.047557275742292404, 0.17751891911029816, 0.07881752401590347, 0.4201168715953827, 0.07809664309024811, 0.02998925745487213, -1.6889260223251767e-05, 3.6207754874340026e-06, 1.0876265443826583e-09]]","[0.03145534545183182, -0.025785446166992188, -0.01915780082345009, -0.028214216232299805, 0.05357807129621506, 0.13179919123649597]","[[-0.029916103929281235, 0.07049156725406647, -0.02522377297282219]]","[0, 1]",8.963353465,-0.3344610631465912,42,2664,1748251626.5006387,1
"[[-0.028077512979507446, 0.02638254128396511, -0.0484638512134552]]",2677,"[0.9125339984893799, 0.09813930839300156, 0.029980724677443504]","[0.9278351068496704, 0.619499921798706, -0.9688173532485962, 0.8999037742614746]",False,"[0.46001121401786804, -0.25397661328315735, 0.029999999329447746]","[[0.5669740438461304, 0.08361586928367615, 0.006041927263140678, 0.07999864965677261, 0.9125339984893799, 0.09813930839300156, 0.029980724677443504, -0.0002647990477271378, 1.2419565791788045e-05, -3.119584083557129]]","[0.5609839558601379, -0.17227166891098022, -0.7297027111053467, 1.212608814239502, -1.704318642616272, 0.42126035690307617]","[[0.01620420813560486, 0.01175232045352459, -0.048974134027957916]]","[0, 1]",8.963814802,-0.5733781456947327,42,2677,1748251626.5261688,14
"[[-0.08784216642379761, -0.06564787030220032, -0.045331478118896484]]",2689,"[1.7214714288711548, 0.20227685570716858, -0.37008070945739746]","[-0.7811009883880615, -0.966858446598053, -0.9053272008895874, 0.9984090328216553]",False,"[0.46001121401786804, -0.25397661328315735, 0.029999999329447746]","[[0.5308384299278259, -0.18612845242023468, 0.0067425440065562725, 0.07999996840953827, 1.7214714288711548, 0.20227685570716858, -0.37008070945739746, -0.0017389404820278287, -0.00043367635225877166, -1.7103806734085083]]","[-4.20321798324585, -1.387537956237793, 4.603598117828369, 7.517858505249023, 1.030780553817749, 0.20645615458488464]","[[-0.003674805164337158, -0.0092569999396801, 0.0045065730810165405]]","[0, 1]",9.007484864,-1.3998262882232666,42,2689,1748251626.54706,26
"[[-0.007126170210540295, -0.05739450082182884, -0.038768839091062546]]",2697,"[1.97267746925354, 0.2984117269515991, -0.37001779675483704]","[0.21882379055023193, -0.9896986484527588, -0.7747669816017151, -0.12033706903457642]",False,"[0.46001121401786804, -0.25397661328315735, 0.029999999329447746]","[[0.5041136145591736, -0.4920371472835541, 0.005437112879008055, 0.0421411506831646, 1.97267746925354, 0.2984117269515991, -0.37001779675483704, -0.0002114268863806501, -3.0382319891941734e-05, -1.9125080108642578]]","[-3.479992389678955, -2.4769468307495117, 4.637377738952637, 10.653069496154785, 2.901630401611328, -0.3212907314300537]","[[0.009500187821686268, -0.0190601609647274, -0.03843458741903305]]","[0, 1]",9.007887201,-1.6593090295791626,42,2697,1748251626.563365,34
"[[-0.04481866955757141, 0.04358645901083946, -0.049989841878414154]]",2732,"[0.600951611995697, 0.06503814458847046, 0.029989857226610184]","[-0.8963733911514282, 0.8717291355133057, -0.9999997019767761, 0.999944806098938]",False,"[0.67817223072052, 0.01397967804223299, 0.029999999329447746]","[[0.6222740411758423, 0.023769129067659378, 0.16550765931606293, 0.07027382403612137, 0.600951611995697, 0.06503814458847046, 0.029989857226610184, -4.2067799199685396e-07, -4.909812560072169e-06, -1.1225678589812937e-12]]","[0.031228376552462578, -0.03600657731294632, -0.04087379202246666, -0.03563203662633896, 0.07730496674776077, 0.20066677033901215]","[[-0.028653055429458618, 0.019817329943180084, -0.01810750737786293]]","[0, 1]",9.064613948,-0.09257426857948303,45,2732,1748251626.638282,0
"[[-0.007546031381934881, 0.005230940878391266, -0.03157127648591995]]",2737,"[0.6775631308555603, 0.15934263169765472, 0.029346372932195663]","[0.10588479042053223, 0.9871668815612793, -0.6307308673858643, 0.6128723621368408]",False,"[0.67817223072052, 0.01397967804223299, 0.029999999329447746]","[[0.6747640371322632, 0.11445935815572739, 0.06500666588544846, 0.08000368624925613, 0.6775631308555603, 0.15934263169765472, 0.029346372932195663, -0.004650008399039507, -0.016664767637848854, -0.09285689890384674]]","[0.17708609998226166, 0.060450151562690735, 0.07299451529979706, -0.03508652746677399, 0.00344858318567276, -0.04375210404396057]","[[-0.00897141732275486, 0.005144350230693817, -0.032102424651384354]]","[0, 1]",9.115183121,-0.14536570012569427,45,2737,1748251626.649556,5
"[[-0.014247596263885498, 0.0009161084890365601, 0.0031023770570755005]]",2770,"[0.7484064102172852, 0.026898475363850594, 0.08431676775217056]","[-0.44280171394348145, 0.9145123958587646, 0.2199244499206543, -0.7779579758644104]",False,"[0.67817223072052, 0.01397967804223299, 0.029999999329447746]","[[0.7352200150489807, 0.03182043880224228, 0.07585218548774719, 0.058239229023456573, 0.7484064102172852, 0.026898475363850594, 0.08431676775217056, 0.0011302016209810972, -0.011520673520863056, 0.0004523836832959205]]","[0.08242074400186539, -2.2022552490234375, 1.309537649154663, 6.609428405761719, 0.7452980875968933, 0.2462688833475113]","[[-0.014101982116699219, 0.004976920783519745, 0.0028535649180412292]]","[0, 1]",9.163205726,-0.08972202986478806,45,2770,1748251626.7355008,38
"[[0.05062413215637207, 0.05023284628987312, -0.04492757096886635]]",2821,"[0.39491894841194153, -0.28005364537239075, 0.029989831149578094]","[0.8349001407623291, 0.9556827545166016, -0.8985514044761658, 0.9287527799606323]",False,"[0.40200749039649963, -0.1278451383113861, 0.029999999329447746]","[[0.6986745595932007, 0.3234378397464752, 0.0070800879038870335, 0.0799977108836174, 0.39491894841194153, -0.28005364537239075, 0.029989831149578094, -2.7426344217929e-07, 5.91244725001161e-06, -3.065500259399414]]","[-0.2750175893306732, -4.53273344039917, 2.851609468460083, 12.41714096069336, 4.429879665374756, -0.2967527508735657]","[[0.03746753931045532, 0.02234085276722908, -0.04576528072357178]]","[0, 1]",9.28397294,-0.15237347781658173,46,2821,1748251626.8538153,48
"[[0.02126278355717659, -0.02269340306520462, -0.0495467334985733]]",2847,"[0.6464381814002991, -0.5332077741622925, 0.029978914186358452]","[0.167822003364563, -0.9656633138656616, -0.9898104667663574, 0.8388562202453613]",False,"[0.6466291546821594, -0.028179649263620377, 0.029999999329447746]","[[0.6441001296043396, -0.4828440845012665, 0.061061348766088486, 0.08001003414392471, 0.6464381814002991, -0.5332077741622925, 0.029978914186358452, -0.001001805067062378, -0.001349141588434577, 0.49030613899230957]]","[-0.03905121982097626, 0.3280411958694458, -0.4194556474685669, 0.19188186526298523, -1.053690791130066, 0.47013145685195923]","[[0.021352846175432205, -0.022454150021076202, -0.049594782292842865]]","[0, 1]",9.335141639,-0.5050281882286072,48,2847,1748251626.908147,14
"[[0.020307213068008423, -0.021567896008491516, -0.04757635295391083]]",2848,"[0.6307128667831421, -0.557770848274231, 0.0299465823918581]","[0.09163796901702881, -0.9226194024085999, -0.9521737098693848, 0.4726070165634155]",False,"[0.6466291546821594, -0.028179649263620377, 0.029999999329447746]","[[0.6283396482467651, -0.5075066685676575, 0.06099338456988335, 0.08000972121953964, 0.6307128667831421, -0.557770848274231, 0.0299465823918581, -0.002977145602926612, -0.004383757710456848, 0.4933585822582245]]","[-0.022082174196839333, 0.279774010181427, -0.720853328704834, 0.45954030752182007, -1.4580754041671753, 0.5130159854888916]","[[0.020342379808425903, -0.021468386054039, -0.04754072055220604]]","[0, 1]",9.337471749,-0.5298303365707397,48,2848,1748251626.9105124,15
"[[0.03455818444490433, -0.026213474571704865, 0.11179940402507782]]",2864,"[0.09117284417152405, -0.8782011270523071, -0.15186400711536407]","[-0.20277488231658936, -0.9863961935043335, 0.9009521007537842, -0.416684627532959]",False,"[0.6466291546821594, -0.028179649263620377, 0.029999999329447746]","[[0.2565304636955261, -0.7564541101455688, 0.23065613210201263, 0.0003868936619255692, 0.09117284417152405, -0.8782011270523071, -0.15186400711536407, 1.2791637182235718, 0.3680271804332733, -0.10776863247156143]]","[-1.9662729501724243, -1.1531434059143066, 4.588733673095703, 4.220115661621094, 0.28915372490882874, 1.2243423461914062]","[[0.014525925740599632, -0.04198194295167923, 0.014603953808546066]]","[0, 1]",9.371170127,-1.031572937965393,48,2864,1748251626.9447374,31
"[[-0.008937308564782143, 0.018054747954010963, -0.04452450945973396]]",2890,"[0.4483528435230255, 0.2076425850391388, 0.03254929184913635]","[-0.17785149812698364, 0.44458794593811035, -0.8393043279647827, 0.931149959564209]",False,"[0.6052353382110596, 0.21506567299365997, 0.029999999329447746]","[[0.4594777226448059, 0.19868145883083344, 0.062280237674713135, 0.07993826270103455, 0.4483528435230255, 0.2076425850391388, 0.03254929184913635, -0.08930912613868713, -3.9422935515176505e-05, 0.018360845744609833]]","[0.31923171877861023, 0.18716560304164886, -0.6568819880485535, 0.3956816792488098, -0.1644868552684784, 0.019648224115371704]","[[-0.004422048106789589, 0.005341866984963417, -0.01366480439901352]]","[0, 1]",9.427852461,-0.15707869827747345,49,2890,1748251626.993084,7
"[[-0.04657651111483574, -0.012810144573450089, -0.04830387607216835]]",2913,"[0.6886000633239746, 0.2548041045665741, 0.03019869327545166]","[-0.8592703342437744, -0.9784490466117859, -0.9657680988311768, -0.9449001550674438]",False,"[0.5737110376358032, 0.1392199993133545, 0.029999999329447746]","[[0.6848307847976685, 0.2551719546318054, 0.022499851882457733, 0.05337127298116684, 0.6886000633239746, 0.2548041045665741, 0.03019869327545166, 0.007037441711872816, 3.0246030291891657e-05, -0.04021400585770607]]","[-0.03270746022462845, 0.2443649172782898, -0.38987791538238525, 0.4291856288909912, -1.8659462928771973, 0.6184952259063721]","[[-0.04077191278338432, -0.014877114444971085, -0.04865541309118271]]","[0, 5]",9.667454485,-0.16296997666358948,0,2913,1748251627.205481,16
"[[-0.04944855347275734, 0.05000000074505806, -0.049989864230155945]]",2921,"[0.6075758934020996, 0.10164114087820053, 0.029989872127771378]","[-0.9889710545539856, 1, -0.9999998211860657, 0.9999980926513672]",False,"[0.4057892858982086, 0.1722446084022522, 0.029999999329447746]","[[0.6197839379310608, 0.02392999641597271, 0.16618339717388153, 0.07027385383844376, 0.6075758934020996, 0.10164114087820053, 0.029989872127771378, 1.5367468222393654e-06, 3.4093625345121836e-06, -1.4366828039735768e-11]]","[0.03122839704155922, -0.03600741922855377, -0.040873948484659195, -0.03563288599252701, 0.07730468362569809, 0.2006673514842987]","[[-0.030792836099863052, 0.02607000432908535, -0.01878325268626213]]","[0, 5]",9.667837094,-0.21378186345100403,1,2921,1748251627.2278728,0
"[[0.03896360471844673, -0.04999547451734543, -0.049989327788352966]]",2961,"[0.4282165765762329, 0.17246147990226746, 0.029989976435899734]","[0.7792720794677734, -0.9999094605445862, -0.9999869465827942, -0.9352291226387024]",False,"[0.6008883714675903, -0.2210744470357895, 0.029999999329447746]","[[0.6731318831443787, -0.02277832105755806, 0.18563854694366455, 2.6202837233313403e-08, 0.4282165765762329, 0.17246147990226746, 0.029989976435899734, -5.076583988739003e-07, -4.23762486434498e-07, 6.406125087864145e-13]]","[0.031228622421622276, -0.036013275384902954, -0.040875229984521866, -0.03563867509365082, 0.07730264216661453, 0.20067133009433746]","[[0.004271376878023148, -0.02721715345978737, -0.03823775798082352]]","[0, 5]",9.763563654,-0.4297511577606201,4,2961,1748251627.3191276,0
"[[-0.03907857462763786, 0.04055522009730339, -0.025731639936566353]]",2967,"[0.4282165765762329, 0.17246147990226746, 0.029990000650286674]","[-0.7815715074539185, 0.811104416847229, -0.5146327614784241, 0.784767746925354]",False,"[0.6008883714675903, -0.2210744470357895, 0.029999999329447746]","[[0.44743362069129944, 0.15201586484909058, 0.07097353786230087, 0.07932905852794647, 0.4282165765762329, 0.17246147990226746, 0.029990000650286674, 1.9839452303216376e-09, 1.0166534974986874e-10, 3.722975161664366e-13]]","[0.16541196405887604, 0.10980883985757828, 0.05193973705172539, -0.005496770143508911, 0.034076474606990814, -0.02011638879776001]","[[-0.005981188267469406, 0.006768416613340378, -0.003153011202812195]]","[0, 5]",9.763700922,-0.4297511577606201,4,2967,1748251627.3294446,6
"[[-0.04740731045603752, 0.049098920077085495, -0.04801202565431595]]",2981,"[0.49746790528297424, 0.09542176127433777, 0.029989998787641525]","[-0.9481462240219116, 0.9819784164428711, -0.9602404832839966, 0.9474854469299316]",False,"[0.42522892355918884, -0.19635231792926788, 0.029999999329447746]","[[0.5895772576332092, 0.050962258130311966, 0.13981792330741882, 0.07881759107112885, 0.49746790528297424, 0.09542176127433777, 0.029989998787641525, -1.499974899843437e-07, 1.181441788844495e-07, 9.245794912017893e-14]]","[0.03140223026275635, -0.025927133858203888, -0.019046548753976822, -0.02840646356344223, 0.053550250828266144, 0.1317933052778244]","[[-0.019237320870161057, 0.014562003314495087, -0.008488871157169342]]","[0, 5]",9.807759636,-0.30058375000953674,5,2981,1748251627.3635557,1
"[[-0.002321505919098854, -0.005723685026168823, -0.014193836599588394]]",2991,"[0.48515579104423523, -0.1058226227760315, 0.029911529272794724]","[0.4075736999511719, -0.9453372359275818, -0.4057404398918152, -0.9111967086791992]",False,"[0.42522892355918884, -0.19635231792926788, 0.029999999329447746]","[[0.4835161864757538, -0.0909576267004013, 0.021551277488470078, 0.05425252020359039, 0.48515579104423523, -0.1058226227760315, 0.029911529272794724, -0.005181254353374243, -0.00536692189052701, 0.00919246207922697]]","[0.11116602271795273, -0.05975493788719177, -1.9410796165466309, 1.5771631002426147, -1.537004828453064, 0.26882559061050415]","[[-0.0029886309057474136, -0.010985441505908966, -0.009012512862682343]]","[0, 5]",9.816525915,-0.10856731981039047,5,2991,1748251627.3889222,11
"[[-0.016766805201768875, 0.013969656080007553, -0.04786912351846695]]",2998,"[0.6948348879814148, 0.0811954066157341, 0.02984791435301304]","[0.1069101095199585, 0.9478486776351929, -0.9532244205474854, 0.575519323348999]",False,"[0.5374351143836975, 0.24387745559215546, 0.029999999329447746]","[[0.7027275562286377, 0.053716666996479034, 0.0633653923869133, 0.07996535301208496, 0.6948348879814148, 0.0811954066157341, 0.02984791435301304, -0.0004201257834210992, -0.0044442941434681416, -0.13348627090454102]]","[0.13519880175590515, 0.00601726770401001, 0.014500249177217484, -0.011612437665462494, -0.022669263184070587, -0.03458848595619202]","[[-0.016230959445238113, 0.01354413852095604, -0.05052326247096062]]","[0, 5]",9.859499629,-0.22636288404464722,6,2998,1748251627.4049873,4
"[[-0.017126910388469696, 0.0008235573768615723, 0.06439906358718872]]",3027,"[0.20454317331314087, 0.8488562107086182, -0.04471922293305397]","[-0.7811082601547241, 0.5402266979217529, 0.4885082244873047, -0.6873754262924194]",False,"[0.5374351143836975, 0.24387745559215546, 0.029999999329447746]","[[0.19019237160682678, 0.2939556837081909, 0.3839203417301178, 0.0005931315245106816, 0.20454317331314087, 0.8488562107086182, -0.04471922293305397, 0.6253419518470764, -0.23529447615146637, -2.6661319732666016]]","[-0.02415367029607296, -1.2805089950561523, 3.1421289443969727, 3.1323578357696533, -0.024440206587314606, 0.6042925715446472]","[[-0.007135637104511261, 0.006782650947570801, 0.007883960381150246]]","[0, 5]",9.907833449,-0.6945497393608093,6,3027,1748251627.460875,33
"[[0.03876959905028343, -0.008552853018045425, 0.03885573521256447]]",3062,"[0.6092532277107239, -0.01823532208800316, 0.034552332013845444]","[0.6651006937026978, -0.9715451598167419, 0.8759264945983887, -0.9771347045898438]",False,"[0.5003300905227661, -0.2791898548603058, 0.029999999329447746]","[[0.5876995921134949, -0.02445458061993122, 0.02758028730750084, 0.05543459951877594, 0.6092532277107239, -0.01823532208800316, 0.034552332013845444, 0.006892323959618807, 0.0637596845626831, -0.007600685581564903]]","[-0.07444023340940475, -0.19177091121673584, -0.788985013961792, 1.8699146509170532, -1.3862724304199219, 0.26760923862457275]","[[0.03996604308485985, -0.006643708795309067, 0.036805737763643265]]","[0, 5]",9.959455909999999,-0.28281131386756897,7,3062,1748251627.531867,18
"[[-0.07288327813148499, 0.0370572954416275, -0.010532613843679428]]",3068,"[0.5721967220306396, -0.2958265244960785, 0.029999999329447746]","[-0.7297819256782532, -0.8245900273323059, -0.34206438064575195, -0.9842220544815063]",True,"[0.4303024709224701, 0.02490503154695034, 0.029999999329447746]","[[0.6384396553039551, -2.194472251484947e-12, 0.19740013778209686, 0, 0.5721967220306396, -0.2958265244960785, 0.029999999329447746, 0, 0, 0]]","[-0.0297332014888525, -1.3795174360275269, 1.701842188835144, 3.7811505794525146, -0.32006749510765076, 0.43559718132019043]","[[-0.1682526171207428, -0.2630610466003418, -0.18014591932296753]]","[0, 5]",9.9750582,-0.02478685975074768,7,3068,1748251627.548516,24
"[[-0.01158343069255352, -0.04365526884794235, -0.03202177584171295]]",3089,"[0.4781034588813782, 0.08282696455717087, 0.029948335140943527]","[-0.3758784532546997, -0.7362809777259827, -0.64124596118927, 0.42791175842285156]",False,"[0.5610385537147522, -0.26406729221343994, 0.029999999329447746]","[[0.4856199324131012, 0.0849718451499939, 0.02176947519183159, 0.08000180125236511, 0.4781034588813782, 0.08282696455717087, 0.029948335140943527, -0.0013791467063128948, 7.260027814481873e-06, 0.11666682362556458]]","[0.1654599905014038, 0.10986034572124481, 0.05227730795741081, -0.0056605264544487, 0.03419577330350876, -0.020167022943496704]","[[-0.0065535735338926315, -0.03508126735687256, -0.015157606452703476]]","[0, 5]",10.063263431,-0.3566705286502838,9,3089,1748251627.593687,6
"[[0.037902992218732834, -0.04498134180903435, -0.046431418508291245]]",3119,"[0.6870526075363159, 0.0289608221501112, 0.029989320784807205]","[0.7580598592758179, -0.8996268510818481, -0.9285699129104614, 0.7911496162414551]",False,"[0.6959255933761597, -0.08859895169734955, 0.029999999329447746]","[[0.6268893480300903, 0.050994012504816055, 0.1154666543006897, 0.07881752401590347, 0.6870526075363159, 0.0289608221501112, 0.029989320784807205, 1.564595919489875e-07, -2.2741502107237466e-05, -3.327845984890665e-11]]","[0.03145550936460495, -0.02578778564929962, -0.019158922135829926, -0.028216280043125153, 0.053576432168483734, 0.13179966807365417]","[[0.030468981713056564, -0.07204853743314743, 0.004378441721200943]]","[0, 5]",10.094596341999999,-0.11789415031671524,11,3119,1748251627.6681495,1
"[[0.004682088270783424, 0.031233826652169228, -0.02932140789926052]]",3244,"[0.5394197702407837, -0.24598553776741028, 0.029986731708049774]","[0.24809885025024414, 0.5450003147125244, -0.5863301157951355, 0.47975969314575195]",False,"[0.6438866257667542, 0.02618574909865856, 0.029999999329447746]","[[0.5298363566398621, -0.22635257244110107, 0.05985987186431885, 0.0800747200846672, 0.5394197702407837, -0.24598553776741028, 0.029986731708049774, 0.004015178885310888, -0.004024314694106579, 0.5078048706054688]]","[0.16518498957157135, 0.10973727703094482, 0.053658585995435715, -0.006355203688144684, 0.03469271957874298, -0.020325347781181335]","[[0.0011127237230539322, 0.033737607300281525, -0.02799573354423046]]","[0, 5]",10.379642183,-0.29153135418891907,17,3244,1748251627.9240537,6
"[[-0.08447843044996262, -0.0517280213534832, 0.05406525358557701]]",3267,"[1.2639156579971313, -0.16785335540771484, -0.3340069353580475]","[-0.9770665764808655, -0.9039428234100342, -0.8785975575447083, 0.16857922077178955]",False,"[0.6438866257667542, 0.02618574909865856, 0.029999999329447746]","[[0.7037702798843384, 0.3135841190814972, 0.005758937448263168, 0.014808297157287598, 1.2639156579971313, -0.16785335540771484, -0.3340069353580475, 0.7904879450798035, 0.4945796728134155, 0.42301684617996216]]","[-0.3717765510082245, -1.2854111194610596, 3.0998947620391846, 3.2013652324676514, -0.8233063817024231, 1.0065706968307495]","[[-0.04587989300489426, -0.026873093098402023, -0.043893370777368546]]","[0, 5]",10.423643848,-0.7447068095207214,17,3267,1748251627.9725459,29
"[[0.04366138204932213, 0.03350481018424034, -0.042776670306921005]]",3284,"[1.3576890230178833, -0.16110698878765106, -0.3700103461742401]","[0.87322998046875, 0.6700961589813232, -0.8555334210395813, 0.9693734645843506]",False,"[0.6438866257667542, 0.02618574909865856, 0.029999999329447746]","[[0.5134748220443726, -0.11027925461530685, 0.005201610270887613, 0.07999998331069946, 1.3576890230178833, -0.16110698878765106, -0.3700103461742401, 0, 1.5707963705062866, -0.8071677088737488]]","[-2.568960666656494, -3.755147933959961, 4.726445198059082, 12.504599571228027, 5.179148197174072, -0.4615466594696045]","[[0.00601741299033165, 0.007076594978570938, -0.04328587278723717]]","[0, 5]",10.434252241,-0.8394050002098083,17,3284,1748251628.0076613,46
"[[0.04629701003432274, 0.03649185225367546, -0.04360644146800041]]",3285,"[1.3576891422271729, -0.16110700368881226, -0.3700103461742401]","[0.9259425401687622, 0.7298367023468018, -0.8721287846565247, 0.9697911739349365]",False,"[0.6438866257667542, 0.02618574909865856, 0.029999999329447746]","[[0.5511713027954102, -0.08154882490634918, 0.0056084212847054005, 0.07999999821186066, 1.3576891422271729, -0.16110700368881226, -0.3700103461742401, 0, 1.5707963705062866, -0.8071703314781189]]","[-2.6871275901794434, -4.057248115539551, 5.163642406463623, 13.027644157409668, 5.614101409912109, -0.42958754301071167]","[[0.008600648492574692, 0.007761407643556595, -0.04401325434446335]]","[0, 5]",10.436260917,-0.8394051194190979,17,3285,1748251628.0096312,47
"[[-0.048884645104408264, -0.04961666837334633, 0.022830694913864136]]",3326,"[0.4300607740879059, -0.13825492560863495, 0.029989998787641525]","[-0.9776929020881653, -0.9923333525657654, 0.4566138982772827, 0.447473406791687]",False,"[0.6867263317108154, 0.12751899659633636, 0.029999999329447746]","[[0.5459447503089905, -0.04444063827395439, 0.11663004010915756, 0.07941608130931854, 0.4300607740879059, -0.13825492560863495, 0.029989998787641525, -1.5061067415444995e-07, 1.181441788844495e-07, 9.238550408626617e-14]]","[0.017398547381162643, -0.028292380273342133, -0.013036448508501053, -0.020274274051189423, 0.021098129451274872, 0.057036928832530975]","[[0.0024557560682296753, -0.002433743327856064, 0.03883267194032669]]","[0, 5]",10.527718301,-0.3694766163825989,21,3326,1748251628.0963798,2
"[[-0.024388447403907776, 0.013102993369102478, -0.04678156226873398]]",3334,"[0.45708343386650085, -0.0508403554558754, 0.02980179712176323]","[-0.26844292879104614, 0.8723176717758179, -0.9638921022415161, 0.9207592010498047]",False,"[0.6867263317108154, 0.12751899659633636, 0.029999999329447746]","[[0.4704355001449585, -0.06592527776956558, 0.06174406409263611, 0.08000931143760681, 0.45708343386650085, -0.0508403554558754, 0.02980179712176323, -0.007427333388477564, 0.002253739396110177, 0.020343391224741936]]","[0.33444881439208984, 0.25912585854530334, -0.8556572198867798, 0.5875461101531982, -0.520006537437439, 0.22675557434558868]","[[-0.024788960814476013, 0.00956781953573227, -0.04763921722769737]]","[0, 5]",10.571525040000001,-0.2907713055610657,21,3334,1748251628.1136048,10
"[[0.014821279793977737, 0.008942287415266037, -0.00363040529191494]]",3340,"[0.6120783686637878, 0.09558826684951782, 0.03303603455424309]","[0.9910485744476318, 0.6676987409591675, -0.5350756049156189, -0.9292323589324951]",False,"[0.6867263317108154, 0.12751899659633636, 0.029999999329447746]","[[0.6048780083656311, 0.10142864286899567, 0.027821682393550873, 0.05410466715693474, 0.6120783686637878, 0.09558826684951782, 0.03303603455424309, -0.002862886292859912, 0.026857033371925354, -0.01223862636834383]]","[0.6041094660758972, -0.16801884770393372, -1.0483472347259521, 1.2900612354278564, -1.6877294778823853, 0.44861549139022827]","[[0.01816122606396675, 0.008283797651529312, -0.005016004666686058]]","[0, 5]",10.571763859,-0.08124717324972153,21,3340,1748251628.1291246,16
"[[-0.00230064382776618, -0.04307224228978157, 0.016992824152112007]]",3351,"[0.6359778642654419, 0.04450711980462074, 0.04919514060020447]","[-0.10299134254455566, -0.8891906142234802, 0.5601959228515625, -0.9652295112609863]",False,"[0.5961039662361145, -0.29878729581832886, 0.029999999329447746]","[[0.6323898434638977, 0.031671661883592606, 0.04453064128756523, 0.052409254014492035, 0.6359778642654419, 0.04450711980462074, 0.04919514060020447, 0.027704088017344475, 0.0720735713839531, 0.05220663174986839]]","[0.69741290807724, 0.265161395072937, -3.032958745956421, 1.6302820444107056, -1.216451644897461, 0.27168014645576477]","[[-0.00011363020166754723, -0.03683536872267723, 0.0166084673255682]]","[0, 5]",10.581199927,-0.3461349904537201,22,3351,1748251628.1539593,8
"[[-0.041716426610946655, 0.04323767498135567, -0.03129839897155762]]",3361,"[0.5166072249412537, 0.10084131360054016, 0.02998925745487213]","[-0.8343285322189331, 0.8647534847259521, -0.6259097456932068, 0.39785313606262207]",False,"[0.6750708818435669, 0.1535874754190445, 0.029999999329447746]","[[0.6149286031723022, 0.05574135109782219, 0.12144600600004196, 0.07881753891706467, 0.5166072249412537, 0.10084131360054016, 0.02998925745487213, -1.6889260223251767e-05, 3.6207754874340026e-06, 1.0876265443826583e-09]]","[0.03145534545183182, -0.025785446166992188, -0.01915780082345009, -0.028214216232299805, 0.05357807129621506, 0.13179919123649597]","[[-0.0054347217082977295, 0.008230764418840408, 0.022593539208173752]]","[0, 5]",10.607327483,-0.16701166331768036,23,3361,1748251628.1808555,1
"[[-0.03932386636734009, 0.04458531364798546, -0.007605173625051975]]",3362,"[0.5166072249412537, 0.10084131360054016, 0.029989849776029587]","[-0.7864773273468018, 0.8917062282562256, -0.1520916223526001, 0.37648820877075195]",False,"[0.6750708818435669, 0.1535874754190445, 0.029999999329447746]","[[0.579336404800415, 0.09442015737295151, 0.09208299964666367, 0.079856276512146, 0.5166072249412537, 0.10084131360054016, 0.029989849776029587, -2.2964682102610823e-06, 1.2431894447217928e-06, 1.1355207885088703e-09]]","[0.01736392080783844, -0.028309151530265808, -0.012964818626642227, -0.020355544984340668, 0.021193452179431915, 0.05712851881980896]","[[-0.003731667995452881, 0.00590650737285614, 0.02175842598080635]]","[0, 5]",10.609295111,-0.16701166331768036,23,3362,1748251628.1826842,2
"[[-0.04890305921435356, 0.04466157779097557, -0.049977339804172516]]",3372,"[0.5316855311393738, -0.08272000402212143, 0.029989998787641525]","[-0.9780611395835876, 0.8932315111160278, -0.9997468590736389, 0.47062981128692627]",False,"[0.6792817115783691, 0.22982653975486755, 0.029999999329447746]","[[0.6198906302452087, 0.023786989971995354, 0.16614842414855957, 0.04134129360318184, 0.5316855311393738, -0.08272000402212143, 0.029989998787641525, -1.4674657222712995e-07, 1.1813904166046996e-07, 9.284202773978192e-14]]","[0.03122865967452526, -0.03601454198360443, -0.04087548330426216, -0.03563989698886871, 0.07730221748352051, 0.2006721794605255]","[[-0.030354034155607224, 0.020874587818980217, -0.018735628575086594]]","[0, 5]",10.635963644,-0.3456442952156067,24,3372,1748251628.2095456,0
"[[-0.035396382212638855, 0.05917998030781746, 0.04920536279678345]]",3391,"[0.379463791847229, -0.23306794464588165, 0.029989831149578094]","[-0.961853563785553, 0.9998688697814941, 0.984107255935669, 0.9511895179748535]",False,"[0.6792817115783691, 0.22982653975486755, 0.029999999329447746]","[[0.32513290643692017, 0.2485935240983963, 0.32706937193870544, 0.0799998790025711, 0.379463791847229, -0.23306794464588165, 0.029989831149578094, 5.912329925195081e-06, 2.742874016803398e-07, 1.0315871238708496]]","[-0.12816070020198822, 0.1746254563331604, 0.9210489988327026, 0.09343899041414261, -1.1545209884643555, 0.6043630838394165]","[[-0.011242195963859558, 0.0098470039665699, 0.014421582221984863]]","[0, 5]",10.711345519,-0.551508903503418,24,3391,1748251628.2485669,19
"[[-0.005422279238700867, 0.055461760610342026, -0.033215783536434174]]",3406,"[0.19236338138580322, -0.3684467673301697, 0.029989831149578094]","[-0.35406678915023804, 0.9315125942230225, -0.6643156409263611, -0.8704594969749451]",False,"[0.6792817115783691, 0.22982653975486755, 0.029999999329447746]","[[-0.09686922281980515, 0.5881266593933105, 0.26415735483169556, 9.528159949923065e-08, 0.19236338138580322, -0.3684467673301697, 0.029989831149578094, 5.912418146181153e-06, 2.742608273820224e-07, 1.0315871238708496]]","[-0.21956034004688263, -1.5238735675811768, 2.681462526321411, 3.988945722579956, 0.3489643633365631, 0.46940046548843384]","[[-0.011176608502864838, 0.0316791795194149, -0.010419361293315887]]","[0, 5]",10.711891625,-0.7713756561279297,24,3406,1748251628.2752979,34
"[[-0.002232876606285572, 0.007371300831437111, -0.02494734153151512]]",3428,"[0.4552838206291199, -0.1844787299633026, 0.02998943068087101]","[-0.1149558424949646, -0.32523733377456665, -0.4988976716995239, 0.580946683883667]",False,"[0.4470016062259674, -0.2653290629386902, 0.029999999329447746]","[[0.45331689715385437, -0.1809944212436676, 0.02194301038980484, 0.08000145852565765, 0.4552838206291199, -0.1844787299633026, 0.02998943068087101, -1.5057646123750601e-05, -5.271760983305285e-06, 0.07201114296913147]]","[0.16534052789211273, 0.10973121225833893, 0.052546169608831406, -0.005816027522087097, 0.03426395356655121, -0.020211562514305115]","[[0.0010966090485453606, -0.003848111256957054, -0.0029076766222715378]]","[0, 5]",10.756024708,-0.08127343654632568,25,3428,1748251628.3182154,6
"[[0.04481511935591698, 0.026303589344024658, 0.0006161384517326951]]",3449,"[0.729583740234375, 0.3641316294670105, 0.029922856017947197]","[0.7350276708602905, 0.9996473789215088, 0.017889022827148438, 0.9801419973373413]",False,"[0.5844972729682922, 0.0266390573233366, 0.029999999329447746]","[[0.7242966294288635, 0.3470577597618103, 0.06553349643945694, 0.08000066131353378, 0.729583740234375, 0.3641316294670105, 0.029922856017947197, -0.001030764076858759, -0.0012048734351992607, 0.47210514545440674]]","[-0.18682312965393066, 0.3512116074562073, 0.15032368898391724, -0.03445308655500412, -0.968756914138794, 0.4795767664909363]","[[0.05168592557311058, 0.027799516916275024, -0.0038555734790861607]]","[0, 5]",10.812016053,-0.3673572242259979,26,3449,1748251628.3677914,15
"[[0.00699505815282464, 0.026674915105104446, 0.04024333506822586]]",3451,"[0.7136214375495911, 0.410054087638855, 0.02997543103992939]","[-0.01955556869506836, 0.9921214580535889, 0.8048285245895386, 0.9994816780090332]",False,"[0.5844972729682922, 0.0266390573233366, 0.029999999329447746]","[[0.6991158127784729, 0.39136210083961487, 0.10081571340560913, 0.07999998331069946, 0.7136214375495911, 0.410054087638855, 0.02997543103992939, 0.00016328864148817956, -0.0006461467128247023, 0.7904350757598877]]","[0.08089611679315567, 0.38148367404937744, -0.41417551040649414, 0.43766096234321594, -2.0911941528320312, 0.7202767729759216]","[[0.007835602387785912, 0.02229313924908638, 0.014942765235900879]]","[0, 5]",10.812169942,-0.40457403659820557,26,3451,1748251628.3717077,17
"[[0.0319618359208107, -0.014949732460081577, 0.04447007551789284]]",3452,"[0.7056689858436584, 0.43292638659477234, 0.02994556538760662]","[0.48018765449523926, 0.15845131874084473, 0.8888041973114014, 0.9998666048049927]",False,"[0.5844972729682922, 0.0266390573233366, 0.029999999329447746]","[[0.6919015049934387, 0.4099285304546356, 0.13471809029579163, 0.07999998331069946, 0.7056689858436584, 0.43292638659477234, 0.02994556538760662, 0.0002856667269952595, -0.0017658085562288761, 0.9283404350280762]]","[-0.0157256331294775, 0.2714124321937561, 0.37240633368492126, 0.19259363412857056, -1.4441457986831665, 0.6291307806968689]","[[0.031223690137267113, -0.01064386311918497, 0.010537832975387573]]","[0, 5]",10.812245755,-0.42397168278694153,26,3452,1748251628.373494,18
"[[0.040241848677396774, -0.00546150840818882, 0.10202844440937042]]",3471,"[0.5583917498588562, 0.8581581115722656, -0.09766954183578491]","[0.6536104679107666, 0.3345586061477661, 0.9454588890075684, -0.3844045400619507]",False,"[0.5844972729682922, 0.0266390573233366, 0.029999999329447746]","[[0.41748562455177307, 0.38420042395591736, 0.6603497862815857, 0.04623271897435188, 0.5583917498588562, 0.8581581115722656, -0.09766954183578491, -0.02881200984120369, 1.0412840843200684, 1.540820837020874]]","[-0.9791720509529114, -1.9948348999023438, 4.360488414764404, 4.801422119140625, 0.586808443069458, 0.7178170084953308]","[[0.029464613646268845, 0.024867838248610497, 0.04483171924948692]]","[0, 5]",10.859948177,-0.8416679501533508,26,3471,1748251628.4091258,37
"[[0.02118837833404541, 0.004100557416677475, 0.010310999117791653]]",3497,"[0.47645342350006104, 0.06415031105279922, 0.03438172861933708]","[0.9287095069885254, 0.8221533298492432, 0.19853365421295166, -0.9526921510696411]",False,"[0.4934946298599243, 0.13968688249588013, 0.029999999329447746]","[[0.48297175765037537, 0.06358801573514938, 0.038361333310604095, 0.05543413758277893, 0.47645342350006104, 0.06415031105279922, 0.03438172861933708, -0.004899711348116398, -0.012339985929429531, 0.0030905830208212137]]","[0.2548314332962036, 0.21993832290172577, -2.2313895225524902, 1.1985260248184204, -1.5300372838974, 0.42856544256210327]","[[0.020928770303726196, 0.011102341115474701, 0.009629658423364162]]","[0, 5]",10.907833423,-0.07755885273218155,27,3497,1748251628.461379,13
"[[0.09383302927017212, -0.014186576008796692, -0.03832969069480896]]",3525,"[0.4000281095504761, 0.14719004929065704, 0.029999999329447746]","[-0.9497796893119812, -0.9652996063232422, -0.7684701681137085, -0.9381985068321228]",True,"[0.4220493733882904, -0.009817401878535748, 0.029999999329447746]","[[0.6384396553039551, -2.194472251484947e-12, 0.19740013778209686, 0, 0.4000281095504761, 0.14719004929065704, 0.029999999329447746, 0, 0, 0]]","[0.19595526158809662, -0.50589919090271, 1.8566817045211792, 1.653761625289917, -0.36183199286460876, 0.5885100364685059]","[[-0.13583225011825562, 0.13950327038764954, -0.2129468470811844]]","[0, 5]",10.987414712,-0.04929501190781593,28,3525,1748251628.524401,26
"[[-0.04360508918762207, -0.03607705980539322, 0.029256584122776985]]",3526,"[0.420925110578537, 0.09833349287509918, 0.029986348003149033]","[-0.8721017837524414, -0.721541166305542, 0.5848586559295654, -0.18486380577087402]",False,"[0.5046854019165039, -0.008420604281127453, 0.029999999329447746]","[[0.60080486536026, -0.023470398038625717, 0.19403491914272308, 6.313918277101038e-08, 0.420925110578537, 0.09833349287509918, 0.029986348003149033, -0.00011509648902574554, 3.0948183393775253e-06, 7.579095129273128e-10]]","[0.031221017241477966, -0.03580904006958008, -0.0408315546810627, -0.03543727844953537, 0.07737333327531815, 0.20053258538246155]","[[-0.005970299243927002, -0.012606661766767502, 0.03260815143585205]]","[0, 5]",10.987453064,-0.13569164276123047,29,3526,1748251628.526286,0
"[[-0.01895495317876339, 0.008426344022154808, -0.0314030684530735]]",3553,"[0.4597988426685333, 0.31599855422973633, 0.029906919226050377]","[-0.047302067279815674, 0.5185152292251587, -0.6251287460327148, -0.17436760663986206]",False,"[0.5531423091888428, 0.29652199149131775, 0.029999999329447746]","[[0.47666868567466736, 0.30042564868927, 0.05998742952942848, 0.06495320051908493, 0.4597988426685333, 0.31599855422973633, 0.029906919226050377, -0.0011490207398310304, -0.000614697637502104, 0.0768047496676445]]","[-0.301004022359848, 0.3593776524066925, 0.27627652883529663, -0.1149415597319603, -0.3767591118812561, 0.2963721454143524]","[[-0.01723071001470089, -0.0017062965780496597, -0.03201672062277794]]","[0, 5]",11.035725228,-0.09535379707813263,30,3553,1748251628.583997,14
"[[0.04497880861163139, 0.02528369426727295, 0.040960635989904404]]",3577,"[0.5120276808738708, 0.32730987668037415, 0.029989998787641525]","[0.9316959381103516, 0.4930371046066284, 0.8192126750946045, -0.12892240285873413]",False,"[0.5531423091888428, 0.29652199149131775, 0.029999999329447746]","[[0.3749968707561493, 0.6924558281898499, 0.12335489690303802, 1.2340460671111941e-06, 0.5120276808738708, 0.32730987668037415, 0.029989998787641525, -1.50753280081517e-07, -1.181441788844495e-07, -0.02326946146786213]]","[-0.186675027012825, -2.089827299118042, 2.9564924240112305, 5.534257411956787, 1.0228463411331177, 0.325876384973526]","[[0.021530788391828537, 0.029990285634994507, 0.013235580176115036]]","[0, 5]",11.079646342,-0.051364440470933914,30,3577,1748251628.6323307,38
"[[-0.046619515866041183, -0.047907378524541855, 0.049257077276706696]]",3713,"[0.5384055376052856, 0.28925183415412903, 0.029989857226610184]","[-0.9323903322219849, -0.9581475257873535, 0.9849386215209961, -0.6848670840263367]",False,"[0.5972306132316589, -0.27145424485206604, 0.029999999329447746]","[[0.5955370664596558, -0.025489334017038345, 0.19344352185726166, 1.1655377996078187e-08, 0.5384055376052856, 0.28925183415412903, 0.029989857226610184, 4.909812560072169e-06, 4.2067799199685396e-07, 3.188017991956338e-12]]","[0.031228376552462578, -0.03600657731294632, -0.04087379202246666, -0.03563203662633896, 0.07730496674776077, 0.20066677033901215]","[[-0.003716927021741867, -0.02241804450750351, 0.05320354923605919]]","[0, 5]",11.343825584,-0.5637833476066589,35,3713,1748251628.912692,0
"[[-0.022950226441025734, -0.022894997149705887, 0.02607571892440319]]",3731,"[0.5443270802497864, 0.45205628871917725, 0.029983825981616974]","[-0.47063934803009033, 0.04849100112915039, 0.5219643115997314, 0.964885950088501]",False,"[0.5972306132316589, -0.27145424485206604, 0.029999999329447746]","[[0.4541753828525543, 0.3975893259048462, 0.18456630408763885, 0.08000004291534424, 0.5443270802497864, 0.45205628871917725, 0.029983825981616974, -0.00017491602920927107, 6.91976492817048e-06, -1.261512041091919]]","[-0.23501349985599518, 0.22678494453430176, 0.8872379064559937, -0.06284097582101822, -0.9470142126083374, 0.5179976224899292]","[[-0.008057469502091408, -0.0030546963680535555, 0.002643296495079994]]","[0, 5]",11.373779021,-0.725442111492157,35,3731,1748251628.9473083,18
"[[-0.0007837051525712013, 0.028364408761262894, -0.04883953928947449]]",3804,"[0.6937164068222046, -0.007983743213117123, 0.029972312971949577]","[0.18374276161193848, 0.6145287752151489, -0.9771444201469421, 0.9729282855987549]",False,"[0.4861985445022583, 0.06602076441049576, 0.029999999329447746]","[[0.7106288075447083, 0.007776199374347925, 0.056004684418439865, 0.0800526887178421, 0.6937164068222046, -0.007983743213117123, 0.029972312971949577, 0.0047568874433636665, -0.005219504237174988, 0.2962815761566162]]","[0.12528473138809204, 0.004391022026538849, 0.026275772601366043, -0.018154866993427277, -0.016197167336940765, -0.03211395442485809]","[[-0.005551301874220371, 0.015485499054193497, -0.023993559181690216]]","[0, 5]",11.519591554,-0.22031868994235992,39,3804,1748251629.092409,4
"[[0.013908058404922485, 0.004094813019037247, 0.018426313996315002]]",3807,"[0.7096865177154541, 0.05139859393239021, 0.03297126665711403]","[0.27561962604522705, 0.8083610534667969, 0.4352959394454956, -0.5357306599617004]",False,"[0.4861985445022583, 0.06602076441049576, 0.029999999329447746]","[[0.7099495530128479, 0.04788939282298088, 0.025963012129068375, 0.05508366972208023, 0.7096865177154541, 0.05139859393239021, 0.03297126665711403, 0.0165993794798851, 0.02158547006547451, -0.04061807319521904]]","[0.3800594210624695, 0.19375953078269958, -0.8705177903175354, 0.514151394367218, -0.23137453198432922, 0.023256972432136536]","[[0.016083568334579468, 0.017336200922727585, 0.018004631623625755]]","[0, 5]",11.527014467,-0.22398550808429718,39,3807,1748251629.099913,7
"[[-0.049986883997917175, 0.05000000074505806, 0.046005599200725555]]",3867,"[0.6562157869338989, 0.007591622415930033, 0.029989998787641525]","[-0.9997376799583435, 1, 0.9199119806289673, -0.14960455894470215]",False,"[0.6309713125228882, 0.2466355562210083, 0.029999999329447746]","[[0.5946188569068909, 0.02380850724875927, 0.1923525184392929, 2.983025026992436e-08, 0.6562157869338989, 0.007591622415930033, 0.029989998787641525, -1.4674657222712995e-07, 1.1813904166046996e-07, 9.284202773978192e-14]]","[0.03122865967452526, -0.03601454198360443, -0.04087548330426216, -0.03563989698886871, 0.07730221748352051, 0.2006721794605255]","[[-0.006166085600852966, 0.02619149349629879, 0.05104321986436844]]","[0, 5]",11.672296191000001,-0.24037322402000427,43,3867,1748251629.2459414,0
"[[0.0009346366277895868, -0.04133186489343643, -0.04900234937667847]]",3870,"[0.6562157869338989, 0.007591622415930033, 0.029989996924996376]","[0.018692731857299805, -0.8266372680664062, -0.9800469875335693, 0.9677881002426147]",False,"[0.6309713125228882, 0.2466355562210083, 0.029999999329447746]","[[0.654180645942688, -0.011080289259552956, 0.10680777579545975, 0.07985623925924301, 0.6562157869338989, 0.007591622415930033, 0.029989996924996376, -1.0882119738653273e-07, 2.4999316394769266e-08, 9.522903434778032e-14]]","[0.056687600910663605, -0.027728959918022156, 0.006541680544614792, -0.020896390080451965, -0.017277218401432037, -0.005010694265365601]","[[0.006180560681968927, 0.0009997263550758362, 0.008464448153972626]]","[0, 5]",11.67782294,-0.24037322402000427,43,3870,1748251629.2511952,3
"[[-0.06268834322690964, 0.0742977112531662, -0.0500013567507267]]",3902,"[0.7041146755218506, -0.26757171750068665, 0.02998684160411358]","[-0.9887335896492004, 0.9999994039535522, -0.9998353719711304, 0.9228003025054932]",False,"[0.5231826305389404, 0.1723281741142273, 0.029999999329447746]","[[0.5387109518051147, -0.017971595749258995, 0.005631268955767155, 0.07999961823225021, 0.7041146755218506, -0.26757171750068665, 0.02998684160411358, -4.2741801735246554e-05, 1.8925107951872633e-06, -2.933807849884033]]","[0.14503765106201172, 0.16181932389736176, 0.06484350562095642, 0.0005788505077362061, 0.06554420292377472, -0.002154052257537842]","[[-0.007068268954753876, 0.006282459944486618, 0.0018693096935749054]]","[0, 5]",11.787401027,-0.4756556749343872,45,3902,1748251629.3264942,7
"[[-0.02327808365225792, -0.042038556188344955, -0.04818354547023773]]",3980,"[-0.3354092836380005, -0.16103948652744293, 0.029983455315232277]","[-0.9971892237663269, -0.8543627262115479, -0.9637551307678223, -0.9862410426139832]",False,"[0.40548983216285706, 0.13521675765514374, 0.029999999329447746]","[[-0.3146977126598358, 0.13556262850761414, 0.0015394267393276095, -5.268580238748655e-09, -0.3354092836380005, -0.16103948652744293, 0.029983455315232277, -0.00018874155648518354, 3.20772983286588e-06, -0.13112573325634003]]","[-0.1876440793275833, -1.601035475730896, 2.757032871246338, 4.191075801849365, 0.3737551271915436, 0.46125465631484985]","[[-0.013239260762929916, 0.0018478520214557648, -0.04782469570636749]]","[0, 5]",11.93162915,-0.797934353351593,46,3980,1748251629.4842138,35
"[[-0.023228753358125687, -0.04133914038538933, -0.04828856140375137]]",3981,"[-0.36191999912261963, -0.1617172658443451, 0.0299876406788826]","[-0.9947893619537354, -0.840338408946991, -0.9656875133514404, -0.9849483966827393]",False,"[0.40548983216285706, 0.13521675765514374, 0.029999999329447746]","[[-0.34791868925094604, 0.091460220515728, 0.00220161909237504, -7.784490207995987e-08, -0.36191999912261963, -0.1617172658443451, 0.0299876406788826, -5.05134703416843e-05, 7.405097221635515e-06, -0.13112573325634003]]","[-0.2013992816209793, -1.7481498718261719, 2.937910795211792, 4.568978309631348, 0.6454187631607056, 0.4195476770401001]","[[-0.016518492251634598, 0.0020854882895946503, -0.0489465706050396]]","[0, 5]",11.931678112,-0.8228533864021301,46,3981,1748251629.4862485,36
"[[0.0037603918462991714, 0.017615679651498795, 0.010285044088959694]]",4001,"[0.5423601269721985, 0.0388890840113163, 0.03524453938007355]","[0.2269648313522339, 0.9662758111953735, 0.3107607364654541, -0.5062054395675659]",False,"[0.49003177881240845, 0.16949258744716644, 0.029999999329447746]","[[0.5294042229652405, 0.049472033977508545, 0.03031851164996624, 0.05639427900314331, 0.5423601269721985, 0.0388890840113163, 0.03524453938007355, -0.03707277402281761, 0.1260567307472229, -0.1362917423248291]]","[0.5003801584243774, 0.15840613842010498, -1.3307230472564697, 0.7513161301612854, -0.4052501618862152, 0.02318263053894043]","[[0.005886012688279152, 0.010436102747917175, 0.008835414424538612]]","[0, 5]",11.975749669,-0.1407943069934845,47,4001,1748251629.5277672,6
"[[-0.028954993933439255, 0.0039128586649894714, -0.042047373950481415]]",4003,"[0.5268186330795288, 0.11804984509944916, 0.03968507796525955]","[-0.8012856841087341, 0.941277265548706, -0.9412168264389038, -0.8525261282920837]",False,"[0.49003177881240845, 0.16949258744716644, 0.029999999329447746]","[[0.5075432062149048, 0.12722717225551605, 0.042050231248140335, 0.051997121423482895, 0.5268186330795288, 0.11804984509944916, 0.03968507796525955, 0.0017054486088454723, 0.44299256801605225, 0.011932126246392727]]","[0.3788526654243469, 0.20678159594535828, -2.09584641456604, 1.1437615156173706, -1.0864030122756958, 0.3139556646347046]","[[-0.028683554381132126, 0.004723653197288513, -0.04141923040151596]]","[0, 5]",11.975819771,-0.06397992372512817,47,4003,1748251629.5326898,8
"[[-0.027253856882452965, 0.04752980172634125, 0.018291497603058815]]",4093,"[0.5012832283973694, 0.1456507295370102, 0.029988953843712807]","[-0.545093834400177, 0.9505915641784668, 0.36582744121551514, 0.3825875520706177]",False,"[0.5998991131782532, 0.2442450374364853, 0.029999999329447746]","[[0.5911787152290344, -0.006849957164376974, 0.1799575537443161, 0.07778392732143402, 0.5012832283973694, 0.1456507295370102, 0.029988953843712807, 4.380889004096389e-05, 6.188248335092794e-06, -9.075460184249096e-06]]","[0.017336415126919746, -0.02831059694290161, -0.012857206165790558, -0.02041047066450119, 0.0212349072098732, 0.0571274533867836]","[[-0.009601881727576256, 0.015052516013383865, 0.00712117925286293]]","[1, 1]",12.347825135,-0.13944865763187408,3,4093,1748251629.911865,2
"[[-0.009860637597739697, 0.022031284868717194, -0.024406880140304565]]",4143,"[0.41669410467147827, -0.20305071771144867, 0.029898425564169884]","[-0.15659219026565552, 0.6557066440582275, -0.48996901512145996, 0.4287306070327759]",False,"[0.6412245035171509, 0.03363987058401108, 0.029999999329447746]","[[0.4114834666252136, -0.19298724830150604, 0.02157311514019966, 0.08022962510585785, 0.41669410467147827, -0.20305071771144867, 0.029898425564169884, -0.007735876366496086, 0.0050417534075677395, -0.009462632238864899]]","[0.037638865411281586, 0.24466899037361145, 0.0777360200881958, 0.024646751582622528, 0.11802077293395996, 0.03959120810031891]","[[-0.0005701212212443352, 0.010529495775699615, -0.00455981120467186]]","[1, 1]",12.463614016,-0.32624584436416626,6,4143,1748251630.0202103,9
"[[-0.04288129135966301, -0.04851915314793587, -0.008758841082453728]]",4154,"[0.5403314232826233, -0.22602589428424835, 0.029989900067448616]","[-0.8576186299324036, -0.9703824520111084, -0.17516988515853882, 0.98099684715271]",False,"[0.40465813875198364, 0.011043375357985497, 0.029999999329447746]","[[0.5679328441619873, -0.13900619745254517, 0.09239595383405685, 0.07995721697807312, 0.5403314232826233, -0.22602589428424835, 0.029989900067448616, -9.55802437196951e-10, -3.323666760479682e-06, -8.22113906906452e-06]]","[0.05665520206093788, -0.027739495038986206, 0.006615083664655685, -0.020947113633155823, -0.017238490283489227, -0.005010977387428284]","[[-0.014485936611890793, -0.004074152559041977, -0.0002145562320947647]]","[1, 1]",12.511332949,-0.2731466293334961,7,4154,1748251630.0450604,3
"[[-0.044546857476234436, -0.04834093153476715, -0.04154916852712631]]",4167,"[0.5682907104492188, -0.0821806937456131, 0.029989903792738914]","[-0.8909335732460022, -0.9668153524398804, -0.8309823870658875, 0.9318258762359619]",False,"[0.6336722373962402, -0.17101922631263733, 0.029999999329447746]","[[0.5997511744499207, -0.07412870973348618, 0.08375172317028046, 0.07881752401590347, 0.5682907104492188, -0.0821806937456131, 0.029989903792738914, -2.320667817912181e-06, 1.0063664603876532e-06, 2.0188686903566122e-05]]","[0.017395494505763054, -0.028292015194892883, -0.013023510575294495, -0.0202813521027565, 0.021106772124767303, 0.05703984200954437]","[[-0.013501361012458801, 0.0015997625887393951, 0.0005692653357982635]]","[1, 1]",12.511858057,-0.11030425131320953,8,4167,1748251630.0762665,2
"[[0.005202359054237604, 0.04202743619680405, -0.003382478840649128]]",4169,"[0.5693843960762024, -0.1112843006849289, 0.031128328293561935]","[0.15017998218536377, 0.6225502490997314, -0.09683513641357422, -0.6979350447654724]",False,"[0.6336722373962402, -0.17101922631263733, 0.029999999329447746]","[[0.5716297030448914, -0.09943915158510208, 0.029083676636219025, 0.05508263409137726, 0.5693843960762024, -0.1112843006849289, 0.031128328293561935, -0.002664007944986224, -0.0026613217778503895, -0.027803471311926842]]","[0.19765767455101013, 0.03939894959330559, -0.393722802400589, 0.19633111357688904, -0.201664000749588, 0.02823784202337265]","[[0.00810510478913784, 0.022407472133636475, 0.006802896969020367]]","[1, 1]",12.511931955,-0.08776365220546722,8,4169,1748251630.0807464,4
"[[-0.048954326659440994, -0.04756369814276695, -0.04815777391195297]]",4175,"[0.49324554204940796, -0.05354379862546921, 0.029989339411258698]","[-0.9790471792221069, -0.9512927532196045, -0.9631190299987793, 0.9874451160430908]",False,"[0.5509312152862549, 0.2375326305627823, 0.029999999329447746]","[[0.57731032371521, 0.04716926068067551, 0.1760924607515335, 0.07027386873960495, 0.49324554204940796, -0.05354379862546921, 0.029989339411258698, -8.75439764058683e-06, 2.1405168808996677e-05, -5.463830348162446e-06]]","[0.03143562376499176, -0.025829926133155823, -0.019114188849925995, -0.028277762234210968, 0.05357282608747482, 0.13179564476013184]","[[-0.02792801335453987, -0.07101781666278839, -0.03214872255921364]]","[1, 1]",12.555351646,-0.2967374622821808,9,4175,1748251630.0951343,1
"[[0.01491490751504898, 0.012344758957624435, -0.002842798363417387]]",4183,"[0.5921480059623718, 0.10585571080446243, 0.043591082096099854]","[0.8693881034851074, 0.9353868961334229, -0.08394396305084229, -0.9603167176246643]",False,"[0.5509312152862549, 0.2375326305627823, 0.029999999329447746]","[[0.5807193517684937, 0.10560265183448792, 0.03576638177037239, 0.056576989591121674, 0.5921480059623718, 0.10585571080446243, 0.043591082096099854, 0.001157183782197535, 0.008320177905261517, 0.002725715981796384]]","[0.41945168375968933, 0.2212374061346054, -2.5022475719451904, 1.3555177450180054, -1.6553428173065186, 0.38892853260040283]","[[0.01425722986459732, 0.009922292083501816, -0.0033372673206031322]]","[1, 1]",12.555548005,-0.13864469528198242,9,4183,1748251630.11345,9
"[[-0.008735233917832375, 0.008478261530399323, -0.049661412835121155]]",4198,"[0.6640501618385315, -0.007758241146802902, 0.029980644583702087]","[-0.17646658420562744, 0.5127506256103516, -0.9939084649085999, 0.8050427436828613]",False,"[0.5354644656181335, 0.29285192489624023, 0.029999999329447746]","[[0.6848235130310059, -0.0046468027867376804, 0.022012067958712578, 0.0797828733921051, 0.6640501618385315, -0.007758241146802902, 0.029980644583702087, 0, 1.5707963705062866, -0.2420036792755127]]","[0.1811118870973587, -0.5516660809516907, -0.7099557518959045, 2.4084672927856445, -1.0328034162521362, 0.31849879026412964]","[[-0.00902211107313633, 0.006310952827334404, -0.049874454736709595]]","[1, 1]",12.615410516,-0.3269568085670471,10,4198,1748251630.1496856,11
"[[0.0436701737344265, -0.023670366033911705, 0.0491485521197319]]",4262,"[0.4295477569103241, -0.16599643230438232, 0.02998952753841877]","[0.8733909130096436, -0.4733998775482178, 0.9827616214752197, 0.9999411106109619]",False,"[0.6613049507141113, -0.16822600364685059, 0.029999999329447746]","[[0.653024435043335, -0.01653156615793705, 0.2110658884048462, 0.07027298212051392, 0.4295477569103241, -0.16599643230438232, 0.02998952753841877, 3.005894996022107e-06, -2.0607802071026526e-05, -2.8306608328421135e-06]]","[0.031227683648467064, -0.03598801791667938, -0.04086983576416969, -0.03561374545097351, 0.07731138169765472, 0.20065416395664215]","[[0.029084768146276474, -0.007138427346944809, 0.0354723297059536]]","[1, 1]",12.731565666,-0.2317679226398468,12,4262,1748251630.2999892,0
"[[8.723139762878418e-05, 0.01473093032836914, -0.0015247873961925507]]",4287,"[0.4645569920539856, 0.09431377798318863, 0.05980861186981201]","[-0.31419694423675537, 0.9327576160430908, -0.6326115727424622, -0.8812659382820129]",False,"[0.41564640402793884, 0.2229476273059845, 0.029999999329447746]","[[0.4719223976135254, 0.08547624200582504, 0.052949585020542145, 0.05729728564620018, 0.4645569920539856, 0.09431377798318863, 0.05980861186981201, -0.005364006385207176, 0.03804397955536842, -0.0061438861303031445]]","[0.31981492042541504, 0.05730536952614784, -1.8845453262329102, 1.350741982460022, -1.1937021017074585, 0.2842332720756531]","[[0.0011830031871795654, 0.008988998830318451, -0.0013868696987628937]]","[1, 1]",12.819457175,-0.140810027718544,13,4287,1748251630.3595893,10
"[[0.0034125931560993195, -0.006737057119607925, 0.004794989712536335]]",4339,"[0.4564874768257141, 0.10437846928834915, 0.09170152992010117]","[0.3802762031555176, -0.9743829965591431, 0.31206750869750977, -0.9810024499893188]",False,"[0.41981735825538635, -0.17378294467926025, 0.029999999329447746]","[[0.4528985321521759, 0.10643867403268814, 0.08446396887302399, 0.05425742268562317, 0.4564874768257141, 0.10437846928834915, 0.09170152992010117, 0.027199827134609222, -0.040956925600767136, -0.020918387919664383]]","[0.35886886715888977, -0.01165296882390976, -2.3457136154174805, 1.7215399742126465, -1.5819580554962158, 0.2951588034629822]","[[0.0032444484531879425, -0.009652737528085709, 0.004624654538929462]]","[1, 1]",12.911964121,-0.2872726023197174,16,4339,1748251630.4797792,12
"[[-0.04369918629527092, -0.04769228771328926, -0.04508613795042038]]",4349,"[0.475171834230423, -0.20638413727283478, 0.029989415779709816]","[-0.8739843368530273, -0.9538367986679077, -0.9017231464385986, 0.9521260261535645]",False,"[0.6919173002243042, 0.13052399456501007, 0.029999999329447746]","[[0.5387940406799316, -0.11676070094108582, 0.13966579735279083, 0.07881757616996765, 0.475171834230423, -0.20638413727283478, 0.029989415779709816, 3.006697852470097e-06, -2.43706217588624e-05, -8.480304131808225e-06]]","[0.017381707206368446, -0.028290599584579468, -0.012963362038135529, -0.020310916006565094, 0.021136611700057983, 0.05704280734062195]","[[-0.00992126390337944, -0.005339648574590683, -0.001989554613828659]]","[1, 1]",12.930706773,-0.400606632232666,17,4349,1748251630.504374,2
"[[0.001624089665710926, 0.015191812068223953, -0.012149538844823837]]",4356,"[0.4879179000854492, -0.09720093011856079, 0.029912438243627548]","[0.10994696617126465, 0.8158180713653564, -0.24291324615478516, 0.31427788734436035]",False,"[0.6919173002243042, 0.13052399456501007, 0.029999999329447746]","[[0.4890452027320862, -0.09307575225830078, 0.0218969713896513, 0.08000003546476364, 0.4879179000854492, -0.09720093011856079, 0.029912438243627548, -0.0008991695940494537, -0.00045300365309230983, -0.13625125586986542]]","[0.03887343406677246, 0.24542675912380219, 0.0720323771238327, 0.028678562492132187, 0.11683947592973709, 0.03848792612552643]","[[-3.253202885389328e-05, 0.005134928971529007, -0.0027099214494228363]]","[1, 1]",12.945097065,-0.30573582649230957,17,4356,1748251630.518291,9
"[[0.019122028723359108, 0.043567363172769547, -0.05081555247306824]]",4402,"[0.65452641248703, -0.08275220543146133, 0.030992411077022552]","[0.4476051330566406, 0.8889793157577515, -0.9962567687034607, 0.9370507001876831]",False,"[0.678866982460022, 0.1329435110092163, 0.029999999329447746]","[[0.6561936736106873, -0.09920138120651245, 0.06097988411784172, 0.08000157028436661, 0.65452641248703, -0.08275220543146133, 0.030992411077022552, -0.03208771347999573, 0.0018205430824309587, 0.0016999206272885203]]","[0.10108224302530289, -0.01964549720287323, -0.17012935876846313, 0.07683034241199493, -0.07308927923440933, 0.0008367598056793213]","[[0.00798269547522068, 0.050808172672986984, -0.021601643413305283]]","[1, 1]",13.091253001,-0.21706700325012207,21,4402,1748251630.6212497,3
"[[0.018774140626192093, -0.002825714647769928, 0.029386945068836212]]",4419,"[0.6072753667831421, 0.11053862422704697, 0.03150881081819534]","[0.3972611427307129, -0.9011968970298767, 0.3492114543914795, -0.9561166167259216]",False,"[0.5943820476531982, 0.017829691991209984, 0.029999999329447746]","[[0.6123789548873901, 0.10610181093215942, 0.023975370451807976, 0.05831281840801239, 0.6072753667831421, 0.11053862422704697, 0.03150881081819534, -0.004801011644303799, 0.0013592385221272707, 0.011556488461792469]]","[0.44896262884140015, 0.20109860599040985, -2.567275047302246, 1.3611878156661987, -1.601724624633789, 0.4228060245513916]","[[0.019501972943544388, -0.005868196487426758, 0.030530394986271858]]","[1, 1]",13.092229506,-0.09361335635185242,22,4419,1748251630.6590564,10
"[[-0.006322675384581089, -0.014093127101659775, -0.03149423003196716]]",4443,"[0.4792008399963379, -0.018055548891425133, 0.029987048357725143]","[0.2633399963378906, -0.9678401947021484, -0.6287238597869873, -0.9655534029006958]",False,"[0.43538010120391846, -0.13739976286888123, 0.029999999329447746]","[[0.5044652223587036, -0.03150061517953873, 0.021842004731297493, 0.051655516028404236, 0.4792008399963379, -0.018055548891425133, 0.029987048357725143, -1.5686537027359009, -0.0018871439388021827, -0.018241873010993004]]","[-0.0380265936255455, -1.3497065305709839, 1.3802883625030518, 3.786022901535034, -0.4308779537677765, 0.43451184034347534]","[[-0.006948255933821201, -0.013686347752809525, -0.031795136630535126]]","[1, 1]",13.141835646,-0.12713496387004852,23,4443,1748251630.7142165,22
"[[-0.003109309123829007, -0.019977260380983353, -0.04499981552362442]]",4469,"[0.6571084856987, 0.2407725751399994, 0.042076949030160904]","[-0.05260652303695679, -0.3511158227920532, -0.9049352407455444, 0.5739297866821289]",False,"[0.48762616515159607, 0.2024463266134262, 0.029999999329447746]","[[0.669309139251709, 0.23874659836292267, 0.046117763966321945, 0.08011175692081451, 0.6571084856987, 0.2407725751399994, 0.042076949030160904, -0.9090757369995117, 0.0007496174657717347, 0.0041617099195718765]]","[0.37883472442626953, 0.18285562098026276, -1.9610795974731445, 1.0863476991653442, -1.1343116760253906, 0.31771427392959595]","[[-0.0061000315472483635, -0.02082597091794014, -0.040884263813495636]]","[1, 1]",13.231376897,-0.17418095469474792,25,4469,1748251630.7718658,7
"[[-0.01891247369349003, -0.018590303137898445, -0.05028099939227104]]",4483,"[0.498833030462265, -0.11588118970394135, 0.03502069041132927]","[-0.3864886164665222, -0.5366184115409851, -0.9524842500686646, 0.5033936500549316]",False,"[0.6590054631233215, 0.08862139284610748, 0.029999999329447746]","[[0.49987271428108215, -0.12041039019823074, 0.03321646526455879, 0.0799979418516159, 0.498833030462265, -0.11588118970394135, 0.03502069041132927, 0.18293780088424683, -0.0015541176544502378, 0.005196316167712212]]","[0.3012736737728119, 0.05303054675459862, -0.826225996017456, 0.43602216243743896, -0.32918408513069153, 0.03371863067150116]","[[-0.007714549079537392, -0.004097754135727882, -0.016250208020210266]]","[1, 1]",13.233704432,-0.2598109245300293,26,4483,1748251630.8063827,4
"[[-0.0015937179559841752, 0.04691227898001671, -0.049020539969205856]]",4540,"[0.6570772528648376, 0.07042403519153595, 0.02998943440616131]","[-0.03187674283981323, 0.9382544755935669, -0.9804126620292664, 0.9882118701934814]",False,"[0.4484553337097168, -0.1509310007095337, 0.029999999329447746]","[[0.6305676102638245, -0.03371172398328781, 0.11381390690803528, 0.07027387619018555, 0.6570772528648376, 0.07042403519153595, 0.02998943440616131, 3.006569613717147e-06, -2.377380405960139e-05, -5.656060693581821e-06]]","[0.03140094131231308, -0.025906041264533997, -0.019037064164876938, -0.028387539088726044, 0.053564876317977905, 0.13178907334804535]","[[0.0057668001390993595, 0.057267554104328156, 0.007242605090141296]]","[1, 1]",13.387754918,-0.30417293310165405,29,4540,1748251630.9460545,1
"[[-0.0049705058336257935, -0.021231768652796745, -0.0453653521835804]]",4601,"[0.6656181812286377, 0.2848697900772095, 0.04040342569351196]","[-0.15761643648147583, -0.5792688727378845, -0.9418647885322571, 0.9032458066940308]",False,"[0.5047128200531006, 0.22632615268230438, 0.029999999329447746]","[[0.6778913736343384, 0.279144287109375, 0.042722225189208984, 0.07999278604984283, 0.6656181812286377, 0.2848697900772095, 0.04040342569351196, -1.0706617832183838, -0.00073795992648229, 0.015072832815349102]]","[0.3898909389972687, 0.18908843398094177, -2.1900081634521484, 1.170737862586975, -1.3213186264038086, 0.37453728914260864]","[[-0.005215540528297424, -0.024058816954493523, -0.03318541496992111]]","[1, 1]",13.540301497,-0.17154045403003693,33,4601,1748251631.1121352,9
"[[-0.028435274958610535, 0.019632304087281227, -0.027122465893626213]]",4606,"[0.58489590883255, 0.2101987600326538, 0.030157629400491714]","[-0.9758588671684265, 0.560960054397583, -0.5388902425765991, -0.787692666053772]",False,"[0.5047128200531006, 0.22632615268230438, 0.029999999329447746]","[[0.5921836495399475, 0.2221539318561554, 0.022578680887818336, 0.05501336604356766, 0.58489590883255, 0.2101987600326538, 0.030157629400491714, -1.5640584230422974, -0.0010845988290384412, 0.0171966515481472]]","[0.43901675939559937, -0.40688103437423706, -0.7292494177818298, 1.6761893033981323, -1.54702627658844, 0.47046875953674316]","[[-0.02666853368282318, 0.0011315885931253433, -0.024991493672132492]]","[1, 1]",13.56149151,-0.0817890390753746,33,4606,1748251631.13235,14
"[[-0.030912339687347412, 0.038498520851135254, -0.03693797439336777]]",4627,"[0.5587151050567627, 0.18011027574539185, 0.02998896688222885]","[-0.6182301044464111, 0.7699757814407349, -0.7387632727622986, 0.17446362972259521]",False,"[0.5319516658782959, 0.2353583127260208, 0.029999999329447746]","[[0.5921808481216431, 0.02737661451101303, 0.12593962252140045, 0.028256379067897797, 0.5587151050567627, 0.18011027574539185, 0.02998896688222885, -4.337637437856756e-05, -6.188112365634879e-06, -6.86728617438348e-06]]","[0.03139950707554817, -0.025889262557029724, -0.01902839168906212, -0.028372906148433685, 0.05357695370912552, 0.1317855268716812]","[[-0.005287468433380127, 0.014021433889865875, 0.005200441926717758]]","[1, 1]",13.627233171,-0.06138915568590164,35,4627,1748251631.200286,1
"[[0.003761589527130127, -0.049108389765024185, -0.037277258932590485]]",4637,"[0.632798433303833, -0.1767660677433014, 0.029989905655384064]","[0.07523655891418457, -0.9821716547012329, -0.7455441951751709, 0.7217347621917725]",False,"[0.6471891403198242, 0.07143969088792801, 0.029999999329447746]","[[0.6266161203384399, -0.10894537717103958, 0.09587006270885468, 0.07999973744153976, 0.632798433303833, -0.1767660677433014, 0.029989905655384064, 1.0707047977120965e-06, 2.3649458853469696e-06, 4.145880666328594e-05]]","[0.1595972627401352, 0.054122477769851685, 0.040689561516046524, -0.012306153774261475, 0.005048938095569611, -0.03154239058494568]","[[0.007205069065093994, -0.00774184986948967, 0.004555251449346542]]","[1, 1]",13.652092572,-0.2486225962638855,36,4637,1748251631.2247932,5
"[[0.0799148678779602, 0.009802628308534622, -0.04529983550310135]]",4662,"[0.41910141706466675, 0.08646383136510849, 0.029869260266423225]","[0.5141663551330566, 0.5920902490615845, -0.9947830438613892, 0.5324200391769409]",False,"[0.443980872631073, 0.18248499929904938, 0.029999999329447746]","[[0.5546349287033081, 0.12255201488733292, 0.0024062383454293013, 0.08001278340816498, 0.41910141706466675, 0.08646383136510849, 0.029869260266423225, 0.9499443769454956, 1.5539846420288086, 0.7081355452537537]]","[0.3103193938732147, -0.4118138253688812, -0.30238771438598633, 1.8797482252120972, -1.1062166690826416, 0.37625765800476074]","[[0.021052896976470947, 0.013213183730840683, -0.04605639725923538]]","[1, 1]",13.743803721,-0.09919208288192749,37,4662,1748251631.3050537,11
"[[0.007790029048919678, 0.01410774327814579, -0.02764517068862915]]",4663,"[0.3741239905357361, 0.10206065326929092, 0.029912563040852547]","[-0.7437479496002197, 0.5940912961959839, -0.5520373582839966, 0.3496227264404297]",False,"[0.443980872631073, 0.18248499929904938, 0.029999999329447746]","[[0.5353233218193054, 0.14156578481197357, 0.00501517578959465, 0.08000306785106659, 0.3741239905357361, 0.10206065326929092, 0.029912563040852547, 0, 1.5707963705062866, -0.32673823833465576]]","[0.12780295312404633, -0.5936863422393799, -0.15594202280044556, 2.275346040725708, -0.8466413617134094, 0.3197588324546814]","[[-0.0178757905960083, 0.010690795257687569, -0.03021080605685711]]","[1, 1]",13.743844347,-0.10652731359004974,37,4663,1748251631.3071208,12
"[[0.0017886641435325146, -0.019739042967557907, -0.05678129568696022]]",4741,"[0.5947400331497192, -0.2888009548187256, 0.04152914509177208]","[0.10442113876342773, -0.7031079530715942, -0.9103074073791504, 0.852931022644043]",False,"[0.47174179553985596, 0.0012076616985723376, 0.029999999329447746]","[[0.6076731085777283, -0.2890303432941437, 0.04296693578362465, 0.08000122755765915, 0.5947400331497192, -0.2888009548187256, 0.04152914509177208, 0.33406975865364075, 0.1208246648311615, 0.148424431681633]]","[0.7802973389625549, 0.377746045589447, -3.2617669105529785, 1.8236652612686157, -0.9494203329086304, 0.17619290947914124]","[[0.0005184891633689404, -0.00565488263964653, -0.02089790254831314]]","[1, 1]",13.939423337000001,-0.3152244985103607,41,4741,1748251631.4704242,10
"[[-0.002272105310112238, 0.028428837656974792, -0.005812239367514849]]",4761,"[0.5939934253692627, 0.04928170144557953, 0.030175620689988136]","[0.0910954475402832, 0.9335640668869019, -0.12510371208190918, -0.8408480286598206]",False,"[0.5569425225257874, 0.127166748046875, 0.029999999329447746]","[[0.5964542627334595, 0.05923020839691162, 0.021803004667162895, 0.05802837014198303, 0.5939934253692627, 0.04928170144557953, 0.030175620689988136, -0.006562267895787954, 0.00018628397083375603, -0.004635760560631752]]","[0.09735869616270065, -0.13938960433006287, -1.582899570465088, 1.6655566692352295, -0.8065313696861267, 0.1383395493030548]","[[-0.0038432241417467594, 0.023075930774211884, -0.0057847690768539906]]","[1, 1]",13.949092504,-0.08624893426895142,42,4761,1748251631.5209522,11
"[[-0.04561381787061691, 0.036657895892858505, -0.03300438076257706]]",4766,"[0.4069603383541107, 0.13105404376983643, 0.029989873990416527]","[-0.9122799038887024, 0.7331554889678955, -0.6600877046585083, -0.08362340927124023]",False,"[0.47228413820266724, 0.2544408142566681, 0.029999999329447746]","[[0.5414848923683167, 0.026462670415639877, 0.16188079118728638, 0.05338907241821289, 0.4069603383541107, 0.13105404376983643, 0.029989873990416527, -2.8357405881251907e-06, 8.456109753751662e-06, 6.5246736085100565e-06]]","[0.017394905909895897, -0.02829202264547348, -0.013020701706409454, -0.020282231271266937, 0.021106474101543427, 0.05703825503587723]","[[-0.012761227786540985, 0.0011869408190250397, -0.004775684326887131]]","[1, 1]",13.959909037,-0.13961194455623627,43,4766,1748251631.533561,2
"[[0.004331301897764206, 0.0055678486824035645, -0.00020898878574371338]]",4849,"[0.6216081380844116, -0.22329822182655334, 0.03989904746413231]","[0.7018616199493408, 0.9609901905059814, 0.1308959722518921, -0.8880748748779297]",False,"[0.5608200430870056, 0.08336804062128067, 0.029999999329447746]","[[0.5985924005508423, -0.2121456116437912, 0.03160348907113075, 0.05793733149766922, 0.6216081380844116, -0.22329822182655334, 0.03989904746413231, 0.001153174671344459, -0.05541827157139778, -0.2453903704881668]]","[0.4584012031555176, -0.4299060106277466, -0.8339532613754272, 1.614956259727478, -1.8287240266799927, 0.5427443981170654]","[[0.003738176077604294, 0.0045131295919418335, 0.0008822772651910782]]","[1, 1]",14.191275019,-0.3127896785736084,47,4849,1748251631.7205546,14
"[[-0.04416694864630699, 0.037222970277071, -0.00840592011809349]]",4953,"[0.4711427390575409, 0.14978499710559845, 0.029990006238222122]","[-0.8834152817726135, 0.7448283433914185, -0.16811418533325195, 0.6503353118896484]",False,"[0.5013362169265747, -0.22273358702659607, 0.029999999329447746]","[[0.4829176664352417, 0.15950343012809753, 0.06704913079738617, 0.08002100884914398, 0.4711427390575409, 0.14978499710559845, 0.029990006238222122, -5.735764148084854e-07, -1.137305048359849e-06, 0.00016367255011573434]]","[0.15960757434368134, 0.054128263145685196, 0.04070516303181648, -0.01231730729341507, 0.005053512752056122, -0.03154532611370087]","[[-0.003203596919775009, 0.00459863618016243, 0.008868163451552391]]","[1, 30]",14.568640551,-0.37374022603034973,2,4953,1748251632.1419635,5
"[[-0.043586891144514084, -0.005224613472819328, -0.0496840663254261]]",4972,"[0.5700909495353699, -0.18654704093933105, 0.029985833913087845]","[-0.8718474507331848, -0.4393693208694458, -0.9932704567909241, -0.9215816259384155]",False,"[0.5013362169265747, -0.22273358702659607, 0.029999999329447746]","[[0.5597624182701111, -0.19953127205371857, 0.023519132286310196, 0.05242898687720299, 0.5700909495353699, -0.18654704093933105, 0.029985833913087845, -8.272571722045541e-05, -2.8710230253636837e-05, -0.004240265116095543]]","[0.10593012720346451, -0.7290209531784058, 2.059095859527588, 2.07816481590271, -0.5676321387290955, 0.645298421382904]","[[-0.04195515438914299, -0.0024884920567274094, -0.049971576780080795]]","[1, 30]",14.663276147,-0.0776960626244545,2,4972,1748251632.1939032,24
"[[-0.035777248442173004, 0.016120057553052902, -0.0012346908915787935]]",4985,"[0.5708919167518616, -0.23525293171405792, 0.02998628094792366]","[-0.8248217105865479, 0.2606525421142578, -0.024373888969421387, -0.017502427101135254]",False,"[0.5013362169265747, -0.22273358702659607, 0.029999999329447746]","[[0.522051215171814, -0.23464560508728027, 0.025626542046666145, 0.049749113619327545, 0.5708919167518616, -0.23525293171405792, 0.02998628094792366, -0.0001232711656484753, 3.386205946753762e-07, 0.03765466436743736]]","[-0.14800579845905304, -2.148386001586914, 2.809432029724121, 5.710920333862305, 1.1323113441467285, 0.28884726762771606]","[[-0.014819242060184479, 0.005747717805206776, 0.0005101531278342009]]","[1, 30]",14.663709111,-0.0706733837723732,2,4985,1748251632.231662,37
"[[-0.020089833065867424, -0.029516667127609253, 0.013661816716194153]]",5008,"[0.6861040592193604, 0.12888243794441223, 0.029989996924996376]","[-0.38465195894241333, -0.6394842267036438, 0.2732365131378174, -0.051093876361846924]",False,"[0.6687089800834656, -0.13355618715286255, 0.029999999329447746]","[[0.6954048275947571, 0.11449699103832245, 0.02683890610933304, 0.06422127783298492, 0.6861040592193604, 0.12888243794441223, 0.029989996924996376, 1.3193398729072214e-07, -3.2209729283749766e-07, -0.013618502765893936]]","[-0.03939483314752579, 0.2771371901035309, 0.09393660724163055, 0.030516497790813446, 0.12777461111545563, 0.0641302615404129]","[[-0.01212569884955883, -0.014628395438194275, 0.009213369339704514]]","[1, 30]",14.731681976,-0.2630144953727722,3,5008,1748251632.278822,10
"[[0.029237497597932816, -0.04528719186782837, 0.036111753433942795]]",5020,"[0.6695679426193237, 0.08776133507490158, 0.029980644583702087]","[0.6249377727508545, -0.9788712859153748, 0.7195364236831665, -0.6719735860824585]",False,"[0.6687089800834656, -0.13355618715286255, 0.029999999329447746]","[[0.677384614944458, 0.07210785895586014, 0.023578736931085587, 0.05101567134261131, 0.6695679426193237, 0.08776133507490158, 0.029980644583702087, -0.0003095672291237861, -2.3195348148874473e-06, 0.044608380645513535]]","[-0.14007212221622467, -0.1851184368133545, 1.1618728637695312, 1.0638285875320435, -0.8556427955627441, 0.5151558518409729]","[[0.02624349668622017, -0.045228324830532074, 0.03554655984044075]]","[1, 30]",14.775377384,-0.22131919860839844,3,5020,1748251632.3121383,22
"[[-0.01857457123696804, -0.044308483600616455, -0.005520808044821024]]",5043,"[0.7328517436981201, -0.019921747967600822, 0.0309433750808239]","[-0.38297247886657715, -0.9170080423355103, -0.10107976198196411, 0.6731129884719849]",False,"[0.6687089800834656, -0.13355618715286255, 0.029999999329447746]","[[0.744615912437439, -0.03066321462392807, 0.024494793266057968, 0.08015875518321991, 0.7328517436981201, -0.019921747967600822, 0.0309433750808239, 0.03230087086558342, 3.6092337722948287e-06, -0.07888374477624893]]","[0.029822269454598427, -3.817124128341675, 2.932748317718506, 10.251133918762207, 2.9820570945739746, -0.03665389120578766]","[[-0.018325483426451683, -0.04489757865667343, -0.005482551176100969]]","[1, 30]",14.801737155,-0.13049127161502838,3,5043,1748251632.3744216,45
"[[0.0022946924436837435, -0.02911163493990898, 0.016154922544956207]]",5061,"[0.5686933398246765, 0.12638850510120392, 0.030003167688846588]","[-0.009279787540435791, -0.9554140567779541, 0.3205852508544922, -0.5253697633743286]",False,"[0.6816809773445129, -0.22266146540641785, 0.029999999329447746]","[[0.5704831480979919, 0.11213144659996033, 0.02735874429345131, 0.05193568766117096, 0.5686933398246765, 0.12638850510120392, 0.030003167688846588, 0.00043257491779513657, -6.353473509079777e-06, 0.04771741107106209]]","[-0.18412993848323822, 0.3658301830291748, -0.001987982541322708, 0.08231090009212494, -0.2619340717792511, 0.23290973901748657]","[[0.00533584039658308, -0.02816055342555046, 0.015528582036495209]]","[1, 30]",14.847922094,-0.3668815791606903,4,5061,1748251632.4177473,13
"[[0.005954450462013483, 0.046883054077625275, 0.009184593334794044]]",5081,"[0.5869824886322021, -0.23808765411376953, 0.029990041628479958]","[0.08783352375030518, 0.9915710687637329, 0.18369615077972412, -0.23888146877288818]",False,"[0.5735684633255005, 0.26282280683517456, 0.029999999329447746]","[[0.5671356916427612, -0.22928676009178162, 0.02739623375236988, 0.06283733993768692, 0.5869824886322021, -0.23808765411376953, 0.029990041628479958, -3.446117943894933e-06, 4.126809017179767e-06, -0.08087222278118134]]","[0.14392438530921936, 0.1603957712650299, 0.06496614217758179, 0.0006636828184127808, 0.06634362041950226, -0.002609357237815857]","[[0.01569504104554653, 0.05008497089147568, 0.006977468729019165]]","[1, 30]",14.893912646,-0.5010900497436523,5,5081,1748251632.4668922,7
"[[0.006057679653167725, 0.025256499648094177, 0.020195147022604942]]",5113,"[0.6370341777801514, 0.051311034709215164, 0.029988130554556847]","[0.10282635688781738, 0.9049371480941772, 0.40358293056488037, -0.40969645977020264]",False,"[0.5735684633255005, 0.26282280683517456, 0.029999999329447746]","[[0.6196140050888062, 0.06998853385448456, 0.028119303286075592, 0.04816810414195061, 0.6370341777801514, 0.051311034709215164, 0.029988130554556847, -1.5812340279808268e-05, -5.849475564900786e-05, -0.09364441782236099]]","[0.12377778440713882, -2.1477832794189453, 2.7070460319519043, 5.685063362121582, 1.199386715888977, 0.29274624586105347]","[[0.006290793418884277, 0.025386519730091095, 0.02019403502345085]]","[1, 30]",14.98076466,-0.22082827985286713,5,5113,1748251632.5540662,39
"[[-0.04551953822374344, 0.037426404654979706, -0.04623674601316452]]",5153,"[0.5934137105941772, 0.009712825529277325, 0.03002232313156128]","[-0.9571374654769897, 0.784369945526123, -0.9305185079574585, -0.8873670697212219]",False,"[0.5325655341148376, 0.021079741418361664, 0.029999999329447746]","[[0.5914275050163269, 0.025308340787887573, 0.02318502776324749, 0.05038236081600189, 0.5934137105941772, 0.009712825529277325, 0.03002232313156128, -0.0010731425136327744, 1.8451728465151973e-06, -0.06518404930830002]]","[0.15356563031673431, -0.8063784837722778, 2.0548932552337646, 2.1076481342315674, -0.24564161896705627, 0.5959057807922363]","[[-0.044101782143116, 0.03762592375278473, -0.046467892825603485]]","[1, 30]",15.123339472,-0.061900798231363297,6,5153,1748251632.6605663,29
"[[0.02085014060139656, 0.019543863832950592, -0.002080017002299428]]",5170,"[0.5778464674949646, -0.00592663511633873, 0.02998998388648033]","[0.4170039892196655, 0.3908764123916626, -0.04159963130950928, 0.7485936880111694]",False,"[0.5325655341148376, 0.021079741418361664, 0.029999999329447746]","[[0.586199164390564, 0.023031411692500114, 0.08973977714776993, 0.08000000566244125, 0.5778464674949646, -0.00592663511633873, 0.02998998388648033, 3.4652319413908117e-07, 1.8062769413518254e-07, 0.6118898987770081]]","[-0.09013613313436508, -4.291782855987549, 2.8844399452209473, 11.776551246643066, 3.8537142276763916, -0.14790605008602142]","[[0.006769377738237381, 0.0038861632347106934, -0.000681611942127347]]","[1, 30]",15.167431075,-0.05272293463349342,6,5170,1748251632.7053256,46
"[[-0.00035654904786497355, -0.037634190171957016, 0.01340420637279749]]",5209,"[0.5822027325630188, -0.17539505660533905, 0.029989881440997124]","[0.035976290702819824, -0.8692412376403809, 0.26461970806121826, -0.950350821018219]",False,"[0.4899519383907318, -0.19265957176685333, 0.029999999329447746]","[[0.5796234011650085, -0.19412308931350708, 0.022138450294733047, 0.04702157527208328, 0.5822027325630188, -0.17539505660533905, 0.029989881440997124, -4.362417712400202e-06, -3.640048475972435e-07, 0.04461177438497543]]","[-0.06406231969594955, -1.859622597694397, 2.896397113800049, 4.892617225646973, 0.7470901012420654, 0.40016674995422363]","[[-0.00020270945969969034, -0.03891363367438316, 0.013287927024066448]]","[1, 30]",15.232757035,-0.09385240077972412,7,5209,1748251632.8054879,35
"[[-0.014915662817656994, -0.049097269773483276, -0.025255288928747177]]",5228,"[0.5443105101585388, -0.1990741342306137, 0.02998996153473854]","[-0.2983132600784302, -0.9819453954696655, -0.505103588104248, 0.9788774251937866]",False,"[0.41444313526153564, 0.07306963205337524, 0.029999999329447746]","[[0.5311612486839294, -0.13436612486839294, 0.0775589793920517, 0.07999788969755173, 0.5443105101585388, -0.1990741342306137, 0.02998996153473854, 3.524644398567034e-07, 1.21373727779428e-06, 2.883303568523843e-05]]","[0.12524951994419098, 0.004385009407997131, 0.026133667677640915, -0.018109403550624847, -0.016252733767032623, -0.032089561223983765]","[[0.0012833299115300179, -0.0077794864773750305, 0.004075529053807259]]","[1, 30]",15.303515386,-0.3015423119068146,8,5228,1748251632.8443844,4
"[[0.0227265115827322, -0.03520924597978592, 0.03301385045051575]]",5256,"[0.5889894366264343, 0.052645493298769, 0.029989300295710564]","[0.5838878154754639, -0.8183506727218628, 0.6602731943130493, -0.6742514967918396]",False,"[0.41444313526153564, 0.07306963205337524, 0.029999999329447746]","[[0.600179135799408, 0.04037994518876076, 0.0367443822324276, 0.05452011525630951, 0.5889894366264343, 0.052645493298769, 0.029989300295710564, -2.3466496713808738e-05, -3.8290050952127785e-07, -0.05398273840546608]]","[-0.15980525314807892, -1.7118124961853027, 2.4526872634887695, 4.556147575378418, 0.4783534109592438, 0.4023595452308655]","[[0.022803282365202904, -0.035529740154743195, 0.03295786678791046]]","[1, 30]",15.34794814,-0.1757371872663498,8,5256,1748251632.9147153,32
"[[-0.007489675190299749, 0.03908292576670647, -0.02872876264154911]]",5279,"[0.5390827059745789, 0.1991235464811325, 0.029989980161190033]","[-0.14979588985443115, 0.781987190246582, -0.5745749473571777, 0.8776333332061768]",False,"[0.4356025159358978, -0.1328677386045456, 0.029999999329447746]","[[0.5326269268989563, 0.19765742123126984, 0.061580538749694824, 0.07336671650409698, 0.5390827059745789, 0.1991235464811325, 0.029989980161190033, -1.7354851706841146e-06, -1.2391765267238952e-06, 2.6614558009896427e-05]]","[0.1595960408449173, 0.05412127450108528, 0.04068531468510628, -0.01230301707983017, 0.005049325525760651, -0.03154146671295166]","[[-0.006935471203178167, 0.0076547227799892426, -0.01636713184416294]]","[1, 30]",15.403776296,-0.3477446734905243,9,5279,1748251632.9658012,5
"[[0.01766958273947239, 0.027992963790893555, 0.02670515514910221]]",5378,"[0.6261349320411682, 0.03815070912241936, 0.029992055147886276]","[0.5645303726196289, 0.8155182600021362, 0.5341492891311646, -0.5359644889831543]",False,"[0.4281734526157379, 0.24373507499694824, 0.029999999329447746]","[[0.6174176335334778, 0.055501654744148254, 0.03174418956041336, 0.050465427339076996, 0.6261349320411682, 0.03815070912241936, 0.029992055147886276, -7.171445759013295e-05, 8.069109185271373e-07, -0.03756382316350937]]","[-0.06954308599233627, -1.6281657218933105, 2.778080940246582, 4.243197441101074, 0.4107624590396881, 0.47665417194366455]","[[0.017737234011292458, 0.024533197283744812, 0.02643943391740322]]","[1, 30]",15.647987812,-0.2854008972644806,11,5378,1748251633.220412,34
"[[0.007549596019089222, -0.02648378722369671, 0.010609797202050686]]",5387,"[0.6846085786819458, 0.17748557031154633, 0.0301336869597435]","[0.1806166172027588, -0.467399001121521, 0.21519017219543457, 0.7764625549316406]",False,"[0.4281734526157379, 0.24373507499694824, 0.029999999329447746]","[[0.6988411545753479, 0.16630172729492188, 0.061418283730745316, 0.0802268534898758, 0.6846085786819458, 0.17748557031154633, 0.0301336869597435, 0.004876466002315283, -2.1794630811200477e-06, 0.008053931407630444]]","[0.07421234995126724, -3.3978052139282227, 2.849478244781494, 9.130240440368652, 2.5592706203460693, 0.04159221053123474]","[[0.004509699530899525, -0.013873917981982231, 0.00245863851159811]]","[1, 30]",15.670379012,-0.26485466957092285,11,5387,1748251633.2431579,43
"[[0.015391063876450062, 0.046499498188495636, 0.014546981081366539]]",5400,"[0.5737255215644836, -0.1379202902317047, 0.03024302050471306]","[0.2962687015533447, 0.9658981561660767, 0.2960013151168823, -0.6772250533103943]",False,"[0.5322964787483215, 0.06191619858145714, 0.029999999329447746]","[[0.565872311592102, -0.12273569405078888, 0.022725330665707588, 0.05356749892234802, 0.5737255215644836, -0.1379202902317047, 0.03024302050471306, -0.008473961614072323, 2.6230923140246887e-06, -0.029490604996681213]]","[0.18367765843868256, 0.11334513127803802, -0.03172617405653, 0.04268493503332138, 0.007356129586696625, -0.01617284119129181]","[[0.018852125853300095, 0.039098434150218964, 0.020827140659093857]]","[1, 30]",15.70008865,-0.20408588647842407,12,5400,1748251633.2725842,6
"[[0.023379694670438766, 0.030811291188001633, 0.006669301073998213]]",5405,"[0.5995192527770996, -0.10592043399810791, 0.0299764946103096]","[0.6745007038116455, 0.7612030506134033, 0.13133978843688965, -0.4854750633239746]",False,"[0.5322964787483215, 0.06191619858145714, 0.029999999329447746]","[[0.594569742679596, -0.08989221602678299, 0.022347301244735718, 0.050524283200502396, 0.5995192527770996, -0.10592043399810791, 0.0299764946103096, 0.00044942853855900466, 1.6626427168375812e-06, -0.025156717747449875]]","[-0.06808258593082428, 0.31147897243499756, -0.03108300268650055, 0.09298071265220642, -0.0028891488909721375, 0.12650471925735474]","[[0.019876133650541306, 0.028166916221380234, 0.0069952248595654964]]","[1, 30]",15.714387689,-0.18079833686351776,12,5405,1748251633.2869003,11
"[[-0.0413748137652874, 0.044715721160173416, -0.036720387637615204]]",5422,"[0.6029399633407593, -0.03344206511974335, 0.029989831149578094]","[-0.8915534019470215, 0.9417555332183838, -0.7344094514846802, -0.8525177836418152]",False,"[0.5322964787483215, 0.06191619858145714, 0.029999999329447746]","[[0.6000260710716248, -0.01954895816743374, 0.02603936195373535, 0.05213521793484688, 0.6029399633407593, -0.03344206511974335, 0.029989831149578094, 1.4974912119214423e-06, 7.002748134254944e-06, -0.08578934520483017]]","[0.2059846967458725, -0.8817362189292908, 2.0940988063812256, 2.3728463649749756, -0.20560762286186218, 0.5950547456741333]","[[-0.04057694599032402, 0.045463405549526215, -0.03667134791612625]]","[1, 30]",15.763708332,-0.11867476999759674,12,5422,1748251633.333655,28
"[[0.01821073330938816, 0.038726143538951874, 0.02519076317548752]]",5428,"[0.6096163988113403, -0.005360208451747894, 0.029989516362547874]","[0.4885368347167969, 0.9284112453460693, 0.5038096904754639, -0.7086183428764343]",False,"[0.5322964787483215, 0.06191619858145714, 0.029999999329447746]","[[0.5979154109954834, 0.00920841097831726, 0.02625018171966076, 0.05410582944750786, 0.6096163988113403, -0.005360208451747894, 0.029989516362547874, -2.0683954062405974e-05, -2.8414901862561237e-06, -0.0628494992852211]]","[-0.14193351566791534, -1.600442886352539, 2.713894844055176, 4.201228141784668, 0.3800887167453766, 0.4657043218612671]","[[0.018086934462189674, 0.039480067789554596, 0.025184564292430878]]","[1, 30]",15.807442262,-0.10249139368534088,12,5428,1748251633.350843,34
"[[-0.032275017350912094, -0.0008672155672684312, -0.012486948631703854]]",5490,"[0.5439257025718689, 0.01677466370165348, 0.029989292845129967]","[-0.6455086469650269, -0.017364799976348877, -0.24975311756134033, 0.8105407953262329]",False,"[0.4424739480018616, 0.04005861282348633, 0.029999999329447746]","[[0.4177071154117584, 0.010769614018499851, 0.04935292527079582, 0.07999994605779648, 0.5439257025718689, 0.01677466370165348, 0.029989292845129967, 3.250146983191371e-05, 6.193290118972072e-06, -0.02883550524711609]]","[0.12403479963541031, -4.0061750411987305, 2.9114933013916016, 10.851287841796875, 3.2594962120056152, -0.061399608850479126]","[[-0.008918549865484238, 0.0007102837553247809, -0.004096156917512417]]","[1, 30]",15.93345533,-0.10408938676118851,13,5490,1748251633.5069914,46
"[[0.04153217002749443, 0.04398241266608238, 0.017891163006424904]]",5505,"[0.6954271197319031, -0.2995849549770355, 0.02998989075422287]","[0.8306410312652588, 0.8796482086181641, 0.3578214645385742, 0.038129329681396484]",False,"[0.6163018345832825, 0.10480459779500961, 0.029999999329447746]","[[0.6874027252197266, -0.30335551500320435, 0.02324538677930832, 0.08000373840332031, 0.6954271197319031, -0.2995849549770355, 0.02998989075422287, -2.3387883629766293e-08, -3.6327626276033698e-06, -3.5676523111760616e-05]]","[-0.1258230358362198, 0.3048413097858429, 0.11826330423355103, 0.0230054073035717, 0.10855124890804291, 0.09533299505710602]","[[0.04945255443453789, 0.04070010408759117, 0.038562171161174774]]","[1, 30]",15.961928113,-0.41205790638923645,14,5505,1748251633.534818,11
"[[-0.003318268107250333, 0.01141592301428318, -0.015091367065906525]]",5548,"[0.6772359609603882, 0.08933155983686447, 0.03033425100147724]","[-0.05500352382659912, 0.2547513246536255, -0.29493051767349243, -0.059530675411224365]",False,"[0.6232159733772278, 0.29478883743286133, 0.029999999329447746]","[[0.6837561130523682, 0.09905309975147247, 0.02411375753581524, 0.0761207565665245, 0.6772359609603882, 0.08933155983686447, 0.03033425100147724, -0.011547005735337734, 8.435200470557902e-06, 0.02512180432677269]]","[0.13905850052833557, 0.007347822189331055, -0.026511583477258682, 0.011888660490512848, -0.0332602933049202, -0.03000722825527191]","[[8.873338811099529e-05, 0.014242464676499367, -0.0007547885179519653]]","[1, 30]",16.072014872,-0.21244049072265625,15,5548,1748251633.6408327,4
"[[0.007693177554756403, -0.018294451758265495, -0.0005625251797027886]]",5592,"[0.7369734644889832, 0.25087055563926697, 0.029989924281835556]","[0.15493881702423096, -0.36657506227493286, -0.011367440223693848, 0.783467173576355]",False,"[0.6232159733772278, 0.29478883743286133, 0.029999999329447746]","[[0.7558289170265198, 0.24816463887691498, 0.02232339046895504, 0.08000719547271729, 0.7369734644889832, 0.25087055563926697, 0.029989924281835556, 9.162578180621495e-07, -3.3056467145797797e-06, 0.28583452105522156]]","[-0.32600101828575134, -4.542109966278076, 2.5687599182128906, 12.5026216506958, 4.690107822418213, -0.3863740563392639]","[[0.003878301475197077, -0.011972887441515923, -0.0013385794591158628]]","[1, 30]",16.270563562,-0.12194090336561203,15,5592,1748251633.7507768,48
"[[0.0018043338786810637, -0.04318951815366745, -0.004258287604898214]]",5624,"[0.6892966628074646, 0.06617363542318344, 0.029989995062351227]","[0.07046782970428467, -0.9043831825256348, -0.08509612083435059, -0.07070964574813843]",False,"[0.6778693199157715, -0.22808347642421722, 0.029999999329447746]","[[0.7010129690170288, 0.054625749588012695, 0.022484855726361275, 0.05687416344881058, 0.6892966628074646, 0.06617363542318344, 0.029989995062351227, 2.6204681489616632e-05, -3.072028266615234e-05, 0.02632507123053074]]","[-0.1128380224108696, 0.30692750215530396, 0.10227487981319427, 0.0293210968375206, 0.09397284686565399, 0.09863562136888504]","[[0.0007061779033392668, -0.04792740195989609, -0.0023450772278010845]]","[1, 30]",16.271798794,-0.2944789230823517,17,5624,1748251633.8264594,11
"[[0.011324524879455566, -0.0436970591545105, 0.006170656066387892]]",5649,"[0.7465210556983948, -0.07131960988044739, 0.029989484697580338]","[0.26744842529296875, -0.9491033554077148, 0.12341129779815674, -0.9235870838165283]",False,"[0.6778693199157715, -0.22808347642421722, 0.029999999329447746]","[[0.7569716572761536, -0.08675973117351532, 0.023144658654928207, 0.04998113960027695, 0.7465210556983948, -0.07131960988044739, 0.029989484697580338, -5.481217158376239e-06, -1.5330693713622168e-05, 0.016412263736128807]]","[-0.23054583370685577, -1.77353835105896, 2.909951686859131, 4.668590545654297, 0.6619367599487305, 0.41312456130981445]","[[0.01024007797241211, -0.04236327111721039, 0.005855479743331671]]","[1, 30]",16.327068409,-0.17113728821277618,17,5649,1748251633.8997614,36
"[[-0.011609906330704689, -0.04980533942580223, -0.022138545289635658]]",5675,"[0.6907213926315308, -0.23818767070770264, 0.02998998761177063]","[-0.23219573497772217, -0.9961071014404297, -0.44276952743530273, 0.7264572381973267]",False,"[0.6765719652175903, 0.20849528908729553, 0.029999999329447746]","[[0.718427836894989, -0.18826374411582947, 0.06918352842330933, 0.07990467548370361, 0.6907213926315308, -0.23818767070770264, 0.02998998761177063, 1.728824656765937e-07, 2.3631794476841606e-07, -0.10168923437595367]]","[-0.17757409811019897, 0.33161404728889465, 0.09362976253032684, 0.03081955760717392, -0.014561496675014496, 0.15486451983451843]","[[-0.013806754723191261, -0.02130315825343132, -0.022261925041675568]]","[1, 30]",16.415367502,-0.44690701365470886,18,5675,1748251633.960039,12
"[[-0.03986751660704613, 0.0476958304643631, -0.044382981956005096]]",5678,"[0.6906145811080933, -0.23782886564731598, 0.03002830408513546]","[-0.799486517906189, 0.9610915184020996, -0.886892557144165, -0.6240857243537903]",False,"[0.6765719652175903, 0.20849528908729553, 0.029999999329447746]","[[0.6998969316482544, -0.22520148754119873, 0.02250826172530651, 0.05496123805642128, 0.6906145811080933, -0.23782886564731598, 0.03002830408513546, -0.0012819995172321796, -5.052019787399331e-06, -0.09743519127368927]]","[-0.2211652398109436, 0.35886818170547485, 0.21732167899608612, -0.08667074888944626, -0.7790640592575073, 0.43062394857406616]","[[-0.03125530108809471, 0.04062485694885254, -0.030196378007531166]]","[1, 30]",16.415487267,-0.4465450048446655,18,5678,1748251633.9664736,15
"[[-0.037065230309963226, 0.03835740685462952, -0.04609046131372452]]",5689,"[0.6600155234336853, -0.1752966195344925, 0.02998986467719078]","[-0.905613124370575, 0.960460901260376, -0.9235799312591553, -0.9101308584213257]",False,"[0.6765719652175903, 0.20849528908729553, 0.029999999329447746]","[[0.6570435166358948, -0.1590031534433365, 0.022736696526408195, 0.049655962735414505, 0.6600155234336853, -0.1752966195344925, 0.02998986467719078, 9.883912753139157e-06, 3.447394874456222e-06, -0.055598627775907516]]","[0.19195635616779327, -0.5673055648803711, 1.8414416313171387, 1.7172671556472778, -0.4619003236293793, 0.6124607920646667]","[[-0.03513403981924057, 0.039024412631988525, -0.046220503747463226]]","[1, 30]",16.459347265,-0.38414886593818665,18,5689,1748251633.9976635,26
"[[-0.007326564751565456, -0.025545494630932808, 0.008917991071939468]]",5745,"[0.409101277589798, -0.054187119007110596, 0.030772218480706215]","[-0.1983897089958191, -0.6034504175186157, 0.1940058469772339, -0.9600056409835815]",False,"[0.6049274802207947, -0.23023958504199982, 0.029999999329447746]","[[0.39587968587875366, -0.0705224871635437, 0.03157700225710869, 0.050909943878650665, 0.409101277589798, -0.054187119007110596, 0.030772218480706215, 0.006416435353457928, 0.01987587846815586, 0.0894932746887207]]","[-0.14446721971035004, 0.3356122076511383, -0.08642116189002991, 0.12678855657577515, -0.04208863526582718, 0.147292360663414]","[[-0.001525810919702053, -0.01974760927259922, 0.006918478757143021]]","[1, 30]",16.603412164,-0.26333051919937134,20,5745,1748251634.1356614,12
"[[0.046823300421237946, -0.04897252097725868, 0.0005193338147364557]]",5795,"[0.6758650541305542, -0.2294350117444992, 0.029989836737513542]","[0.9364719390869141, -0.9794533848762512, 0.010394573211669922, 0.9886935949325562]",False,"[0.4054831266403198, -0.060694947838783264, 0.029999999329447746]","[[0.6424806714057922, -0.10683456063270569, 0.08070050925016403, 0.07985624670982361, 0.6758650541305542, -0.2294350117444992, 0.029989836737513542, -5.9002923080697656e-06, 9.162690730590839e-07, 1.9078035620623268e-05]]","[0.017372045665979385, -0.02830442041158676, -0.012978393584489822, -0.020335949957370758, 0.02116938680410385, 0.057102710008621216]","[[0.029214181005954742, -0.012730445712804794, 0.03635947406291962]]","[1, 30]",16.69603232,-0.31871554255485535,22,5795,1748251634.2694325,2
"[[0.01439552940428257, -0.01388667244464159, -0.04753880202770233]]",5802,"[0.6784340143203735, -0.23341603577136993, 0.029989928007125854]","[0.2879070043563843, -0.277734637260437, -0.9507761001586914, 0.8188722133636475]",False,"[0.4054831266403198, -0.060694947838783264, 0.029999999329447746]","[[0.7134575843811035, -0.1598857194185257, 0.021373089402914047, 0.06405415385961533, 0.6784340143203735, -0.23341603577136993, 0.029989928007125854, -1.5243850839397055e-06, 4.854578605772986e-07, -0.03254164755344391]]","[0.038179103285074234, 0.24434894323349, 0.07366529107093811, 0.026126820594072342, 0.11665310710668564, 0.03949041664600372]","[[-8.172355592250824e-05, -0.028201337903738022, -0.041027069091796875]]","[1, 30]",16.712040562,-0.3230089247226715,22,5802,1748251634.2851079,9
"[[-0.047741446644067764, 0.04644906148314476, -0.049259744584560394]]",5816,"[0.6758074760437012, -0.23119495809078217, 0.029989413917064667]","[-0.9548289179801941, 0.9289904832839966, -0.9851948618888855, 0.5030157566070557]",False,"[0.4054831266403198, -0.060694947838783264, 0.029999999329447746]","[[0.5687271952629089, 0.2336447536945343, 0.006227727513760328, 0.07999955117702484, 0.6758074760437012, -0.23119495809078217, 0.029989413917064667, 2.990966322613531e-06, -2.4389508325839415e-05, 0.047528330236673355]]","[0.042506493628025055, -0.22387048602104187, 1.6080068349838257, 0.9635382294654846, -0.6448264718055725, 0.5451750159263611]","[[-0.018078360706567764, 0.009284209460020065, -0.04915790632367134]]","[1, 30]",16.74259652,-0.3196021020412445,22,5816,1748251634.3159122,23
"[[-0.009472590871155262, -0.04327799007296562, 0.036558810621500015]]",5861,"[0.6797054409980774, 0.03985530510544777, 0.030371658504009247]","[-0.21806204319000244, -0.9768437147140503, 0.7388120889663696, -0.5729050636291504]",False,"[0.5864837169647217, -0.12222155928611755, 0.029999999329447746]","[[0.6752365827560425, 0.02221876196563244, 0.02458847127854824, 0.048534803092479706, 0.6797054409980774, 0.03985530510544777, 0.030371658504009247, 0.012071975506842136, 0.0007231621420942247, 0.07484325021505356]]","[-0.1700322926044464, 0.07089655101299286, -0.12640129029750824, 1.127407193183899, -1.9058061838150024, 0.6848774552345276]","[[0.0020752130076289177, -0.042804792523384094, 0.03434941917657852]]","[1, 30]",16.883439483,-0.1869741678237915,23,5861,1748251634.4210873,18
"[[0.03689972683787346, 0.03124615177512169, 0.047621048986911774]]",5904,"[0.5419066548347473, -0.18100202083587646, 0.02998998947441578]","[0.9346469640731812, 0.7475094795227051, 0.952106237411499, -0.8441159129142761]",False,"[0.6186266541481018, -0.21823585033416748, 0.029999999329447746]","[[0.5456282496452332, -0.16375605762004852, 0.023908469825983047, 0.048212479799985886, 0.5419066548347473, -0.18100202083587646, 0.02998998947441578, 4.7193182695082214e-08, 7.92549883499305e-07, -0.03430355340242386]]","[-0.20573881268501282, 0.1732095181941986, 0.6669231057167053, 0.30043864250183105, -1.0015560388565063, 0.5369660258293152]","[[0.03700093552470207, 0.030196022242307663, 0.04760950431227684]]","[1, 30]",16.999296689,-0.08527787029743195,24,5904,1748251634.5314102,18
"[[-0.0437808595597744, 0.03943488374352455, -0.04817973077297211]]",5974,"[0.7115584015846252, -0.017368070781230927, 0.029989073053002357]","[-0.9039293527603149, 0.7998974323272705, -0.9636008143424988, -0.9146219491958618]",False,"[0.615616500377655, 0.16813777387142181, 0.029999999329447746]","[[0.7168774604797363, -0.0031729897018522024, 0.022546615451574326, 0.053848203271627426, 0.7115584015846252, -0.017368070781230927, 0.029989073053002357, -4.333287142799236e-05, -1.4279464267019648e-05, -0.048765089362859726]]","[-0.10403575748205185, 0.30455970764160156, 0.573896050453186, 0.24980732798576355, -1.665061593055725, 0.6682929992675781]","[[-0.04242270812392235, 0.03706452250480652, -0.04845088720321655]]","[1, 30]",17.135790107,-0.20884747803211212,29,5974,1748251634.7062833,18
"[[0.03177817910909653, 0.03844192996621132, 0.038120247423648834]]",5983,"[0.6898991465568542, 0.012275781482458115, 0.029987899586558342]","[0.5577020645141602, 0.900748610496521, 0.7625858783721924, -0.10847920179367065]",False,"[0.615616500377655, 0.16813777387142181, 0.029999999329447746]","[[0.69228595495224, 0.022407369688153267, 0.02533015049993992, 0.053707607090473175, 0.6898991465568542, 0.012275781482458115, 0.029987899586558342, 6.976515578571707e-05, -7.219090036869602e-08, -0.059436287730932236]]","[0.10358653217554092, -1.036354660987854, 2.1828808784484863, 2.793912887573242, -0.21857789158821106, 0.5889047384262085]","[[0.024748051539063454, 0.044730983674526215, 0.03763376921415329]]","[1, 30]",17.187431081,-0.17265824973583221,29,5983,1748251634.730717,27
"[[-0.04923505336046219, -0.04532356932759285, -0.04844627529382706]]",6007,"[0.425204873085022, -0.10866128653287888, 0.029989078640937805]","[-0.9846843481063843, -0.906509518623352, -0.9688665270805359, 0.9325445890426636]",False,"[0.4908579885959625, 0.24315035343170166, 0.029999999329447746]","[[0.5772075653076172, -0.07563665509223938, 0.17811888456344604, 0.07191319018602371, 0.425204873085022, -0.10866128653287888, 0.029989078640937805, 3.913843465852551e-05, 7.06591572452453e-06, -5.638323727907846e-06]]","[0.031456079334020615, -0.025776326656341553, -0.01915731653571129, -0.028204672038555145, 0.05358295887708664, 0.13179808855056763]","[[-0.032492466270923615, 0.004709962755441666, -0.03372466191649437]]","[1, 30]",17.231779746,-0.35788512229919434,30,6007,1748251634.7893257,1
"[[-0.03656261786818504, 0.02460450865328312, -0.03190925717353821]]",6011,"[0.4252033829689026, -0.1086602509021759, 0.02998991310596466]","[-0.7312517166137695, 0.4920922517776489, -0.6381845474243164, 0.48537492752075195]",False,"[0.4908579885959625, 0.24315035343170166, 0.029999999329447746]","[[0.42905285954475403, -0.09996721893548965, 0.04894772171974182, 0.08002709597349167, 0.4252033829689026, -0.1086602509021759, 0.02998991310596466, -6.075294436413969e-07, 3.3008095101649815e-07, -1.1715979781001806e-05]]","[0.15960164368152618, 0.054113633930683136, 0.04070448502898216, -0.012321986258029938, 0.0050459131598472595, -0.03154577314853668]","[[-0.008483286947011948, 0.005338901653885841, -0.005436532199382782]]","[1, 30]",17.231922364,-0.35788437724113464,30,6011,1748251634.797075,5
"[[-0.0023629397619515657, -0.018543466925621033, 0.001702351146377623]]",6049,"[0.6395871043205261, 0.20107455551624298, 0.02998865395784378]","[-0.04728144407272339, -0.37075698375701904, 0.03416287899017334, 0.7500320672988892]",False,"[0.4908579885959625, 0.24315035343170166, 0.029999999329447746]","[[0.6642763018608093, 0.18376968801021576, 0.07269775122404099, 0.07999970763921738, 0.6395871043205261, 0.20107455551624298, 0.02998865395784378, 4.4440799683798105e-05, -2.3124293591081369e-07, 0.21720513701438904]]","[0.21237032115459442, -3.5890140533447266, 2.92435622215271, 9.6202392578125, 2.729482889175415, 0.027645424008369446]","[[-0.0026352733839303255, -0.003951415419578552, 0.00044390710536390543]]","[1, 30]",17.363414791,-0.15456622838974,30,6049,1748251634.8995192,43
"[[0.041289832442998886, 0.021373040974140167, 0.047544293105602264]]",6073,"[0.43423470854759216, 0.10397393256425858, 0.030483171343803406]","[0.9942679405212402, 0.9190696477890015, 0.9511203765869141, -0.9815505146980286]",False,"[0.6526310443878174, 0.21865586936473846, 0.029999999329447746]","[[0.4175949692726135, 0.11741814017295837, 0.032135795801877975, 0.05411728098988533, 0.43423470854759216, 0.10397393256425858, 0.030483171343803406, -0.016576947644352913, -1.1519554163896828e-06, -0.01549789309501648]]","[-0.19479750096797943, 0.31137749552726746, 0.1632879376411438, 0.09774429351091385, -1.731046438217163, 0.6184710264205933]","[[0.04149788245558739, 0.022021546959877014, 0.04751050844788551]]","[1, 30]",17.407464665,-0.24667617678642273,31,6073,1748251634.9537642,17
"[[0.01732230745255947, 0.028126729652285576, 0.0500008761882782]]",6089,"[0.631273627281189, 0.2963710427284241, 0.029989156872034073]","[0.3464711904525757, 0.5625464916229248, 0.9998006820678711, 0.9999070167541504]",False,"[0.5989661812782288, -0.26807740330696106, 0.029999999329447746]","[[0.6414433717727661, 0.019443949684500694, 0.21238218247890472, 0.07027468830347061, 0.631273627281189, 0.2963710427284241, 0.029989156872034073, 6.186130121932365e-06, 3.70309098798316e-05, 3.4462946132407524e-06]]","[0.03122689574956894, -0.03596717119216919, -0.04086534306406975, -0.03559320420026779, 0.07731862366199493, 0.2006399929523468]","[[0.01431984268128872, 0.008683376014232635, 0.03500799089670181]]","[1, 30]",17.463273082,-0.5653722882270813,32,6089,1748251634.9964879,0
"[[0.0104415537789464, 0.04738825187087059, -0.005685390438884497]]",6092,"[0.6312741637229919, 0.29637348651885986, 0.02998892404139042]","[0.2088334560394287, 0.9477810859680176, -0.11370795965194702, 0.7064504623413086]",False,"[0.5989661812782288, -0.26807740330696106, 0.029999999329447746]","[[0.6664594411849976, 0.13812704384326935, 0.154694065451622, 0.07998254895210266, 0.6312741637229919, 0.29637348651885986, 0.02998892404139042, 6.188558018038748e-06, 4.479591370909475e-05, 1.3701086572837085e-05]]","[0.05662332475185394, -0.027750752866268158, 0.0067063383758068085, -0.02100326120853424, -0.017192251980304718, -0.005017131567001343]","[[0.011492324061691761, 0.007729481905698776, 0.019847309216856956]]","[1, 30]",17.463385052,-0.5653747916221619,32,6092,1748251635.0017772,3
"[[0.02728477120399475, -0.04114486649632454, 0.020592229440808296]]",6114,"[0.659709632396698, 0.2284272015094757, 0.02998976781964302]","[0.6629472970962524, -0.9726578593254089, 0.41184258460998535, -0.3993053436279297]",False,"[0.5989661812782288, -0.26807740330696106, 0.029999999329447746]","[[0.663582444190979, 0.21545206010341644, 0.02596471458673477, 0.05493263155221939, 0.659709632396698, 0.2284272015094757, 0.02998976781964302, -1.5671714663767489e-06, -1.2284548574825749e-05, 0.07113465666770935]]","[0.2522984445095062, -0.34213486313819885, 1.7923539876937866, 1.309486746788025, -0.6716029047966003, 0.6186421513557434]","[[0.026625603437423706, -0.041922349482774734, 0.020576683804392815]]","[1, 30]",17.511624672,-0.5002065300941467,32,6114,1748251635.0561345,25
"[[0.02710273489356041, -0.040071263909339905, 0.025225870311260223]]",6117,"[0.6752444505691528, 0.20219311118125916, 0.02998986467719078]","[0.6362740993499756, -0.9855464100837708, 0.5045167207717896, 0.004400372505187988]",False,"[0.5989661812782288, -0.26807740330696106, 0.029999999329447746]","[[0.6829313635826111, 0.20097267627716064, 0.026944557204842567, 0.05649559572339058, 0.6752444505691528, 0.20219311118125916, 0.02998986467719078, -6.7365349423198495e-06, -6.772795586584834e-07, 0.0625808984041214]]","[0.16698740422725677, -0.7491264343261719, 2.141557216644287, 2.039595365524292, -0.38132908940315247, 0.6428350806236267]","[[0.02571716532111168, -0.042786985635757446, 0.024691972881555557]]","[1, 30]",17.511747112,-0.47641655802726746,32,6117,1748251635.063858,28
"[[0.030861932784318924, -0.03349459171295166, 0.007438470609486103]]",6133,"[0.750537633895874, 0.04060066118836403, 0.03054594248533249]","[0.7035700082778931, -0.8693850636482239, 0.15932810306549072, 0.127288818359375]",False,"[0.5989661812782288, -0.26807740330696106, 0.029999999329447746]","[[0.7792542576789856, 0.025901997461915016, 0.032423440366983414, 0.07265378534793854, 0.750537633895874, 0.04060066118836403, 0.03054594248533249, 0.01873357780277729, 2.5848281438811682e-05, -0.3803410232067108]]","[-0.0359627828001976, -3.5111448764801025, 2.85589599609375, 9.437485694885254, 2.6577842235565186, 0.013845592737197876]","[[0.026377934962511063, -0.025192396715283394, 0.004222405143082142]]","[1, 30]",17.567372294,-0.3438842296600342,32,6133,1748251635.107223,44
"[[0.037653811275959015, 0.00901783723384142, 0.004220684990286827]]",6150,"[0.5938737392425537, -0.22953660786151886, 0.029988933354616165]","[0.7909132242202759, 0.2565368413925171, 0.08367359638214111, -0.10570394992828369]",False,"[0.5417466759681702, -0.0033007790334522724, 0.029999999329447746]","[[0.607931911945343, -0.22162075340747833, 0.02248379960656166, 0.05473783239722252, 0.5938737392425537, -0.22953660786151886, 0.029988933354616165, -1.1133248101202753e-08, -3.506802022457123e-05, 0.014014053158462048]]","[-0.1231134757399559, 0.3054576516151428, 0.1077389121055603, 0.027731098234653473, 0.1044231504201889, 0.09644739329814911]","[[0.01749534159898758, 0.015137013979256153, 0.004339404404163361]]","[1, 30]",17.611279059,-0.2321634739637375,33,6150,1748251635.1424952,11
"[[-0.03776278719305992, 0.03313181549310684, -0.04398997128009796]]",6156,"[0.5547411441802979, -0.17985792458057404, 0.029988868162035942]","[-0.942887544631958, 0.920930027961731, -0.8796917200088501, -0.783334493637085]",False,"[0.5417466759681702, -0.0033007790334522724, 0.029999999329447746]","[[0.562606692314148, -0.16312070190906525, 0.023005999624729156, 0.04843667522072792, 0.5547411441802979, -0.17985792458057404, 0.029988868162035942, 3.078480949625373e-05, 1.5981440810719505e-05, -0.045715440064668655]]","[-0.23085220158100128, 0.2988733649253845, 0.6701399683952332, -0.09614961594343185, -0.955525279045105, 0.5278939604759216]","[[-0.037203457206487656, 0.03358639031648636, -0.044006407260894775]]","[1, 30]",17.611541142,-0.17703469097614288,33,6156,1748251635.159181,17
"[[0.0026704431511461735, 0.014009596779942513, 0.006931674666702747]]",6176,"[0.4571472108364105, -0.02808902971446514, 0.030351893976330757]","[0.04263174533843994, 0.8650293350219727, 0.13646149635314941, -0.6345037221908569]",False,"[0.41915953159332275, 0.022944308817386627, 0.029999999329447746]","[[0.4531053602695465, -0.0138161052018404, 0.03576299548149109, 0.05243682488799095, 0.4571472108364105, -0.02808902971446514, 0.030351893976330757, -0.012137358076870441, 1.512597549435668e-07, -0.016458828002214432]]","[0.13413311541080475, 0.24332556128501892, -0.2816005349159241, 0.23910656571388245, -0.18442830443382263, 0.1446373015642166]","[[0.0029638768173754215, 0.016279658302664757, 0.006851569749414921]]","[1, 30]",17.636322685,-0.0636206567287445,34,6176,1748251635.2087514,10
"[[-0.19441647827625275, 0.07038500905036926, 0.010574615560472012]]",6177,"[0.6653752326965332, -0.0524800680577755, 0.029999999329447746]","[0.2762308120727539, 0.9198794364929199, 0.2044544219970703, -0.8312123417854309]",True,"[0.5115709900856018, -0.2327897697687149, 0.029999999329447746]","[[0.6384396553039551, -2.194472251484947e-12, 0.19740013778209686, 0, 0.6653752326965332, -0.0524800680577755, 0.029999999329447746, 0, 0, 0]]","[0.10671521723270416, 0.2710096538066864, -0.3648504316806793, 0.3318677246570587, -0.22677794098854065, 0.15207621455192566]","[[-0.17152275145053864, 0.032177865505218506, -0.1514144241809845]]","[1, 30]",17.638232746,-0.04535245895385742,34,6177,1748251635.2116964,11
"[[0.0026649117935448885, 0.010873734951019287, -0.04879184067249298]]",6187,"[0.46928343176841736, -0.22536519169807434, 0.02998984605073929]","[0.053227901458740234, 0.21758019924163818, -0.9758393168449402, 0.9762709140777588]",False,"[0.6981551051139832, -0.20413833856582642, 0.029999999329447746]","[[0.46296313405036926, -0.21444961428642273, 0.04225318878889084, 0.08005264401435852, 0.46928343176841736, -0.22536519169807434, 0.02998984605073929, -5.806707122246735e-06, -1.0111202755069826e-06, -9.575195872457698e-05]]","[0.03818026930093765, 0.2443508803844452, 0.07366807758808136, 0.026124518364667892, 0.11665277928113937, 0.0394911989569664]","[[-0.006290149874985218, 0.012878596782684326, -0.02974032238125801]]","[1, 30]",17.695370582,-0.22985392808914185,35,6187,1748251635.230309,9
"[[-0.0001235693780472502, -0.015940308570861816, -0.04763728380203247]]",6209,"[0.649869978427887, 0.019722800701856613, 0.029989859089255333]","[-0.0024761557579040527, -0.318798303604126, -0.9527438282966614, 0.9690197706222534]",False,"[0.6585232019424438, -0.2503654658794403, 0.029999999329447746]","[[0.6378422379493713, 0.016405634582042694, 0.08977527916431427, 0.07985589653253555, 0.649869978427887, 0.019722800701856613, 0.029989859089255333, 4.6775289774814155e-06, 8.857284697350032e-12, 1.3189146557124332e-05]]","[0.05667392164468765, -0.027733564376831055, 0.006577204912900925, -0.02091948688030243, -0.01725899428129196, -0.005012005567550659]","[[0.003978720400482416, -0.004471248015761375, 0.006153542548418045]]","[1, 30]",17.739555459,-0.2702268362045288,36,6209,1748251635.287223,3
"[[-0.01658618450164795, -0.04475178197026253, -0.0017840169603005052]]",6243,"[0.7030855417251587, -0.13335303962230682, 0.030171986669301987]","[-0.3560948371887207, -0.9584800004959106, -0.03202545642852783, -0.9518773555755615]",False,"[0.6585232019424438, -0.2503654658794403, 0.029999999329447746]","[[0.7233698964118958, -0.15098518133163452, 0.022040702402591705, 0.04748572036623955, 0.7030855417251587, -0.13335303962230682, 0.030171986669301987, 0.006142518017441034, -2.959794619528111e-05, 0.028448378667235374]]","[-0.15295393764972687, -2.016453504562378, 2.965471029281616, 5.330090522766113, 0.9235109090805054, 0.3554008901119232]","[[-0.0163271427154541, -0.04485808685421944, -0.001716641359962523]]","[1, 30]",17.812754717,-0.12521077692508698,36,6243,1748251635.3852541,37
"[[0.03752243518829346, -0.04352011904120445, 0.0032604914158582687]]",6254,"[0.701888918876648, -0.15963901579380035, 0.02998977154493332]","[0.801626443862915, -0.955265998840332, 0.0652080774307251, 0.18458759784698486]",False,"[0.6585232019424438, -0.2503654658794403, 0.029999999329447746]","[[0.7463306784629822, -0.1803787648677826, 0.023864783346652985, 0.08004184812307358, 0.701888918876648, -0.15963901579380035, 0.02998977154493332, 1.50715607105667e-07, -7.929040293674916e-06, -0.29328039288520813]]","[-0.3543787896633148, -4.615779399871826, 2.766171932220459, 12.652393341064453, 4.698164939880371, -0.3898785710334778]","[[0.030227065086364746, -0.03893476352095604, 0.002334078773856163]]","[1, 30]",17.875286122,-0.10055781900882721,36,6254,1748251635.4148436,48
"[[-0.03365050256252289, -0.045007701963186264, -0.013762974180281162]]",6299,"[0.5721466541290283, -0.1806492954492569, 0.029989857226610184]","[-0.6730183959007263, -0.9001564383506775, -0.27525854110717773, 0.3748176097869873]",False,"[0.40628674626350403, -0.26612138748168945, 0.029999999329447746]","[[0.5501106381416321, -0.19289644062519073, 0.022616920992732048, 0.08004717528820038, 0.5721466541290283, -0.1806492954492569, 0.029989857226610184, 6.08121979439602e-08, -5.875585429748753e-06, 0.04533587023615837]]","[0.1496547907590866, -3.3107385635375977, 2.842705249786377, 8.889381408691406, 2.4680323600769043, 0.06498540937900543]","[[-0.028493449091911316, -0.04481258615851402, -0.013692985288798809]]","[1, 30]",17.967763628,-0.18658775091171265,37,6299,1748251635.529739,43
"[[-0.001323983073234558, -0.03120746836066246, 0.014688590541481972]]",6317,"[0.6169798374176025, 0.18265385925769806, 0.029989980161190033]","[-0.0490841269493103, -0.667165994644165, 0.29377281665802, -0.005630195140838623]",False,"[0.5671426653862, -0.009690073318779469, 0.029999999329447746]","[[0.6277386546134949, 0.1796918511390686, 0.029628630727529526, 0.05519891530275345, 0.6169798374176025, 0.18265385925769806, 0.029989980161190033, -1.2384359706629766e-06, -2.756674177817331e-07, 0.014845889993011951]]","[-0.11735662072896957, 0.30745723843574524, 0.08119557797908783, 0.042051561176776886, 0.08799467235803604, 0.10080699622631073]","[[0.0035492926836013794, -0.03142726048827171, 0.010171392932534218]]","[1, 30]",18.02345796,-0.198695570230484,38,6317,1748251635.569623,11
"[[-0.04897475615143776, -0.04916536435484886, 0.014133051037788391]]",6399,"[0.45101574063301086, -0.1172683984041214, 0.02998925931751728]","[-0.9795129895210266, -0.9833023548126221, 0.28266358375549316, 0.9322750568389893]",False,"[0.6050469279289246, 0.2008567750453949, 0.029999999329447746]","[[0.517472505569458, 0.012677345424890518, 0.1101960837841034, 0.0798562690615654, 0.45101574063301086, -0.1172683984041214, 0.02998925931751728, 2.46899580815807e-05, -2.006172339363843e-09, -8.54552308737766e-06]]","[0.01735944114625454, -0.028301142156124115, -0.012914836406707764, -0.020361438393592834, 0.021190926432609558, 0.057093098759651184]","[[0.0011124573647975922, -0.016911722719669342, 0.028960401192307472]]","[1, 30]",18.223660295,-0.35345327854156494,41,6399,1748251635.7775323,2
"[[0.0013627350563183427, 0.04535363242030144, -0.03697124868631363]]",6429,"[0.5818312168121338, -0.19570909440517426, 0.029990043491125107]","[0.027248740196228027, 0.907111406326294, -0.7394231557846069, 0.30223631858825684]",False,"[0.5043598413467407, 0.22841942310333252, 0.029999999329447746]","[[0.5696271061897278, -0.18590772151947021, 0.022282926365733147, 0.07980263233184814, 0.5818312168121338, -0.19570909440517426, 0.029990043491125107, -6.916146048752125e-06, 6.657533504039748e-06, -1.1058750715164933e-05]]","[0.1439020186662674, 0.1604485660791397, 0.06490205228328705, 0.0007100477814674377, 0.06635363399982452, -0.0025818943977355957]","[[0.008591050282120705, 0.0414012186229229, -0.011054305359721184]]","[1, 30]",18.319315064,-0.43114593625068665,42,6429,1748251635.8487854,7
"[[0.036929287016391754, 0.03834667429327965, 0.020505905151367188]]",6430,"[0.5812004804611206, -0.19375121593475342, 0.02999005652964115]","[0.725970983505249, 0.8060910701751709, 0.41011834144592285, -0.15652471780776978]",False,"[0.5043598413467407, 0.22841942310333252, 0.029999999329447746]","[[0.5792916417121887, -0.18814632296562195, 0.029335204511880875, 0.06656946241855621, 0.5812004804611206, -0.19375121593475342, 0.02999005652964115, -6.117291377449874e-06, 6.1274422478163615e-06, -0.040000900626182556]]","[0.1026512086391449, 0.20464324951171875, 0.06784139573574066, 0.013049721717834473, 0.09763795137405396, 0.017351165413856506]","[[0.026634015142917633, 0.04254315420985222, 0.013453640043735504]]","[1, 30]",18.319360419,-0.4291066527366638,42,6430,1748251635.851346,8
"[[0.035691168159246445, 0.022552983835339546, 0.03888799995183945]]",6451,"[0.5762712359428406, 0.01104778703302145, 0.030168991535902023]","[0.7859055995941162, 0.9283884763717651, 0.7816469669342041, -0.4532735347747803]",False,"[0.5043598413467407, 0.22841942310333252, 0.029999999329447746]","[[0.5704867839813232, 0.02550642378628254, 0.027071891352534294, 0.050317756831645966, 0.5762712359428406, 0.01104778703302145, 0.030168991535902023, -0.006138522177934647, 2.725257581914775e-05, 0.0010707734618335962]]","[0.12698684632778168, -0.8608912825584412, 2.169952869415283, 2.275038719177246, -0.29161787033081055, 0.6139211654663086]","[[0.03537532314658165, 0.025297679007053375, 0.038997963070869446]]","[1, 30]",18.367407967,-0.228957861661911,42,6451,1748251635.9073505,29
"[[0.03430095314979553, -0.029941055923700333, 0.04334164783358574]]",6491,"[0.4474017918109894, 0.11715351045131683, 0.030153809115290642]","[0.9187960624694824, -0.9836885929107666, 0.8651027679443359, -0.9599522352218628]",False,"[0.6312124729156494, -0.15750375390052795, 0.029999999329447746]","[[0.43353554606437683, 0.10567107051610947, 0.023353852331638336, 0.05620647221803665, 0.4474017918109894, 0.11715351045131683, 0.030153809115290642, 0.005467427894473076, 9.37381514631852e-07, 0.0376242995262146]]","[0.004822859540581703, 0.17324095964431763, 0.8439822793006897, 0.20820170640945435, -1.4213087558746338, 0.6441279649734497]","[[0.03430339694023132, -0.02992742881178856, 0.04329860955476761]]","[1, 30]",18.45552106,-0.33048903942108154,43,6491,1748251636.0037751,19
"[[-0.04905466362833977, -0.04944804310798645, 0.03241746500134468]]",6503,"[0.47763732075691223, -0.09801207482814789, 0.029989667236804962]","[-0.9811039566993713, -0.9889469742774963, 0.648360013961792, 0.9548760652542114]",False,"[0.40130865573883057, 0.21456968784332275, 0.029999999329447746]","[[0.51356440782547, 0.012943512760102749, 0.0927409678697586, 0.0794036015868187, 0.47763732075691223, -0.09801207482814789, 0.029989667236804962, 1.1070136679336429e-05, -3.317894181620318e-09, -7.161233043007087e-06]]","[0.01737184263765812, -0.028300195932388306, -0.012962698936462402, -0.020337440073490143, 0.02117495983839035, 0.05709574371576309]","[[0.012319345027208328, -0.016756687313318253, 0.05843368545174599]]","[1, 30]",18.463574037,-0.32176610827445984,44,6503,1748251636.0371737,2
"[[-0.0002420902019366622, 0.0438421256840229, 0.022651825100183487]]",6513,"[0.4760650396347046, -0.06283127516508102, 0.030419860035181046]","[-0.03765058517456055, 0.952995777130127, 0.4550052881240845, -0.5514953136444092]",False,"[0.40130865573883057, 0.21456968784332275, 0.029999999329447746]","[[0.48172372579574585, -0.04593992605805397, 0.02574692666530609, 0.050035107880830765, 0.4760650396347046, -0.06283127516508102, 0.030419860035181046, -0.014438463374972343, 4.642685780709144e-06, -0.04362919181585312]]","[-0.15203215181827545, 0.33640986680984497, 0.017535369843244553, 0.05108371376991272, -0.04443333297967911, 0.15811870992183685]","[[0.008450919762253761, 0.03224484622478485, 0.019591908901929855]]","[1, 30]",18.487620479,-0.28729772567749023,44,6513,1748251636.0602806,12
"[[0.008226322941482067, 0.010145872831344604, 0.012441798113286495]]",6542,"[0.5378329753875732, 0.17049406468868256, 0.03012409433722496]","[0.1852092742919922, 0.31038999557495117, 0.24383926391601562, 0.5358238220214844]",False,"[0.40130865573883057, 0.21456968784332275, 0.029999999329447746]","[[0.5337080359458923, 0.18221835792064667, 0.03685054928064346, 0.07998736947774887, 0.5378329753875732, 0.17049406468868256, 0.03012409433722496, -0.004480763338506222, -3.7737918319180608e-06, -0.01510237343609333]]","[-0.13514597713947296, -2.7977986335754395, 2.7572686672210693, 7.426665306091309, 1.8767534494400024, 0.11203999817371368]","[[0.008060681633651257, 0.011246249079704285, 0.012652379460632801]]","[1, 30]",18.595649939,-0.14346277713775635,44,6542,1748251636.1394289,41
"[[0.004540855064988136, 0.028936060145497322, 0.005724066402763128]]",6588,"[0.6567177176475525, -0.022755900397896767, 0.03051574155688286]","[0.1831434965133667, 0.7347532510757446, 0.11528301239013672, -0.334089994430542]",False,"[0.46953871846199036, 0.2938788831233978, 0.029999999329447746]","[[0.6593328714370728, -0.005015116184949875, 0.022457534447312355, 0.048029396682977676, 0.6567177176475525, -0.022755900397896767, 0.03051574155688286, -0.017677104100584984, -1.7684988051769324e-06, -0.03273429349064827]]","[-0.029522022232413292, -1.889990210533142, 2.899271249771118, 4.980628967285156, 0.7779140472412109, 0.3948103189468384]","[[0.004646832123398781, 0.028935842216014862, 0.005621792282909155]]","[1, 30]",18.735261785,-0.3678230941295624,45,6588,1748251636.2652683,37
"[[0.011618679389357567, 0.030266545712947845, 0.021440202370285988]]",6590,"[0.6650984883308411, -0.005626000463962555, 0.029986578971147537]","[0.3149451017379761, 0.7794619798660278, 0.4285755157470703, 0.18712961673736572]",False,"[0.46953871846199036, 0.2938788831233978, 0.029999999329447746]","[[0.6733186841011047, 0.0036489323247224092, 0.024250833317637444, 0.0692632794380188, 0.6650984883308411, -0.005626000463962555, 0.029986578971147537, 0.00011325102968839929, -2.0889385723421583e-06, 0.0011609848588705063]]","[-0.029760679230093956, -2.2040724754333496, 2.694293975830078, 5.850587368011475, 1.1781039237976074, 0.27972596883773804]","[[0.011410539969801903, 0.036028534173965454, 0.019495844841003418]]","[1, 30]",18.735378565,-0.3576965034008026,45,6590,1748251636.2706962,39
"[[-0.04278920218348503, -0.04688296839594841, -0.013846814632415771]]",6607,"[0.4255393445491791, -0.26741042733192444, 0.02998976595699787]","[-0.855778694152832, -0.9376623034477234, -0.27693629264831543, 0.9373316764831543]",False,"[0.5426218509674072, -0.047178830951452255, 0.029999999329447746]","[[0.44218477606773376, -0.21514567732810974, 0.11419099569320679, 0.07999975234270096, 0.4255393445491791, -0.26741042733192444, 0.02998976595699787, -3.350328825035831e-06, -1.2543617231131066e-05, -2.2053136490285397e-05]]","[0.15961407124996185, 0.054155927151441574, 0.04069996252655983, -0.012303583323955536, 0.005066335201263428, -0.03153885900974274]","[[-0.008197885006666183, -0.005847256630659103, -0.0037128999829292297]]","[1, 30]",18.736036962,-0.24941988289356232,47,6607,1748251636.3045297,5
"[[0.026461094617843628, -0.03841707482933998, 0.04244188964366913]]",6654,"[0.7062800526618958, -0.04521029070019722, 0.0299892108887434]","[0.7022112607955933, -0.9562185406684875, 0.8479760885238647, -0.5429700613021851]",False,"[0.6382132768630981, -0.25683122873306274, 0.029999999329447746]","[[0.7193822264671326, -0.05871966481208801, 0.02276449464261532, 0.052316732704639435, 0.7062800526618958, -0.04521029070019722, 0.0299892108887434, -2.3336129743256606e-05, -5.437917479866883e-06, -0.01644170470535755]]","[0.17173729836940765, -0.871133029460907, 2.1612730026245117, 2.2882306575775146, -0.1684594452381134, 0.6019325852394104]","[[0.026024073362350464, -0.03886480629444122, 0.04231569170951843]]","[1, 30]",18.879499197,-0.2222982496023178,48,6654,1748251636.4264789,29
"[[-0.034153785556554794, -0.034202735871076584, -0.012403744272887707]]",6688,"[0.5942895412445068, 0.1754516363143921, 0.029977375641465187]","[-0.8044295310974121, -0.9311007857322693, -0.24815094470977783, -0.7828167676925659]",False,"[0.5570175051689148, 0.04339144751429558, 0.029999999329447746]","[[0.6070494055747986, 0.15962235629558563, 0.02465147338807583, 0.049065519124269485, 0.5942895412445068, 0.1754516363143921, 0.029977375641465187, -0.0003635537577793002, 5.834087642142549e-05, 0.0552799254655838]]","[-0.18829666078090668, 0.34847915172576904, 0.11339247226715088, 0.0016013458371162415, -0.20745816826820374, 0.21436432003974915]","[[-0.031430866569280624, -0.03506578132510185, -0.012182722799479961]]","[1, 30]",18.967634961,-0.1372191607952118,49,6688,1748251636.513432,13
"[[-0.04228958487510681, -0.04959374666213989, -0.037205927073955536]]",6705,"[0.5709202885627747, -0.14437951147556305, 0.02998943440616131]","[-0.8457940816879272, -0.9918659925460815, -0.7441203594207764, 0.9531326293945312]",False,"[0.6950700879096985, 0.23393332958221436, 0.029999999329447746]","[[0.5875914096832275, 0.04214426502585411, 0.1789332926273346, 0.07027390599250793, 0.5709202885627747, -0.14437951147556305, 0.02998943440616131, 3.0065698410908226e-06, -2.377380405960139e-05, -5.656060693581821e-06]]","[0.03140094131231308, -0.025906041264533997, -0.019037064164876938, -0.028387539088726044, 0.053564876317977905, 0.13178907334804535]","[[-0.022761911153793335, -0.0679827630519867, -0.021201204508543015]]","[1, 5]",19.143918713,-0.3981630206108093,1,6705,1748251636.717547,1
"[[-0.01661311462521553, -0.049420371651649475, -0.04029177874326706]]",6708,"[0.5709205865859985, -0.14437821507453918, 0.029989633709192276]","[-0.33225512504577637, -0.9883996844291687, -0.8058311939239502, 0.801216721534729]",False,"[0.6950700879096985, 0.23393332958221436, 0.029999999329447746]","[[0.5569036602973938, -0.07729014754295349, 0.0993742048740387, 0.07998255640268326, 0.5709205865859985, -0.14437821507453918, 0.029989633709192276, -1.1456475768056862e-08, -1.2234781934239436e-05, -1.3167596080165822e-05]]","[0.1252923309803009, 0.004400506615638733, 0.026205316185951233, -0.018141530454158783, -0.01624234765768051, -0.032102420926094055]","[[-0.0036762841045856476, -0.008521415293216705, -0.005609821528196335]]","[1, 5]",19.149411738,-0.3981616795063019,1,6708,1748251636.7227962,4
"[[-0.025569899007678032, 0.04952158406376839, 0.041851043701171875]]",6751,"[0.499979704618454, 0.1721465289592743, 0.029989415779709816]","[-0.5113985538482666, 0.9904406070709229, 0.8370205163955688, -0.5882663726806641]",False,"[0.5531668066978455, -0.014993671327829361, 0.029999999329447746]","[[0.5843458771705627, -0.017450718209147453, 0.0986255332827568, 0.004566882736980915, 0.499979704618454, 0.1721465289592743, 0.029989415779709816, 3.006697852470097e-06, -2.43706217588624e-05, -8.480304131808225e-06]]","[0.017381707206368446, -0.028290599584579468, -0.012963362038135529, -0.020310916006565094, 0.021136611700057983, 0.05704280734062195]","[[0.010156678035855293, 0.022761082276701927, 0.07111845910549164]]","[1, 5]",19.279757357,-0.19455158710479736,4,6751,1748251636.8308074,2
"[[-0.007112565450370312, -0.049779634922742844, 0.003296981565654278]]",6789,"[0.46802330017089844, 0.09536471217870712, 0.03880519047379494]","[-0.21142786741256714, -0.6770340204238892, 0.1986483335494995, -0.7982794046401978]",False,"[0.4415491819381714, -0.08802036941051483, 0.029999999329447746]","[[0.47287994623184204, 0.08279109746217728, 0.04110845550894737, 0.05465426668524742, 0.46802330017089844, 0.09536471217870712, 0.03880519047379494, 0.0077981543727219105, -0.14307895302772522, 0.06141097843647003]]","[0.6012250185012817, 0.2894248366355896, -2.0959842205047607, 1.1325808763504028, -0.7183098793029785, 0.14777028560638428]","[[-0.00335750263184309, -0.033535126596689224, 0.0014143465086817741]]","[1, 5]",19.345782639,-0.1854952722787857,6,6789,1748251636.91836,8
"[[-0.0003979444445576519, -0.043137773871421814, -0.044980425387620926]]",6829,"[0.5706902146339417, -0.20045194029808044, 0.030285321176052094]","[0.003069162368774414, -0.8692464232444763, -0.9017742872238159, 0.9251294136047363]",False,"[0.5597917437553406, 0.19191166758537292, 0.029999999329447746]","[[0.5590772032737732, -0.17892612516880035, 0.06027582287788391, 0.07911388576030731, 0.5706902146339417, -0.20045194029808044, 0.030285321176052094, 0.009887933731079102, -6.686350957352261e-07, 0.00019105500541627407]]","[0.13583412766456604, 0.009672626852989197, -0.03853660076856613, 0.014749627560377121, -0.04381192475557327, -0.023001208901405334]","[[-0.013625288382172585, -0.007242798805236816, -0.041790932416915894]]","[1, 5]",19.463504176,-0.39251503348350525,9,6829,1748251637.0049832,4
"[[0.022904910147190094, 0.023457132279872894, -0.0033730424474924803]]",6839,"[0.60045325756073, 0.11512333899736404, 0.029953526332974434]","[0.7081921100616455, 0.929219126701355, -0.07336610555648804, -0.8512440323829651]",False,"[0.5597917437553406, 0.19191166758537292, 0.029999999329447746]","[[0.5873094797134399, 0.12848828732967377, 0.02154977060854435, 0.051874544471502304, 0.60045325756073, 0.11512333899736404, 0.029953526332974434, -0.003913809545338154, -0.0009892862290143967, 0.01886690780520439]]","[0.6809545159339905, -0.19710302352905273, -1.4771101474761963, 1.9171191453933716, -2.1737942695617676, 0.5250774025917053]","[[0.019305385649204254, 0.013203062117099762, -0.00352962757460773]]","[1, 5]",19.463863141,-0.08688963204622269,9,6839,1748251637.0304654,14
"[[-0.0036164552439004183, 0.04825486242771149, -0.04854719340801239]]",6883,"[0.6212727427482605, 0.08874930441379547, 0.029989857226610184]","[-0.07231718301773071, 0.9651000499725342, -0.9709354043006897, 0.9831728935241699]",False,"[0.48885318636894226, -0.08455346524715424, 0.029999999329447746]","[[0.6184184551239014, 0.08255027234554291, 0.0645236149430275, 0.07924066483974457, 0.6212727427482605, 0.08874930441379547, 0.029989857226610184, -1.147312911342624e-08, -4.78068341180915e-06, -5.980632067803526e-06]]","[0.017395077273249626, -0.028289616107940674, -0.013015221804380417, -0.020284883677959442, 0.02111934870481491, 0.05704571306705475]","[[0.004628834314644337, 0.00254228338599205, 0.004387360066175461]]","[1, 5]",19.579586774,-0.21810269355773926,13,6883,1748251637.1294415,2
"[[-0.006712144240736961, 0.003244105726480484, -0.0012851636856794357]]",6890,"[0.5196343064308167, 0.02800177037715912, 0.06099444627761841]","[-0.4330207109451294, -0.9655510187149048, -0.3230966329574585, -0.9400235414505005]",False,"[0.48885318636894226, -0.08455346524715424, 0.029999999329447746]","[[0.5270146727561951, 0.042442917823791504, 0.055269960314035416, 0.05448683723807335, 0.5196343064308167, 0.02800177037715912, 0.06099444627761841, -0.0008826144621707499, -0.03306130692362785, -0.005250017624348402]]","[0.16586582362651825, 0.11630424857139587, -2.679420232772827, 1.6423691511154175, -1.3817470073699951, 0.25561320781707764]","[[-0.006592398509383202, -0.011864949017763138, -0.0024593640118837357]]","[1, 5]",19.57988789,-0.12073447555303574,13,6890,1748251637.1476178,9
"[[-0.04737662151455879, -0.03131484612822533, -0.038123443722724915]]",6909,"[0.461626261472702, -0.0317014679312706, 0.029989903792738914]","[-0.9475312232971191, -0.6263002157211304, -0.762466311454773, 0.7914055585861206]",False,"[0.511509358882904, 0.06521669775247574, 0.029999999329447746]","[[0.5053838491439819, -0.02410699427127838, 0.09649132192134857, 0.07998241484165192, 0.461626261472702, -0.0317014679312706, 0.029989903792738914, 8.731698812880495e-07, 2.3189957119029714e-06, 2.600467996671796e-05]]","[0.056604497134685516, -0.02774503082036972, 0.006606869399547577, -0.02096591889858246, -0.017217405140399933, -0.004975989460945129]","[[-0.009861398488283157, -0.009168587625026703, -0.003019370138645172]]","[1, 5]",19.635763021,-0.10900208353996277,15,6909,1748251637.1926794,3
"[[0.01847597397863865, 0.05184175819158554, -0.01145227998495102]]",6960,"[0.686244547367096, -0.17885822057724, 0.03000773675739765]","[0.38735318183898926, 0.9974880218505859, -0.22868096828460693, -0.012149810791015625]",False,"[0.567939043045044, 0.13022203743457794, 0.029999999329447746]","[[0.6978264451026917, -0.17952539026737213, 0.021900014951825142, 0.07922010868787766, 0.686244547367096, -0.17885822057724, 0.03000773675739765, -0.0005969665362499654, 1.9887372673110804e-06, -0.04971332103013992]]","[0.16429457068443298, 0.05656925216317177, 0.0053103007376194, 0.009251661598682404, -0.006996430456638336, -0.027405858039855957]","[[0.029320502653717995, 0.04274348169565201, 0.0187216829508543]]","[1, 5]",19.775384695,-0.3309483230113983,18,6960,1748251637.3092694,5
"[[-0.011515138670802116, -0.00014609843492507935, -0.009501572698354721]]",6965,"[0.596373438835144, 0.024420930072665215, 0.05663098767399788]","[-0.507936418056488, 0.9630533456802368, -0.4005342721939087, -0.941886842250824]",False,"[0.567939043045044, 0.13022203743457794, 0.029999999329447746]","[[0.5959336757659912, 0.011808078736066818, 0.05136417597532272, 0.056345678865909576, 0.596373438835144, 0.024420930072665215, 0.05663098767399788, -0.0026306696236133575, 0.030155744403600693, 0.0019990361761301756]]","[0.2469099760055542, 0.16591185331344604, -2.7848024368286133, 1.726460576057434, -1.5113905668258667, 0.2724316716194153]","[[-0.01355057768523693, 0.006128128618001938, -0.010616373270750046]]","[1, 5]",19.775620538,-0.11274571716785431,18,6965,1748251637.3223913,10
"[[-0.007635119836777449, 0.04900244623422623, -0.013417708687484264]]",6975,"[0.530529797077179, 0.25683265924453735, 0.029989857226610184]","[-0.15269523859024048, 0.9800399541854858, -0.2683541774749756, -0.3228667974472046]",False,"[0.43610864877700806, -0.037585578858852386, 0.029999999329447746]","[[0.599480390548706, 0.11405117809772491, 0.1396094411611557, 6.000232588121435e-06, 0.530529797077179, 0.25683265924453735, 0.029989857226610184, 5.2619129746744875e-06, 2.658812491063145e-06, -4.518964487942867e-05]]","[0.15961141884326935, 0.05415426567196846, 0.040693771094083786, -0.012298829853534698, 0.005065999925136566, -0.03153759241104126]","[[-0.0010466012172400951, 0.006242498755455017, -0.0023140935227274895]]","[1, 5]",19.776126579,-0.3091883659362793,19,6975,1748251637.3461754,5
"[[-0.018987908959388733, 0.04596877843141556, -0.035705164074897766]]",6978,"[0.530530571937561, 0.2568318545818329, 0.029989954084157944]","[-0.37975817918777466, 0.9193767309188843, -0.7141013145446777, 0.6177321672439575]",False,"[0.43610864877700806, -0.037585578858852386, 0.029999999329447746]","[[0.555483877658844, 0.2361164689064026, 0.08660664409399033, 0.07121970504522324, 0.530530571937561, 0.2568318545818329, 0.029989954084157944, 1.265937044081511e-06, 5.218472551860032e-07, -6.131085683591664e-05]]","[0.10264997184276581, 0.2046467661857605, 0.06783777475357056, 0.013053007423877716, 0.09763842821121216, 0.017347022891044617]","[[-0.00408567488193512, 0.005709253251552582, -0.010348491370677948]]","[1, 5]",19.778103516,-0.3091878592967987,19,6978,1748251637.3515172,8
"[[0.001776969525963068, -0.004129286855459213, 0.0002058139070868492]]",7001,"[0.532869815826416, -0.058189377188682556, 0.029649918898940086]","[-0.07931160926818848, -0.9182342290878296, -0.21706384420394897, -0.9242272973060608]",False,"[0.5104740262031555, -0.10888045281171799, 0.029999999329447746]","[[0.5297132730484009, -0.05043451488018036, 0.023260323330760002, 0.05862925946712494, 0.532869815826416, -0.058189377188682556, 0.029649918898940086, -0.004027963615953922, -0.0031321311835199594, 0.0015815726947039366]]","[0.1576458066701889, -0.04182732105255127, -2.3007707595825195, 1.6701903343200684, -1.6149400472640991, 0.3062747120857239]","[[0.00048557529225945473, -0.008665990084409714, 0.0007059937343001366]]","[1, 5]",19.851706461,-0.05541912093758583,20,7001,1748251637.409564,12
"[[0.015730619430541992, 0.0319506898522377, 0.022443240508437157]]",7010,"[0.45627397298812866, 0.0698721632361412, 0.0354684516787529]","[0.4864656925201416, 0.45808935165405273, 0.5540201663970947, -0.9420140385627747]",False,"[0.5239303112030029, -0.2798740565776825, 0.029999999329447746]","[[0.43743887543678284, 0.08348596096038818, 0.029589897021651268, 0.05467500910162926, 0.45627397298812866, 0.0698721632361412, 0.0354684516787529, -0.00443524494767189, 0.11402972787618637, -0.01206434890627861]]","[0.4952956438064575, 0.20919960737228394, -1.4134025573730469, 0.7998431921005249, -0.41033032536506653, 0.05015949904918671]","[[0.016924351453781128, 0.0070481132715940475, 0.0200895257294178]]","[1, 5]",19.895268447,-0.3562719523906708,21,7010,1748251637.428637,7
"[[-0.1863105595111847, 0.10010990500450134, -0.00367557629942894]]",7037,"[0.6817278265953064, -0.08637955039739609, 0.029999999329447746]","[-0.928309440612793, -0.9029642343521118, -0.712467610836029, -0.872816264629364]",True,"[0.546052873134613, -0.11857668310403824, 0.029999999329447746]","[[0.6384396553039551, -2.194472251484947e-12, 0.19740013778209686, 0, 0.6817278265953064, -0.08637955039739609, 0.029999999329447746, 0, 0, 0]]","[0.2457166612148285, -0.02833808958530426, -1.411588191986084, 1.311812162399292, -1.1159311532974243, 0.26580488681793213]","[[-0.145553320646286, 0.024478185921907425, -0.17532053589820862]]","[1, 5]",19.923980699,-0.048439472913742065,22,7037,1748251637.4973857,16
"[[-0.009161606431007385, 0.024992685765028, -0.045061513781547546]]",7045,"[0.5106688141822815, 0.11243788152933121, 0.029950790107250214]","[-0.18372803926467896, 0.4940817356109619, -0.9157836437225342, 0.7722277641296387]",False,"[0.5961013436317444, 0.08545804768800735, 0.029999999329447746]","[[0.516280472278595, 0.12136591225862503, 0.036107420921325684, 0.07996733486652374, 0.5106688141822815, 0.11243788152933121, 0.029950790107250214, 0.0012927978532388806, 7.640715011802968e-06, -0.0005125342286191881]]","[0.1917225867509842, 0.17485837638378143, -0.1535423994064331, 0.10614170134067535, -0.036883629858493805, 0.02519996464252472]","[[-0.008006229996681213, 0.006012815982103348, -0.022192861884832382]]","[1, 5]",19.97161573,-0.08959147334098816,23,7045,1748251637.5124276,7
"[[-0.04310005530714989, 0.019290639087557793, -0.011738172732293606]]",7074,"[0.4121212363243103, -0.09204845875501633, 0.029989412054419518]","[-0.8620010614395142, 0.38582170009613037, -0.23476344347000122, 0.7111233472824097]",False,"[0.6665656566619873, 0.22441263496875763, 0.029999999329447746]","[[0.4883832037448883, -0.10664822906255722, 0.11929544806480408, 0.07566201686859131, 0.4121212363243103, -0.09204845875501633, 0.029989412054419518, 3.006728547916282e-06, -2.4504341126885265e-05, -1.4128427210380323e-05]]","[0.125292107462883, 0.004400372505187988, 0.02620653808116913, -0.018142059445381165, -0.01624167710542679, -0.032102689146995544]","[[-0.013304676860570908, 0.00608079694211483, -0.002091056667268276]]","[1, 5]",20.015866792,-0.40606600046157837,26,7074,1748251637.5772169,4
"[[0.02979891374707222, 0.020641811192035675, 0.016559965908527374]]",7086,"[0.6117953658103943, 0.17428089678287506, 0.030659696087241173]","[0.9834704399108887, 0.7241995334625244, 0.3219914436340332, -0.9208557605743408]",False,"[0.6665656566619873, 0.22441263496875763, 0.029999999329447746]","[[0.6149889230728149, 0.17420640587806702, 0.02618730068206787, 0.054830264300107956, 0.6117953658103943, 0.17428089678287506, 0.030659696087241173, -0.011177005246281624, -0.0006281759706325829, 0.007006710860878229]]","[0.16680172085762024, -0.3185591995716095, -1.0182654857635498, 2.0579347610473633, -1.258512020111084, 0.34475359320640564]","[[0.026418495923280716, 0.011677660048007965, 0.01785694807767868]]","[1, 5]",20.059490764,-0.07425235956907272,26,7086,1748251637.6064496,16
"[[-0.01205484289675951, 0.047923874109983444, -0.016895806416869164]]",7138,"[0.6095703840255737, 0.29319748282432556, 0.02998976595699787]","[-0.24110043048858643, 0.9584834575653076, -0.33791613578796387, 0.03286290168762207]",False,"[0.4007038176059723, -0.012764779850840569, 0.029999999329447746]","[[0.6525604128837585, 0.18439199030399323, 0.12778523564338684, 0.0028870704118162394, 0.6095703840255737, 0.29319748282432556, 0.02998976595699787, 1.2543971024570055e-05, 3.3503317808936117e-06, 2.957360447908286e-05]]","[0.1438903510570526, 0.1604461818933487, 0.06497763097286224, 0.0006757751107215881, 0.06638099253177643, -0.0025870054960250854]","[[-0.0006622495129704475, 0.006833057850599289, 0.0011395309120416641]]","[1, 5]",20.155988276,-0.3704566955566406,30,7138,1748251637.7217512,7
"[[-0.032443396747112274, -0.023511365056037903, -0.016456104815006256]]",7144,"[0.6073012948036194, 0.28764641284942627, 0.03358655795454979]","[-0.703937828540802, -0.9476050734519958, -0.4878801107406616, 0.3880537748336792]",False,"[0.4007038176059723, -0.012764779850840569, 0.029999999329447746]","[[0.6101633310317993, 0.28235387802124023, 0.030878746882081032, 0.08001314848661423, 0.6073012948036194, 0.28764641284942627, 0.03358655795454979, -0.12739184498786926, 0.000741874857340008, -0.07802590727806091]]","[0.2183118313550949, 0.15693984925746918, -1.9942405223846436, 1.1803606748580933, -1.3699947595596313, 0.3351919651031494]","[[-0.0165439173579216, -0.017186656594276428, -0.009577738121151924]]","[1, 5]",20.199339826,-0.36461248993873596,30,7144,1748251637.7343168,13
"[[-0.0064157843589782715, 0.015417030081152916, -0.04543497413396835]]",7167,"[0.5796781182289124, 0.1125018373131752, 0.029988892376422882]","[-0.1276683807373047, 0.39279425144195557, -0.908717930316925, 0.8655011653900146]",False,"[0.6162505745887756, -0.052465081214904785, 0.029999999329447746]","[[0.580780565738678, 0.12209801375865936, 0.027720164507627487, 0.08004925400018692, 0.5796781182289124, 0.1125018373131752, 0.029988892376422882, 3.684832699946128e-05, 7.964487735989678e-08, 0.0155956344678998]]","[0.05666008219122887, -0.027737721800804138, 0.006583079695701599, -0.02092926949262619, -0.01725182682275772, -0.005007937550544739]","[[0.0033252835273742676, 0.003858296200633049, 0.0013451911509037018]]","[1, 5]",20.215279729,-0.16897226870059967,32,7167,1748251637.7879856,3
"[[0.0023608682677149773, -0.0450715646147728, -0.00043976609595119953]]",7169,"[0.5926275849342346, 0.14581657946109772, 0.031298667192459106]","[0.15718436241149902, -0.5261437892913818, -0.044363200664520264, -0.7669382691383362]",False,"[0.6162505745887756, -0.052465081214904785, 0.029999999329447746]","[[0.5905187726020813, 0.13406550884246826, 0.02358475886285305, 0.05748256295919418, 0.5926275849342346, 0.14581657946109772, 0.031298667192459106, 0.008826252073049545, -0.005746882408857346, 0.02900117076933384]]","[0.27863839268684387, 0.09911447763442993, -0.6152989864349365, 0.31631162762641907, -0.2865639925003052, 0.05451017618179321]","[[0.0015339134261012077, -0.022740403190255165, -0.0007982563693076372]]","[1, 5]",20.221729703,-0.199688121676445,32,7169,1748251637.793623,5
"[[-0.09498878568410873, 0.2809576392173767, -0.004835957661271095]]",7195,"[0.5843376517295837, -0.233822301030159, 0.029999999329447746]","[-0.35852599143981934, 0.9217984676361084, -0.17397552728652954, -0.9101099967956543]",True,"[0.5256820321083069, -0.11081299185752869, 0.029999999329447746]","[[0.6384396553039551, -2.194472251484947e-12, 0.19740013778209686, 0, 0.5843376517295837, -0.233822301030159, 0.029999999329447746, 0, 0, 0]]","[0.35143062472343445, 0.14949525892734528, -1.0410804748535156, 0.534558892250061, -0.5147662162780762, 0.13911214470863342]","[[-0.15081533789634705, 0.058100126683712006, -0.17600880563259125]]","[1, 5]",20.291753451,-0.021980520337820053,34,7195,1748251637.857885,6
"[[0.012404507957398891, -0.012630324810743332, 0.022790536284446716]]",7298,"[0.544857919216156, 0.13852480053901672, 0.03631092980504036]","[0.3088260889053345, 0.09779608249664307, 0.5839223861694336, -0.9843236207962036]",False,"[0.5682604908943176, -0.22160667181015015, 0.029999999329447746]","[[0.5442999601364136, 0.1346530020236969, 0.02823770046234131, 0.05643821507692337, 0.544857919216156, 0.13852480053901672, 0.03631092980504036, -0.017887532711029053, 0.018248120322823524, 0.0002255985455121845]]","[0.588647186756134, 0.21563272178173065, -1.773066759109497, 1.0047982931137085, -0.5497718453407288, 0.07563163340091705]","[[0.015530473552644253, 0.002121973317116499, 0.0268661268055439]]","[1, 5]",20.543479963,-0.3609462380409241,39,7298,1748251638.083352,7
"[[0.023822080343961716, -0.05530956760048866, 0.02725761942565441]]",7320,"[0.5416187644004822, -0.006607046350836754, 0.03463392332196236]","[0.9407927989959717, -0.7193674445152283, 0.6393080949783325, -0.9426944255828857]",False,"[0.5560798645019531, -0.060268595814704895, 0.029999999329447746]","[[0.5326778292655945, -0.020855359733104706, 0.027236340567469597, 0.05468399077653885, 0.5416187644004822, -0.006607046350836754, 0.03463392332196236, 0.008263475261628628, 0.0686982199549675, 0.06757944077253342]]","[0.3065585196018219, 0.2719208598136902, -1.621213436126709, 0.9080983400344849, -1.0029689073562622, 0.35640814900398254]","[[0.025012921541929245, -0.028220027685165405, 0.02628468908369541]]","[1, 5]",20.591619002,-0.05576879531145096,40,7320,1748251638.1394546,11
"[[-0.04795544594526291, -0.0454878956079483, 0.05000873655080795]]",7380,"[0.4448298215866089, -0.03926272690296173, 0.02998952567577362]","[-0.9590945839881897, -0.9097650647163391, 0.9999651908874512, -0.9929031133651733]",False,"[0.6926270127296448, -0.2839351296424866, 0.029999999329447746]","[[0.5954856276512146, -0.025293728336691856, 0.19343680143356323, 2.7502505162146917e-08, 0.4448298215866089, -0.03926272690296173, 0.02998952567577362, -3.005915914400248e-06, 2.0705629140138626e-05, -2.900113258874626e-06]]","[0.031227674335241318, -0.035987913608551025, -0.040869783610105515, -0.03561364859342575, 0.0773114338517189, 0.20065408945083618]","[[-0.005000703036785126, -0.0201945248991251, 0.05396159738302231]]","[1, 5]",20.747255769,-0.3482356071472168,46,7380,1748251638.2784128,0
"[[-0.04228669032454491, -0.002417089883238077, -0.03858817368745804]]",7381,"[0.44482991099357605, -0.039263177663087845, 0.02998943254351616]","[-0.8457319736480713, -0.04835081100463867, -0.7717653512954712, -0.1519448161125183]",False,"[0.6926270127296448, -0.2839351296424866, 0.029999999329447746]","[[0.5812864899635315, -0.04435260221362114, 0.1789306253194809, 2.330706960762541e-09, 0.44482991099357605, -0.039263177663087845, 0.02998943254351616, -3.006573706443305e-06, 2.3792244974174537e-05, -5.725476967199938e-06]]","[0.03140093386173248, -0.02590595930814743, -0.01903705671429634, -0.028387419879436493, 0.05356491357088089, 0.13178905844688416]","[[-0.028087463229894638, 0.01664133369922638, -0.024082090705633163]]","[1, 5]",20.74730932,-0.34823521971702576,46,7381,1748251638.2801533,1
"[[0.04004419967532158, 0.03757206350564957, 0.03267050161957741]]",7387,"[0.4450509548187256, -0.042652275413274765, 0.031097453087568283]","[0.8030929565429688, 0.7604613304138184, 0.6755721569061279, -0.11582297086715698]",False,"[0.6926270127296448, -0.2839351296424866, 0.029999999329447746]","[[0.44498151540756226, -0.03636451065540314, 0.039381712675094604, 0.07305416464805603, 0.4450509548187256, -0.042652275413274765, 0.031097453087568283, -0.02496747113764286, 0.01227510068565607, 0.07143502682447433]]","[0.22052036225795746, 0.17347818613052368, -0.24968478083610535, 0.17424196004867554, -0.03417452424764633, 0.00629599392414093]","[[0.018716823309659958, 0.020120348781347275, 0.017638375982642174]]","[1, 5]",20.74752211,-0.3457058370113373,46,7387,1748251638.2921298,7
"[[0.018730629235506058, -0.005646176636219025, 0.0088442238047719]]",7392,"[0.513242244720459, -0.08076989650726318, 0.033869363367557526]","[0.9113142490386963, -0.9541898965835571, 0.12054049968719482, -0.9936875700950623]",False,"[0.6926270127296448, -0.2839351296424866, 0.029999999329447746]","[[0.5012748837471008, -0.08417245000600815, 0.02790224738419056, 0.054960355162620544, 0.513242244720459, -0.08076989650726318, 0.033869363367557526, 0.006379248108714819, 0.08004818856716156, 0.010690240189433098]]","[0.2581495940685272, 0.1565028727054596, -1.9060721397399902, 1.3725788593292236, -1.3777849674224854, 0.39419466257095337]","[[0.018893439322710037, -0.012419898062944412, 0.008447584696114063]]","[1, 5]",20.747806314,-0.2710534632205963,46,7392,1748251638.3041587,12
"[[-0.04783548414707184, -0.018714819103479385, -0.03957604244351387]]",7447,"[0.6461039781570435, 0.26583871245384216, 0.03949076682329178]","[-0.979715883731842, -0.5425209403038025, -0.8385351896286011, 0.4649292230606079]",False,"[0.46352458000183105, 0.26030653715133667, 0.029999999329447746]","[[0.6579667925834656, 0.25955119729042053, 0.0582541860640049, 0.07986089587211609, 0.6461039781570435, 0.26583871245384216, 0.03949076682329178, -0.41171640157699585, -3.200049377483083e-06, -0.13498540222644806]]","[0.3044910728931427, -0.40750885009765625, -0.8457030653953552, 1.7103337049484253, -1.3153899908065796, 0.41672515869140625]","[[-0.04397036135196686, -0.020679417997598648, -0.047475818544626236]]","[2, 1]",21.05934603,-0.18290957808494568,0,7447,1748251638.59596,16
"[[-0.026089275255799294, -0.0358828641474247, -0.04998952895402908]]",7456,"[0.6645807027816772, 0.09701336920261383, 0.02998952753841877]","[-0.5217974185943604, -0.7176498174667358, -1, 0.9738491773605347]",False,"[0.6971008777618408, 0.24522987008094788, 0.029999999329447746]","[[0.6284459829330444, -0.022944001480937004, 0.1665041446685791, 0.07027379423379898, 0.6645807027816772, 0.09701336920261383, 0.02998952753841877, 3.005894996022107e-06, -2.0607802071026526e-05, -2.8306608328421135e-06]]","[0.031227683648467064, -0.03598801791667938, -0.04086983576416969, -0.03561374545097351, 0.07731138169765472, 0.20065416395664215]","[[-0.016096198931336403, -0.012938490137457848, -0.0191040076315403]]","[2, 1]",21.059810463,-0.15174219012260437,1,7456,1748251638.617918,0
"[[0.03697624430060387, 0.05237157642841339, -0.004937565885484219]]",7475,"[0.6760264039039612, 0.1999061107635498, 0.032755400985479355]","[0.8387343883514404, 0.995333194732666, -0.18132519721984863, -0.646248996257782]",False,"[0.6971008777618408, 0.24522987008094788, 0.029999999329447746]","[[0.7300944328308105, 0.23335611820220947, 0.02447124384343624, 1.6249199461526587e-06, 0.6760264039039612, 0.1999061107635498, 0.032755400985479355, -1.6706421375274658, -0.01735709235072136, 1.1936635971069336]]","[0.14616511762142181, -1.4370006322860718, 1.8582878112792969, 3.8080785274505615, -0.19264718890190125, 0.5177329778671265]","[[0.03787180408835411, 0.014657914638519287, -0.0058630118146538734]]","[2, 1]",21.103692399,-0.05005965754389763,1,7475,1748251638.6609318,19
"[[-0.03265443071722984, 0.0439634807407856, -0.017850277945399284]]",7482,"[0.6250730752944946, 0.07112748175859451, 0.03982158005237579]","[-0.9874480366706848, 0.9679617881774902, -0.5430091619491577, 0.6534379720687866]",False,"[0.6716274619102478, 0.15477611124515533, 0.029999999329447746]","[[0.649249792098999, 0.09119348973035812, 0.055559948086738586, 0.08003336191177368, 0.6250730752944946, 0.07112748175859451, 0.03982158005237579, -1.2072633504867554, 0.038280192762613297, 0.5063155293464661]]","[0.37639039754867554, 0.19672870635986328, -2.1104092597961426, 1.1847425699234009, -1.2031139135360718, 0.30724841356277466]","[[-0.02962520346045494, 0.0327288918197155, -0.02772788144648075]]","[2, 1]",21.103949001,-0.09623338282108307,2,7482,1748251638.6749694,5
"[[-0.005334845278412104, 0.027919920161366463, -0.04874058812856674]]",7540,"[0.5529646277427673, 0.10126102715730667, 0.029989738017320633]","[-0.10668736696243286, 0.5584042072296143, -0.9748052358627319, 0.9409439563751221]",False,"[0.4486292898654938, 0.14632384479045868, 0.029999999329447746]","[[0.5612936019897461, 0.11283396929502487, 0.08207879215478897, 0.0798565074801445, 0.5529646277427673, 0.10126102715730667, 0.029989738017320633, 7.37194346865793e-17, -8.705753316462506e-06, -9.751134712132625e-06]]","[0.05665231868624687, -0.02774074673652649, 0.006631713360548019, -0.02095537632703781, -0.01723087579011917, -0.005013585090637207]","[[0.002887436654418707, 0.006086410954594612, 0.0014617405831813812]]","[2, 1]",21.28327022,-0.11365087330341339,4,7540,1748251638.8134263,3
"[[-0.012176133692264557, -0.008334532380104065, -0.0038339756429195404]]",7546,"[0.5234732627868652, 0.17109473049640656, 0.033265095204114914]","[-0.7007200717926025, 0.8447582721710205, -0.31419575214385986, -0.8260425329208374]",False,"[0.4486292898654938, 0.14632384479045868, 0.029999999329447746]","[[0.5223448276519775, 0.1619989275932312, 0.03293868154287338, 0.056335676461458206, 0.5234732627868652, 0.17109473049640656, 0.033265095204114914, 0.021448634564876556, -0.09839875996112823, -0.019598208367824554]]","[0.2591603696346283, 0.18256355822086334, -2.098785638809204, 1.2066876888275146, -1.344427227973938, 0.335407555103302]","[[-0.013308025896549225, 0.007142834365367889, -0.004737719893455505]]","[2, 1]",21.283538835,-0.07890423387289047,4,7546,1748251638.8276837,9
"[[-0.0074338288977742195, 0.04997430369257927, -0.04998981952667236]]",7584,"[0.6587471961975098, 0.2138107866048813, 0.0299898199737072]","[-0.1486789584159851, 0.9994860887527466, -1, 0.9999985694885254]",False,"[0.6912044286727905, 0.07974380999803543, 0.029999999329447746]","[[0.6396342515945435, 0.024369781836867332, 0.1703789234161377, 0.07027385383844376, 0.6587471961975098, 0.2138107866048813, 0.0299898199737072, -3.3503115446364973e-06, -1.0719993042584974e-05, -3.5290004234411754e-06]]","[0.031228283420205116, -0.036004483699798584, -0.040873315185308456, -0.0356299951672554, 0.07730570435523987, 0.20066535472869873]","[[-0.00862854439765215, 0.025604521855711937, -0.022978786379098892]]","[2, 1]",21.375464791,-0.1379399448633194,7,7584,1748251638.9166787,0
"[[0.1284715235233307, -0.24030576646327972, -8.639227598905563e-05]]",7622,"[0.5358825325965881, 0.2144622504711151, 0.029999999329447746]","[0.8559353351593018, 0.8065303564071655, -0.17187649011611938, -0.736899733543396]",True,"[0.6813037395477295, -0.015258634462952614, 0.029999999329447746]","[[0.6384396553039551, -2.194472251484947e-12, 0.19740013778209686, 0, 0.5358825325965881, 0.2144622504711151, 0.029999999329447746, 0, 0, 0]]","[0.17325244843959808, -0.0985943078994751, -1.5260295867919922, 1.5200361013412476, -1.8224573135375977, 0.4577198624610901]","[[0.02415022999048233, -0.01432255282998085, -0.17633217573165894]]","[2, 1]",21.467254111,-0.01766209863126278,9,7622,1748251638.9971347,14
"[[-0.04712408035993576, -0.048158567398786545, -0.0384325347840786]]",7626,"[0.5410738587379456, -0.1770181506872177, 0.030736111104488373]","[-0.9424756169319153, -0.9783660173416138, -0.7537222504615784, 0.909719705581665]",False,"[0.6901763677597046, 0.046396199613809586, 0.029999999329447746]","[[0.5705344080924988, -0.16100211441516876, 0.06654946506023407, 0.07998272776603699, 0.5410738587379456, -0.1770181506872177, 0.030736111104488373, 0.025130266323685646, 1.367747358926863e-06, -8.492726919939741e-06]]","[0.08964808285236359, -0.021666981279850006, -0.1242542564868927, 0.05150226503610611, -0.058631978929042816, -0.0006148889660835266]","[[-0.01490282267332077, -0.0029826201498508453, -0.004590686410665512]]","[2, 1]",21.467416577,-0.268600195646286,10,7626,1748251639.004427,3
"[[-0.04939168319106102, -0.04452335834503174, 0.0023979598190635443]]",7655,"[0.43440747261047363, -0.13941624760627747, 0.02998989447951317]","[-0.987830638885498, -0.8904710412025452, 0.04796135425567627, 0.887270450592041]",False,"[0.49634990096092224, 0.15959610044956207, 0.029999999329447746]","[[0.4947786331176758, -0.15154875814914703, 0.07226625084877014, 0.07998251169919968, 0.43440747261047363, -0.13941624760627747, 0.02998989447951317, 1.267675088456599e-06, 3.613922217482468e-06, 2.208939076808747e-05]]","[0.056613989174366, -0.027743332087993622, 0.006601113826036453, -0.020958736538887024, -0.017223648726940155, -0.00498044490814209]","[[0.0014696456491947174, -0.0068442970514297485, 0.022848280146718025]]","[2, 1]",21.539233093,-0.3053608536720276,12,7655,1748251639.0732198,3
"[[-0.03275495395064354, -0.007765814661979675, -0.040178872644901276]]",7717,"[0.5076175332069397, 0.06165598705410957, 0.02998991869390011]","[-0.6550919413566589, -0.1553162932395935, -0.8035703897476196, 0.8172625303268433]",False,"[0.6365242600440979, 0.022735117003321648, 0.029999999329447746]","[[0.5121913552284241, 0.058948080986738205, 0.06419749557971954, 0.0798952728509903, 0.5076175332069397, 0.06165598705410957, 0.02998991869390011, -2.820803868264221e-10, -2.734479494392872e-06, -1.0641864719218574e-05]]","[0.1252940148115158, 0.004401780664920807, 0.026186075061559677, -0.018131427466869354, -0.016248352825641632, -0.032099828124046326]","[[-0.005826469510793686, -0.0012353844940662384, -0.0008285529911518097]]","[2, 1]",21.645802345,-0.13465428352355957,16,7717,1748251639.2191563,4
"[[0.023832108825445175, -0.0233970545232296, -0.008385207504034042]]",7721,"[0.5968941450119019, 0.0806928426027298, 0.02984434925019741]","[0.9821455478668213, -0.8544663190841675, -0.50480717420578, -0.9519578218460083]",False,"[0.6365242600440979, 0.022735117003321648, 0.029999999329447746]","[[0.5912262201309204, 0.06477954983711243, 0.02135521173477173, 0.051773298531770706, 0.5968941450119019, 0.0806928426027298, 0.02984434925019741, 0.014057805761694908, 0.005009911023080349, 0.016872424632310867]]","[0.4708307087421417, 0.22536197304725647, -2.548349380493164, 1.3434172868728638, -1.572625756263733, 0.40531688928604126]","[[0.01715489849448204, -0.021727923303842545, -0.007574183866381645]]","[2, 1]",21.656950681,-0.07021158933639526,16,7721,1748251639.2291994,8
"[[-0.02226429060101509, -0.21959155797958374, 0.001411309465765953]]",7750,"[0.685823380947113, 0.19870072603225708, 0.029999999329447746]","[-0.23194169998168945, 0.950355052947998, 0.03418266773223877, -0.8502745628356934]",True,"[0.6854413151741028, -0.13181644678115845, 0.029999999329447746]","[[0.6384396553039551, -2.194472251484947e-12, 0.19740013778209686, 0, 0.685823380947113, 0.19870072603225708, 0.029999999329447746, 0, 0, 0]]","[0.1802067905664444, -0.42938268184661865, -1.1250642538070679, 2.2271313667297363, -0.799302339553833, 0.21853527426719666]","[[0.02261943742632866, -0.021004952490329742, -0.17287997901439667]]","[2, 1]",21.718199382,-0.049240533262491226,18,7750,1748251639.2916868,14
"[[-0.04769114777445793, -0.04492818936705589, -0.049771104007959366]]",7753,"[0.5330286026000977, -0.13066750764846802, 0.030423542484641075]","[-0.953815758228302, -0.9072946310043335, -0.9867399334907532, 0.9957151412963867]",False,"[0.4700418710708618, 0.23421846330165863, 0.029999999329447746]","[[0.5526486039161682, -0.1146031990647316, 0.06730973720550537, 0.07985690981149673, 0.5330286026000977, -0.13066750764846802, 0.030423542484641075, 0.014507644809782505, -3.7411680295917904e-06, -2.117471922247205e-06]]","[0.03052256628870964, -0.027322329580783844, -0.06386229395866394, 0.005209676921367645, 0.00418630987405777, 0.05989345908164978]","[[-0.013221066445112228, -0.0054243020713329315, -0.0023894943296909332]]","[2, 1]",21.723712756,-0.37028270959854126,19,7753,1748251639.2969506,2
"[[-0.003051674459129572, 0.004172932356595993, 0.002651304006576538]]",7758,"[0.509310781955719, 0.021670863032341003, 0.05969753861427307]","[-0.09882998466491699, 0.9742915630340576, 0.27029097080230713, -0.9771153330802917]",False,"[0.4700418710708618, 0.23421846330165863, 0.029999999329447746]","[[0.5099927186965942, 0.02764393761754036, 0.05149558186531067, 0.05687646195292473, 0.509310781955719, 0.021670863032341003, 0.05969753861427307, -0.00020566537568811327, -0.0027512197848409414, 0.002723564626649022]]","[0.48743557929992676, 0.11695018410682678, -2.6447927951812744, 1.4380918741226196, -1.128322958946228, 0.25706082582473755]","[[-0.003966546151787043, 0.007445205003023148, 0.0013040527701377869]]","[2, 1]",21.739946742,-0.21817532181739807,19,7758,1748251639.3123455,7
"[[-0.009996961802244186, 0.030529174953699112, 0.023411300033330917]]",7764,"[0.47774451971054077, 0.1844261884689331, 0.04237835109233856]","[-0.8629360198974609, 0.9693107604980469, 0.7088268995285034, -0.9367935657501221]",False,"[0.4700418710708618, 0.23421846330165863, 0.029999999329447746]","[[0.48080042004585266, 0.19202786684036255, 0.032740846276283264, 0.055884167551994324, 0.47774451971054077, 0.1844261884689331, 0.04237835109233856, -0.027537325397133827, 0.043785739690065384, -0.00858948566019535]]","[0.08626828342676163, -0.8151357769966125, -0.0504758395254612, 3.0230772495269775, -1.410098671913147, 0.5723910927772522]","[[-0.009839992970228195, 0.03391790762543678, 0.024625085294246674]]","[2, 1]",21.759823094,-0.0518827959895134,19,7764,1748251639.3319943,13
"[[0.04570619389414787, -0.036461684852838516, -0.05668779835104942]]",7788,"[0.6963954567909241, -0.2237590104341507, 0.039978086948394775]","[0.9289213418960571, -0.9893516302108765, -0.9980118870735168, 0.991791844367981]",False,"[0.58501797914505, 0.23440150916576385, 0.029999999329447746]","[[0.6968137621879578, -0.23522858321666718, 0.06170305609703064, 0.0778035968542099, 0.6963954567909241, -0.2237590104341507, 0.039978086948394775, 0.43249374628067017, 0.005457648076117039, 0.12461195886135101]]","[0.5809655785560608, 0.14626428484916687, -1.9092154502868652, 1.030493140220642, -0.6837199926376343, 0.08464092761278152]","[[0.01280621811747551, -0.009653795510530472, -0.049111295491456985]]","[2, 1]",21.807691815,-0.47160956263542175,21,7788,1748251639.3806944,5
"[[0.004274153616279364, 0.022113297134637833, 0.001105806208215654]]",7872,"[0.5146079063415527, 0.13260936737060547, 0.029986781999468803]","[0.08546042442321777, 0.4422715902328491, 0.021851778030395508, 0.9934753179550171]",False,"[0.4040921628475189, -0.04927988350391388, 0.029999999329447746]","[[0.6411025524139404, 0.016387691721320152, 0.19820652902126312, 0.07027455419301987, 0.5146079063415527, 0.13260936737060547, 0.029986781999468803, -1.4231644854589831e-05, -2.928647336375434e-05, -2.5554468265909236e-06]]","[0.031221916899085045, -0.035833485424518585, -0.04083676263689995, -0.0354614332318306, 0.07736489176750183, 0.2005492001771927]","[[0.0016101240180432796, 0.0057258885353803635, 0.00028619763907045126]]","[2, 1]",22.001818842,-0.21283192932605743,25,7872,1748251639.5755033,0
"[[-0.040844861418008804, 0.04917006567120552, -0.04639708995819092]]",7873,"[0.5146083831787109, 0.13260769844055176, 0.029989073053002357]","[-0.8168876767158508, 0.983367919921875, -0.9278959631919861, 0.6048555374145508]",False,"[0.4040921628475189, -0.04927988350391388, 0.029999999329447746]","[[0.6250535845756531, 0.04998889937996864, 0.1670803278684616, 0.07881762832403183, 0.5146083831787109, 0.13260769844055176, 0.029989073053002357, 3.983682472608052e-05, 6.1111804825486615e-06, -5.583339316217462e-06]]","[0.03144428879022598, -0.025800630450248718, -0.01913069561123848, -0.028240516781806946, 0.05358119308948517, 0.13179561495780945]","[[-0.024795416742563248, 0.01556718721985817, -0.01526859775185585]]","[2, 1]",22.003543755,-0.21283075213432312,25,7873,1748251639.5772133,1
"[[-0.030809814110398293, 0.0014543116558343172, -0.045400768518447876]]",7893,"[0.4750141203403473, 0.06987220793962479, 0.029989993199706078]","[-0.616196870803833, 0.02908623218536377, -0.9080148935317993, 0.5067659616470337]",False,"[0.5051189064979553, -0.045573003590106964, 0.029999999329447746]","[[0.465427964925766, 0.06940114498138428, 0.03598884493112564, 0.0795518234372139, 0.4750141203403473, 0.06987220793962479, 0.029989993199706078, -2.0484284490862592e-08, 2.347485406062333e-07, 8.680884093337227e-06]]","[0.1596103459596634, 0.05415339022874832, 0.04068945720791817, -0.012295432388782501, 0.005066707730293274, -0.031536683440208435]","[[-0.005715155974030495, -6.23136293143034e-05, -0.005579136312007904]]","[2, 1]",22.04956389,-0.11930587887763977,27,7893,1748251639.6227393,5
"[[-0.008562028408050537, -0.017346970736980438, 0.005368342623114586]]",7974,"[0.5620039701461792, 0.05048242583870888, 0.06722256541252136]","[-0.42133331298828125, -0.8509794473648071, 0.4088855981826782, -0.9721280336380005]",False,"[0.5513671636581421, -0.14926652610301971, 0.029999999329447746]","[[0.5717278122901917, 0.041160643100738525, 0.059009063988924026, 0.05760474130511284, 0.5620039701461792, 0.05048242583870888, 0.06722256541252136, -0.0023958664387464523, 0.047109127044677734, 0.025087526068091393]]","[0.5723048448562622, 0.21230672299861908, -3.2046475410461426, 1.7815003395080566, -1.4203680753707886, 0.2951226532459259]","[[-0.007280945777893066, -0.015819456428289413, 0.004722723737359047]]","[2, 1]",22.271564924,-0.20346574485301971,33,7974,1748251639.8263838,6
"[[-0.010407904163002968, 0.05000597611069679, -0.040422722697257996]]",7985,"[0.5068774223327637, -0.1168740913271904, 0.02950032614171505]","[-0.16567784547805786, 0.9660472869873047, -0.9183393716812134, 0.21189451217651367]",False,"[0.5665304064750671, 0.27779287099838257, 0.029999999329447746]","[[0.5072218179702759, -0.11479463428258896, 0.020806491374969482, 0.07996045798063278, 0.5068774223327637, -0.1168740913271904, 0.02950032614171505, -0.011716337874531746, 0.004643451422452927, -0.09585198014974594]]","[0.3194607198238373, 0.13890433311462402, -0.9242284893989563, 0.5276848077774048, -0.48126450181007385, 0.14493930339813232]","[[0.0002788510173559189, 0.04233184829354286, -0.012172620743513107]]","[2, 1]",22.31535123,-0.3991500437259674,34,7985,1748251639.8513885,6
"[[-0.01819540373980999, -0.01344741228967905, -0.03420359268784523]]",8024,"[0.5805556178092957, 0.22360378503799438, 0.031467851251363754]","[-0.5711116790771484, 0.22278738021850586, -0.9286621809005737, 0.9701356887817383]",False,"[0.43984124064445496, 0.2769537568092346, 0.029999999329447746]","[[0.5861694812774658, 0.2147970348596573, 0.027007587254047394, 0.07996758073568344, 0.5805556178092957, 0.22360378503799438, 0.031467851251363754, -1.586359977722168, 0.003682078095152974, 0.1924334019422531]]","[0.40293148159980774, 0.20095793902873993, -1.8929004669189453, 1.0360149145126343, -0.907246470451355, 0.2523500323295593]","[[-0.004706336185336113, -0.012094580568373203, -0.01384761929512024]]","[2, 1]",22.407198879,-0.15049554407596588,36,8024,1748251639.9372683,6
"[[-0.015729844570159912, 0.022572368383407593, 0.0007628888124600053]]",8028,"[0.527405858039856, 0.23969002068042755, 0.03245445713400841]","[-0.8433449268341064, 0.9238064289093018, 0.026221156120300293, -0.9551962614059448]",False,"[0.43984124064445496, 0.2769537568092346, 0.029999999329447746]","[[0.5283346176147461, 0.24863064289093018, 0.024461090564727783, 0.054769206792116165, 0.527405858039856, 0.23969002068042755, 0.03245445713400841, -1.5724382400512695, 0.019677266478538513, -0.011127538979053497]]","[0.627004086971283, -0.14096462726593018, -2.0564677715301514, 2.016637086868286, -2.137221336364746, 0.5114124417304993]","[[-0.015849530696868896, 0.018218353390693665, 0.0006677169585600495]]","[2, 1]",22.407370993,-0.09519544243812561,36,8028,1748251639.948492,10
"[[0.04543184116482735, 0.04839470982551575, 0.043474841862916946]]",8109,"[0.6615530252456665, 0.26394954323768616, 0.02998896688222885]","[0.9086201190948486, 0.9678888320922852, 0.8694930076599121, 0.7826110124588013]",False,"[0.6568893194198608, -0.2536400556564331, 0.029999999329447746]","[[0.6434740424156189, -0.032925378531217575, 0.1376650333404541, 0.06874637305736542, 0.6615530252456665, 0.26394954323768616, 0.02998896688222885, 4.337637437856756e-05, 6.188112365634879e-06, -6.86728617438348e-06]]","[0.03139950707554817, -0.025889262557029724, -0.01902839168906212, -0.028372906148433685, 0.05357695370912552, 0.1317855268716812]","[[0.048261452466249466, 0.0583038255572319, 0.0792769268155098]]","[2, 1]",22.599478122,-0.5176106095314026,42,8109,1748251640.145059,1
"[[0.04732898622751236, 0.04858589917421341, 0.04556701332330704]]",8112,"[0.6615505814552307, 0.2639492452144623, 0.02998892217874527]","[0.9465630054473877, 0.9717161655426025, 0.9113402366638184, 0.6495555639266968]",False,"[0.6568893194198608, -0.2536400556564331, 0.029999999329447746]","[[0.7124174237251282, 0.08384498953819275, 0.16130071878433228, 0.07997975498437881, 0.6615505814552307, 0.2639492452144623, 0.02998892217874527, 4.483825614443049e-05, 6.188572115206625e-06, -1.7117175957537256e-05]]","[0.12528102099895477, 0.004399389028549194, 0.026230305433273315, -0.018166877329349518, -0.01623363047838211, -0.03210887312889099]","[[0.02452615648508072, 0.008677121251821518, 0.019229523837566376]]","[2, 1]",22.599592797,-0.5176103115081787,42,8112,1748251640.1502783,4
"[[-0.009156054817140102, 0.03488123044371605, -0.022022670134902]]",8116,"[0.6615481376647949, 0.26576897501945496, 0.03171040117740631]","[-0.18312585353851318, 0.7340066432952881, -0.4060349464416504, 0.8629168272018433]",False,"[0.6568893194198608, -0.2536400556564331, 0.029999999329447746]","[[0.6746005415916443, 0.23382435739040375, 0.06691650301218033, 0.08000338077545166, 0.6615481376647949, 0.26576897501945496, 0.03171040117740631, -0.05911007523536682, 1.139257710747188e-05, -2.3527009034296498e-05]]","[0.2259107381105423, 0.22315582633018494, -0.43554845452308655, 0.2867159843444824, -0.06469752639532089, 0.03308291733264923]","[[0.0006391936913132668, 0.005862485617399216, 0.0031910650432109833]]","[2, 1]",22.599730346,-0.5194327235221863,42,8116,1748251640.157631,8
"[[-0.015456164255738258, 0.0036170557141304016, 0.005524251610040665]]",8122,"[0.6412477493286133, 0.16397233307361603, 0.06419175863265991]","[-0.4267005920410156, -0.9814406633377075, 0.4033700227737427, -0.9553053975105286]",False,"[0.6568893194198608, -0.2536400556564331, 0.029999999329447746]","[[0.6413449645042419, 0.17245592176914215, 0.0891101136803627, 0.055692244321107864, 0.6412477493286133, 0.16397233307361603, 0.06419175863265991, -1.4004790782928467, -0.10788580775260925, -0.0008014042978174984]]","[0.28864210844039917, -0.07846105098724365, -2.317129611968994, 1.8088074922561646, -1.6182503700256348, 0.3415098786354065]","[[-0.013976061716675758, -0.011482693254947662, 0.00437101349234581]]","[2, 1]",22.60001457,-0.4193016290664673,42,8122,1748251640.1718884,14
"[[-0.004443347454071045, -0.04149838536977768, -0.01670486107468605]]",8139,"[0.6801499128341675, -0.16135261952877045, 0.030696116387844086]","[0.09552478790283203, -0.9668384194374084, -0.3207661509513855, -0.8525381684303284]",False,"[0.6568893194198608, -0.2536400556564331, 0.029999999329447746]","[[0.6809913516044617, -0.17555491626262665, 0.022129470482468605, 0.052357640117406845, 0.6801499128341675, -0.16135261952877045, 0.030696116387844086, -1.5464545488357544, 0.0012948870426043868, -0.046721529215574265]]","[-0.19270111620426178, -2.082902431488037, 2.238253116607666, 5.633278846740723, 0.7949851751327515, 0.2564152479171753]","[[-0.007395386695861816, -0.041429512202739716, -0.016451692208647728]]","[2, 1]",22.647859055,-0.09517621994018555,42,8139,1748251640.2184718,31
"[[-0.018444940447807312, -0.0464710108935833, -0.02040783315896988]]",8142,"[0.6871249675750732, -0.16504064202308655, 0.031128602102398872]","[-0.33454030752182007, -0.9454988837242126, -0.408855676651001, -0.6109575033187866]",False,"[0.6568893194198608, -0.2536400556564331, 0.029999999329447746]","[[0.6908971667289734, -0.17887452244758606, 0.02230466902256012, 0.05320187658071518, 0.6871249675750732, -0.16504064202308655, 0.031128602102398872, -1.5326738357543945, 0.0006278470391407609, -0.11866778880357742]]","[-0.062276922166347504, -2.3162150382995605, 2.4993836879730225, 6.182636260986328, 1.1576751470565796, 0.24083483219146729]","[[-0.01920764148235321, -0.04652729257941246, -0.020385462790727615]]","[2, 1]",22.654516079,-0.0936233177781105,42,8142,1748251640.227038,34
"[[-0.006880408618599176, 0.03860073909163475, -0.03293965011835098]]",8195,"[0.6838361024856567, 0.2413027435541153, 0.029989661648869514]","[-0.13760101795196533, 0.7720218896865845, -0.6587879657745361, 0.9828553199768066]",False,"[0.44395995140075684, -0.24462582170963287, 0.029999999329447746]","[[0.6784831285476685, 0.1810539960861206, 0.0952940583229065, 0.07999977469444275, 0.6838361024856567, 0.2413027435541153, 0.029989661648869514, -1.1455554727035633e-08, -1.1273392374278046e-05, -1.5860319763305597e-05]]","[0.15962307155132294, 0.05415983125567436, 0.04072394594550133, -0.012322559952735901, 0.005066417157649994, -0.031544044613838196]","[[0.0039001046679913998, 0.00486518070101738, 0.012293670326471329]]","[2, 1]",22.827194998,-0.5419106483459473,45,8195,1748251640.3583941,5
"[[-0.01893634721636772, -0.004719346761703491, 0.01211586408317089]]",8202,"[0.6455720067024231, 0.18535444140434265, 0.046449124813079834]","[-0.7486905455589294, -0.9755021333694458, 0.40820467472076416, -0.8749855160713196]",False,"[0.44395995140075684, -0.24462582170963287, 0.029999999329447746]","[[0.6543751358985901, 0.1788918524980545, 0.06599601358175278, 0.05937209725379944, 0.6455720067024231, 0.18535444140434265, 0.046449124813079834, -1.2998361587524414, -8.760531636653468e-05, 0.003475775010883808]]","[0.16006408631801605, -0.021216288208961487, -2.322828769683838, 1.6959357261657715, -1.3997904062271118, 0.25881022214889526]","[[-0.019252430647611618, -0.012769222259521484, 0.010437531396746635]]","[2, 1]",22.827408008,-0.47518524527549744,45,8202,1748251640.3756182,12
"[[0.01037081703543663, -0.0401487872004509, -0.031237009912729263]]",8209,"[0.6242461800575256, 0.10224410146474838, 0.03217719867825508]","[0.632530927658081, -0.9892460703849792, -0.8818030953407288, -0.9758324027061462]",False,"[0.44395995140075684, -0.24462582170963287, 0.029999999329447746]","[[0.6292433738708496, 0.08830389380455017, 0.0517452247440815, 0.053754158318042755, 0.6242461800575256, 0.10224410146474838, 0.03217719867825508, -1.4815418720245361, 0.005058576352894306, -0.05372219905257225]]","[0.4111703932285309, -0.953485369682312, 0.6499490737915039, 3.0651776790618896, -0.8303317427635193, 0.48767751455307007]","[[0.0028681419789791107, -0.04283987730741501, -0.03283564746379852]]","[2, 1]",22.827593106,-0.3909304440021515,45,8209,1748251640.3930764,19
"[[-0.0442340113222599, -0.04671398177742958, -0.03947240859270096]]",8214,"[0.5858402848243713, 0.04765179380774498, 0.030976150184869766]","[-0.9074980616569519, -0.9585228562355042, -0.786650538444519, -0.9022810459136963]",False,"[0.44395995140075684, -0.24462582170963287, 0.029999999329447746]","[[0.5921450853347778, 0.03573446348309517, 0.04325246438384056, 0.056463245302438736, 0.5858402848243713, 0.04765179380774498, 0.030976150184869766, -1.5375288724899292, -1.7909571397467516e-05, 0.06275559961795807]]","[0.08325705677270889, -1.5454983711242676, 1.6075458526611328, 4.175900459289551, -0.20724937319755554, 0.47381365299224854]","[[-0.044195208698511124, -0.04685348644852638, -0.039416417479515076]]","[2, 1]",22.871338405,-0.3248956501483917,45,8214,1748251640.407525,24
"[[-0.04639672860503197, -0.04879913851618767, -0.0408816821873188]]",8220,"[0.584999680519104, 0.04822162538766861, 0.030486412346363068]","[-0.9281860589981079, -0.9741666316986084, -0.8191314339637756, -0.8011162281036377]",False,"[0.44395995140075684, -0.24462582170963287, 0.029999999329447746]","[[0.5912259817123413, 0.03676801919937134, 0.04217913746833801, 0.054829854518175125, 0.584999680519104, 0.04822162538766861, 0.030486412346363068, -1.554041862487793, 0.0001311605446971953, 0.07044612616300583]]","[-0.08776291459798813, -1.9373562335968018, 2.0514168739318848, 5.263605117797852, 0.5434925556182861, 0.2936529219150543]","[[-0.04631548747420311, -0.0489640049636364, -0.04070616886019707]]","[2, 1]",22.871595879,-0.32504162192344666,45,8220,1748251640.4245982,30
"[[-0.002498474670574069, -0.027759697288274765, -0.0022472781129181385]]",8227,"[0.5745415091514587, 0.011268106289207935, 0.030416715890169144]","[-0.07763320207595825, -0.9568501114845276, -0.05192887783050537, -0.5380820035934448]",False,"[0.44395995140075684, -0.24462582170963287, 0.029999999329447746]","[[0.5793945789337158, -0.003482063999399543, 0.040188923478126526, 0.05216206610202789, 0.5745415091514587, 0.011268106289207935, 0.030416715890169144, -1.5558037757873535, -3.4658391086850315e-05, 0.030013432726264]]","[0.14373020827770233, -2.5695040225982666, 2.6060593128204346, 6.874541282653809, 1.47659170627594, 0.22939667105674744]","[[-0.0023549466859549284, -0.02660025842487812, -0.0023438618518412113]]","[2, 1]",22.871881736,-0.28728628158569336,45,8227,1748251640.4437337,37
"[[0.007279183715581894, -0.048947226256132126, -0.009407635778188705]]",8251,"[0.4790647029876709, 0.1664879024028778, 0.049186550080776215]","[0.9604649543762207, -0.7038070559501648, -0.08759558200836182, -0.9716470241546631]",False,"[0.576845109462738, 0.009167502634227276, 0.029999999329447746]","[[0.4673570990562439, 0.155025452375412, 0.04257902875542641, 0.05694520100951195, 0.4790647029876709, 0.1664879024028778, 0.049186550080776215, 0.002038367558270693, 0.020846083760261536, 0.03459611162543297]]","[0.4224710762500763, 0.22663313150405884, -2.199930429458618, 1.1287858486175537, -0.9720064401626587, 0.29781079292297363]","[[0.006716366857290268, -0.023798000067472458, -0.01087457686662674]]","[2, 1]",22.927987611,-0.18622253835201263,47,8251,1748251640.4972947,10
"[[-0.005014378111809492, 0.04965591058135033, 0.007454077247530222]]",8258,"[0.5468764901161194, 0.13757680356502533, 0.029989412054419518]","[-0.1002887487411499, 0.9931271076202393, 0.14908146858215332, 0.9297760725021362]",False,"[0.5079878568649292, -0.23937848210334778, 0.029999999329447746]","[[0.566245436668396, 0.03605649620294571, 0.12326129525899887, 0.07994573563337326, 0.5468764901161194, 0.13757680356502533, 0.029989412054419518, 3.006722863574396e-06, -2.4483129891450517e-05, -1.1304365216346923e-05]]","[0.05665217339992523, -0.02774091064929962, 0.00663173571228981, -0.020954929292201996, -0.017230622470378876, -0.00501406192779541]","[[-0.0033377590589225292, 0.00310443714261055, 0.0016012475825846195]]","[2, 1]",22.971480976,-0.3789559602737427,48,8258,1748251640.5139244,3
"[[0.011522012762725353, 0.040364090353250504, 0.016713399440050125]]",8293,"[0.4976886510848999, -0.12415562570095062, 0.030125584453344345]","[0.21635210514068604, 0.8243671655654907, 0.3368210792541504, -0.09708386659622192]",False,"[0.620128333568573, 0.2188522219657898, 0.029999999329447746]","[[0.49533483386039734, -0.11442051827907562, 0.03140029311180115, 0.07204951345920563, 0.4976886510848999, -0.12415562570095062, 0.030125584453344345, -0.004537444096058607, 9.014114766614512e-06, -0.023837974295020103]]","[0.11145947128534317, 0.20562323927879333, 0.03251597285270691, 0.03329461067914963, 0.08635160326957703, 0.018882915377616882]","[[0.011419731192290783, 0.044165465980768204, 0.007589826360344887]]","[2, 30]",23.227289617,-0.36420583724975586,0,8293,1748251640.7616403,8
"[[0.048215389251708984, 0.03832212835550308, 0.04676258563995361]]",8315,"[0.4981464445590973, -0.12177462875843048, 0.03043685108423233]","[0.9633207321166992, 0.7643015384674072, 0.932248592376709, -0.9698610305786133]",False,"[0.620128333568573, 0.2188522219657898, 0.029999999329447746]","[[0.4963293969631195, -0.10807101428508759, 0.02524058148264885, 0.05216994509100914, 0.4981464445590973, -0.12177462875843048, 0.03043685108423233, -0.015016261488199234, -7.902416655269917e-06, -0.018883265554904938]]","[0.014729658141732216, -1.269633173942566, 2.3384108543395996, 3.295250654220581, 0.06104566901922226, 0.5267879366874695]","[[0.04820498824119568, 0.03832928091287613, 0.046681806445121765]]","[2, 30]",23.27131951,-0.36180993914604187,0,8315,1748251640.8164988,30
"[[0.041435565799474716, 0.039229974150657654, 0.03449753671884537]]",8325,"[0.49796971678733826, -0.12170666456222534, 0.030239513143897057]","[0.8286898136138916, 0.7810409069061279, 0.6864345073699951, -0.12275618314743042]",False,"[0.620128333568573, 0.2188522219657898, 0.029999999329447746]","[[0.5089304447174072, -0.11066808551549911, 0.027063218876719475, 0.0580609105527401, 0.49796971678733826, -0.12170666456222534, 0.030239513143897057, -0.008380535989999771, 2.996941657329444e-05, -0.02633483335375786]]","[-0.1143631562590599, -2.5714025497436523, 2.782496929168701, 6.8232102394104, 1.655755877494812, 0.16153867542743683]","[[0.029559429734945297, 0.04113736003637314, 0.0322854146361351]]","[2, 30]",23.27153195,-0.36180540919303894,0,8325,1748251640.8415794,40
"[[0.03913305327296257, 0.03873143345117569, 0.004907316993921995]]",8331,"[0.49887731671333313, -0.12115940451622009, 0.029989421367645264]","[0.7826521396636963, 0.7746298313140869, 0.0981454849243164, 0.5608417987823486]",False,"[0.620128333568573, 0.2188522219657898, 0.029999999329447746]","[[0.6446541547775269, 0.00236871256493032, 0.09142152220010757, 0.0799996629357338, 0.49887731671333313, -0.12115940451622009, 0.029989421367645264, -2.4184926587622613e-05, 3.0074224923737347e-06, 0.0019644105341285467]]","[0.051823414862155914, -4.162986755371094, 2.8757903575897217, 11.350581169128418, 3.5422468185424805, -0.09447090327739716]","[[0.014895986765623093, 0.0070419758558273315, 0.0010243742726743221]]","[2, 30]",23.315420008,-0.3609843850135803,0,8331,1748251640.85306,46
"[[-0.01882573403418064, -0.009654742665588856, -0.043967485427856445]]",8345,"[0.4341890811920166, -0.26053595542907715, 0.029989758506417274]","[-0.3765188455581665, -0.1930924654006958, -0.879353940486908, 0.8260037899017334]",False,"[0.5402651429176331, -0.25048086047172546, 0.029999999329447746]","[[0.43915462493896484, -0.2438117414712906, 0.05712006613612175, 0.08004914969205856, 0.4341890811920166, -0.26053595542907715, 0.029989758506417274, -3.4363774830126204e-06, -5.246353794063907e-06, -2.3977983801160008e-05]]","[-0.03945934772491455, 0.27715304493904114, 0.0940544605255127, 0.03045962005853653, 0.1278124302625656, 0.06413932144641876]","[[-0.021398747339844704, 0.003160702995955944, -0.042941004037857056]]","[2, 30]",23.316013754,-0.10655155777931213,1,8345,1748251640.879297,10
"[[0.04965747520327568, 0.03915746137499809, 0.043954916298389435]]",8362,"[0.43418246507644653, -0.2567335367202759, 0.02998955361545086]","[0.9933485984802246, 0.7832350730895996, 0.8790946006774902, -0.9208059310913086]",False,"[0.5402651429176331, -0.25048086047172546, 0.029999999329447746]","[[0.4321495294570923, -0.24454841017723083, 0.031848326325416565, 0.0564761720597744, 0.43418246507644653, -0.2567335367202759, 0.02998955361545086, -2.0967981981812045e-05, -1.230185716849519e-06, -0.07869711518287659]]","[0.11885908991098404, -0.6561574339866638, 1.976314663887024, 1.9531086683273315, -0.2698916494846344, 0.5792323350906372]","[[0.049669306725263596, 0.03959861025214195, 0.04397823289036751]]","[2, 30]",23.35981087,-0.10626678913831711,1,8362,1748251640.9289105,27
"[[0.04095790535211563, 0.044309522956609726, 0.030453616753220558]]",8371,"[0.43428438901901245, -0.25672441720962524, 0.02998991869390011]","[0.8191115856170654, 0.8850936889648438, 0.6079850196838379, -0.9733917713165283]",False,"[0.5402651429176331, -0.25048086047172546, 0.029999999329447746]","[[0.4335162043571472, -0.23894330859184265, 0.03171422332525253, 0.047886528074741364, 0.43428438901901245, -0.25672441720962524, 0.02998991869390011, -1.651034108363092e-05, 2.0800587208213983e-06, -0.07644207775592804]]","[-0.23136134445667267, -1.7858797311782837, 2.9355154037475586, 4.694757461547852, 0.6801543235778809, 0.4093870520591736]","[[0.04073966294527054, 0.042126934975385666, 0.03045843169093132]]","[2, 30]",23.381363974,-0.10616450011730194,1,8371,1748251640.954121,36
"[[0.040438663214445114, 0.03762134909629822, 0.002424962818622589]]",8381,"[0.43731871247291565, -0.25420665740966797, 0.02998943068087101]","[0.8087619543075562, 0.7524299621582031, 0.048499107360839844, 0.28666162490844727]",False,"[0.5402651429176331, -0.25048086047172546, 0.029999999329447746]","[[0.5823235511779785, -0.14632701873779297, 0.07529067993164062, 0.07999733835458755, 0.43731871247291565, -0.25420665740966797, 0.02998943068087101, -2.389626570220571e-05, 3.0149583380989498e-06, 0.020276911556720734]]","[0.029140273109078407, -4.188044548034668, 2.994821786880493, 11.316232681274414, 3.517824649810791, -0.12261837720870972]","[[0.011219065636396408, 0.005158409476280212, 0.0008112341165542603]]","[2, 30]",23.403524039,-0.10301382839679718,1,8381,1748251640.9771316,46
"[[0.01944716088473797, -0.047480855137109756, 0.021506408229470253]]",8415,"[0.6095833778381348, -0.02433553710579872, 0.03070128709077835]","[0.38906359672546387, -0.9516518115997314, 0.43210625648498535, -0.931754469871521]",False,"[0.568152666091919, -0.12091481685638428, 0.029999999329447746]","[[0.5956182479858398, -0.04029117152094841, 0.030388589948415756, 0.05202428624033928, 0.6095833778381348, -0.02433553710579872, 0.03070128709077835, 0.024000713601708412, -8.442306352662854e-06, 0.12018080800771713]]","[0.08986727148294449, -1.488863468170166, 1.8961634635925293, 3.975726366043091, -0.14575466513633728, 0.5130751729011536]","[[0.01946927420794964, -0.04774757847189903, 0.0215358454734087]]","[2, 30]",23.499417973,-0.10509306937456131,2,8415,1748251641.0608823,30
"[[0.022739266976714134, -0.048047229647636414, 0.017541345208883286]]",8419,"[0.6095258593559265, -0.023904791101813316, 0.030281798914074898]","[0.45444202423095703, -0.9589696526527405, 0.3488955497741699, -0.9501624703407288]",False,"[0.568152666091919, -0.12091481685638428, 0.029999999329447746]","[[0.5964692234992981, -0.044717468321323395, 0.03015180490911007, 0.04696807637810707, 0.6095258593559265, -0.023904791101813316, 0.030281798914074898, 0.009823313914239407, -5.883601261302829e-05, 0.12013691663742065]]","[-0.10277416557073593, -1.8413861989974976, 2.2606310844421387, 4.956961631774902, 0.412565141916275, 0.36868464946746826]","[[0.02259502373635769, -0.047629132866859436, 0.017489364370703697]]","[2, 30]",23.499504886,-0.10546452552080154,2,8419,1748251641.0706682,34
"[[0.017745614051818848, -0.04789304733276367, 0.01989896595478058]]",8420,"[0.6095165014266968, -0.023861810564994812, 0.03023984096944332]","[0.3547251224517822, -0.9570013880729675, 0.39714014530181885, -0.9285013675689697]",False,"[0.568152666091919, -0.12091481685638428, 0.029999999329447746]","[[0.596571147441864, -0.044779084622859955, 0.03014274500310421, 0.046823471784591675, 0.6095165014266968, -0.023861810564994812, 0.03023984096944332, 0.008425523526966572, -6.673058669548482e-05, 0.12019998580217361]]","[-0.09753283113241196, -1.935464859008789, 2.3673534393310547, 5.210906982421875, 0.6575882434844971, 0.3236810266971588]","[[0.017634332180023193, -0.04778845235705376, 0.01986606791615486]]","[2, 30]",23.547275291,-0.10550028830766678,2,8420,1748251641.073063,35
"[[-0.04666141793131828, -0.0472029373049736, -0.043920040130615234]]",8436,"[0.4283027648925781, -0.13358759880065918, 0.029989775270223618]","[-0.9332236051559448, -0.9440622925758362, -0.878401517868042, 0.6494601964950562]",False,"[0.6615375280380249, 0.1363382190465927, 0.029999999329447746]","[[0.5782597661018372, -0.07746230810880661, 0.17885178327560425, 0.057050205767154694, 0.4283027648925781, -0.13358759880065918, 0.029989775270223618, -3.3503213217045413e-06, -1.2256618902029004e-05, -7.013421054580249e-06]]","[0.03140172362327576, -0.02591877430677414, -0.019042853266000748, -0.028398938477039337, 0.05355603247880936, 0.1317916214466095]","[[-0.030037980526685715, 0.0046633705496788025, -0.029566533863544464]]","[2, 30]",23.547980857,-0.35673296451568604,3,8436,1748251641.1102602,1
"[[0.048242270946502686, 0.04426507279276848, 0.03923463821411133]]",8449,"[0.42464905977249146, -0.125999316573143, 0.03037484548985958]","[0.9817016124725342, 0.8985452651977539, 0.7884817123413086, -0.902800440788269]",False,"[0.6615375280380249, 0.1363382190465927, 0.029999999329447746]","[[0.41174983978271484, -0.1043052226305008, 0.03370499983429909, 0.04673400893807411, 0.42464905977249146, -0.125999316573143, 0.03037484548985958, -0.012913565151393414, 6.674130418105051e-06, -0.1464615762233734]]","[-0.11619173735380173, 0.2839553952217102, -0.2527446746826172, 0.2182634472846985, -1.2453941106796265, 0.5489950180053711]","[[0.048036128282547, 0.043980520218610764, 0.03945792466402054]]","[2, 30]",23.591529616,-0.35346466302871704,3,8449,1748251641.1387808,14
"[[0.047361403703689575, 0.03887322172522545, 0.04231293871998787]]",8466,"[0.4264586865901947, -0.12446556985378265, 0.030471071600914]","[0.9470844268798828, 0.7775750160217285, 0.8464028835296631, -0.9922393560409546]",False,"[0.6615375280380249, 0.1363382190465927, 0.029999999329447746]","[[0.41409996151924133, -0.10283912718296051, 0.03359362110495567, 0.04590407758951187, 0.4264586865901947, -0.12446556985378265, 0.030471071600914, -0.016162170097231865, 3.974803348683054e-06, -0.1057475209236145]]","[-0.0563715323805809, -1.5715571641921997, 2.446751594543457, 4.1301960945129395, 0.32678738236427307, 0.45166265964508057]","[[0.04718521237373352, 0.038825806230306625, 0.0423080176115036]]","[2, 30]",23.60685808,-0.35111379623413086,3,8466,1748251641.1798148,31
"[[0.039685823023319244, 0.04149517044425011, 0.02930641360580921]]",8473,"[0.42662909626960754, -0.12421741336584091, 0.030590452253818512]","[0.7958502769470215, 0.8307944536209106, 0.585556149482727, -0.37090229988098145]",False,"[0.6615375280380249, 0.1363382190465927, 0.029999999329447746]","[[0.41475099325180054, -0.10248486697673798, 0.033758629113435745, 0.04552175849676132, 0.42662909626960754, -0.12421741336584091, 0.030590452253818512, -0.020296156406402588, 9.774856152944267e-05, -0.10100757330656052]]","[-0.09539981931447983, -2.33389949798584, 2.7258009910583496, 6.19416618347168, 1.352199912071228, 0.22598905861377716]","[[0.039745964109897614, 0.04149080440402031, 0.029285619035363197]]","[2, 30]",23.651463485,-0.3508155643939972,3,8473,1748251641.1967876,38
"[[0.02576991356909275, -0.04852677509188652, 0.03802958503365517]]",8536,"[0.6712151765823364, -0.2189815193414688, 0.029989372938871384]","[0.5154316425323486, -0.9705563187599182, 0.7606221437454224, 0.8885815143585205]",False,"[0.6086763739585876, -0.009790623560547829, 0.029999999329447746]","[[0.6595475077629089, 0.025259586051106453, 0.14132197201251984, 0.07158275693655014, 0.6712151765823364, -0.2189815193414688, 0.029989372938871384, -6.849702458566753e-06, 2.2153944883029908e-05, -9.764114565768978e-07]]","[0.031430214643478394, -0.0258425772190094, -0.019102413207292557, -0.02829565852880478, 0.05357109755277634, 0.1317947655916214]","[[0.033974193036556244, -0.05131339281797409, 0.07962063699960709]]","[2, 30]",23.791532576,-0.21833904087543488,5,8536,1748251641.3325858,1
"[[0.013382918201386929, 0.044971298426389694, 0.017461266368627548]]",8572,"[0.6436427235603333, -0.19284318387508392, 0.02999008633196354]","[0.24470698833465576, 0.9280147552490234, 0.3492281436920166, -0.9296861290931702]",False,"[0.6086763739585876, -0.009790623560547829, 0.029999999329447746]","[[0.6304407119750977, -0.17293936014175415, 0.0272968839854002, 0.047100912779569626, 0.6436427235603333, -0.19284318387508392, 0.02999008633196354, -1.5929355868138373e-05, 1.7351969290757552e-05, -0.09494835883378983]]","[-0.2195112258195877, -1.9217674732208252, 2.9531726837158203, 5.067793846130371, 0.7884359359741211, 0.3768118619918823]","[[0.014582044444978237, 0.04368167743086815, 0.017182186245918274]]","[2, 30]",23.851936899000002,-0.18636225163936615,5,8572,1748251641.424642,37
"[[0.045480985194444656, 0.03889667987823486, -0.001921973773278296]]",8627,"[0.49707916378974915, -0.24633951485157013, 0.02998892404139042]","[0.9096357822418213, 0.7779347896575928, -0.03843951225280762, 0.2908816337585449]",False,"[0.5311670303344727, 0.20887796580791473, 0.029999999329447746]","[[0.7271240949630737, -0.025439515709877014, 0.06495311856269836, 0.042510539293289185, 0.49707916378974915, -0.24633951485157013, 0.02998892404139042, -4.482514850678854e-05, -6.202548775036121e-06, -0.04806168004870415]]","[0.14061717689037323, -2.7497012615203857, 2.6882805824279785, 7.367021560668945, 1.7589058876037598, 0.18478643894195557]","[[0.02408592775464058, 0.005092419683933258, -0.0019795834086835384]]","[2, 30]",24.011453105,-0.45649197697639465,6,8627,1748251641.5555835,42
"[[0.04479951784014702, 0.043958310037851334, 0.010093134827911854]]",8631,"[0.49708232283592224, -0.24633930623531342, 0.02998892217874527]","[0.8960058689117432, 0.8791670799255371, 0.20186269283294678, 0.615903377532959]",False,"[0.5311670303344727, 0.20887796580791473, 0.029999999329447746]","[[0.7754159569740295, 0.10841420292854309, 0.09097476303577423, 0.07999180257320404, 0.49708232283592224, -0.24633930623531342, 0.02998892217874527, -4.484173041419126e-05, -6.202559688972542e-06, -0.04808107018470764]]","[0.1897929161787033, -3.816075086593628, 2.7574074268341064, 10.371899604797363, 3.0163607597351074, -0.00704820454120636]","[[0.03768206760287285, 0.010917175561189651, 0.0007530199363827705]]","[2, 30]",24.011601584,-0.45649152994155884,6,8631,1748251641.5626564,46
"[[-0.04279247298836708, -0.04790443927049637, -0.047126125544309616]]",8672,"[0.5758717656135559, 0.002289276337251067, 0.029989609494805336]","[-0.8558542132377625, -0.9580784440040588, -0.9425218105316162, -0.22746646404266357]",False,"[0.4557957053184509, -0.006620633415877819, 0.029999999329447746]","[[0.5726631283760071, -0.014227433130145073, 0.023103229701519012, 0.052014388144016266, 0.5758717656135559, 0.002289276337251067, 0.029989609494805336, 1.5893700037850067e-05, 2.4419318833679426e-06, 0.004993272013962269]]","[0.0564139261841774, -0.7487132549285889, 1.5029420852661133, 2.533893346786499, -1.2869839668273926, 0.7274814248085022]","[[-0.035217974334955215, -0.049846239387989044, -0.042409323155879974]]","[2, 30]",24.083408921,-0.12040616571903229,8,8672,1748251641.6562128,19
"[[-0.04759037494659424, -0.043252669274806976, -0.03940510004758835]]",8677,"[0.5720799565315247, 0.0013669714098796248, 0.029990075156092644]","[-0.9666204452514648, -0.8660861849784851, -0.7880991697311401, -0.9107356667518616]",False,"[0.4557957053184509, -0.006620633415877819, 0.029999999329447746]","[[0.579457700252533, -0.01519731990993023, 0.023215003311634064, 0.04904112219810486, 0.5720799565315247, 0.0013669714098796248, 0.029990075156092644, 2.7374117053113878e-05, -3.239813668187708e-05, 0.06382780522108078]]","[0.23519496619701385, -1.08909273147583, 1.8238390684127808, 2.8546864986419678, -0.5419331789016724, 0.6173558831214905]","[[-0.04308342933654785, -0.042453013360500336, -0.039310354739427567]]","[2, 30]",24.097518293,-0.1165582537651062,8,8677,1748251641.670044,24
"[[0.008156008087098598, -0.0419999435544014, 0.022088218480348587]]",8681,"[0.5720691084861755, 0.00030511993099935353, 0.03091423027217388]","[0.16406548023223877, -0.8612759113311768, 0.4602522850036621, -0.8252416849136353]",False,"[0.4557957053184509, -0.006620633415877819, 0.029999999329447746]","[[0.5714896321296692, -0.018330294638872147, 0.02519902028143406, 0.047017235308885574, 0.5720691084861755, 0.00030511993099935353, 0.03091423027217388, 0.0313064306974411, 1.2221443284943234e-05, 0.06403570622205734]]","[0.07286492735147476, -1.4438002109527588, 2.304082155227661, 3.766864776611328, 0.022881411015987396, 0.5208026766777039]","[[0.010410374961793423, -0.041012249886989594, 0.020701365545392036]]","[2, 30]",24.108769261,-0.11648306250572205,8,8681,1748251641.681195,28
"[[0.01567254774272442, 0.029825491830706596, 0.0362151637673378]]",8711,"[0.45965394377708435, 0.19979263842105865, 0.03000701777637005]","[0.3129311800003052, 0.5977537631988525, 0.7235515117645264, -0.799241304397583]",False,"[0.657783567905426, -0.14606530964374542, 0.029999999329447746]","[[0.4581626355648041, 0.20964741706848145, 0.029639609158039093, 0.05407863110303879, 0.45965394377708435, 0.19979263842105865, 0.03000701777637005, -0.0005713576101697981, 3.7670890833396697e-06, -0.0001276412367587909]]","[0.10553892701864243, 0.20561707019805908, 0.053318824619054794, 0.01964423432946205, 0.09162062406539917, 0.019246987998485565]","[[0.01644412986934185, 0.013009024783968925, 0.028532490134239197]]","[2, 30]",24.203530256,-0.3985888659954071,9,8711,1748251641.7460392,8
"[[0.047596294432878494, -0.049408700317144394, 0.0361626073718071]]",8735,"[0.45501965284347534, 0.15669997036457062, 0.030627496540546417]","[0.9513590335845947, -0.9872638583183289, 0.7218539714813232, -0.9908565282821655]",False,"[0.657783567905426, -0.14606530964374542, 0.029999999329447746]","[[0.4469875991344452, 0.14491644501686096, 0.03380274027585983, 0.054739028215408325, 0.45501965284347534, 0.15669997036457062, 0.030627496540546417, 0.021481312811374664, -3.04583272736636e-06, 0.08391372114419937]]","[0.003318706527352333, -1.5466814041137695, 2.442444324493408, 4.056992053985596, 0.26708653569221497, 0.47683995962142944]","[[0.047506678849458694, -0.049559351056814194, 0.03616132214665413]]","[2, 30]",24.247761388,-0.36439046263694763,9,8735,1748251641.8146904,32
"[[0.04539377614855766, -0.0475233756005764, 0.04835854470729828]]",8785,"[0.6328520774841309, 0.2539481222629547, 0.029989873990416527]","[0.9078850746154785, -0.9504764676094055, 0.9671692848205566, 0.11856508255004883]",False,"[0.6668888926506042, 0.06339465081691742, 0.029999999329447746]","[[0.7395894527435303, 0.12006279826164246, 0.1070958822965622, 0.04278241842985153, 0.6328520774841309, 0.2539481222629547, 0.029989873990416527, 3.8723078432667535e-06, 4.874464593740413e-06, 0.08403757214546204]]","[-0.14140577614307404, -1.251032829284668, 2.4743528366088867, 3.1959948539733887, 0.08829393237829208, 0.5204459428787231]","[[0.019464444369077682, -0.0014168135821819305, 0.008105922490358353]]","[2, 30]",24.387389439,-0.19356945157051086,10,8785,1748251641.9388437,32
"[[0.04786815866827965, 0.04736020788550377, 0.04784635826945305]]",8830,"[0.5275864005088806, -0.19354327023029327, 0.02998969331383705]","[0.9574203491210938, 0.9472652673721313, 0.9569258689880371, -0.811280369758606]",False,"[0.6524427533149719, -0.0412178672850132, 0.029999999329447746]","[[0.5321308970451355, -0.1830989271402359, 0.023267092183232307, 0.05571718141436577, 0.5275864005088806, -0.19354327023029327, 0.02998969331383705, -1.75410823430866e-05, 3.6957983411411988e-06, -0.05993355065584183]]","[0.17121724784374237, -0.6750336289405823, 1.9775136709213257, 1.9932364225387573, -0.3633165657520294, 0.6075461506843567]","[[0.04775276407599449, 0.04721471294760704, 0.04783926159143448]]","[2, 30]",24.499362326,-0.19695720076560974,11,8830,1748251642.0441372,27
"[[0.04028308391571045, 0.047665271908044815, 0.03170091658830643]]",8841,"[0.5276525020599365, -0.19303907454013824, 0.0304667130112648]","[0.8057594299316406, 0.952470064163208, 0.6330547332763672, -0.9455780386924744]",False,"[0.6524427533149719, -0.0412178672850132, 0.029999999329447746]","[[0.5329955816268921, -0.1798320859670639, 0.023434657603502274, 0.054754529148340225, 0.5276525020599365, -0.19303907454013824, 0.0304667130112648, -0.016015391796827316, -1.4707020454807207e-06, -0.05969337001442909]]","[-0.18899519741535187, -2.1143577098846436, 2.932988166809082, 5.605656623840332, 1.0410094261169434, 0.3183702230453491]","[[0.04022824764251709, 0.04779447987675667, 0.03169100731611252]]","[2, 30]",24.543368013,-0.19652609527111053,11,8841,1748251642.077092,38
"[[0.03214461728930473, 0.0457792803645134, 0.04358390346169472]]",8864,"[0.6434034705162048, -0.0982634425163269, 0.03071128949522972]","[0.6539192199707031, 0.907624363899231, 0.8703126907348633, -0.9068224430084229]",False,"[0.5673693418502808, 0.08071471005678177, 0.029999999329447746]","[[0.6480823159217834, -0.08431492745876312, 0.023419924080371857, 0.05283290520310402, 0.6434034705162048, -0.0982634425163269, 0.03071128949522972, -0.024357331916689873, 2.2286987586994655e-05, -0.04419536888599396]]","[0.3047759234905243, 0.14787907898426056, -1.1664509773254395, 1.04410982131958, -1.4680439233779907, 0.5156826972961426]","[[0.03146613761782646, 0.04636169224977493, 0.04351535812020302]]","[2, 30]",24.58739447,-0.19446046650409698,12,8864,1748251642.127794,11
"[[-0.03978949412703514, 0.04499323293566704, -0.031298648566007614]]",8874,"[0.6369367241859436, -0.09279106557369232, 0.029989607632160187]","[-0.7957743406295776, 0.8998634815216064, -0.625938355922699, 0.949622631072998]",False,"[0.5673693418502808, 0.08071471005678177, 0.029999999329447746]","[[0.5837967991828918, -0.013810503296554089, 0.030871380120515823, 0.07191459834575653, 0.6369367241859436, -0.09279106557369232, 0.029989607632160187, 1.4190527508617379e-06, 1.2094458725186996e-05, -0.13872334361076355]]","[0.06674180179834366, -1.3657325506210327, 1.6075552701950073, 3.770117998123169, -0.45867207646369934, 0.4776514172554016]","[[-0.026206012815237045, 0.002789527177810669, -0.02293708547949791]]","[2, 30]",24.587846981,-0.18693280220031738,12,8874,1748251642.1546295,21
"[[0.02691291645169258, -0.04473574087023735, 0.023910347372293472]]",8919,"[0.4698476195335388, 0.20515227317810059, 0.030750270932912827]","[0.5434474945068359, -0.9612491130828857, 0.4934614896774292, -0.9711441993713379]",False,"[0.5514935851097107, -0.2950238287448883, 0.029999999329447746]","[[0.45044273138046265, 0.18883644044399261, 0.03202931210398674, 0.054912470281124115, 0.4698476195335388, 0.20515227317810059, 0.030750270932912827, 0.025889500975608826, -0.00021817554079461843, 0.11886948347091675]]","[0.046166710555553436, 0.22350449860095978, -0.9705976843833923, 0.7361086010932922, -2.149313449859619, 0.6120011210441589]","[[0.02693994715809822, -0.04439316317439079, 0.023663531988859177]]","[2, 30]",24.7313956,-0.5067965388298035,13,8919,1748251642.2645824,16
"[[0.04060526564717293, -0.03493579849600792, 0.020465653389692307]]",8949,"[0.47292888164520264, 0.19717639684677124, 0.03045220486819744]","[0.8234367370605469, -0.7039197087287903, 0.41228675842285156, -0.6092280745506287]",False,"[0.5514935851097107, -0.2950238287448883, 0.029999999329447746]","[[0.4559098184108734, 0.18241196870803833, 0.031879886984825134, 0.05667351186275482, 0.47292888164520264, 0.19717639684677124, 0.03045220486819744, 0.0155221251770854, 5.854416940564988e-06, 0.08488310873508453]]","[-0.020420631393790245, -4.187036037445068, 2.6889100074768066, 11.518780708312988, 3.6562108993530273, -0.09737725555896759]","[[0.04061971977353096, -0.03382590040564537, 0.02053210325539112]]","[2, 30]",24.803515986,-0.4984312057495117,13,8949,1748251642.3535554,46
"[[0.02996954880654812, -0.03217223659157753, 0.041712645441293716]]",9014,"[0.6653636693954468, -0.03238973021507263, 0.029989860951900482]","[0.5994493961334229, -0.6432843208312988, 0.8340157270431519, -0.8740454912185669]",False,"[0.5612066984176636, -0.2870807349681854, 0.029999999329447746]","[[0.6614319086074829, -0.04475294426083565, 0.025311358273029327, 0.05356987938284874, 0.6653636693954468, -0.03238973021507263, 0.029989860951900482, -8.864520168572199e-06, 4.164522124483483e-06, 0.009262647479772568]]","[0.16434833407402039, 0.21151676774024963, -0.46859097480773926, 0.4079393148422241, -0.3269054591655731, 0.16751252114772797]","[[0.029879963025450706, -0.03261386230587959, 0.04160245507955551]]","[2, 30]",24.987224205,-0.27516573667526245,15,9014,1748251642.5189946,11
"[[0.03489534184336662, -0.04297298192977905, 0.035650864243507385]]",9016,"[0.6653672456741333, -0.032402750104665756, 0.02999008446931839]","[0.6979402303695679, -0.8595680594444275, 0.7130132913589478, -0.7450092434883118]",False,"[0.5612066984176636, -0.2870807349681854, 0.029999999329447746]","[[0.6619282960891724, -0.04462858662009239, 0.02541111409664154, 0.05368068441748619, 0.6653672456741333, -0.032402750104665756, 0.02999008446931839, 2.796780609060079e-05, 2.8426613425835967e-05, 0.009552953764796257]]","[0.021842369809746742, 0.24906259775161743, -0.5730723738670349, 0.41791820526123047, -0.7772527933120728, 0.36212071776390076]","[[0.03459368273615837, -0.042972102761268616, 0.03562431037425995]]","[2, 30]",24.987298685,-0.27515503764152527,15,9016,1748251642.5250537,13
"[[0.04077308997511864, -0.04904646426439285, 0.023922525346279144]]",9018,"[0.6653666496276855, -0.032403696328401566, 0.029989823698997498]","[0.8154534101486206, -0.980948269367218, 0.4784512519836426, -0.6701072454452515]",False,"[0.5612066984176636, -0.2870807349681854, 0.029999999329447746]","[[0.6691910028457642, -0.050413064658641815, 0.024567045271396637, 0.04773462936282158, 0.6653666496276855, -0.032403696328401566, 0.029989823698997498, 1.2545139725261834e-05, 6.427959306165576e-06, 0.009569212794303894]]","[0.35597822070121765, 0.3201403021812439, -1.2662283182144165, 1.235672950744629, -2.094672441482544, 0.712257444858551]","[[0.03468489274382591, -0.046200454235076904, 0.024766767397522926]]","[2, 30]",24.98740787,-0.2751539349555969,15,9018,1748251642.5304005,15
"[[-0.009876620955765247, -0.04999567195773125, 0.04230972006917]]",9027,"[0.659223735332489, -0.03261174261569977, 0.03189559280872345]","[-0.2804698944091797, -0.9670214056968689, 0.8843085765838623, -0.35513967275619507]",False,"[0.5612066984176636, -0.2870807349681854, 0.029999999329447746]","[[0.6921071410179138, -0.03807941451668739, 0.03722185641527176, 0.05032719671726227, 0.659223735332489, -0.03261174261569977, 0.03189559280872345, 0.040719445794820786, -0.023939374834299088, 0.14908148348331451]]","[0.3192969262599945, -1.1958746910095215, 1.9280385971069336, 3.1460225582122803, -0.49571356177330017, 0.597213625907898]","[[-0.0063842060044407845, -0.05675662308931351, 0.040644269436597824]]","[2, 30]",24.987742158,-0.2727001905441284,15,9027,1748251642.5540261,24
"[[-0.01465645432472229, -0.049235016107559204, 0.0405610166490078]]",9029,"[0.6527572274208069, -0.028668304905295372, 0.03385109826922417]","[-0.28718650341033936, -0.9791696071624756, 0.8103283643722534, 0.686025857925415]",False,"[0.5612066984176636, -0.2870807349681854, 0.029999999329447746]","[[0.691017210483551, -0.11293366551399231, 0.09194626659154892, 0.06638142466545105, 0.6527572274208069, -0.028668304905295372, 0.03385109826922417, 0.005250509362667799, -0.1376350075006485, 0.29664573073387146]]","[0.17172865569591522, -1.341670274734497, 1.8495595455169678, 3.5510971546173096, -0.21870693564414978, 0.5201321244239807]","[[-0.008516937494277954, -0.01011946052312851, 0.00841233879327774]]","[2, 30]",24.987814324,-0.27417752146720886,15,9029,1748251642.5578582,26
"[[0.013393724337220192, -0.048088788986206055, 0.04323352128267288]]",9034,"[0.6568424105644226, -0.0271560400724411, 0.029989521950483322]","[0.26784706115722656, -0.9617759585380554, 0.8646929264068604, 0.41450023651123047]",False,"[0.5612066984176636, -0.2870807349681854, 0.029999999329447746]","[[0.6772778034210205, -0.30454492568969727, 0.2482742965221405, 0.07997142523527145, 0.6568424105644226, -0.0271560400724411, 0.029989521950483322, 1.5536894352408126e-05, -6.674765700154239e-06, 0.29975977540016174]]","[-0.04472454637289047, -1.7018992900848389, 2.1561026573181152, 4.61113166809082, 0.1850586235523224, 0.4452102780342102]","[[0.01886829175055027, -0.01366082951426506, 0.012185722589492798]]","[2, 30]",25.035395151,-0.2769603431224823,15,9034,1748251642.566868,31
"[[-0.03893532231450081, 0.013151866383850574, -0.041897162795066833]]",9054,"[0.4552818536758423, 0.01412794180214405, 0.029989153146743774]","[-0.7787302732467651, 0.262994647026062, -0.8379172682762146, -0.8150115609169006]",False,"[0.4614854156970978, -0.06384783983230591, 0.029999999329447746]","[[0.6522096395492554, -0.04790448769927025, 0.20719827711582184, -1.958137429980411e-09, 0.4552818536758423, 0.01412794180214405, 0.029989153146743774, 3.662941890070215e-05, 7.08361903889454e-06, 2.5513111268082866e-06]]","[0.031426288187503815, -0.025841474533081055, -0.019090991467237473, -0.02829872816801071, 0.05357625335454941, 0.13179242610931396]","[[-0.03910978510975838, 0.0378837063908577, -0.037111666053533554]]","[2, 30]",25.036189785,-0.07822216302156448,16,9054,1748251642.6045306,1
"[[-0.017292773351073265, 0.04299774393439293, -0.03705607354640961]]",9122,"[0.5166932344436646, 0.21797607839107513, 0.029989447444677353]","[-0.3458578586578369, 0.8599450588226318, -0.7411208748817444, 0.9712908267974854]",False,"[0.6144266128540039, -0.20201656222343445, 0.029999999329447746]","[[0.5388625264167786, 0.1489846110343933, 0.10823412239551544, 0.07989700883626938, 0.5166932344436646, 0.21797607839107513, 0.029989447444677353, -3.4204074239596594e-08, 1.8488295609131455e-05, -6.3520965341012925e-06]]","[0.05660838633775711, -0.02774718403816223, 0.006647970527410507, -0.02098197489976883, -0.017204351723194122, -0.004989922046661377]","[[-0.0018574949353933334, 0.005468491464853287, -0.0023567229509353638]]","[2, 30]",25.231334511,-0.4312141537666321,18,9122,1748251642.7673643,3
"[[0.047764118760824203, -0.049016740173101425, 0.048821546137332916]]",9146,"[0.5137051343917847, 0.21032032370567322, 0.029989168047904968]","[0.9553920030593872, -0.9803293943405151, 0.9764254093170166, -0.68645179271698]",False,"[0.6144266128540039, -0.20201656222343445, 0.029999999329447746]","[[0.5081549882888794, 0.19620786607265472, 0.023861566558480263, 0.05207810550928116, 0.5137051343917847, 0.21032032370567322, 0.029989168047904968, 3.7074143619975075e-05, 3.25659993904992e-06, 0.07501095533370972]]","[0.1970035284757614, -0.6578431725502014, 1.949005365371704, 1.9513829946517944, -0.3579094111919403, 0.6046993136405945]","[[0.04775380715727806, -0.049091365188360214, 0.04880937933921814]]","[2, 30]",25.279575139,-0.4244602918624878,18,9146,1748251642.8325202,27
"[[0.04892921447753906, -0.04867549613118172, 0.045311860740184784]]",9159,"[0.5137434005737305, 0.21024735271930695, 0.030052604153752327]","[0.978623628616333, -0.9740666151046753, 0.9067978858947754, -0.9503733515739441]",False,"[0.6144266128540039, -0.20201656222343445, 0.029999999329447746]","[[0.5098558664321899, 0.19142669439315796, 0.023615438491106033, 0.04726328328251839, 0.5137434005737305, 0.21024735271930695, 0.030052604153752327, 0.002098286524415016, 1.682356582932698e-06, 0.07521757483482361]]","[-0.16965360939502716, -2.4655516147613525, 2.7726378440856934, 6.538504600524902, 1.5220478773117065, 0.19333714246749878]","[[0.04859977960586548, -0.04806752875447273, 0.045442190021276474]]","[2, 30]",25.32738069,-0.4243803024291992,18,9159,1748251642.869906,40
"[[0.0023873986210674047, -0.028481818735599518, -0.049504779279232025]]",9220,"[0.5678773522377014, -0.053883764892816544, 0.029989073053002357]","[0.047757506370544434, -0.5696696043014526, -0.9900497794151306, 0.924202561378479]",False,"[0.4440543055534363, -0.20956909656524658, 0.029999999329447746]","[[0.6103116869926453, -0.050664667040109634, 0.19149260222911835, 0.07881724089384079, 0.5678773522377014, -0.053883764892816544, 0.029989073053002357, 3.983682472608052e-05, 6.1111804825486615e-06, -5.583339316217462e-06]]","[0.03144428879022598, -0.025800630450248718, -0.01913069561123848, -0.028240516781806946, 0.05358119308948517, 0.13179561495780945]","[[-0.014898544177412987, -0.002107301726937294, -0.04860280081629753]]","[2, 30]",25.4521816,-0.1989222764968872,20,9220,1748251643.0258172,1
"[[-0.04878678172826767, -0.04812617227435112, -0.02620963752269745]]",9239,"[0.5675249695777893, -0.05411010608077049, 0.030018165707588196]","[-0.9769276976585388, -0.9620768427848816, -0.523627519607544, -0.831714928150177]",False,"[0.4440543055534363, -0.20956909656524658, 0.029999999329447746]","[[0.5732164978981018, -0.07125980406999588, 0.022939039394259453, 0.049283016473054886, 0.5675249695777893, -0.05411010608077049, 0.030018165707588196, 0.0009362114360556006, -6.342844699247507e-06, 0.03041919693350792]]","[-0.1680120974779129, 0.03550716117024422, 0.5464796423912048, 0.5531685948371887, -1.14395010471344, 0.5502994656562805]","[[-0.039780937135219574, -0.04682714119553566, -0.025292033329606056]]","[2, 30]",25.497309045,-0.1985258311033249,20,9239,1748251643.0699732,20
"[[-0.031511105597019196, -0.0323365218937397, -0.04165468364953995]]",9244,"[0.5671862959861755, -0.05402548983693123, 0.02998996712267399]","[-0.6302149295806885, -0.6467288732528687, -0.8330944776535034, -0.8627901077270508]",False,"[0.4440543055534363, -0.20956909656524658, 0.029999999329447746]","[[0.5689349174499512, -0.06921160966157913, 0.02302977629005909, 0.05054745450615883, 0.5671862959861755, -0.05402548983693123, 0.02998996712267399, 2.46385820901196e-06, -5.698287850464112e-07, 0.040171097964048386]]","[0.1579650193452835, -0.43406879901885986, 1.856464147567749, 1.510954737663269, -0.5420901775360107, 0.613752543926239]","[[-0.030638374388217926, -0.035010673105716705, -0.041577696800231934]]","[2, 30]",25.511378281,-0.198381707072258,20,9244,1748251643.083872,25
"[[0.024762559682130814, -0.046123187988996506, -0.007829705253243446]]",9247,"[0.5671695470809937, -0.0539206899702549, 0.02998974360525608]","[0.49741482734680176, -0.9189615845680237, -0.16049551963806152, -0.3114805221557617]",False,"[0.4440543055534363, -0.20956909656524658, 0.029999999329447746]","[[0.5875372886657715, -0.06940659880638123, 0.022357437759637833, 0.05095035955309868, 0.5671695470809937, -0.0539206899702549, 0.02998974360525608, 6.0200995903869625e-06, -3.1847498576098587e-06, 0.04212580993771553]]","[0.20654307305812836, -0.7313942909240723, 2.0318803787231445, 2.040114164352417, -0.1992916762828827, 0.5873252153396606]","[[0.006380725651979446, -0.04433593153953552, -0.007317056879401207]]","[2, 30]",25.519997513,-0.19845350086688995,20,9247,1748251643.0925071,28
"[[-0.02744133025407791, -0.04167718067765236, 0.004154765047132969]]",9260,"[0.5422289967536926, -0.06866888701915741, 0.029981257393956184]","[-0.6423832178115845, -0.904683530330658, 0.07758116722106934, -0.13665658235549927]",False,"[0.4440543055534363, -0.20956909656524658, 0.029999999329447746]","[[0.4981776177883148, -0.10332929342985153, 0.03191985934972763, 0.03953825682401657, 0.5422289967536926, -0.06866888701915741, 0.029981257393956184, -0.0002905088185798377, 7.611305363752763e-07, 0.3352552354335785]]","[-0.21229441463947296, -2.6546430587768555, 2.7108330726623535, 7.032859802246094, 1.7663980722427368, 0.10499702394008636]","[[-0.012445785105228424, -0.029665794223546982, 0.002664246829226613]]","[2, 30]",25.554522059,-0.17172984778881073,20,9260,1748251643.1280015,41
"[[-0.0348893441259861, -0.044754717499017715, -0.0011505428701639175]]",9261,"[0.5422282218933105, -0.06867332011461258, 0.029988329857587814]","[-0.6978023648262024, -0.8951829671859741, -0.022869408130645752, 0.35508179664611816]",False,"[0.4440543055534363, -0.20956909656524658, 0.029999999329447746]","[[0.4701167941093445, -0.14723673462867737, 0.029281320050358772, 0.07072947174310684, 0.5422282218933105, -0.06867332011461258, 0.029988329857587814, -5.517399767995812e-05, 4.656157273075223e-07, 0.33531907200813293]]","[-0.09422000497579575, -2.8984835147857666, 2.8237738609313965, 7.734073638916016, 2.0239994525909424, 0.10569088160991669]","[[-0.006829295307397842, -0.000851709395647049, 0.0014950688928365707]]","[2, 30]",25.556359312,-0.17172576487064362,20,9261,1748251643.129871,42
"[[0.11404597014188766, -0.1101960837841034, 0.012177894823253155]]",9268,"[0.41206204891204834, 0.0121669452637434, 0.029999999329447746]","[-0.3224529027938843, -0.5870311260223389, 0.24376606941223145, 0.39875078201293945]",True,"[0.45748603343963623, -0.08231309056282043, 0.029999999329447746]","[[0.6384396553039551, -2.194472251484947e-12, 0.19740013778209686, 0, 0.41206204891204834, 0.0121669452637434, 0.029999999329447746, 0, 0, 0]]","[-0.5533662438392639, -4.74300479888916, 2.5077359676361084, 13.050408363342285, 4.982861518859863, -0.5149181485176086]","[[-0.3637535274028778, -0.3956754803657532, -0.1142900139093399]]","[2, 30]",25.61128726,-0.17172342538833618,20,9268,1748251643.1425502,49
"[[-0.044602472335100174, 0.035110775381326675, -0.04501225799322128]]",9285,"[0.6508293151855469, -0.07170820981264114, 0.02998814918100834]","[-0.9586063623428345, 0.7174668312072754, -0.9002808928489685, -0.9068238139152527]",False,"[0.4974427819252014, -0.019079096615314484, 0.029999999329447746]","[[0.6547675132751465, -0.054195865988731384, 0.023846140131354332, 0.0485355518758297, 0.6508293151855469, -0.07170820981264114, 0.02998814918100834, 5.259761746856384e-05, 1.5636776879546233e-05, -0.07008188962936401]]","[-0.03714457154273987, 0.3294757902622223, -0.5111011862754822, 0.5088057518005371, -1.5554810762405396, 0.5737508535385132]","[[-0.04040296748280525, 0.036444708704948425, -0.045270226895809174]]","[2, 30]",25.611937061,-0.16216427087783813,22,9285,1748251643.1808422,15
"[[0.01645798794925213, 0.03698991984128952, 0.03393453359603882]]",9299,"[0.6455414891242981, -0.06759458780288696, 0.029990097507834435]","[0.33093953132629395, 0.7409979104995728, 0.6786915063858032, -0.5673826336860657]",False,"[0.4974427819252014, -0.019079096615314484, 0.029999999329447746]","[[0.6406089663505554, -0.04868749901652336, 0.0252242349088192, 0.04750955477356911, 0.6455414891242981, -0.06759458780288696, 0.029990097507834435, 3.290314998594113e-05, 2.427933577564545e-05, -0.08493652194738388]]","[0.03759733587503433, -1.3746718168258667, 2.3350143432617188, 3.5719807147979736, 0.05846240371465683, 0.5024553537368774]","[[0.016370071098208427, 0.036759957671165466, 0.03389253094792366]]","[2, 30]",25.655708309,-0.15584281086921692,22,9299,1748251643.2180588,29
"[[-0.02366957627236843, 0.011247877962887287, -0.016438769176602364]]",9313,"[0.6458997130393982, -0.06733937561511993, 0.02998996526002884]","[-0.47344279289245605, 0.22492730617523193, -0.3287709951400757, 0.8332436084747314]",False,"[0.4974427819252014, -0.019079096615314484, 0.029999999329447746]","[[0.6105504631996155, -0.05226428434252739, 0.0217219777405262, 0.0800703838467598, 0.6458997130393982, -0.06733937561511993, 0.02998996526002884, -1.0452036804053932e-05, -8.547217476007063e-06, -0.07485071569681168]]","[0.14489857852458954, -3.734959125518799, 2.932710647583008, 10.036362648010254, 2.9125099182128906, -0.013243287801742554]","[[-0.017181670293211937, 0.010823865421116352, -0.012756245210766792]]","[2, 30]",25.711415331,-0.156104177236557,22,9313,1748251643.2526343,43
"[[-0.03949124738574028, -0.04615570232272148, -0.04794209450483322]]",9321,"[0.5302372574806213, -0.0752057209610939, 0.02998949959874153]","[-0.7897796034812927, -0.923104465007782, -0.9588052034378052, 0.9504449367523193]",False,"[0.45369449257850647, 0.012890607118606567, 0.029999999329447746]","[[0.5885608196258545, 0.007312195375561714, 0.17717936635017395, 0.07881755381822586, 0.5302372574806213, -0.0752057209610939, 0.02998949959874153, -1.9162918761139736e-05, 9.9967380151611e-08, 6.634713827224914e-06]]","[0.03143575042486191, -0.025836437940597534, -0.019116397947072983, -0.02828385680913925, 0.05356862396001816, 0.13179679214954376]","[[-0.02428729459643364, -0.03532416373491287, -0.03166463226079941]]","[2, 30]",25.711714995,-0.11670372635126114,23,9321,1748251643.2717595,1
"[[0.0023607194889336824, 0.04477819427847862, 0.023270629346370697]]",9347,"[0.5278550386428833, -0.05334445461630821, 0.03185529634356499]","[0.013294577598571777, 0.915703535079956, 0.47326385974884033, -0.5580443739891052]",False,"[0.45369449257850647, 0.012890607118606567, 0.029999999329447746]","[[0.5191603899002075, -0.03453492745757103, 0.044848743826150894, 0.04840296134352684, 0.5278550386428833, -0.05334445461630821, 0.03185529634356499, -0.05633575841784477, -0.007505230139940977, -0.08577027916908264]]","[0.07092133909463882, -1.265268087387085, 1.9783499240875244, 3.3621652126312256, -0.2453535497188568, 0.5528138875961304]","[[0.007160144858062267, 0.04265627637505531, 0.022337768226861954]]","[2, 30]",25.803257037,-0.09945005923509598,23,9347,1748251643.3337007,27
"[[-0.006995969917625189, 0.01808801293373108, -0.002674531191587448]]",9360,"[0.5226598978042603, -0.018631435930728912, 0.042392924427986145]","[-0.11253583431243896, 0.5490617752075195, -0.025080740451812744, 0.42812585830688477]",False,"[0.45369449257850647, 0.012890607118606567, 0.029999999329447746]","[[0.4952436685562134, 0.010067705065011978, 0.06999211013317108, 0.08001071214675903, 0.5226598978042603, -0.018631435930728912, 0.042392924427986145, -0.7497929930686951, -2.2284480110101867e-06, -0.14518766105175018]]","[-0.016534527763724327, -2.660766124725342, 2.6293787956237793, 7.1046881675720215, 1.7171255350112915, 0.1578175127506256]","[[-0.002385073807090521, 0.01533389464020729, -0.001226566731929779]]","[2, 30]",25.803773928,-0.07683392614126205,23,9360,1748251643.3651404,40
"[[0.04360676929354668, -0.04918401688337326, 0.046848099678754807]]",9440,"[0.4067358076572418, -0.010817639529705048, 0.03155317157506943]","[0.8723499774932861, -0.9860845804214478, 0.9386928081512451, -0.8199388980865479]",False,"[0.45022502541542053, -0.263920396566391, 0.029999999329447746]","[[0.4039585590362549, -0.022210869938135147, 0.03210597485303879, 0.054559677839279175, 0.4067358076572418, -0.010817639529705048, 0.03155317157506943, 0.05368020012974739, 0.00011062464909628034, 0.06725067645311356]]","[-0.1467442661523819, -0.028300940990447998, 0.9416335225105286, 0.6579415798187256, -1.0574796199798584, 0.5658478736877441]","[[0.04357297345995903, -0.04924517124891281, 0.04683508723974228]]","[2, 30]",26.023356297,-0.2568165063858032,25,9440,1748251643.5653377,20
"[[0.04726165533065796, -0.04892968013882637, 0.04654586315155029]]",9445,"[0.40699639916419983, -0.011391633190214634, 0.031755559146404266]","[0.9459638595581055, -0.9806035161018372, 0.9315881729125977, -0.7014293670654297]",False,"[0.45022502541542053, -0.263920396566391, 0.029999999329447746]","[[0.4041385352611542, -0.022759772837162018, 0.03223816305398941, 0.05452289059758186, 0.40699639916419983, -0.011391633190214634, 0.031755559146404266, 0.060847144573926926, 0.0001087314376491122, 0.060572367161512375]]","[0.03698504716157913, -0.5894514322280884, 1.7823899984359741, 1.8804370164871216, -0.43129345774650574, 0.5607178807258606]","[[0.047285616397857666, -0.04895332083106041, 0.046556469053030014]]","[2, 30]",26.023567243,-0.25620806217193604,25,9445,1748251643.580137,25
"[[0.04613279178738594, -0.04933834448456764, 0.03150870278477669]]",9454,"[0.40723633766174316, -0.012137562036514282, 0.03177272528409958]","[0.9215686321258545, -0.9873179793357849, 0.6285243034362793, -0.9815467596054077]",False,"[0.45022502541542053, -0.263920396566391, 0.029999999329447746]","[[0.4043427109718323, -0.023529455065727234, 0.032124437391757965, 0.054505299776792526, 0.40723633766174316, -0.012137562036514282, 0.03177272528409958, 0.06134597212076187, -1.3681856216862798e-05, 0.05607364699244499]]","[-0.17649288475513458, -1.5929205417633057, 2.695357084274292, 4.177401542663574, 0.3463098108768463, 0.4590603709220886]","[[0.0461127944290638, -0.04932344704866409, 0.031532417982816696]]","[2, 30]",26.034481369,-0.25543248653411865,25,9454,1748251643.6069024,34
"[[-0.03712376579642296, -0.018604407086968422, 0.003744852961972356]]",9470,"[0.4894753396511078, 0.13967151939868927, 0.029989156872034073]","[-0.7424633502960205, -0.3720628023147583, 0.07468020915985107, 0.48211634159088135]",False,"[0.4516102373600006, -0.2728610634803772, 0.029999999329447746]","[[0.6131652593612671, -0.014649190939962864, 0.19638466835021973, 0.04234958067536354, 0.4894753396511078, 0.13967151939868927, 0.029989156872034073, -3.70309098798316e-05, -6.186130121932365e-06, -3.4460654205759056e-06]]","[0.03122689574956894, -0.03596717119216919, -0.04086534306406975, -0.03559320420026779, 0.07731862366199493, 0.2006399929523468]","[[-0.011848773807287216, -0.003953949548304081, 0.004749479703605175]]","[2, 30]",26.083727327,-0.4142667055130005,26,9470,1748251643.6531312,0
"[[0.014985132031142712, -0.026649344712495804, 0.016847709193825722]]",9481,"[0.48681914806365967, 0.13101312518119812, 0.030853096395730972]","[0.29026663303375244, -0.6252036094665527, 0.3414038419723511, -0.9475032687187195]",False,"[0.4516102373600006, -0.2728610634803772, 0.029999999329447746]","[[0.47701218724250793, 0.11573034524917603, 0.025103997439146042, 0.05162885785102844, 0.48681914806365967, 0.13101312518119812, 0.030853096395730972, 0.02929634414613247, -9.027032501762733e-05, 0.07159040868282318]]","[-0.04268566519021988, 0.321067214012146, -0.18099254369735718, 0.157618910074234, -0.03073253482580185, 0.12579548358917236]","[[0.015078949742019176, -0.02871772274374962, 0.016675284132361412]]","[2, 30]",26.131504313,-0.4054069221019745,26,9481,1748251643.6778574,11
"[[0.0339285247027874, -0.04916087165474892, 0.03489220514893532]]",9491,"[0.4866730868816376, 0.11828459054231644, 0.03125375136733055]","[0.6796326637268066, -0.9845139384269714, 0.698269248008728, -0.5185869932174683]",False,"[0.4516102373600006, -0.2728610634803772, 0.029999999329447746]","[[0.47742268443107605, 0.10693664848804474, 0.025541523471474648, 0.05747333914041519, 0.4866730868816376, 0.11828459054231644, 0.03125375136733055, 0.043104056268930435, 3.14435237669386e-05, 0.07352922111749649]]","[-0.01350226067006588, -0.23002851009368896, 1.008484959602356, 1.1701349020004272, -1.0808714628219604, 0.6267151236534119]","[[0.0339338593184948, -0.049493249505758286, 0.03488956764340401]]","[2, 30]",26.179253928,-0.39271605014801025,26,9491,1748251643.707025,21
"[[0.03498649597167969, -0.056266963481903076, 0.0490768700838089]]",9503,"[0.48675769567489624, 0.11479952186346054, 0.03352737054228783]","[0.6852865219116211, -0.9378881454467773, 0.8716331720352173, -0.5819783210754395]",False,"[0.4516102373600006, -0.2728610634803772, 0.029999999329447746]","[[0.5059646964073181, -0.17677363753318787, 0.2380356639623642, 1.2485128308981075e-07, 0.48675769567489624, 0.11479952186346054, 0.03352737054228783, 0.1260245144367218, -1.2796924238500651e-05, 0.07650725543498993]]","[-0.019597014412283897, -1.6175050735473633, 2.571458101272583, 4.23707389831543, 0.4042861759662628, 0.4531782269477844]","[[0.014547556638717651, -0.011608593165874481, 0.014540489763021469]]","[2, 30]",26.179828368,-0.38926663994789124,26,9503,1748251643.730283,33
"[[-0.035746362060308456, -0.044525276869535446, -0.044161271303892136]]",9586,"[0.504572331905365, 0.2896004021167755, 0.030252398923039436]","[-0.755054235458374, -0.9296866059303284, -0.8779709339141846, -0.9765466451644897]",False,"[0.40000012516975403, 0.24706295132637024, 0.029999999329447746]","[[0.5047102570533752, 0.2727302610874176, 0.024261439219117165, 0.04994183033704758, 0.504572331905365, 0.2896004021167755, 0.030252398923039436, 0.00879961159080267, -1.5785411960678175e-05, 0.03356329724192619]]","[-0.31629490852355957, 0.3207200765609741, 0.5909922122955322, -0.21341651678085327, -0.8133234977722168, 0.4394863247871399]","[[-0.03423300012946129, -0.04513491317629814, -0.04400606080889702]]","[2, 30]",26.371587307,-0.11289305984973907,28,9586,1748251643.9142723,16
"[[-0.00030545005574822426, -0.03522435203194618, -0.002500812755897641]]",9607,"[0.47494059801101685, 0.24090367555618286, 0.03078918159008026]","[-0.07761013507843018, -0.8013594746589661, -0.06559884548187256, -0.9165518283843994]",False,"[0.40000012516975403, 0.24706295132637024, 0.029999999329447746]","[[0.46033775806427, 0.22222760319709778, 0.028887733817100525, 0.048744432628154755, 0.47494059801101685, 0.24090367555618286, 0.03078918159008026, 0.027282124385237694, -0.00026012101443484426, 0.10366737097501755]]","[-0.20379741489887238, -1.9769244194030762, 2.9912304878234863, 5.209716796875, 0.8480803370475769, 0.3644394874572754]","[[0.004374468233436346, -0.03088724985718727, -0.003771911608055234]]","[2, 30]",26.397135541,-0.07519729435443878,28,9607,1748251643.969907,37
"[[-0.04666753485798836, -0.018106108531355858, -0.011932003311812878]]",9624,"[0.44066548347473145, -0.06219025328755379, 0.029989909380674362]","[-0.933350682258606, -0.36211442947387695, -0.23863232135772705, 0.4810059070587158]",False,"[0.485260933637619, 0.07753006368875504, 0.029999999329447746]","[[0.47196221351623535, -0.07433637976646423, 0.08313111215829849, 0.07999759912490845, 0.44066548347473145, -0.06219025328755379, 0.029989909380674362, 3.0051282919885125e-06, -7.242256794270929e-10, -1.0622869922372047e-05]]","[0.12524020671844482, 0.004384398460388184, 0.026123080402612686, -0.01812169700860977, -0.016258202493190765, -0.03209321200847626]","[[-0.01452292874455452, -0.0014138314872980118, -0.0035325465723872185]]","[2, 30]",26.451658097,-0.14666466414928436,29,9624,1748251644.0056078,4
"[[0.04762126877903938, 0.04831848666071892, 0.043812524527311325]]",9635,"[0.440886527299881, -0.05000363662838936, 0.031087862327694893]","[0.9535846710205078, 0.9671132564544678, 0.8762035369873047, -0.8677240610122681]",False,"[0.485260933637619, 0.07753006368875504, 0.029999999329447746]","[[0.4339718520641327, -0.035734884440898895, 0.029800528660416603, 0.054662540555000305, 0.440886527299881, -0.05000363662838936, 0.031087862327694893, -0.03729245066642761, 6.549428235302912e-07, -0.08459962904453278]]","[-0.10771828144788742, 0.31483331322669983, -0.2165546715259552, 0.23433125019073486, -1.095460295677185, 0.47182297706604004]","[[0.04744108393788338, 0.046454742550849915, 0.04388456791639328]]","[2, 30]",26.495352008,-0.13503746688365936,29,9635,1748251644.034627,15
"[[0.04952108860015869, 0.04788598045706749, 0.0465388298034668]]",9644,"[0.44129371643066406, -0.0491723008453846, 0.03152770921587944]","[0.9916138648986816, 0.9597755670547485, 0.9314584732055664, -0.8545708060264587]",False,"[0.485260933637619, 0.07753006368875504, 0.029999999329447746]","[[0.4352263808250427, -0.028060991317033768, 0.02977675199508667, 0.047759685665369034, 0.44129371643066406, -0.0491723008453846, 0.03152770921587944, -0.052664659917354584, -1.8603600437927525e-06, -0.07386177778244019]]","[0.23628757894039154, -0.7123041152954102, 1.866303563117981, 2.0848405361175537, -0.8248305320739746, 0.71979820728302]","[[0.04953891038894653, 0.04786388948559761, 0.0465640053153038]]","[2, 30]",26.495658123,-0.13412286341190338,29,9644,1748251644.0582402,24
"[[0.040156371891498566, -0.04999420791864395, -0.024090491235256195]]",9670,"[0.654423177242279, -0.27385297417640686, 0.02998766489326954]","[0.8030952215194702, -0.9998579025268555, -0.48205649852752686, 0.8200626373291016]",False,"[0.46620798110961914, -0.27881401777267456, 0.029999999329447746]","[[0.6657587885856628, -0.022686170414090157, 0.18563497066497803, 0.07027385383844376, 0.654423177242279, -0.27385297417640686, 0.02998766489326954, -1.7626429325900972e-05, -6.259867950575426e-05, -7.380185138572415e-07]]","[0.031223777681589127, -0.03588317334651947, -0.040847424417734146, -0.03551036864519119, 0.07734768092632294, 0.20058295130729675]","[[0.012835629284381866, -0.027306726202368736, -0.012337658554315567]]","[2, 30]",26.587377928,-0.18828056752681732,30,9670,1748251644.122062,0
"[[0.011019057594239712, 0.007592815440148115, 0.031857751309871674]]",9729,"[0.4723643958568573, 0.23721608519554138, 0.029989972710609436]","[0.209647536277771, 0.14032340049743652, 0.6314404010772705, -0.9208030700683594]",False,"[0.6724486351013184, -0.11891697347164154, 0.029999999329447746]","[[0.467321515083313, 0.230464905500412, 0.02662927843630314, 0.0546947605907917, 0.4723643958568573, 0.23721608519554138, 0.029989972710609436, 6.004561328154523e-07, -5.2434554476121775e-08, 0.014565546996891499]]","[0.06710892915725708, 0.25339606404304504, -0.03235528618097305, 0.07416070997714996, 0.06197453290224075, 0.05402648448944092]","[[0.014880604110658169, 0.005965504329651594, 0.027298031374812126]]","[2, 30]",26.707520098,-0.40849044919013977,31,9729,1748251644.267847,9
"[[0.04951037839055061, -0.049373041838407516, 0.044781070202589035]]",9750,"[0.47165095806121826, 0.18019410967826843, 0.0301632359623909]","[0.990166425704956, -0.9875558614730835, 0.8957228660583496, -0.9915387034416199]",False,"[0.6724486351013184, -0.11891697347164154, 0.029999999329447746]","[[0.4615454375743866, 0.16719581186771393, 0.031567927449941635, 0.05353236570954323, 0.47165095806121826, 0.18019410967826843, 0.0301632359623909, 0.005787805188447237, -6.332676321108011e-07, 0.07664809376001358]]","[-0.05127628892660141, -1.4198236465454102, 2.330348014831543, 3.6989152431488037, 0.11117424815893173, 0.4728381633758545]","[[0.04947679117321968, -0.04948846623301506, 0.044803373515605927]]","[2, 30]",26.75649152,-0.36025986075401306,31,9750,1748251644.3259299,30
"[[0.0435134656727314, -0.04981473833322525, 0.034169454127550125]]",9753,"[0.4716498553752899, 0.18028149008750916, 0.030067848041653633]","[0.8702031373977661, -0.9932140707969666, 0.6801543235778809, -0.9803575277328491]",False,"[0.6724486351013184, -0.11891697347164154, 0.029999999329447746]","[[0.4620822072029114, 0.1628771871328354, 0.03136986121535301, 0.048856060951948166, 0.4716498553752899, 0.18028149008750916, 0.030067848041653633, 0.0025956202298402786, -9.408539085598022e-07, 0.07673652470111847]]","[-0.1724892407655716, -1.7193856239318848, 2.6652207374572754, 4.5357770919799805, 0.6119492053985596, 0.39604222774505615]","[[0.04306333139538765, -0.04530472308397293, 0.03418765217065811]]","[2, 30]",26.76114681,-0.36033299565315247,31,9753,1748251644.333837,33
"[[-0.02036692574620247, -0.030866160988807678, -0.013078656978905201]]",9783,"[0.668681263923645, -0.14096716046333313, 0.03014914132654667]","[-0.4105321168899536, -0.6153404712677002, -0.2604607939720154, -0.6725574731826782]",False,"[0.6396440267562866, -0.21610784530639648, 0.029999999329447746]","[[0.6715838313102722, -0.15790103375911713, 0.022155525162816048, 0.04918666556477547, 0.668681263923645, -0.14096716046333313, 0.03014914132654667, 0.005318041425198317, 2.0429636151675368e-06, 0.005219821818172932]]","[-0.24768583476543427, 0.34262681007385254, 0.1994394063949585, -0.05028896778821945, -0.13148233294487, 0.20604467391967773]","[[-0.020515162497758865, -0.030886322259902954, -0.01313642505556345]]","[2, 30]",26.851700664,-0.080556221306324,32,9783,1748251644.409892,13
"[[-0.03213552385568619, -0.036073170602321625, -0.04722920060157776]]",9798,"[0.6671690344810486, -0.1398146152496338, 0.029990138486027718]","[-0.6427271366119385, -0.7214213609695435, -0.9445812702178955, -0.9323855638504028]",False,"[0.6396440267562866, -0.21610784530639648, 0.029999999329447746]","[[0.6660805940628052, -0.15376687049865723, 0.022517317906022072, 0.05422351136803627, 0.6671690344810486, -0.1398146152496338, 0.029990138486027718, 2.6038767373393057e-06, 2.0032739485031925e-06, 0.04684525355696678]]","[0.16123740375041962, -0.7521241307258606, 2.0988848209381104, 2.0702872276306152, -0.33443447947502136, 0.622541069984436]","[[-0.032059647142887115, -0.03697069734334946, -0.04709278792142868]]","[2, 30]",26.895575956,-0.08110661059617996,32,9798,1748251644.4532332,28
"[[-0.021728480234742165, 0.024716634303331375, -0.03149557486176491]]",9829,"[0.4235880672931671, -0.261699914932251, 0.02998991683125496]","[-0.4345642328262329, 0.49433207511901855, -0.6299110054969788, 0.519218921661377]",False,"[0.5442668199539185, 0.2765306830406189, 0.029999999329447746]","[[0.42517420649528503, -0.22614102065563202, 0.06026338040828705, 0.07998527586460114, 0.4235880672931671, -0.261699914932251, 0.02998991683125496, -1.0071397582578356e-06, 3.888435912813293e-06, 2.8036551157128997e-05]]","[0.038170360028743744, 0.24435192346572876, 0.07367521524429321, 0.02612416073679924, 0.11665792018175125, 0.0394914448261261]","[[-0.021901512518525124, 0.014843020588159561, -0.029731083661317825]]","[2, 30]",26.963778465,-0.5515936613082886,33,9829,1748251644.5322444,9
"[[0.04081883653998375, 0.028388166800141335, 0.025161774829030037]]",9858,"[0.4242610037326813, -0.2553090453147888, 0.03016468696296215]","[0.8164052963256836, 0.5714695453643799, 0.5067312717437744, -0.8427102565765381]",False,"[0.5442668199539185, 0.2765306830406189, 0.029999999329447746]","[[0.42523568868637085, -0.24228081107139587, 0.02371305227279663, 0.054905038326978683, 0.4242610037326813, -0.2553090453147888, 0.03016468696296215, -0.00583713548257947, 1.3765696849077358e-06, -0.045445069670677185]]","[-0.18374605476856232, -2.091196298599243, 2.950562000274658, 5.536866664886475, 1.012776255607605, 0.3271577060222626]","[[0.04037287458777428, 0.029704460874199867, 0.025351420044898987]]","[2, 30]",27.051577652,-0.5452108979225159,33,9858,1748251644.6066134,38
"[[-0.046134401112794876, -0.04601835459470749, -0.013369501568377018]]",9872,"[0.5086289048194885, -0.2197214961051941, 0.029989786446094513]","[-0.9226796627044678, -0.9203652739524841, -0.26738429069519043, 0.9584928750991821]",False,"[0.6267144680023193, -0.23622943460941315, 0.029999999329447746]","[[0.5784409046173096, -0.04784850776195526, 0.09530198574066162, 0.07933573424816132, 0.5086289048194885, -0.2197214961051941, 0.029989786446094513, -7.942263437143993e-06, 2.3850730030972045e-06, 1.4002616808284074e-05]]","[0.017373137176036835, -0.028303079307079315, -0.012977033853530884, -0.02033277601003647, 0.021163873374462128, 0.057094573974609375]","[[-0.008099723607301712, -0.0008058138191699982, 0.015079009346663952]]","[2, 30]",27.061157769,-0.1192338615655899,34,9872,1748251644.6348443,2
"[[0.04936026409268379, 0.03094651736319065, 0.04788166284561157]]",9895,"[0.5087271332740784, -0.21854481101036072, 0.02999027818441391]","[0.9873268604278564, 0.6192820072174072, 0.9576342105865479, -0.8839916586875916]",False,"[0.6267144680023193, -0.23622943460941315, 0.029999999329447746]","[[0.5082071423530579, -0.2051391750574112, 0.026873907074332237, 0.05231323838233948, 0.5087271332740784, -0.21854481101036072, 0.02999027818441391, -0.00014786775864195079, 0.0001497190387453884, -0.01795586757361889]]","[0.19144375622272491, -0.4226331114768982, 1.8012733459472656, 1.5053035020828247, -0.4601740539073944, 0.5594236254692078]","[[0.04934828355908394, 0.03151433914899826, 0.04787866026163101]]","[2, 30]",27.155420624,-0.1193053126335144,34,9895,1748251644.6929522,25
"[[0.04970186576247215, 0.04068438336253166, 0.046294204890728]]",9900,"[0.5086894035339355, -0.21841338276863098, 0.02999032475054264]","[0.9941648244857788, 0.8137973546981812, 0.9258871078491211, -0.9202332496643066]",False,"[0.6267144680023193, -0.23622943460941315, 0.029999999329447746]","[[0.5086791515350342, -0.20527531206607819, 0.026788534596562386, 0.0527334026992321, 0.5086894035339355, -0.21841338276863098, 0.02999032475054264, -0.00013652327470481396, 0.00013095553731545806, -0.019657230004668236]]","[0.0008636508136987686, -1.0088013410568237, 2.1894969940185547, 2.6432833671569824, -0.17832398414611816, 0.5571348071098328]","[[0.04961776360869408, 0.04084506258368492, 0.046306222677230835]]","[2, 30]",27.155602857,-0.11936217546463013,34,9900,1748251644.706414,30
"[[-0.022193802520632744, -0.04701459780335426, 0.04142763838171959]]",9964,"[0.6755650639533997, 0.08189566433429718, 0.029989805072546005]","[-0.44386768341064453, -0.9402828812599182, 0.8285527229309082, 0.43188750743865967]",False,"[0.6109609007835388, 0.02729742042720318, 0.029999999329447746]","[[0.31554651260375977, -0.5477859377861023, 0.44107162952423096, 0.07999870926141739, 0.6755650639533997, 0.08189566433429718, 0.029989805072546005, -5.019658601668198e-06, 6.036894319549901e-06, 0.14715465903282166]]","[0.09901396185159683, -3.698282241821289, 2.712003231048584, 10.037129402160645, 2.859037160873413, 0.001079365611076355]","[[0.0029472876340150833, -0.02364685758948326, 0.0168609581887722]]","[2, 30]",27.307558016,-0.08458525687456131,35,9964,1748251644.8517148,44
"[[0.03005318157374859, -0.04886021465063095, 0.03271520137786865]]",9990,"[0.6148809194564819, 0.2219630777835846, 0.029993053525686264]","[0.6005855798721313, -0.9778205752372742, 0.6543715000152588, -0.24934273958206177]",False,"[0.4909755289554596, -0.27062666416168213, 0.029999999329447746]","[[0.6150039434432983, 0.2061992734670639, 0.02450583502650261, 0.05238105729222298, 0.6148809194564819, 0.2219630777835846, 0.029993053525686264, 0.00011501835979288444, 1.2886092918051872e-05, 0.03790780156850815]]","[0.05389735847711563, -0.30683183670043945, 1.0861552953720093, 1.5650383234024048, -1.7577515840530396, 0.7874780297279358]","[[0.029527349397540092, -0.04919920116662979, 0.03283851221203804]]","[2, 30]",27.35564227,-0.5079342722892761,36,9990,1748251644.909857,20
"[[-0.02006627433001995, -0.04274988919496536, 0.04667442664504051]]",10001,"[0.6156530380249023, 0.1912248432636261, 0.04240991175174713]","[-0.40184640884399414, -0.9643475413322449, 0.9426126480102539, -0.27398329973220825]",False,"[0.4909755289554596, -0.27062666416168213, 0.029999999329447746]","[[0.6106498837471008, 0.10885657370090485, 0.14851507544517517, 0.019796151667833328, 0.6156530380249023, 0.1912248432636261, 0.04240991175174713, 0.7668436765670776, -7.396916771540418e-06, -0.004713550675660372]]","[0.24945960938930511, -1.252884030342102, 2.348423957824707, 3.191526174545288, -0.12333033233880997, 0.603949785232544]","[[-0.00842834822833538, -0.006932832300662994, 0.013885121792554855]]","[2, 30]",27.360891988,-0.4785449802875519,36,10001,1748251644.9345844,31
"[[0.04282506927847862, -0.0486840158700943, 0.04088734835386276]]",10058,"[0.5262486338615417, -0.06464678794145584, 0.031012598425149918]","[0.857285737991333, -0.9781278371810913, 0.8213741779327393, -0.8983508348464966]",False,"[0.6314789652824402, -0.2548740804195404, 0.029999999329447746]","[[0.5268219113349915, -0.07900220900774002, 0.02584812045097351, 0.05403756722807884, 0.5262486338615417, -0.06464678794145584, 0.031012598425149918, 0.034703951328992844, 8.90009687282145e-06, 0.04750458523631096]]","[-0.1479291468858719, -2.257472515106201, 2.712434768676758, 6.006257057189941, 1.2366183996200562, 0.2497960776090622]","[[0.04289689287543297, -0.04874788969755173, 0.04091483727097511]]","[2, 30]",27.531265367,-0.21739564836025238,37,10058,1748251645.0652506,38
"[[0.04190732166171074, -0.048492301255464554, 0.038580186665058136]]",10062,"[0.5262048840522766, -0.06457984447479248, 0.030896218493580818]","[0.8380379676818848, -0.969350278377533, 0.7710849046707153, -0.49593472480773926]",False,"[0.6314789652824402, -0.2548740804195404, 0.029999999329447746]","[[0.5268198847770691, -0.07903148978948593, 0.025801727548241615, 0.05380900576710701, 0.5262048840522766, -0.06457984447479248, 0.030896218493580818, 0.03069334663450718, -1.0677281352400314e-05, 0.048622988164424896]]","[0.014103570953011513, -3.177388906478882, 2.792644739151001, 8.52637767791748, 2.287853240966797, 0.07714298367500305]","[[0.041899215430021286, -0.04849978908896446, 0.038563139736652374]]","[2, 30]",27.531446307,-0.21747489273548126,37,10062,1748251645.076129,42
"[[0.03169289976358414, -0.04922465234994888, 0.0470762774348259]]",10088,"[0.5253062844276428, -0.044027529656887054, 0.030966468155384064]","[0.636399507522583, -0.987520158290863, 0.9425177574157715, -0.6320540308952332]",False,"[0.672676146030426, -0.2826773226261139, 0.029999999329447746]","[[0.5250058770179749, -0.06368794292211533, 0.02522178739309311, 0.048878952860832214, 0.5253062844276428, -0.044027529656887054, 0.030966468155384064, 0.033110108226537704, -3.846459094347665e-06, 0.07597370445728302]]","[-0.21960905194282532, 0.09068365395069122, 0.058721523731946945, 0.7270076870918274, -1.426404356956482, 0.5365530252456665]","[[0.03156546503305435, -0.04893070086836815, 0.047106869518756866]]","[2, 30]",27.575707814,-0.28048625588417053,38,10088,1748251645.1382267,18
"[[0.03827551752328873, -0.04895256087183952, 0.048206329345703125]]",10090,"[0.5255102515220642, -0.04417024180293083, 0.030939856544137]","[0.7676107883453369, -0.9804970026016235, 0.9638321399688721, -0.9365907907485962]",False,"[0.672676146030426, -0.2826773226261139, 0.029999999329447746]","[[0.5252541303634644, -0.06392868608236313, 0.025170879438519478, 0.04627666249871254, 0.5255102515220642, -0.04417024180293083, 0.030939856544137, 0.03219417482614517, 3.993978225480532e-06, 0.06978806853294373]]","[-0.15524975955486298, -0.27599188685417175, 1.0026874542236328, 1.581817865371704, -1.8218722343444824, 0.819229245185852]","[[0.03827474266290665, -0.04891473054885864, 0.04820054769515991]]","[2, 30]",27.575778887,-0.28025758266448975,38,10090,1748251645.1432426,20
"[[0.036381423473358154, -0.04540099576115608, 0.023437801748514175]]",10167,"[0.46155017614364624, 0.23716029524803162, 0.032030168920755386]","[0.7440650463104248, -0.9422430992126465, 0.4867439270019531, 0.15122830867767334]",False,"[0.4897777736186981, 0.012880424037575722, 0.029999999329447746]","[[0.4899895191192627, 0.22547267377376556, 0.052036773413419724, 0.07606186717748642, 0.46155017614364624, 0.23716029524803162, 0.032030168920755386, 0.07054818421602249, -2.2027922597089855e-08, 0.049136389046907425]]","[-0.25470003485679626, -4.513617992401123, 2.8155922889709473, 12.374104499816895, 4.370407581329346, -0.28030210733413696]","[[0.022986650466918945, -0.03963199630379677, 0.010867612436413765]]","[2, 30]",27.787502401,-0.22605834901332855,39,10167,1748251645.3319077,47
"[[0.010196113958954811, -0.04686247929930687, -0.03793065994977951]]",10174,"[0.6753537058830261, -0.19054380059242249, 0.02998976595699787]","[0.2039198875427246, -0.9372439384460449, -0.7586131691932678, 0.9438371658325195]",False,"[0.5899592041969299, -0.11123335361480713, 0.029999999329447746]","[[0.686970591545105, -0.07091914117336273, 0.13195012509822845, 0.07998253405094147, 0.6753537058830261, -0.19054380059242249, 0.02998976595699787, 1.2542051081254613e-05, 3.3503274607937783e-06, 1.8293108951183967e-05]]","[0.12530043721199036, 0.004401274025440216, 0.02618962898850441, -0.018124081194400787, -0.016247428953647614, -0.032098188996315]","[[0.008923495188355446, -0.007602177560329437, 0.004873327910900116]]","[2, 30]",27.787779202,-0.11654341965913773,40,10174,1748251645.344589,4
"[[-0.03464851528406143, 0.04325080290436745, -0.04777923598885536]]",10188,"[0.6594635844230652, -0.18011732399463654, 0.030115945264697075]","[-0.7779116630554199, 0.9226683378219604, -0.9536581039428711, -0.9264702796936035]",False,"[0.5899592041969299, -0.11123335361480713, 0.029999999329447746]","[[0.6544772982597351, -0.16138581931591034, 0.022911205887794495, 0.047583937644958496, 0.6594635844230652, -0.18011732399463654, 0.030115945264697075, -0.004206956829875708, 1.2295046872168314e-05, -0.08525703847408295]]","[-0.05191575735807419, 0.2080179899930954, 0.5943337678909302, 0.07376385480165482, -1.146956443786621, 0.5110056400299072]","[[-0.03216055780649185, 0.043368104845285416, -0.04773532226681709]]","[2, 30]",27.831505423,-0.09785639494657516,40,10188,1748251645.3783998,18
"[[0.03066725842654705, 0.047878168523311615, -0.037220023572444916]]",10193,"[0.6571359038352966, -0.17833423614501953, 0.02999725565314293]","[0.6126692295074463, 0.9587247371673584, -0.7441579103469849, -0.8756140470504761]",False,"[0.5899592041969299, -0.11123335361480713, 0.029999999329447746]","[[0.6599082350730896, -0.16053535044193268, 0.022611018270254135, 0.04822573810815811, 0.6571359038352966, -0.17833423614501953, 0.02999725565314293, -0.00025065813679248095, 6.537483841384528e-06, -0.08476083725690842]]","[0.1204950287938118, -0.15255501866340637, 1.4858726263046265, 0.7837560772895813, -1.0681201219558716, 0.660257875919342]","[[0.01741774193942547, 0.050398088991642, -0.036906179040670395]]","[2, 30]",27.831688377,-0.09494860470294952,40,10193,1748251645.3918037,23
"[[0.008336472325026989, 0.005964809563010931, 0.04734563082456589]]",10233,"[0.6763899922370911, 0.23516663908958435, 0.02999032288789749]","[0.15784478187561035, 0.1145927906036377, 0.94692063331604, -0.9693208336830139]",False,"[0.6630861759185791, -0.15242616832256317, 0.029999999329447746]","[[0.6949067115783691, 0.22239261865615845, 0.023533986881375313, 0.05194514989852905, 0.6763899922370911, 0.23516663908958435, 0.02999032288789749, 2.5497270144114736e-06, -1.4840356925560627e-05, -0.006792161613702774]]","[-0.2064785212278366, 0.32764673233032227, 0.1658923625946045, -0.008655905723571777, 0.03284724801778793, 0.14159071445465088]","[[0.009978818707168102, 0.0033287792466580868, 0.04692235589027405]]","[2, 30]",27.947517459,-0.3878210484981537,42,10233,1748251645.4893012,12
"[[0.0462019108235836, 0.043919604271650314, 0.006338221020996571]]",10317,"[0.5498641729354858, -0.25247815251350403, 0.029989860951900482]","[0.924046516418457, 0.8783986568450928, 0.1267644166946411, 0.6798132658004761]",False,"[0.5389319658279419, 0.2133372724056244, 0.029999999329447746]","[[0.7895136475563049, 0.10232604295015335, 0.10983238369226456, 0.07999971508979797, 0.5498641729354858, -0.25247815251350403, 0.029989860951900482, -3.0709520615346264e-06, 4.666357654059539e-06, -0.04994870722293854]]","[-0.004434665665030479, -4.17356538772583, 2.7671289443969727, 11.469395637512207, 3.6316440105438232, -0.09436962008476257]","[[0.04323812946677208, 0.010656628757715225, 0.00026443321257829666]]","[2, 30]",28.155570113,-0.46594369411468506,43,10317,1748251645.7054858,46
"[[0.029894281178712845, -0.04790656641125679, 0.04200635477900505]]",10351,"[0.48961377143859863, 0.07972202450037003, 0.031784337013959885]","[0.5990109443664551, -0.9684767127037048, 0.8445135354995728, -0.8265995383262634]",False,"[0.4659331440925598, -0.2311791330575943, 0.029999999329447746]","[[0.5058025121688843, 0.060605891048908234, 0.03171734884381294, 0.04620027169585228, 0.48961377143859863, 0.07972202450037003, 0.031784337013959885, 0.06176227331161499, -5.440907443698961e-06, 0.036392904818058014]]","[0.21407382190227509, -1.146733045578003, 2.3090906143188477, 2.971785545349121, -0.08916626125574112, 0.5947835445404053]","[[0.02984832599759102, -0.04768127575516701, 0.042163390666246414]]","[2, 30]",28.259652454,-0.3118067979812622,44,10351,1748251645.829734,30
"[[0.039363354444503784, -0.04935521259903908, 0.04001377522945404]]",10359,"[0.4893432557582855, 0.07987184077501297, 0.03128930181264877]","[0.7871478796005249, -0.9888743162155151, 0.8017419576644897, -0.9020240902900696]",False,"[0.4659331440925598, -0.2311791330575943, 0.029999999329447746]","[[0.5059102773666382, 0.060909632593393326, 0.03162700682878494, 0.045966703444719315, 0.4893432557582855, 0.07987184077501297, 0.03128930181264877, 0.044354017823934555, 4.998732765670866e-05, 0.04832649603486061]]","[-0.08908482640981674, -2.1333436965942383, 2.6426281929016113, 5.689324378967285, 1.1066924333572388, 0.27209118008613586]","[[0.03933224081993103, -0.0494893416762352, 0.03997856751084328]]","[2, 30]",28.307774689,-0.31193333864212036,44,10359,1748251645.8588932,38
"[[0.04277923330664635, -0.04788786917924881, 0.03687654808163643]]",10361,"[0.48934438824653625, 0.07987891137599945, 0.031279295682907104]","[0.8556454181671143, -0.9573090076446533, 0.7370597124099731, -0.9331149458885193]",False,"[0.4659331440925598, -0.2311791330575943, 0.029999999329447746]","[[0.5059252977371216, 0.061047278344631195, 0.03164694085717201, 0.04613804444670677, 0.48934438824653625, 0.07987891137599945, 0.031279295682907104, 0.04397184029221535, -2.60519482253585e-06, 0.04825110360980034]]","[-0.048187337815761566, -2.4579877853393555, 2.7480835914611816, 6.523397445678711, 1.5462995767593384, 0.1910526156425476]","[[0.042782749980688095, -0.04796258732676506, 0.036875173449516296]]","[2, 30]",28.307882111,-0.31194043159484863,44,10361,1748251645.8660517,40
"[[0.10039935261011124, -0.11626695096492767, 0.019488226622343063]]",10370,"[0.43350735306739807, 0.15893413126468658, 0.029999999329447746]","[0.7768083810806274, -0.6560013890266418, 0.3906482458114624, -0.18215042352676392]",True,"[0.4162774682044983, -0.03752098232507706, 0.029999999329447746]","[[0.6384396553039551, -2.194472251484947e-12, 0.19740013778209686, 0, 0.43350735306739807, 0.15893413126468658, 0.029999999329447746, 0, 0, 0]]","[-0.4238193929195404, -4.63198184967041, 2.5149989128112793, 12.748224258422852, 4.80407190322876, -0.44061142206192017]","[[-0.06837885826826096, 0.033851489424705505, -0.1441863626241684]]","[2, 30]",28.355492002,-0.30500897765159607,44,10370,1748251645.889727,49
"[[-0.017891740426421165, -0.03799344226717949, -0.021363945677876472]]",10379,"[0.6018334031105042, -0.088265061378479, 0.03022012673318386]","[-0.35815906524658203, -0.7649455070495605, -0.42267584800720215, -0.013646841049194336]",False,"[0.6162776947021484, -0.14607201516628265, 0.029999999329447746]","[[0.5972920060157776, -0.10026904195547104, 0.02234344743192196, 0.07760554552078247, 0.6018334031105042, -0.088265061378479, 0.03022012673318386, 0.007734657730907202, 4.496847395785153e-05, 0.005548091139644384]]","[0.11816335469484329, 0.2069213092327118, 0.00529567152261734, 0.04753490537405014, 0.07775825262069702, 0.019059136509895325]","[[-0.015022194012999535, -0.0229908786714077, -0.02120949700474739]]","[2, 30]",28.355861156,-0.05958464741706848,45,10379,1748251645.909162,8
"[[0.01760956086218357, -0.03959992527961731, 0.025241106748580933]]",10382,"[0.6014886498451233, -0.08917246758937836, 0.030584923923015594]","[0.3522663116455078, -0.7998992204666138, 0.5124812126159668, -0.8759108781814575]",False,"[0.6162776947021484, -0.14607201516628265, 0.029999999329447746]","[[0.5995004177093506, -0.10376212000846863, 0.023710712790489197, 0.05146205425262451, 0.6014886498451233, -0.08917246758937836, 0.030584923923015594, 0.020044073462486267, -6.139637662272435e-06, 0.01932452619075775]]","[-0.044998638331890106, 0.3198382258415222, -0.15475600957870483, 0.17067421972751617, -0.011759452521800995, 0.11587125062942505]","[[0.017607295885682106, -0.040599822998046875, 0.025416750460863113]]","[2, 30]",28.356023191,-0.058793000876903534,45,10382,1748251645.9172895,11
"[[-0.04445976763963699, 0.04896062985062599, -0.033072009682655334]]",10473,"[0.457579642534256, 0.07670003175735474, 0.029989857226610184]","[-0.8891881704330444, 0.9792211055755615, -0.6614401936531067, 0.005996584892272949]",False,"[0.4877393841743469, -0.17308305203914642, 0.029999999329447746]","[[0.5672613382339478, -0.017428366467356682, 0.1543387621641159, 0.034440573304891586, 0.457579642534256, 0.07670003175735474, 0.029989857226610184, -5.292566584103042e-06, 2.645578888404998e-06, 2.2415373678086326e-05]]","[0.017394060268998146, -0.02829214185476303, -0.013018053025007248, -0.02028406411409378, 0.02110850065946579, 0.05703943967819214]","[[-0.003146059811115265, 0.0182871725410223, 0.003596588969230652]]","[2, 30]",28.595651686,-0.2515972852706909,47,10473,1748251646.1463661,2
"[[-0.04456258937716484, 0.04869864881038666, -0.03170701861381531]]",10474,"[0.457580029964447, 0.07670046389102936, 0.029989857226610184]","[-0.8912440538406372, 0.9739816188812256, -0.6341403722763062, 0.26172780990600586]",False,"[0.4877393841743469, -0.17308305203914642, 0.029999999329447746]","[[0.5361881256103516, 0.029191864654421806, 0.12785077095031738, 0.057431358844041824, 0.457580029964447, 0.07670046389102936, 0.029989857226610184, -5.267617780191358e-06, 2.656288643265725e-06, 2.978066186187789e-05]]","[0.05667782947421074, -0.02773205190896988, 0.006564084440469742, -0.020911403000354767, -0.01726517826318741, -0.0050109028816223145]","[[-0.01348898932337761, 0.002078849822282791, -0.005219027400016785]]","[2, 30]",28.595686301,-0.25159767270088196,47,10474,1748251646.1481497,3
"[[0.03673354908823967, -0.04825584590435028, 0.038744889199733734]]",10514,"[0.4551790654659271, 0.03787078335881233, 0.031274981796741486]","[0.735450029373169, -0.9664286375045776, 0.7754566669464111, -0.4200172424316406]",False,"[0.4877393841743469, -0.17308305203914642, 0.029999999329447746]","[[0.4543900787830353, 0.025417374446988106, 0.027254341170191765, 0.05310400202870369, 0.4551790654659271, 0.03787078335881233, 0.031274981796741486, 0.043801449239254, -5.312549546943046e-06, 0.06279987841844559]]","[-0.006601413711905479, -3.4887075424194336, 2.8373003005981445, 9.383763313293457, 2.6356515884399414, 0.021793216466903687]","[[0.03675280138850212, -0.04818485677242279, 0.03877703845500946]]","[2, 30]",28.727275546,-0.2134556621313095,47,10514,1748251646.2549431,43
"[[0.04933551698923111, -0.04917280375957489, 0.04603683948516846]]",10542,"[0.48157262802124023, 0.02974557876586914, 0.0315571092069149]","[0.9867186546325684, -0.9837945699691772, 0.9202463626861572, -0.8386828303337097]",False,"[0.6314019560813904, -0.24173380434513092, 0.029999999329447746]","[[0.4760759770870209, 0.01827174425125122, 0.03308160975575447, 0.05734044313430786, 0.48157262802124023, 0.02974557876586914, 0.0315571092069149, 0.05374068394303322, 2.5515704692224972e-05, 0.06283817440271378]]","[0.13281254470348358, -0.81258225440979, 1.4642870426177979, 2.641944169998169, -1.4960228204727173, 0.7257540822029114]","[[0.04931170493364334, -0.049257777631282806, 0.04603829234838486]]","[2, 30]",28.775591775,-0.31008437275886536,48,10542,1748251646.3236082,21
"[[0.04198995232582092, -0.049634143710136414, 0.03131741285324097]]",10554,"[0.4815884530544281, 0.030085504055023193, 0.031093696132302284]","[0.8396542072296143, -0.9916360378265381, 0.6253516674041748, -0.9800102114677429]",False,"[0.6314019560813904, -0.24173380434513092, 0.029999999329447746]","[[0.47621139883995056, 0.018613677471876144, 0.03260945901274681, 0.05462092533707619, 0.4815884530544281, 0.030085504055023193, 0.031093696132302284, 0.03755904734134674, -2.3825217795092613e-05, 0.06206626445055008]]","[-0.17729850113391876, -1.7868304252624512, 2.4542031288146973, 4.793853759765625, 0.5351323485374451, 0.3889656066894531]","[[0.04201716184616089, -0.04968059062957764, 0.031336795538663864]]","[2, 30]",28.78756439,-0.31037241220474243,48,10554,1748251646.360038,33
"[[0.03201910853385925, -0.049479275941848755, 0.03419257700443268]]",10556,"[0.4815739095211029, 0.030155353248119354, 0.031030848622322083]","[0.6402528285980225, -0.989241361618042, 0.6835410594940186, -0.9571223258972168]",False,"[0.6314019560813904, -0.24173380434513092, 0.029999999329447746]","[[0.47623029351234436, 0.01866050437092781, 0.03251532092690468, 0.054559532552957535, 0.4815739095211029, 0.030155353248119354, 0.031030848622322083, 0.03532341495156288, -9.744680937728845e-06, 0.062132563441991806]]","[-0.257253497838974, -2.0155324935913086, 2.4983654022216797, 5.4132561683654785, 0.7989494204521179, 0.2985779047012329]","[[0.03202936053276062, -0.049692969769239426, 0.0341799296438694]]","[2, 30]",28.793271547,-0.3104403614997864,48,10556,1748251646.3657885,35
"[[-0.03358319029211998, 0.003235425101593137, -0.04133833944797516]]",10577,"[0.40570956468582153, 0.12031654268503189, 0.029989877715706825]","[-0.6716655492782593, 0.06471788883209229, -0.8267596364021301, 0.395072340965271]",False,"[0.4205307364463806, -0.02131713181734085, 0.029999999329447746]","[[0.40914565324783325, 0.12968042492866516, 0.06334822624921799, 0.07954344153404236, 0.40570956468582153, 0.12031654268503189, 0.029989877715706825, 6.477530973825196e-07, -3.4524027796578594e-06, -1.110492303268984e-05]]","[0.16545651853084564, 0.10980480164289474, 0.05189980939030647, -0.005500316619873047, 0.03403141349554062, -0.020129024982452393]","[[-0.0066770873963832855, 0.0015275657642632723, -0.009823575615882874]]","[2, 30]",28.883611477,-0.14240704476833344,49,10577,1748251646.4173627,6
"[[-0.03138452395796776, 0.023268884047865868, -0.02482200227677822]]",10595,"[0.4399803578853607, -0.08709360659122467, 0.029989924281835556]","[-0.6276850700378418, 0.4653782844543457, -0.4964348077774048, 0.41030073165893555]",False,"[0.6940348744392395, -0.24086835980415344, 0.029999999329447746]","[[0.4762823283672333, -0.07729102671146393, 0.08924560993909836, 0.07093534618616104, 0.4399803578853607, -0.08709360659122467, 0.029989924281835556, -1.2043478436751798e-09, -2.5478407223999966e-06, -1.3221005247032735e-05]]","[0.15962041914463043, 0.054156605154275894, 0.04071476683020592, -0.012315869331359863, 0.005067214369773865, -0.031542181968688965]","[[-0.00993853434920311, 0.006463347002863884, -0.005328444764018059]]","[2, 5]",29.050443918,-0.29696863889694214,0,10595,1748251646.6239207,5
"[[0.016752000898122787, -0.022707853466272354, 0.014616493135690689]]",10609,"[0.6773661375045776, -0.19494663178920746, 0.052378032356500626]","[0.6679044961929321, -0.8865517973899841, 0.43882429599761963, -0.8523842692375183]",False,"[0.6940348744392395, -0.24086835980415344, 0.029999999329447746]","[[0.6850448846817017, -0.2046559900045395, 0.0442848801612854, 0.05702126771211624, 0.6773661375045776, -0.19494663178920746, 0.052378032356500626, 0.010642042383551598, -0.011707054451107979, 0.027222540229558945]]","[0.276258260011673, -0.6982332468032837, 0.012392397969961166, 2.504704236984253, -1.0801693201065063, 0.468245267868042]","[[0.016464408487081528, -0.023927677422761917, 0.014113206416368484]]","[2, 5]",29.111507578,-0.05373480170965195,0,10609,1748251646.6616254,19
"[[-0.0014703571796417236, -0.004928094334900379, -0.031913358718156815]]",10649,"[0.45838871598243713, -0.288297563791275, 0.03271714225411415]","[0.031207799911499023, -0.09785974025726318, -0.5837217569351196, 0.2273486852645874]",False,"[0.49665555357933044, 0.2784467935562134, 0.029999999329447746]","[[0.46946030855178833, -0.25418713688850403, 0.06323768198490143, 0.07931651920080185, 0.45838871598243713, -0.288297563791275, 0.03271714225411415, 8.938528480939567e-06, 0.0956084132194519, -0.001314260414801538]]","[0.2971549928188324, 0.23178532719612122, -0.7275556325912476, 0.44347885251045227, -0.15897074341773987, 0.04341905564069748]","[[-0.005678117275238037, 0.0008729575201869011, -0.018108244985342026]]","[2, 5]",29.203665175,-0.5680412650108337,4,10649,1748251646.7539384,8
"[[0.04126526787877083, 0.027936387807130814, 0.013223749585449696]]",10689,"[0.42540818452835083, 0.21373428404331207, 0.029990000650286674]","[0.8253053426742554, 0.5587277412414551, 0.2644749879837036, 0.3876926898956299]",False,"[0.49665555357933044, 0.2784467935562134, 0.029999999329447746]","[[0.5399124622344971, 0.3305060565471649, 0.002806464210152626, 0.059408221393823624, 0.42540818452835083, 0.21373428404331207, 0.029990000650286674, -4.69247570691173e-16, 1.0950710824242371e-12, 0.46440452337265015]]","[-0.2609998881816864, -4.526025295257568, 2.6543006896972656, 12.408445358276367, 4.606378078460693, -0.36498284339904785]","[[0.04128815606236458, 0.027914006263017654, 0.013260511681437492]]","[2, 5]",29.307564081,-0.09624914824962616,4,10689,1748251646.8539863,48
"[[-0.04271116852760315, -0.04882703721523285, -0.024804800748825073]]",10693,"[0.522247850894928, -0.22115205228328705, 0.029988968744874]","[-0.8542412519454956, -0.9765464067459106, -0.49609971046447754, 0.811071515083313]",False,"[0.607951819896698, 0.20868873596191406, 0.029999999329447746]","[[0.5449021458625793, 0.0015236764447763562, 0.1671692281961441, 0.07985620200634003, 0.522247850894928, -0.22115205228328705, 0.029988968744874, 4.333767719799653e-05, 6.1880987232143525e-06, -8.872639227774926e-07]]","[0.017353814095258713, -0.028299741446971893, -0.012885764241218567, -0.020371340215206146, 0.021194569766521454, 0.057082563638687134]","[[-0.010386496782302856, -0.012576092034578323, -0.001510297879576683]]","[2, 5]",29.307738559,-0.43830159306526184,5,10693,1748251646.86196,2
"[[0.01209578663110733, 0.0012482255697250366, 0.000326408538967371]]",10705,"[0.6352696418762207, -0.028352802619338036, 0.07563899457454681]","[0.7742221355438232, 0.9240401983261108, 0.08480322360992432, -0.9583635926246643]",False,"[0.607951819896698, 0.20868873596191406, 0.029999999329447746]","[[0.6251925826072693, -0.02402818761765957, 0.06830447912216187, 0.054929520934820175, 0.6352696418762207, -0.028352802619338036, 0.07563899457454681, 0.0011696419678628445, 0.009612967260181904, -0.002549559809267521]]","[0.1320541799068451, 0.0749623253941536, -2.483848810195923, 1.5991650819778442, -1.2249287366867065, 0.21308903396129608]","[[0.012017227709293365, 0.005559653043746948, -0.00037150969728827477]]","[2, 5]",29.351387705,-0.24293595552444458,5,10705,1748251646.8890219,14
"[[0.02029898390173912, -0.00839613750576973, 0.024086516350507736]]",10730,"[0.6108301281929016, 0.05903229862451553, 0.04220620170235634]","[0.7975642681121826, -0.8635663390159607, 0.6421597003936768, -0.9750757813453674]",False,"[0.6988235712051392, 0.03683743625879288, 0.029999999329447746]","[[0.6159175634384155, 0.04990408197045326, 0.034141261130571365, 0.053821489214897156, 0.6108301281929016, 0.05903229862451553, 0.04220620170235634, -0.0007715163519605994, -0.008671368472278118, 0.009654969908297062]]","[0.6203115582466125, -0.5035578608512878, 0.08074098825454712, 1.7591050863265991, -1.0439977645874023, 0.5113084316253662]","[[0.021104242652654648, -0.011293277144432068, 0.024097129702568054]]","[2, 5]",29.376195536,-0.09156661480665207,6,10730,1748251646.9486403,17
"[[0.026437129825353622, 0.0027889274060726166, 0.02192627266049385]]",10740,"[0.5867722034454346, 0.06249280646443367, 0.04282863810658455]","[0.8967678546905518, 0.8195016384124756, 0.5904088020324707, -0.9619694352149963]",False,"[0.671949028968811, 0.06313356012105942, 0.029999999329447746]","[[0.598678708076477, 0.06596235185861588, 0.03537316620349884, 0.05471343174576759, 0.5867722034454346, 0.06249280646443367, 0.04282863810658455, -0.0022778913844376802, -0.0290114376693964, -0.009461524896323681]]","[0.5404712557792664, 0.20616629719734192, -1.9299201965332031, 1.0250521898269653, -0.8491770029067993, 0.2136886715888977]","[[0.02518477663397789, 0.008435137569904327, 0.020861197263002396]]","[2, 5]",29.427301028,-0.08613983541727066,7,10740,1748251646.9722543,7
"[[-0.028178011998534203, 0.04869657754898071, -0.017022157087922096]]",10750,"[0.4579671621322632, 0.2633020877838135, 0.029989412054419518]","[-0.5635608434677124, 0.9739410877227783, -0.34044313430786133, -0.21670353412628174]",False,"[0.4013218581676483, 0.017562489956617355, 0.029999999329447746]","[[0.5391573905944824, 0.11604486405849457, 0.13982228934764862, 1.1057019264626433e-06, 0.4579671621322632, 0.2633020877838135, 0.029989412054419518, 3.0067303669056855e-06, -2.4508342903573066e-05, -1.6952526493696496e-05]]","[0.15962320566177368, 0.054159976541996, 0.04072364792227745, -0.012322403490543365, 0.005066342651844025, -0.03154410421848297]","[[-0.0075275953859090805, 0.005361475050449371, -0.0037731025367975235]]","[2, 5]",29.427530639,-0.252183735370636,8,10750,1748251646.9942183,5
"[[0.04999113082885742, 0.021868892014026642, -0.039910390973091125]]",10767,"[0.6729909777641296, 0.00832403264939785, 0.02998952753841877]","[0.9998095035552979, 0.43738532066345215, -0.7984172701835632, 0.9867017269134521]",False,"[0.6745949983596802, -0.0459265410900116, 0.029999999329447746]","[[0.6775897145271301, 0.01627086102962494, 0.1880619078874588, 0.07027443498373032, 0.6729909777641296, 0.00832403264939785, 0.02998952753841877, 3.005894996022107e-06, -2.0607802071026526e-05, -2.8306608328421135e-06]]","[0.031227683648467064, -0.03598801791667938, -0.04086983576416969, -0.03561374545097351, 0.07731138169765472, 0.20065416395664215]","[[0.010840415954589844, 0.005598405376076698, -0.03058263286948204]]","[2, 5]",29.471925767,-0.05427428334951401,9,10767,1748251647.036366,0
"[[-0.02067466452717781, -0.04765811190009117, -0.008425066247582436]]",10783,"[0.444315105676651, -0.26929232478141785, 0.02998953126370907]","[-0.41348791122436523, -0.9531532526016235, -0.1684989333152771, 0.94999098777771]",False,"[0.6426892876625061, -0.12613916397094727, 0.029999999329447746]","[[0.45218148827552795, -0.15165939927101135, 0.11075031012296677, 0.07999992370605469, 0.444315105676651, -0.26929232478141785, 0.02998953126370907, 5.147300918828535e-10, -1.565298589412123e-05, -1.9211820472264662e-05]]","[0.16542430222034454, 0.10981424152851105, 0.05199621245265007, -0.005534358322620392, 0.03408557176589966, -0.020128175616264343]","[[-0.0033305473625659943, -0.008299577981233597, -0.002818116918206215]]","[2, 5]",29.495015478,-0.24463266134262085,10,10783,1748251647.0684903,6
"[[-0.00938828568905592, -0.04569080099463463, -0.03578443080186844]]",10785,"[0.44431552290916443, -0.26929229497909546, 0.029989968985319138]","[-0.18776452541351318, -0.9138153791427612, -0.7156873941421509, 0.8804394006729126]",False,"[0.6426892876625061, -0.12613916397094727, 0.029999999329447746]","[[0.4288901090621948, -0.22365112602710724, 0.08754519373178482, 0.07999978214502335, 0.44431552290916443, -0.26929229497909546, 0.029989968985319138, -4.396680935991881e-12, -1.0472000440131524e-06, -1.950452133314684e-05]]","[0.10267239809036255, 0.20465204119682312, 0.06777206063270569, 0.013081900775432587, 0.09760412573814392, 0.01735181361436844]","[[-0.0024341223761439323, -0.01069202646613121, -0.015147283673286438]]","[2, 5]",29.499146694,-0.2446323037147522,10,10785,1748251647.0723834,8
"[[-0.0007416009902954102, 0.04106109216809273, -0.0374920517206192]]",10788,"[0.4474867582321167, -0.2695758044719696, 0.030059274286031723]","[0.048741698265075684, 0.9239981174468994, -0.8405344486236572, 0.20271730422973633]",False,"[0.6426892876625061, -0.12613916397094727, 0.029999999329447746]","[[0.4438513219356537, -0.2589004635810852, 0.020700523629784584, 0.08006734400987625, 0.4474867582321167, -0.2695758044719696, 0.030059274286031723, -0.021344710141420364, 0.00038759756716899574, -0.09788688272237778]]","[0.25878092646598816, 0.30514246225357056, -1.1765806674957275, 0.7210521697998047, -0.6922845840454102, 0.2585558295249939]","[[0.00472596287727356, 0.029701221734285355, -0.013887809589505196]]","[2, 5]",29.505918853,-0.24223561584949493,10,10788,1748251647.0787761,11
"[[0.022144854068756104, 0.011079967021942139, 0.034021370112895966]]",10790,"[0.4829200506210327, -0.21823003888130188, 0.04519997164607048]","[0.9803164005279541, 0.9164643287658691, 0.9050699472427368, -0.9947108030319214]",False,"[0.6426892876625061, -0.12613916397094727, 0.029999999329447746]","[[0.4812637269496918, -0.20650753378868103, 0.03866371884942055, 0.05387154221534729, 0.4829200506210327, -0.21823003888130188, 0.04519997164607048, 0.001394396647810936, -0.07945822924375534, -0.02283630520105362]]","[0.33562663197517395, 0.2213217318058014, -2.3508424758911133, 1.4090938568115234, -1.3413220643997192, 0.3853800892829895]","[[0.022285878658294678, 0.008129701018333435, 0.03417408838868141]]","[2, 5]",29.511280581,-0.18503504991531372,10,10790,1748251647.0840008,13
"[[0.01490778848528862, -0.04564797133207321, 0.0035552531480789185]]",10805,"[0.6444470286369324, -0.02371707186102867, 0.036788273602724075]","[0.8889451026916504, -0.8675179481506348, 0.033299922943115234, -0.9383164644241333]",False,"[0.6466930508613586, -0.08876620978116989, 0.029999999329447746]","[[0.6455123424530029, -0.03454495221376419, 0.028877947479486465, 0.05621654540300369, 0.6444470286369324, -0.02371707186102867, 0.036788273602724075, 0.04690529778599739, 0.01681610383093357, 0.06759528070688248]]","[0.7850269675254822, 0.23234210908412933, -2.2088584899902344, 1.4412285089492798, -1.7986431121826172, 0.5188190937042236]","[[0.015233170241117477, -0.04825638607144356, 0.0029632262885570526]]","[2, 5]",29.571893573,-0.06544093042612076,11,10805,1748251647.1203933,11
"[[0.003919216804206371, 0.009480562061071396, 0.03506536781787872]]",10859,"[0.6021169424057007, 0.17975591123104095, 0.04027284309267998]","[-0.03463679552078247, 0.8956222534179688, 0.8199462890625, -0.8668834567070007]",False,"[0.5884248614311218, 0.2575185000896454, 0.029999999329447746]","[[0.5844394564628601, 0.1877877414226532, 0.036978013813495636, 0.05409831553697586, 0.6021169424057007, 0.17975591123104095, 0.04027284309267998, -0.026420997455716133, 0.2199578881263733, -0.044845037162303925]]","[0.15958712995052338, -1.1148449182510376, 1.20791494846344, 3.3355562686920166, -0.500588595867157, 0.4205363988876343]","[[0.007890555076301098, 0.01177578791975975, 0.030239513143897057]]","[2, 5]",29.687590556,-0.07962427288293839,14,10859,1748251647.2461958,21
"[[0.014881372451782227, 0.0467841736972332, -0.04246261715888977]]",10861,"[0.5660441517829895, -0.005186095368117094, 0.02998952753841877]","[0.29761433601379395, 0.9356908798217773, -0.8494617342948914, 0.939876914024353]",False,"[0.691618025302887, 0.03783237189054489, 0.029999999329447746]","[[0.6527606844902039, 0.024411054328083992, 0.1766296923160553, 0.07027393579483032, 0.5660441517829895, -0.005186095368117094, 0.02998952753841877, 3.005894996022107e-06, -2.0607802071026526e-05, -2.8306608328421135e-06]]","[0.031227683648467064, -0.03598801791667938, -0.04086983576416969, -0.03561374545097351, 0.07731138169765472, 0.20065416395664215]","[[0.000559687614440918, 0.022373491898179054, -0.021702643483877182]]","[2, 5]",29.687660127,-0.13273802399635315,15,10861,1748251647.2508216,0
"[[0.008913928642868996, -0.046011559665203094, 0.0008318006875924766]]",10893,"[0.5078407526016235, -0.27650630474090576, 0.029989412054419518]","[0.17827856540679932, -0.9202222228050232, 0.016636013984680176, 0.9519799947738647]",False,"[0.5249525308609009, -0.14592498540878296, 0.029999999329447746]","[[0.5187987685203552, -0.14892631769180298, 0.13543622195720673, 0.0799998939037323, 0.5078407526016235, -0.27650630474090576, 0.029989412054419518, 3.006731731147738e-06, -2.4509101422154345e-05, -1.9776665794779547e-05]]","[0.16542395949363708, 0.10981449484825134, 0.05200045928359032, -0.005536139011383057, 0.034086912870407104, -0.020128026604652405]","[[0.0037141982465982437, -0.009458452463150024, -0.0005938083049841225]]","[2, 5]",29.775530854,-0.13169774413108826,17,10893,1748251647.3224535,6
"[[0.017228370532393456, 0.024916671216487885, 0.032874658703804016]]",10910,"[0.5009615421295166, -0.04212985187768936, 0.03599389269948006]","[0.44398319721221924, 0.7257194519042969, 0.7773003578186035, -0.6028149127960205]",False,"[0.6926354169845581, 0.029703868553042412, 0.029999999329447746]","[[0.48936498165130615, -0.030924968421459198, 0.028497086837887764, 0.05630830302834511, 0.5009615421295166, -0.04212985187768936, 0.03599389269948006, -0.009366778656840324, 0.07437015324831009, -0.025768177583813667]]","[0.5450470447540283, 0.16315174102783203, -1.517785906791687, 0.8517911434173584, -0.4649070203304291, 0.030170567333698273]","[[0.019277220591902733, 0.018720224499702454, 0.03182708099484444]]","[2, 5]",29.819414431,-0.20478007197380066,18,10910,1748251647.3583329,6
"[[0.0019001038745045662, -0.029789917171001434, 0.003229382447898388]]",11010,"[0.5037328004837036, -0.17002250254154205, 0.03649486228823662]","[-0.16031807661056519, -0.9303672313690186, 0.15665984153747559, -0.9784008860588074]",False,"[0.49176764488220215, -0.2815171778202057, 0.029999999329447746]","[[0.4876805245876312, -0.18423226475715637, 0.02811979129910469, 0.050946421921253204, 0.5037328004837036, -0.17002250254154205, 0.03649486228823662, 0.0007454115548171103, -0.07507786154747009, 0.0009471208904869854]]","[0.5125745534896851, -0.4703826904296875, -0.4670202136039734, 2.4107258319854736, -0.8793648481369019, 0.2636738419532776]","[[0.004769143648445606, -0.008796162903308868, 0.008130514062941074]]","[2, 5]",30.051409585,-0.11232279986143112,24,11010,1748251647.5962524,16
"[[0.012502741999924183, 0.027183029800653458, -0.013884264044463634]]",11018,"[0.5349543690681458, 0.0787951648235321, 0.030609602108597755]","[0.25745654106140137, 0.6399463415145874, -0.265292763710022, -0.27825385332107544]",False,"[0.48427048325538635, 0.07617181539535522, 0.029999999329447746]","[[0.5437580943107605, 0.0818350687623024, 0.022833989933133125, 0.05866970494389534, 0.5349543690681458, 0.0787951648235321, 0.030609602108597755, -0.01329861395061016, 0.007441413588821888, -0.019661184400320053]]","[0.15431873500347137, 0.010085061192512512, -0.08866049349308014, 0.04640932381153107, -0.05299545079469681, -0.02830098569393158]","[[0.007552635855972767, 0.027523916214704514, 0.007770822383463383]]","[2, 5]",30.051583392,-0.05075538530945778,25,11018,1748251647.6149926,4
"[[-0.037101782858371735, -0.04873212054371834, -0.03483786806464195]]",11024,"[0.4582441449165344, -0.18344083428382874, 0.029989412054419518]","[-0.7420356273651123, -0.9746334552764893, -0.6967573165893555, 0.8233906030654907]",False,"[0.4538664221763611, 0.03953496739268303, 0.029999999329447746]","[[0.4822208881378174, -0.07065379619598389, 0.11919369548559189, 0.07998257130384445, 0.4582441449165344, -0.18344083428382874, 0.029989412054419518, 3.006728547916282e-06, -2.4504341126885265e-05, -1.4128427210380323e-05]]","[0.125292107462883, 0.004400372505187988, 0.02620653808116913, -0.018142059445381165, -0.01624167710542679, -0.032102689146995544]","[[-0.008158005774021149, -0.009364277124404907, -0.00454464927315712]]","[2, 5]",30.095194666,-0.22301878035068512,26,11024,1748251647.6263304,4
"[[-0.043370697647333145, -0.04901038482785225, -0.02375056780874729]]",11056,"[0.4603829085826874, -0.26083558797836304, 0.029989412054419518]","[-0.8674139380455017, -0.9801987409591675, -0.47501134872436523, 0.8728629350662231]",False,"[0.6205382943153381, -0.05960927531123161, 0.029999999329447746]","[[0.489956259727478, -0.07008430361747742, 0.12627603113651276, 0.07998256385326385, 0.4603829085826874, -0.26083558797836304, 0.029989412054419518, 3.006728547916282e-06, -2.4504341126885265e-05, -1.4128427210380323e-05]]","[0.125292107462883, 0.004400372505187988, 0.02620653808116913, -0.018142059445381165, -0.01624167710542679, -0.032102689146995544]","[[-0.010082755237817764, -0.008599944412708282, -0.0038316790014505386]]","[2, 5]",30.126289494,-0.25718045234680176,28,11056,1748251647.6999507,4
"[[0.001011151121929288, -0.04141082987189293, -0.04080328345298767]]",11094,"[0.6336125135421753, -0.21361207962036133, 0.03133489936590195]","[0.020265936851501465, -0.8563427925109863, -0.7891659736633301, 0.7920751571655273]",False,"[0.6561296582221985, -0.07141223549842834, 0.029999999329447746]","[[0.6305628418922424, -0.21932025253772736, 0.047043055295944214, 0.08000049740076065, 0.6336125135421753, -0.21361207962036133, 0.03133489936590195, 0.045899342745542526, 5.610622338281246e-06, -5.429989687399939e-05]]","[0.23687238991260529, 0.1762637048959732, -0.31692972779273987, 0.21129938960075378, -0.05566907674074173, 0.008215270936489105]","[[-0.00010625715367496014, -0.00638769194483757, -0.017230462282896042]]","[2, 5]",30.211268156,-0.14397777616977692,30,11094,1748251647.7843108,7
"[[0.018976254388689995, 0.030270632356405258, 0.0003075789427384734]]",11134,"[0.6895409822463989, 0.11282560974359512, 0.030958643183112144]","[0.4813488721847534, 0.9436146020889282, -0.015104889869689941, -0.9515711665153503]",False,"[0.6956690549850464, 0.24176613986492157, 0.029999999329447746]","[[0.6813817620277405, 0.12617649137973785, 0.023050064221024513, 0.052607569843530655, 0.6895409822463989, 0.11282560974359512, 0.030958643183112144, -0.019643260166049004, -0.005744908004999161, -0.009548020549118519]]","[0.5100609660148621, -0.46986138820648193, -0.9048081040382385, 2.0087697505950928, -0.8723769783973694, 0.31239140033721924]","[[0.016573233529925346, 0.011379648000001907, 0.0036873207427561283]]","[2, 5]",30.327614408,-0.1290896236896515,32,11134,1748251647.8824177,18
"[[0.03275175765156746, -0.049005527049303055, 0.016439778730273247]]",11142,"[0.636134147644043, -0.15375100076198578, 0.029989415779709816]","[0.6550339460372925, -0.9801015853881836, 0.3287951946258545, 0.9797067642211914]",False,"[0.4054008722305298, -0.03913580998778343, 0.029999999329447746]","[[0.6272332072257996, 0.025685016065835953, 0.1751815527677536, 0.07881752401590347, 0.636134147644043, -0.15375100076198578, 0.029989415779709816, 3.006697852470097e-06, -2.43706217588624e-05, -8.480304131808225e-06]]","[0.017381707206368446, -0.028290599584579468, -0.012963362038135529, -0.020310916006565094, 0.021136611700057983, 0.05704280734062195]","[[0.026645440608263016, -0.024594374001026154, 0.036918677389621735]]","[2, 5]",30.371231113,-0.25763246417045593,33,11142,1748251647.9012263,2
"[[-0.029174838215112686, -0.034824203699827194, -0.027368905022740364]]",11155,"[0.4624221920967102, -0.004521753638982773, 0.030558401718735695]","[-0.7564491629600525, -0.8541535139083862, -0.5651406049728394, -0.886946439743042]",False,"[0.4054008722305298, -0.03913580998778343, 0.029999999329447746]","[[0.4520946145057678, -0.020700253546237946, 0.022016167640686035, 0.050473958253860474, 0.4624221920967102, -0.004521753638982773, 0.030558401718735695, 0.013604477047920227, -0.021181918680667877, 0.06466222554445267]]","[0.29090431332588196, -0.2899525761604309, -1.4908862113952637, 1.6502422094345093, -1.4633837938308716, 0.3552010655403137]","[[-0.02454698458313942, -0.030787616968154907, -0.022227875888347626]]","[2, 5]",30.371745349,-0.06670740246772766,33,11155,1748251647.9315307,15
"[[0.12648382782936096, 0.1981959044933319, -0.0011864749249070883]]",11171,"[0.4311140179634094, -0.029906148090958595, 0.029999999329447746]","[-0.548585057258606, 0.9321904182434082, -0.05875694751739502, -0.8720171451568604]",True,"[0.6397891044616699, 0.2877258062362671, 0.029999999329447746]","[[0.6384396553039551, -2.194472251484947e-12, 0.19740013778209686, 0, 0.4311140179634094, -0.029906148090958595, 0.029999999329447746, 0, 0, 0]]","[0.2889603078365326, 0.08243687450885773, -2.2636492252349854, 1.4484829902648926, -1.5603512525558472, 0.3240329623222351]","[[-0.08125719428062439, 0.17660744488239288, -0.17532572150230408]]","[2, 5]",30.41963152,-0.03999219462275505,35,11171,1748251647.9703817,10
"[[-0.016261322423815727, 0.04741296172142029, -0.04817897826433182]]",11198,"[0.5640308260917664, 0.14843127131462097, 0.02998943254351616]","[-0.32522404193878174, 0.9482502937316895, -0.9635814428329468, 0.702267050743103]",False,"[0.4498343765735626, 0.07957879453897476, 0.029999999329447746]","[[0.6136632561683655, 0.022277159616351128, 0.1917223334312439, 0.07439643889665604, 0.5640308260917664, 0.14843127131462097, 0.02998943254351616, -3.006573706443305e-06, 2.3792244974174537e-05, -5.725476967199938e-06]]","[0.03140093386173248, -0.02590595930814743, -0.01903705671429634, -0.028387419879436493, 0.05356491357088089, 0.13178905844688416]","[[-0.017525119706988335, 0.022330638021230698, -0.04249170050024986]]","[2, 5]",30.463898367,-0.1333472728729248,38,11198,1748251648.0295677,1
"[[-0.0038743435870856047, -0.044169072061777115, -0.03279232978820801]]",11215,"[0.4986751675605774, -0.24911271035671234, 0.03129394352436066]","[-0.07748925685882568, -0.9105900526046753, -0.629766047000885, 0.6201366186141968]",False,"[0.5830311179161072, 0.06383766978979111, 0.029999999329447746]","[[0.49578240513801575, -0.23103530704975128, 0.06384674459695816, 0.07255040109157562, 0.4986751675605774, -0.24911271035671234, 0.03129394352436066, 0.044452693313360214, 1.8732751527750224e-07, -5.421210062195314e-06]]","[0.19620081782341003, 0.21955956518650055, -0.3139100670814514, 0.2214355766773224, -0.02539525181055069, 0.028766334056854248]","[[-0.004573536105453968, -0.012076321989297867, -0.011208277195692062]]","[2, 5]",30.52332078,-0.32412272691726685,39,11215,1748251648.0635424,8
"[[0.037393148988485336, 0.04779769107699394, -0.04901234060525894]]",11237,"[0.4374079704284668, 0.2101777195930481, 0.029990000650286674]","[0.7491664886474609, 0.9574010372161865, -0.982683539390564, 0.19065070152282715]",False,"[0.4184572398662567, 0.27861288189888, 0.029999999329447746]","[[0.4898280203342438, 0.3423458933830261, 0.0038045705296099186, 0.07952936738729477, 0.4374079704284668, 0.2101777195930481, 0.029990000650286674, 2.5656979524093092e-18, -1.4553532164288216e-16, 0.036615949124097824]]","[0.4394513666629791, 0.06426797807216644, -1.3936989307403564, 1.241951584815979, -1.3706883192062378, 0.4673890471458435]","[[0.03401454910635948, 0.033513884991407394, -0.03423827141523361]]","[2, 5]",30.567463373,-0.07101056724786758,40,11237,1748251648.1170876,10
"[[0.037188589572906494, 0.04868803545832634, -0.048873793333768845]]",11238,"[0.4374079704284668, 0.2101777195930481, 0.029990000650286674]","[0.7437717914581299, 0.973760724067688, -0.9774758219718933, 0.026975274085998535]",False,"[0.4184572398662567, 0.27861288189888, 0.029999999329447746]","[[0.48989805579185486, 0.3420552909374237, 0.003256265539675951, 0.07964006066322327, 0.4374079704284668, 0.2101777195930481, 0.029990000650286674, -1.612535995485169e-17, -2.786256117082305e-16, 0.036615949124097824]]","[0.3404986262321472, -0.12547697126865387, -1.245563268661499, 1.6959283351898193, -1.9515739679336548, 0.5823216438293457]","[[0.03711855411529541, 0.04897863790392876, -0.04832548648118973]]","[2, 5]",30.567487338,-0.07101056724786758,40,11238,1748251648.1198866,11
"[[0.027973664924502373, 0.045894473791122437, -0.0035775303840637207]]",11250,"[0.4374079704284668, 0.2101777195930481, 0.029990000650286674]","[0.5594732761383057, 0.9178894758224487, -0.07155060768127441, 0.05933701992034912]",False,"[0.4184572398662567, 0.27861288189888, 0.029999999329447746]","[[0.49234554171562195, 0.3842356204986572, 0.0033372752368450165, 0.025551609694957733, 0.4374079704284668, 0.2101777195930481, 0.029990000650286674, -4.291657069293035e-16, -3.4205207407334297e-16, 0.036615949124097824]]","[0.03823439031839371, -1.626866102218628, 1.6955711841583252, 4.412308692932129, -0.1168648973107338, 0.4451085329055786]","[[0.027956737205386162, 0.04589959979057312, -0.003518232610076666]]","[2, 5]",30.611488877,-0.07101056724786758,40,11250,1748251648.1514614,23
"[[0.005365133285522461, 0.005622606724500656, -0.040604785084724426]]",11283,"[0.5827240943908691, 0.19029684364795685, 0.032887306064367294]","[0.2045595645904541, 0.6390862464904785, -0.9122975468635559, -0.4531938433647156]",False,"[0.5124894976615906, 0.24303153157234192, 0.029999999329447746]","[[0.6023918390274048, 0.2024456113576889, 0.028813492506742477, 0.05267036706209183, 0.5827240943908691, 0.19029684364795685, 0.032887306064367294, 0.009553764015436172, -0.09367688745260239, 0.026982838287949562]]","[0.37952151894569397, 0.1753603219985962, -1.4023170471191406, 0.7663916349411011, -0.6889009475708008, 0.20051556825637817]","[[-0.0013595819473266602, 0.0007951371371746063, -0.03827439621090889]]","[2, 5]",30.660912396,-0.08787592500448227,41,11283,1748251648.2305715,6
"[[-0.01163598895072937, -0.029025385156273842, -0.049466073513031006]]",11287,"[0.6466960906982422, 0.008890773169696331, 0.02998943440616131]","[-0.2327209711074829, -0.5804986953735352, -0.9893233180046082, 0.9358012676239014]",False,"[0.5221639275550842, -0.1539672464132309, 0.029999999329447746]","[[0.6383116841316223, -0.021037321537733078, 0.12534599006175995, 0.0743551254272461, 0.6466960906982422, 0.008890773169696331, 0.02998943440616131, 3.0065698410908226e-06, -2.377380405960139e-05, -5.656060693581821e-06]]","[0.03140094131231308, -0.025906041264533997, -0.019037064164876938, -0.028387539088726044, 0.053564876317977905, 0.13178907334804535]","[[-0.0016200840473175049, -0.009059986099600792, 0.0019219182431697845]]","[2, 5]",30.70745517,-0.20501460134983063,42,11287,1748251648.2399871,1
"[[0.021271347999572754, 0.038888271898031235, -0.040583327412605286]]",11289,"[0.646698534488678, 0.008867944590747356, 0.0299687460064888]","[0.42546629905700684, 0.7773047685623169, -0.8120879530906677, 0.5890679359436035]",False,"[0.5221639275550842, -0.1539672464132309, 0.029999999329447746]","[[0.6476563215255737, 0.013682372868061066, 0.04598553851246834, 0.07975861430168152, 0.646698534488678, 0.008867944590747356, 0.0299687460064888, 0.00070728495484218, 7.336642283917172e-06, 2.944583457065164e-06]]","[0.056651271879673004, -0.02774708718061447, 0.006582964211702347, -0.020899981260299683, -0.017235226929187775, -0.0050376057624816895]","[[0.004615724086761475, 0.006867885589599609, -0.01607855036854744]]","[2, 5]",30.707532205,-0.2049979567527771,42,11289,1748251648.2438068,3
"[[0.007446330040693283, -0.00818515196442604, 0.0021494319662451744]]",11314,"[0.5258327126502991, 0.11874525249004364, 0.08430328220129013]","[0.8381166458129883, -0.9856546521186829, 0.20581436157226562, -0.9890121221542358]",False,"[0.5994314551353455, -0.1428382247686386, 0.029999999329447746]","[[0.5219249129295349, 0.12693586945533752, 0.07626108080148697, 0.05734441056847572, 0.5258327126502991, 0.11874525249004364, 0.08430328220129013, -0.0016173847252503037, 0.029810883104801178, -0.006517335306853056]]","[0.3702363967895508, -0.015257671475410461, -2.0968427658081055, 1.659382700920105, -1.4056237936019897, 0.3503360152244568]","[[0.00703037902712822, -0.0034744925796985626, 0.0013249656185507774]]","[2, 5]",30.755743727,-0.2771128714084625,43,11314,1748251648.3041666,14
"[[-0.05214497819542885, 0.025144441053271294, -0.044054627418518066]]",11356,"[0.6580894589424133, -0.30911141633987427, 0.030081894248723984]","[-0.9894091486930847, 0.5387344360351562, -0.9599370956420898, 0.9686934947967529]",False,"[0.48930034041404724, 0.1719304621219635, 0.029999999329447746]","[[0.6506391763687134, -0.20839978754520416, 0.018443038687109947, 0.07987605035305023, 0.6580894589424133, -0.30911141633987427, 0.030081894248723984, -0.004653616808354855, -0.00792126264423132, -0.37259915471076965]]","[0.2637444734573364, 0.12704987823963165, -1.735304355621338, 1.1783684492111206, -1.7861205339431763, 0.42320913076400757]","[[-0.02679196372628212, 0.011058403179049492, -0.0373956598341465]]","[2, 5]",30.851719598,-0.5097951292991638,46,11356,1748251648.4026082,11
"[[-0.047916147857904434, 0.048259492963552475, -0.045181579887866974]]",11359,"[0.6562824249267578, -0.309895783662796, 0.029989589005708694]","[-0.9616226553916931, 0.9674279689788818, -0.9068170189857483, 0.5455849170684814]",False,"[0.48930034041404724, 0.1719304621219635, 0.029999999329447746]","[[0.5870718955993652, -0.11001291871070862, 0.007348641287535429, 0.07988987863063812, 0.6562824249267578, -0.309895783662796, 0.029989589005708694, -2.2343083401210606e-05, -6.392994237103267e-06, -0.4240310490131378]]","[0.2670656740665436, -0.3934119939804077, -0.3456016182899475, 1.9655686616897583, -1.386555552482605, 0.39998704195022583]","[[-0.024266932159662247, 0.014725487679243088, -0.04518695920705795]]","[2, 5]",30.851835235,-0.5099407434463501,46,11359,1748251648.4092088,14
"[[0.03973937779664993, 0.04095308855175972, -0.01895567774772644]]",11389,"[0.656286895275116, -0.30989885330200195, 0.029988987371325493]","[0.7947911024093628, 0.8190593719482422, -0.3791135549545288, 0.8642072677612305]",False,"[0.48930034041404724, 0.1719304621219635, 0.029999999329447746]","[[0.5164647102355957, 0.02420886605978012, 0.004214279353618622, 0.07552812248468399, 0.656286895275116, -0.30989885330200195, 0.029988987371325493, -4.2397401557536796e-05, -6.396846856659977e-06, -0.42421671748161316]]","[-0.21943862736225128, -4.455092430114746, 2.2220611572265625, 12.261696815490723, 4.126955509185791, -0.28920984268188477]","[[0.03973633795976639, 0.0409587100148201, -0.018952075392007828]]","[2, 5]",30.951221047,-0.5099450945854187,46,11389,1748251648.4841826,44
"[[0.01588752306997776, -0.034160565584897995, 0.00556004885584116]]",11413,"[0.4342033863067627, 0.041931379586458206, 0.02998766489326954]","[0.31777191162109375, -0.6831789016723633, 0.11095428466796875, 0.9763374328613281]",False,"[0.6160536408424377, -0.20509874820709229, 0.029999999329447746]","[[0.647877037525177, -0.021623704582452774, 0.20112396776676178, 0.07027392089366913, 0.4342033863067627, 0.041931379586458206, 0.02998766489326954, -6.32562514510937e-05, 1.6946351024671458e-05, 2.9472785172401927e-06]]","[0.031223777681589127, -0.03588317334651947, -0.040847424417734146, -0.03551036864519119, 0.07734768092632294, 0.20058295130729675]","[[0.0064512137323617935, -0.01253524050116539, 0.0018238844349980354]]","[2, 5]",30.995392825,-0.3067464530467987,48,11413,1748251648.5385208,0
"[[-0.0487108938395977, -0.048607584089040756, -0.037854328751564026]]",11431,"[0.47596609592437744, -0.20261192321777344, 0.02998949959874153]","[-0.9742076992988586, -0.9721969366073608, -0.7570498585700989, 0.9620652198791504]",False,"[0.5108296275138855, 0.2390277087688446, 0.029999999329447746]","[[0.5751519203186035, 0.046682462096214294, 0.17919449508190155, 0.0759543925523758, 0.47596609592437744, -0.20261192321777344, 0.02998949959874153, -8.366776604873394e-09, 1.907072692119982e-05, 1.0321135050617158e-05]]","[0.03143575042486191, -0.025836437940597534, -0.019116397947072983, -0.02828385680913925, 0.05356862396001816, 0.13179679214954376]","[[-0.029345553368330002, -0.07149295508861542, -0.02465001866221428]]","[2, 5]",31.039436512,-0.44301357865333557,49,11431,1748251648.5783641,1
"[[0.003793478012084961, 0.014861036092042923, 0.008315308950841427]]",11447,"[0.5278999209403992, 0.11491861194372177, 0.03284010291099548]","[-0.2528798580169678, 0.9361116886138916, -0.22366726398468018, -0.9425592422485352]",False,"[0.5108296275138855, 0.2390277087688446, 0.029999999329447746]","[[0.5184946656227112, 0.10899394005537033, 0.028049286454916, 0.05720973014831543, 0.5278999209403992, 0.11491861194372177, 0.03284010291099548, -0.0008992283837869763, 0.10186615586280823, -0.01179494708776474]]","[0.36004742980003357, -0.5061137676239014, -1.1864569187164307, 2.429217576980591, -0.982481837272644, 0.21886590123176575]","[[0.003632187843322754, 0.007212232798337936, 0.00907640065997839]]","[2, 5]",31.087272097,-0.12530973553657532,49,11447,1748251648.6226728,17
"[[0.008608996868133545, 0.039971835911273956, -0.020323893055319786]]",11448,"[0.5267966389656067, 0.12112443894147873, 0.030006946995854378]","[0.1501142978668213, 0.9235532283782959, -0.46314096450805664, -0.9346956014633179]",False,"[0.5108296275138855, 0.2390277087688446, 0.029999999329447746]","[[0.5308206081390381, 0.13758490979671478, 0.021731436252593994, 0.051231782883405685, 0.5267966389656067, 0.12112443894147873, 0.030006946995854378, -0.00191247568000108, -0.0007675921078771353, -0.007840923964977264]]","[0.22120510041713715, -0.5972563624382019, -0.4922531843185425, 2.4942917823791504, -0.9270238876342773, 0.32778483629226685]","[[-0.00482022762298584, 0.017586693167686462, -0.016839198768138885]]","[2, 5]",31.087309727,-0.11897952109575272,49,11448,1748251648.625473,18
"[[-0.030073143541812897, -0.004753327462822199, -0.033307913690805435]]",5,"[0.5122089982032776, 0.14425264298915863, 0.029989849776029587]","[-0.6898148059844971, 0.03153848648071289, -0.6661552786827087, 0.1814054250717163]",False,"[0.5293750762939453, 0.19900637865066528, 0.029999999329447746]","[[0.5185865759849548, 0.15164414048194885, 0.02800964005291462, 0.0800037756562233, 0.5122089982032776, 0.14425264298915863, 0.029989849776029587, 3.6780686514248373e-06, 1.309544018113229e-06, 0.09205729514360428]]","[0.15961113572120667, 0.054156966507434845, 0.04069545492529869, -0.01229918748140335, 0.005065426230430603, -0.03153762221336365]","[[-0.006670691072940826, -0.00040604767855256796, -0.0025279466062784195]]","[0, 30]",2.165034474,-0.057381581515073776,0,5,1748251714.6502192,5
"[[0.01995489001274109, -0.024961872026324272, -0.04791969805955887]]",10,"[0.6897052526473999, -0.10927563905715942, 0.029988247901201248]","[0.5919808149337769, -0.5654563903808594, -0.9584261178970337, 0.7707624435424805]",False,"[0.4812246263027191, -0.17117811739444733, 0.029999999329447746]","[[0.671214759349823, -0.10346490144729614, 0.061905764043331146, 0.07796017080545425, 0.6897052526473999, -0.10927563905715942, 0.029988247901201248, 0.0053138043731451035, -0.005370402242988348, 0.4026328921318054]]","[0.056576311588287354, -0.027750186622142792, 0.006610739976167679, -0.020978756248950958, -0.0172027125954628, -0.004962459206581116]","[[0.0037615597248077393, -0.0044446419924497604, -0.04007226973772049]]","[0, 30]",2.218379297,-0.21747665107250214,1,10,1748251714.6612651,3
"[[-0.04358649626374245, -0.041229572147130966, -0.033107075840234756]]",14,"[0.7289409041404724, -0.11350051313638687, 0.02998882532119751]","[-0.7287729382514954, -0.826571524143219, -0.662040650844574, 0.7161121368408203]",False,"[0.4812246263027191, -0.17117811739444733, 0.029999999329447746]","[[0.653749406337738, -0.10454801470041275, 0.028087744489312172, 0.07999954372644424, 0.7289409041404724, -0.11350051313638687, 0.02998882532119751, -1.8192346033174545e-05, -2.0950426915078424e-05, 1.799640417098999]]","[0.14593669772148132, 0.16134211421012878, 0.05887792631983757, 0.0030254945158958435, 0.06371718645095825, -0.002388402819633484]","[[-0.009897056967020035, -0.009133193641901016, -0.00019285455346107483]]","[0, 30]",2.218605932,-0.2543424069881439,1,14,1748251714.668807,7
"[[-0.04591219499707222, -0.005095052998512983, -0.04867544770240784]]",19,"[0.7644785046577454, -0.11399277299642563, 0.029989998787641525]","[-0.7766280174255371, -0.10386264324188232, -0.9735089540481567, 0.7350294589996338]",False,"[0.4812246263027191, -0.17117811739444733, 0.029999999329447746]","[[0.5213714241981506, -0.21011847257614136, 0.005273088812828064, 0.07999937981367111, 0.7644785046577454, -0.11399277299642563, 0.029989998787641525, 1.4992006924785528e-07, -1.2744202138037508e-07, 2.6735358238220215]]","[-0.20632553100585938, 0.32816651463508606, 0.16588474810123444, -0.009509854018688202, 0.032369084656238556, 0.14145022630691528]","[[-0.01399170234799385, 0.0016913977451622486, -0.04861532896757126]]","[0, 30]",2.218792583,-0.2889687418937683,1,19,1748251714.6790576,12
"[[-0.05510476231575012, -0.047979049384593964, -0.04376896843314171]]",36,"[0.8828365802764893, -0.11563225090503693, 0.029989998787641525]","[-0.964931845664978, -0.9614810347557068, -0.8753793835639954, 0.9102768898010254]",False,"[0.4812246263027191, -0.17117811739444733, 0.029999999329447746]","[[0.5833672881126404, -0.1913086473941803, 0.005409892648458481, 0.07999996840953827, 0.8828365802764893, -0.11563225090503693, 0.029989998787641525, 1.50753280081517e-07, -1.181441788844495e-07, -2.902501106262207]]","[0.07470128685235977, -0.9015301465988159, 2.2014899253845215, 2.3736119270324707, -0.2922804057598114, 0.6112473011016846]","[[-0.01646485924720764, -0.004414424300193787, -0.04373093321919441]]","[0, 30]",2.266536361,-0.4054349660873413,1,36,1748251714.7118275,29
"[[-0.05512315034866333, -0.04932134598493576, -0.03843545541167259]]",37,"[0.8896819353103638, -0.11572706699371338, 0.029989998787641525]","[-0.9655559062957764, -0.9883232116699219, -0.768709123134613, 0.8983200788497925]",False,"[0.4812246263027191, -0.17117811739444733, 0.029999999329447746]","[[0.5487422943115234, -0.23789164423942566, 0.005231709685176611, 0.08000002801418304, 0.8896819353103638, -0.11572706699371338, 0.029989998787641525, 1.50753280081517e-07, -1.181441788844495e-07, -2.902501106262207]]","[-0.003621300682425499, -1.0018930435180664, 2.1808910369873047, 2.623931407928467, -0.18495643138885498, 0.5568997859954834]","[[-0.013652801513671875, -0.002833165228366852, -0.03825727105140686]]","[0, 30]",2.266596564,-0.4122040867805481,1,37,1748251714.7138171,30
"[[-0.04025127738714218, 0.047357410192489624, -0.030250979587435722]]",146,"[0.45150473713874817, 0.2681446969509125, 0.029989998787641525]","[-0.8050255179405212, 0.9471482038497925, -0.6050195693969727, 0.891876220703125]",False,"[0.6446316838264465, -0.27966877818107605, 0.029999999329447746]","[[0.5515203475952148, 0.11468539386987686, 0.13445354998111725, 0.07985623925924301, 0.45150473713874817, 0.2681446969509125, 0.029989998787641525, -1.5061067415444995e-07, 1.181441788844495e-07, 9.238550408626617e-14]]","[0.017398547381162643, -0.028292380273342133, -0.013036448508501053, -0.020274274051189423, 0.021098129451274872, 0.057036928832530975]","[[-0.010262273252010345, 0.006215400993824005, -0.002290366217494011]]","[0, 30]",2.494621205,-0.580859363079071,5,146,1748251714.9517586,2
"[[-0.03845662623643875, 0.03132470324635506, -0.0360332652926445]]",148,"[0.45150473713874817, 0.2681446969509125, 0.029989996924996376]","[-0.7691324949264526, 0.6264940500259399, -0.7206653356552124, 0.9719568490982056]",False,"[0.6446316838264465, -0.27966877818107605, 0.029999999329447746]","[[0.4934755265712738, 0.18344725668430328, 0.10030332952737808, 0.07999788969755173, 0.45150473713874817, 0.2681446969509125, 0.029989996924996376, -7.377543909115047e-08, 1.1193340698767429e-09, 9.555580610630388e-14]]","[0.1253059357404709, 0.0044019147753715515, 0.026178468018770218, -0.018112346529960632, -0.016251273453235626, -0.032095253467559814]","[[-0.011055387556552887, 0.00201207771897316, -0.010079491883516312]]","[0, 30]",2.494704251,-0.580859363079071,5,148,1748251714.9552238,4
"[[0.013300921767950058, -0.006706848740577698, -0.018805749714374542]]",168,"[0.7157303094863892, -0.002531578531488776, 0.029943929985165596]","[0.8482353687286377, -0.9590709209442139, -0.37681400775909424, -0.810022234916687]",False,"[0.6446316838264465, -0.27966877818107605, 0.029999999329447746]","[[0.7137868404388428, -0.012154728174209595, 0.02210489846765995, 0.0551908016204834, 0.7157303094863892, -0.002531578531488776, 0.029943929985165596, -0.0011452574981376529, -0.00038619039696641266, 0.010719109326601028]]","[0.08878163248300552, -0.3226962983608246, 1.7798125743865967, 1.3345288038253784, -0.49250009655952454, 0.5398147106170654]","[[0.012248005717992783, -0.006825141608715057, -0.01899602636694908]]","[0, 30]",2.54274762,-0.2861119508743286,5,168,1748251715.0053632,24
"[[0.02617344819009304, -0.002527272794395685, -0.03469163179397583]]",192,"[0.7183511853218079, -0.256691038608551, 0.029989827424287796]","[0.6099839210510254, 0.15569496154785156, -0.693835973739624, 0.8163509368896484]",False,"[0.6446316838264465, -0.27966877818107605, 0.029999999329447746]","[[0.6560100317001343, -0.1788838654756546, 0.005003454629331827, 0.07999957352876663, 0.7183511853218079, -0.256691038608551, 0.029989827424287796, 2.9496783326976583e-07, 5.739158041251358e-06, -2.2586984634399414]]","[-0.2914207875728607, -4.554225921630859, 2.8730149269104004, 12.470157623291016, 4.499803066253662, -0.3162824511528015]","[[0.011795615777373314, -0.000145650003105402, -0.034555211663246155]]","[0, 30]",2.583970354,-0.07721749693155289,5,192,1748251715.0693357,48
"[[-0.016407381743192673, -0.02687716856598854, -0.027275055646896362]]",222,"[0.1654076725244522, 0.0412994883954525, 0.029988108202815056]","[-0.7266043424606323, -0.31863969564437866, -0.5454479455947876, -0.8222202062606812]",False,"[0.6474491953849792, 0.15616995096206665, 0.029999999329447746]","[[0.23440828919410706, -0.004528309218585491, 0.01279640942811966, 9.206581808030023e-07, 0.1654076725244522, 0.0412994883954525, 0.029988108202815056, -6.014192695147358e-05, 2.944495236079092e-06, -1.2405204772949219]]","[0.10655013471841812, -0.7832520008087158, 2.1658036708831787, 2.1417672634124756, -0.27511242032051086, 0.6085628271102905]","[[-0.02401484176516533, -0.00519714318215847, -0.0181890819221735]]","[0, 30]",2.686493208,-0.4955393373966217,6,222,1748251715.1309552,28
"[[-0.03222370147705078, 0.008927538990974426, -0.03950688987970352]]",235,"[-0.054538313299417496, 0.20341835916042328, 0.029985761269927025]","[-0.9427580833435059, 0.4462265968322754, -0.7899013757705688, -0.330788254737854]",False,"[0.6474491953849792, 0.15616995096206665, 0.029999999329447746]","[[0.1375604122877121, 0.15492857992649078, -0.0010878023458644748, 1.8905065246599406e-07, -0.054538313299417496, 0.20341835916042328, 0.029985761269927025, -0.00010812692926265299, 3.7688716929551447e-06, 1.463030457496643]]","[-0.23301763832569122, -2.6652464866638184, 2.709658622741699, 7.057300090789795, 1.7657238245010376, 0.10119535028934479]","[[-0.02353932335972786, 0.008210644125938416, -0.03893345594406128]]","[0, 30]",2.6874340759999997,-0.7035757303237915,6,235,1748251715.1602767,41
"[[0.0059406994841992855, -0.02722594514489174, 0.008672199212014675]]",256,"[0.4223059117794037, 0.09459290653467178, 0.029978347942233086]","[0.09150075912475586, -0.9513541460037231, 0.1690002679824829, -0.9275386333465576]",False,"[0.5726720690727234, -0.14478181302547455, 0.029999999329447746]","[[0.4185806214809418, 0.07984703034162521, 0.02713472954928875, 0.052538055926561356, 0.4223059117794037, 0.09459290653467178, 0.029978347942233086, -0.0002712727291509509, -0.00011554008960956708, 0.044926270842552185]]","[-0.09977518767118454, 0.35013091564178467, -0.19461552798748016, 0.17193228006362915, -0.19402089715003967, 0.19771543145179749]","[[0.006908470299094915, -0.02778635546565056, 0.008181183598935604]]","[0, 30]",2.731133934,-0.28268399834632874,7,256,1748251715.2041183,12
"[[0.016667848452925682, -0.01004045456647873, 0.0242318008095026]]",258,"[0.4260786175727844, 0.028762970119714737, 0.029957737773656845]","[0.4159201383590698, -0.9333374500274658, 0.48475050926208496, -0.9952642917633057]",False,"[0.5726720690727234, -0.14478181302547455, 0.029999999329447746]","[[0.42118608951568604, 0.019089916720986366, 0.027834055945277214, 0.05506134405732155, 0.4260786175727844, 0.028762970119714737, 0.029957737773656845, -0.001245569554157555, 0.00023754968424327672, 0.012051159515976906]]","[-0.12088798731565475, 0.39208680391311646, -0.23110565543174744, 0.23211979866027832, -0.6983113288879395, 0.356411337852478]","[[0.016697918996214867, -0.01388302817940712, 0.024025704711675644]]","[0, 30]",2.73121136,-0.22717271745204926,7,258,1748251715.2095926,14
"[[0.02348269149661064, -0.00950414314866066, 0.03631310909986496]]",259,"[0.43393778800964355, -0.009394854307174683, 0.029971839860081673]","[0.6268372535705566, -0.9532393217086792, 0.7265442609786987, -0.9841381907463074]",False,"[0.5726720690727234, -0.14478181302547455, 0.029999999329447746]","[[0.42948970198631287, -0.013799497857689857, 0.02846907079219818, 0.05506475642323494, 0.43393778800964355, -0.009394854307174683, 0.029971839860081673, -3.8352165574906394e-05, -0.0005557124386541545, 0.02060525119304657]]","[-0.1685681939125061, 0.3754770755767822, -0.41708406805992126, 0.2519005835056305, -1.246512770652771, 0.5282831788063049]","[[0.02303824946284294, -0.014772552996873856, 0.03569220006465912]]","[0, 30]",2.7312496619999997,-0.19384746253490448,7,259,1748251715.2122562,15
"[[0.017865467816591263, 0.037606023252010345, 0.025217188522219658]]",275,"[0.6781030297279358, 0.015734544023871422, 0.03001818060874939]","[0.3899524211883545, 0.7833900451660156, 0.5049078464508057, -0.8781028389930725]",False,"[0.40143001079559326, -0.16121318936347961, 0.029999999329447746]","[[0.7032543420791626, 0.029076872393488884, 0.02243283949792385, 0.05313955619931221, 0.6781030297279358, 0.015734544023871422, 0.03001818060874939, -0.0009469242650084198, 2.3845466330385534e-06, -0.045892223715782166]]","[0.16609139740467072, 0.10987778753042221, 0.0487181656062603, -0.003798164427280426, 0.03305310755968094, -0.020066916942596436]","[[0.016262996941804886, 0.02661042846739292, 0.025053584948182106]]","[0, 30]",2.76410459,-0.328418105840683,8,275,1748251715.249398,6
"[[0.03852182626724243, -0.045622941106557846, -0.03738447278738022]]",278,"[0.6511260867118835, 0.04507901892066002, 0.029989590868353844]","[0.516122579574585, -0.7098164558410645, -0.7476953864097595, 0.6314046382904053]",False,"[0.40143001079559326, -0.16121318936347961, 0.029999999329447746]","[[0.6891237497329712, 0.033805519342422485, 0.021795568987727165, 0.07651766389608383, 0.6511260867118835, 0.04507901892066002, 0.029989590868353844, 0.002673487178981304, 0.002666032873094082, -0.17803671956062317]]","[0.039354752749204636, 0.24492105841636658, 0.06906440854072571, 0.02873530611395836, 0.11438629031181335, 0.03969055414199829]","[[0.006775319576263428, -0.02636304870247841, -0.03213284909725189]]","[0, 30]",2.77091581,-0.3238897919654846,8,278,1748251715.2570932,9
"[[-0.024569425731897354, 0.05418246611952782, -0.04642005264759064]]",305,"[-0.013512324541807175, -0.18228890001773834, 0.02997923642396927]","[-0.9825030565261841, 0.909109354019165, -0.9275627732276917, -0.9621109962463379]",False,"[0.40143001079559326, -0.16121318936347961, 0.029999999329447746]","[[0.04700331389904022, 0.2501864731311798, 0.00040501687908545136, 1.8074063135031793e-08, -0.013512324541807175, -0.18228890001773834, 0.02997923642396927, -0.0002958941913675517, 2.4204302462749183e-05, 2.572068214416504]]","[-0.2319532185792923, -1.7895288467407227, 2.928067207336426, 4.709112167358398, 0.683051586151123, 0.40853774547576904]","[[-0.020777631551027298, 0.02113329991698265, -0.046653103083372116]]","[0, 30]",2.858689618,-0.4154772460460663,8,305,1748251715.3156116,36
"[[-0.020824167877435684, 0.05222431197762489, 0.0016477719182148576]]",312,"[-0.1836020052433014, -0.24273808300495148, 0.02996484935283661]","[-0.8986288905143738, 0.8731338977813721, 0.03293800354003906, -0.16218507289886475]",False,"[0.40143001079559326, -0.16121318936347961, 0.029999999329447746]","[[-0.13234423100948334, 0.4306160807609558, 0.004969100467860699, 4.071095531799074e-07, -0.1836020052433014, -0.24273808300495148, 0.02996484935283661, 0.0002410279994364828, -0.001049464219249785, 2.5720670223236084]]","[-0.01794620417058468, -3.2393786907196045, 2.8213038444519043, 8.678894996643066, 2.340416431427002, 0.05530834197998047]","[[-0.018806498497724533, 0.013861853629350662, 0.0012409394839778543]]","[0, 30]",2.8589436360000002,-0.5906850099563599,8,312,1748251715.3306456,43
"[[0.012382980436086655, -0.030011720955371857, -0.002137666568160057]]",332,"[0.6832098364830017, -0.05504047870635986, 0.02993440441787243]","[0.7017635107040405, -0.8255239725112915, -0.04338562488555908, -0.8147916197776794]",False,"[0.6852461695671082, -0.11038298159837723, 0.029999999329447746]","[[0.6815690994262695, -0.07012102007865906, 0.023209476843476295, 0.05042438954114914, 0.6832098364830017, -0.05504047870635986, 0.02993440441787243, -0.0005234794807620347, -0.0011860093800351024, 0.03884400799870491]]","[-0.25604382157325745, 0.34780362248420715, 0.20788608491420746, -0.04477107524871826, -0.12859854102134705, 0.2040826678276062]","[[0.011723633855581284, -0.028489556163549423, -0.0017895326018333435]]","[0, 30]",2.902824404,-0.05537999048829079,9,332,1748251715.3753114,13
"[[-0.04684455692768097, -0.016439294442534447, -0.00868916790932417]]",338,"[0.4108998477458954, -0.02131912112236023, 0.029989995062351227]","[-0.9368911385536194, -0.32878589630126953, -0.17378294467926025, -0.09100395441055298]",False,"[0.4293292462825775, -0.09415922313928604, 0.029999999329447746]","[[0.5389046669006348, -0.013547738082706928, 0.1438843011856079, -5.2574531395066515e-09, 0.4108998477458954, -0.02131912112236023, 0.029989995062351227, -2.70138173164014e-07, -1.5078987303240865e-07, -3.317220803600307e-11]]","[0.1252298504114151, 0.004378855228424072, 0.026105638593435287, -0.01809878647327423, -0.01625589281320572, -0.032084837555885315]","[[-0.016319885849952698, -0.0022185184061527252, -0.0023631276562809944]]","[0, 30]",2.903054125,-0.07513536512851715,10,338,1748251715.387104,4
"[[-0.04293835163116455, -0.04954620823264122, 0.037727296352386475]]",349,"[0.5924777984619141, -0.11648127436637878, 0.029989825561642647]","[-0.858767032623291, -0.9909241199493408, 0.7545572519302368, 0.9150075912475586]",False,"[0.41941115260124207, 0.2536914646625519, 0.029999999329447746]","[[0.5914474129676819, 0.0161751676350832, 0.09544782340526581, 0.07985623925924301, 0.5924777984619141, -0.11648127436637878, 0.029989825561642647, -2.6591230835038004e-06, -4.495973371376749e-08, 1.149492723229173e-09]]","[0.01736319623887539, -0.02830921858549118, -0.012961957603693008, -0.02035696804523468, 0.021194390952587128, 0.05712835490703583]","[[0.013612926006317139, -0.020243460312485695, 0.07576845586299896]]","[0, 30]",2.923243624,-0.4086317718029022,11,349,1748251715.4097638,2
"[[0.028836984187364578, 0.03714767098426819, 0.01675531268119812]]",355,"[0.6052577495574951, -0.1024564802646637, 0.029989756643772125]","[0.7453433275222778, 0.9490406513214111, 0.3351017236709595, -0.44101518392562866]",False,"[0.41941115260124207, 0.2536914646625519, 0.029999999329447746]","[[0.6027743816375732, -0.08759480714797974, 0.02873568795621395, 0.05368184670805931, 0.6052577495574951, -0.1024564802646637, 0.029989756643772125, -1.0873785868170671e-05, -1.118640398090065e-06, -0.054789815098047256]]","[0.10270731151103973, 0.20460756123065948, 0.06783497333526611, 0.013037677854299545, 0.09760169684886932, 0.017332695424556732]","[[0.026555199176073074, 0.029872164130210876, 0.016436196863651276]]","[0, 30]",2.935838872,-0.40172168612480164,11,355,1748251715.4216874,8
"[[-0.02089698612689972, -0.04391256347298622, -0.04785163700580597]]",367,"[0.5338515043258667, 0.17907960712909698, 0.02998391166329384]","[-0.9519639611244202, -0.8862400650978088, -0.9634343981742859, -0.8172613978385925]",False,"[0.41941115260124207, 0.2536914646625519, 0.029999999329447746]","[[0.5391027331352234, 0.1628200262784958, 0.022650836035609245, 0.04890547692775726, 0.5338515043258667, 0.17907960712909698, 0.02998391166329384, -0.00020278533338569105, -4.0878620666262577e-07, 0.0669960156083107]]","[-0.055863939225673676, 0.01511489599943161, 0.7654172778129578, 0.5972766876220703, -1.1970953941345215, 0.5766006112098694]","[[-0.02119363844394684, -0.04196331277489662, -0.047970861196517944]]","[0, 30]",3.006388064,-0.13661450147628784,11,367,1748251715.4544709,20
"[[-0.011319611221551895, 0.033535830676555634, -0.00808845367282629]]",375,"[0.35601741075515747, 0.1781340092420578, 0.029986171051859856]","[-0.7536793351173401, 0.9947801828384399, -0.1614753007888794, -0.532392144203186]",False,"[0.41941115260124207, 0.2536914646625519, 0.029999999329447746]","[[0.39369654655456543, 0.23714622855186462, 0.031220901757478714, 0.0027071251533925533, 0.35601741075515747, 0.1781340092420578, 0.029986171051859856, -0.00012164624058641493, -9.268942449125461e-06, 2.1740059852600098]]","[-0.007421752437949181, -1.012289047241211, 2.078847646713257, 2.756321668624878, -0.2930135428905487, 0.5835040807723999]","[[-0.005996439605951309, 0.007087670266628265, -0.0003714626654982567]]","[0, 30]",3.006686795,-0.09862907975912094,11,375,1748251715.472539,28
"[[-0.019440609961748123, 0.00495963403955102, -0.04453350231051445]]",404,"[0.4651486575603485, -0.23206350207328796, 0.02998938597738743]","[-0.37761008739471436, 0.1061476469039917, -0.8906819224357605, 0.8773380517959595]",False,"[0.6142957806587219, -0.20230908691883087, 0.029999999329447746]","[[0.4686580002307892, -0.21688804030418396, 0.06313043087720871, 0.08004430681467056, 0.4651486575603485, -0.23206350207328796, 0.02998938597738743, -9.768478776095435e-06, -1.3175391359254718e-05, 0.014250682666897774]]","[0.14388678967952728, 0.160445436835289, 0.06497475504875183, 0.0006817057728767395, 0.06638072431087494, -0.0025817453861236572]","[[-0.01822241023182869, 0.005754491779953241, -0.034500326961278915]]","[0, 30]",3.051118048,-0.15208613872528076,12,404,1748251715.530198,7
"[[0.013165254145860672, -0.04431207850575447, -0.02732563205063343]]",417,"[0.6546407341957092, -0.09370741248130798, 0.029974330216646194]","[0.9325782060623169, -0.9377650022506714, -0.5461435317993164, -0.6286994814872742]",False,"[0.6142957806587219, -0.20230908691883087, 0.029999999329447746]","[[0.6536808013916016, -0.10925619304180145, 0.022376755252480507, 0.05068123713135719, 0.6546407341957092, -0.09370741248130798, 0.029974330216646194, 0.002275804290547967, -0.0027918359264731407, 0.0200152900069952]]","[-0.098731629550457, 0.14896950125694275, 1.132265329360962, 0.2719903588294983, -1.4674478769302368, 0.6899362802505493]","[[0.004737932235002518, -0.04306872561573982, -0.024754438549280167]]","[0, 30]",3.098820897,-0.11585351824760437,12,417,1748251715.5633352,20
"[[-0.01654691994190216, -0.003809254616498947, -0.04744353145360947]]",498,"[0.6493759155273438, -0.27709972858428955, 0.029982702806591988]","[-0.7393243908882141, -0.6859679818153381, -0.9487954378128052, -0.9741756319999695]",False,"[0.41250282526016235, -0.28683024644851685, 0.029999999329447746]","[[0.6489269733428955, -0.26892492175102234, 0.02238694578409195, 0.05458344891667366, 0.6493759155273438, -0.27709972858428955, 0.029982702806591988, -0.0006170726264826953, 0.0003723277768585831, 0.001203705556690693]]","[-0.21086819469928741, -1.5067331790924072, 2.666826009750366, 3.9393179416656494, 0.3404058516025543, 0.47130006551742554]","[[-0.016859903931617737, -0.00037721917033195496, -0.04748906195163727]]","[0, 30]",3.2793792809999998,-0.2370728701353073,14,498,1748251715.7649674,34
"[[-0.005451333709061146, -0.04729892313480377, -0.017677325755357742]]",541,"[0.5071448087692261, -0.22933459281921387, 0.02998998947441578]","[-0.10902667045593262, -0.9459784626960754, -0.3535456657409668, 0.5237886905670166]",False,"[0.6522557735443115, 0.18841156363487244, 0.029999999329447746]","[[0.49179089069366455, -0.1913607269525528, 0.07604341208934784, 0.07999994605779648, 0.5071448087692261, -0.22933459281921387, 0.02998998947441578, 3.364304745900881e-07, 9.839141654199857e-12, 1.8962803549626983e-11]]","[0.1438935101032257, 0.1604461967945099, 0.06493842601776123, 0.0006957352161407471, 0.06636746227741241, -0.002582445740699768]","[[0.0026523051783442497, -0.00811930000782013, -0.0010694321244955063]]","[0, 30]",3.41453674,-0.4422318935394287,16,541,1748251715.8588467,7
"[[-0.048682358115911484, -0.05000000074505806, 0.05001012980937958]]",579,"[0.5378462672233582, -0.11076879501342773, 0.029989857226610184]","[-0.9736471176147461, -1, 0.9999997615814209, 0.6731811761856079]",False,"[0.5960936546325684, 0.2988445460796356, 0.029999999329447746]","[[0.5951052308082581, -0.02559131197631359, 0.193293035030365, 0.05913388356566429, 0.5378462672233582, -0.11076879501342773, 0.029989857226610184, -4.2067799199685396e-07, -4.909812560072169e-06, -1.1225678589812937e-12]]","[0.031228376552462578, -0.03600657731294632, -0.04087379202246666, -0.03563203662633896, 0.07730496674776077, 0.20066677033901215]","[[-0.005347933620214462, -0.02440868876874447, 0.05410709232091904]]","[0, 30]",3.463143339,-0.4137340486049652,18,579,1748251715.9458673,0
"[[-0.03148540481925011, -0.04733069986104965, -0.02211669273674488]]",599,"[0.543910801410675, -0.2764921486377716, 0.02998986467719078]","[-0.6297081112861633, -0.9466139674186707, -0.4423326849937439, 0.9689323902130127]",False,"[0.6082133054733276, -0.23482027649879456, 0.029999999329447746]","[[0.5667346119880676, -0.11194465309381485, 0.11865142732858658, 0.07998251914978027, 0.543910801410675, -0.2764921486377716, 0.02998986467719078, 4.02872183258296e-06, 1.1445075642768643e-06, 1.1626005713694099e-09]]","[0.05657602846622467, -0.027749888598918915, 0.006616655737161636, -0.02098412811756134, -0.017201460897922516, -0.004960954189300537]","[[-0.008208956569433212, -0.006510674953460693, -0.0018604956567287445]]","[0, 30]",3.504167178,-0.07662476599216461,19,599,1748251715.9907312,3
"[[-0.048491496592760086, 0.01999911665916443, 0.04410810023546219]]",613,"[0.4320812523365021, 0.10719886422157288, 0.02998996712267399]","[-0.9698299169540405, 0.3999823331832886, 0.8821645975112915, -0.29036593437194824]",False,"[0.4850586950778961, -0.07424028217792511, 0.029999999329447746]","[[0.5178616046905518, 0.11115746200084686, 0.07732723653316498, 0.0012806773884221911, 0.4320812523365021, 0.10719886422157288, 0.02998996712267399, -5.578923492066679e-07, -6.285629297053674e-07, 3.063610021052099e-13]]","[0.05655311420559883, -0.02775345742702484, 0.006623167544603348, -0.020998142659664154, -0.01718892902135849, -0.004947975277900696]","[[0.009173434227705002, 0.004472985863685608, 0.05807286873459816]]","[0, 30]",3.533361688,-0.18901526927947998,20,613,1748251716.0198064,3
"[[-0.034936707466840744, 0.03357714042067528, -0.023999428376555443]]",615,"[0.4320812523365021, 0.10719886422157288, 0.029989998787641525]","[-0.6987341642379761, 0.671542763710022, -0.4799884557723999, 0.6931073665618896]",False,"[0.4850586950778961, -0.07424028217792511, 0.029999999329447746]","[[0.4501875340938568, 0.09553894400596619, 0.09050969034433365, 0.06103977560997009, 0.4320812523365021, 0.10719886422157288, 0.029989998787641525, -1.712003161458142e-08, -2.1638532743395444e-08, 1.2045936080215536e-13]]","[0.15958237648010254, 0.05409621074795723, 0.04067711904644966, -0.01230466365814209, 0.005035556852817535, -0.031544029712677]","[[-0.024329226464033127, 0.020224090665578842, -0.027056314051151276]]","[0, 30]",3.537346226,-0.18901526927947998,20,615,1748251716.0234258,5
"[[0.09008118510246277, -0.013793617486953735, -0.03641748055815697]]",643,"[0.43650543689727783, 0.00932079367339611, 0.029999999329447746]","[-0.8230178356170654, -0.9457941055297852, -0.72798091173172, -0.8712736368179321]",True,"[0.499451607465744, -0.12148585915565491, 0.029999999329447746]","[[0.6384396553039551, -2.194472251484947e-12, 0.19740013778209686, 0, 0.43650543689727783, 0.00932079367339611, 0.029999999329447746, 0, 0, 0]]","[-0.31414762139320374, 0.3239261507987976, 0.6045444011688232, -0.21630823612213135, -0.8263777494430542, 0.4366455674171448]","[[-0.10415473580360413, -0.016887638717889786, -0.20983226597309113]]","[0, 30]",3.6110827260000002,-0.02844550460577011,21,643,1748251716.0903513,16
"[[-0.024921514093875885, 0.011005011387169361, -0.041306499391794205]]",666,"[0.4692121744155884, -0.2029220461845398, 0.02997150458395481]","[-0.9968973398208618, 0.2520277500152588, -0.8266986608505249, -0.9179081916809082]",False,"[0.41553521156311035, -0.2918508052825928, 0.029999999329447746]","[[0.48282453417778015, -0.18994329869747162, 0.022665604948997498, 0.05503615364432335, 0.4692121744155884, -0.2029220461845398, 0.02997150458395481, -1.5413914297823794e-05, -0.00044151180190965533, -0.016598431393504143]]","[-0.027176102623343468, -0.11724759638309479, 1.419798731803894, 0.6778783202171326, -0.711786687374115, 0.522668182849884]","[[-0.025448299944400787, 0.011463982053101063, -0.04137217253446579]]","[0, 30]",3.66050673,-0.10387273132801056,22,666,1748251716.1459832,22
"[[0.04879741743206978, 0.0028998488560318947, 0.04655417054891586]]",672,"[0.37011978030204773, -0.26869529485702515, 0.02996930666267872]","[0.9420058727264404, -0.26380491256713867, 0.9302420616149902, -0.9104225039482117]",False,"[0.41553521156311035, -0.2918508052825928, 0.029999999329447746]","[[0.38960176706314087, -0.2532278299331665, 0.02603866718709469, 0.0533943846821785, 0.37011978030204773, -0.26869529485702515, 0.02996930666267872, -3.6960100260330364e-05, 0.0006392645300365984, 0.023973753675818443]]","[0.08335081487894058, -0.7981106042861938, 2.1862568855285645, 2.1693661212921143, -0.2625980079174042, 0.6029334664344788]","[[0.045135486871004105, -0.010205275379121304, 0.04579004645347595]]","[0, 30]",3.6770339869999997,-0.050977833569049835,22,672,1748251716.1623576,28
"[[-0.19906631112098694, 0.26313918828964233, -0.04999753460288048]]",674,"[0.6921995878219604, -0.21047204732894897, 0.029999999329447746]","[-0.7528584003448486, 0.6030267477035522, -0.9999507069587708, 0.7189147472381592]",True,"[0.678565263748169, 0.04911890998482704, 0.029999999329447746]","[[0.6384396553039551, -2.194472251484947e-12, 0.19740013778209686, 0, 0.6921995878219604, -0.21047204732894897, 0.029999999329447746, 0, 0, 0]]","[0.031249593943357468, -0.036577388644218445, -0.04099562391638756, -0.036194927990436554, 0.07710743695497513, 0.20105451345443726]","[[-0.03764292225241661, 0.030151337385177612, -0.04999753460288048]]","[0, 30]",3.6808559990000003,-0.02303546667098999,23,674,1748251716.1672885,0
"[[0.00709803681820631, -0.03979441151022911, -0.049412742257118225]]",716,"[0.7685300707817078, 0.1354587823152542, 0.029988862574100494]","[0.2278975248336792, -0.9537511467933655, -0.9882570505142212, -0.9426248669624329]",False,"[0.6310185790061951, 0.08347101509571075, 0.029999999329447746]","[[0.749573290348053, 0.12062124907970428, 0.022114040330052376, 0.051431670784950256, 0.7685300707817078, 0.1354587823152542, 0.029988862574100494, -4.464243465918116e-05, 8.1407433754066e-06, 0.058889176696538925]]","[-0.09624334424734116, -1.1430939435958862, 2.3946285247802734, 2.9285085201263428, -0.05794701725244522, 0.5451541543006897]","[[0.0070902882143855095, -0.04202068969607353, -0.04938732087612152]]","[0, 30]",3.8426048760000002,-0.1470106691122055,25,716,1748251716.2983751,31
"[[0.027053482830524445, -0.026766881346702576, 0.04023066535592079]]",792,"[0.498863160610199, 0.06064532324671745, 0.030004682019352913]","[0.8350284099578857, -0.9720001220703125, 0.8049536943435669, -0.7272475957870483]",False,"[0.4958081841468811, 0.00327389151789248, 0.029999999329447746]","[[0.4951029121875763, 0.04717663303017616, 0.033184461295604706, 0.05374256148934364, 0.498863160610199, 0.06064532324671745, 0.030004682019352913, 0.0005889986641705036, -8.384199463762343e-05, 0.04285413399338722]]","[-0.1823412925004959, -2.464209794998169, 2.7640631198883057, 6.537627220153809, 1.5340834856033325, 0.1856430172920227]","[[0.027903206646442413, -0.027628526091575623, 0.040032465010881424]]","[0, 30]",4.066344622,-0.05745271220803261,27,792,1748251716.5506406,40
"[[0.015710080042481422, -0.0006312609184533358, -0.02209564857184887]]",803,"[0.6708290576934814, 0.2079213708639145, 0.02998974360525608]","[0.41137266159057617, 0.0693126916885376, -0.4419180750846863, 0.2795614004135132]",False,"[0.4814458191394806, -0.04059404879808426, 0.029999999329447746]","[[0.687564492225647, 0.20110009610652924, 0.021983806043863297, 0.08021189272403717, 0.6708290576934814, 0.2079213708639145, 0.02998974360525608, -1.0993559044436552e-05, -1.0876633496081922e-05, 0.12220843881368637]]","[0.03812728077173233, 0.24437767267227173, 0.07368236780166626, 0.02612840011715889, 0.11666428297758102, 0.03950927406549454]","[[0.012582028284668922, 0.000595730496570468, -0.008851308375597]]","[0, 30]",4.114627471,-0.31245148181915283,28,803,1748251716.5792177,9
"[[-0.049881305545568466, -0.027933139353990555, -0.04112199321389198]]",807,"[0.7016579508781433, 0.18678902089595795, 0.030477197840809822]","[-0.8916728496551514, -0.8518553376197815, -0.8155785202980042, -0.921241283416748]",False,"[0.4814458191394806, -0.04059404879808426, 0.029999999329447746]","[[0.717476487159729, 0.17289999127388, 0.023333655670285225, 0.05357374995946884, 0.7016579508781433, 0.18678902089595795, 0.030477197840809822, 0.016477346420288086, -7.303000074898591e-06, -0.07520309835672379]]","[-0.22405152022838593, 0.34516099095344543, 0.11093561351299286, -0.005657665431499481, -0.15805688500404358, 0.20806990563869476]","[[-0.04915740713477135, -0.03025822713971138, -0.039919495582580566]]","[0, 30]",4.114767464,-0.31653857231140137,28,807,1748251716.5938666,13
"[[0.05075765773653984, 0.044460512697696686, 0.04517798125743866]]",821,"[0.40528249740600586, -0.19412541389465332, 0.029985735192894936]","[0.7789119482040405, 0.9096331596374512, 0.9039361476898193, -0.8255085945129395]",False,"[0.4814458191394806, -0.04059404879808426, 0.029999999329447746]","[[0.41711580753326416, -0.1770908236503601, 0.024240249767899513, 0.04832848533987999, 0.40528249740600586, -0.19412541389465332, 0.029985735192894936, -0.00012762485130224377, -1.72891013789922e-05, -0.04091545566916466]]","[0.19869105517864227, -0.7485496997833252, 2.1358134746551514, 2.1067817211151123, -0.46026477217674255, 0.6852799654006958]","[[0.05088390037417412, 0.04386035352945328, 0.04497431218624115]]","[0, 30]",4.164472847,-0.1713847517967224,28,821,1748251716.648956,27
"[[-0.0907774567604065, -0.20759332180023193, 0.04299081116914749]]",827,"[0.5903089642524719, 0.1617497205734253, 0.029999999329447746]","[0.9546303749084473, 0.9395331144332886, 0.8602948188781738, -0.9270737171173096]",True,"[0.6251674294471741, -0.21186619997024536, 0.029999999329447746]","[[0.6384396553039551, -2.194472251484947e-12, 0.19740013778209686, 0, 0.5903089642524719, 0.1617497205734253, 0.029999999329447746, 0, 0, 0]]","[-0.09967216104269028, -1.3105146884918213, 2.6284358501434326, 3.553016424179077, 0.23745813965797424, 0.5075920224189758]","[[-0.12976199388504028, -0.03185858577489853, -0.12865063548088074]]","[0, 30]",4.184518696,-0.017275340855121613,28,827,1748251716.6703124,33
"[[0.028916694223880768, 0.019674351438879967, 0.01874157041311264]]",848,"[0.5533514618873596, 0.07581789046525955, 0.029988067224621773]","[0.6666786670684814, 0.5769844055175781, 0.3750112056732178, -0.3406796455383301]",False,"[0.4579855501651764, -0.1736343652009964, 0.029999999329447746]","[[0.5630267858505249, 0.07858571410179138, 0.026992445811629295, 0.05694686993956566, 0.5533514618873596, 0.07581789046525955, 0.029988067224621773, -5.857251744600944e-05, -6.280080469878158e-06, 0.02626565471291542]]","[0.10231724381446838, 0.20449542999267578, 0.06979674100875854, 0.012259669601917267, 0.09853563457727432, 0.01699870079755783]","[[0.020601071417331696, 0.00872172974050045, 0.01411660946905613]]","[0, 30]",4.246077984,-0.2670600712299347,30,848,1748251716.7313051,8
"[[-0.008387655019760132, -0.04441428184509277, -0.02724042721092701]]",849,"[0.5588879585266113, 0.0844331681728363, 0.029989663511514664]","[-0.05702316761016846, -0.715980052947998, -0.5447766184806824, 0.20185744762420654]",False,"[0.4579855501651764, -0.1736343652009964, 0.029999999329447746]","[[0.5697817802429199, 0.07759565114974976, 0.022330673411488533, 0.07470705360174179, 0.5588879585266113, 0.0844331681728363, 0.029989663511514664, -9.535775461699814e-06, -6.450246132772008e-07, -0.12844865024089813]]","[0.038617465645074844, 0.2448735386133194, 0.06891056895256042, 0.028546318411827087, 0.11480563133955002, 0.03977542370557785]","[[-0.009606152772903442, -0.034808941185474396, -0.022577058523893356]]","[0, 30]",4.249309186,-0.277092307806015,30,849,1748251716.734289,9
"[[0.0028504016809165478, 0.02828432433307171, -0.043067384511232376]]",868,"[0.6238505840301514, 0.20614221692085266, 0.029989996924996376]","[0.1268157958984375, 0.6009551286697388, -0.8613473176956177, 0.27695536613464355]",False,"[0.6832677125930786, 0.2455599009990692, 0.029999999329447746]","[[0.6186725497245789, 0.2030913531780243, 0.04269539937376976, 0.0799231082201004, 0.6238505840301514, 0.20614221692085266, 0.029989996924996376, 4.402581854634491e-09, -4.016948551566202e-08, -0.16047610342502594]]","[0.15960988402366638, 0.05415329337120056, 0.04068906232714653, -0.012295208871364594, 0.005066491663455963, -0.031536251306533813]","[[0.0035195830278098583, 0.005935980007052422, -0.013026636093854904]]","[0, 30]",4.32265929,-0.07130321860313416,31,868,1748251716.7955031,5
"[[0.018954528495669365, 0.007733306847512722, -0.003691465128213167]]",870,"[0.6374478340148926, 0.20691967010498047, 0.02998998388648033]","[0.5620017051696777, 0.15752089023590088, -0.07382822036743164, -0.7461601495742798]",False,"[0.6832677125930786, 0.2455599009990692, 0.029999999329447746]","[[0.6473419666290283, 0.21036939322948456, 0.021939953789114952, 0.05303439497947693, 0.6374478340148926, 0.20691967010498047, 0.02998998388648033, 5.594185950030806e-07, -2.7934302693211066e-07, 0.020834293216466904]]","[0.1438823938369751, 0.1604413390159607, 0.06497342884540558, 0.0006808415055274963, 0.0663832575082779, -0.00258520245552063]","[[0.011025143787264824, 0.00344069954007864, -0.002674391958862543]]","[0, 30]",4.322734581,-0.05993770807981491,31,870,1748251716.8026567,7
"[[-0.044514093548059464, -0.009922928176820278, -0.04244843125343323]]",877,"[0.5293235182762146, 0.09221845120191574, 0.029989995062351227]","[-0.8902818560600281, -0.19845855236053467, -0.8489681482315063, 0.8617583513259888]",False,"[0.4164239764213562, -0.11734646558761597, 0.029999999329447746]","[[0.549419105052948, 0.1008354052901268, 0.06911229342222214, 0.07999776303768158, 0.5293235182762146, 0.09221845120191574, 0.029989995062351227, -1.5199424296952202e-07, -2.1080662548911278e-08, -3.31318548985049e-11]]","[0.1252298504114151, 0.004378855228424072, 0.026105638593435287, -0.01809878647327423, -0.01625589281320572, -0.032084837555885315]","[[-0.010367009788751602, -0.004644325934350491, -0.0006472468376159668]]","[0, 30]",4.366491526,-0.23804152011871338,32,877,1748251716.8217175,4
"[[-0.003749370574951172, 0.00444837799295783, -0.006456482689827681]]",931,"[0.7011224031448364, -0.2533581256866455, 0.029989998787641525]","[0.17686009407043457, 0.02592611312866211, -0.12912946939468384, 0.6485470533370972]",False,"[0.5556711554527283, 0.25154948234558105, 0.029999999329447746]","[[0.6111301779747009, -0.16443274915218353, 0.006410220172256231, 0.07994972914457321, 0.7011224031448364, -0.2533581256866455, 0.029989998787641525, -2.0211574081052675e-10, -7.113868605301832e-08, 0.32411107420921326]]","[0.03820650279521942, 0.24434252083301544, 0.07361762225627899, 0.02614544704556465, 0.11663132905960083, 0.0394873321056366]","[[0.002791762351989746, -0.0019305258756503463, -0.002589941956102848]]","[0, 30]",4.518587524,-0.525440514087677,34,931,1748251716.9812162,9
"[[0.025580938905477524, -0.04613260179758072, 0.04942674562335014]]",947,"[0.9509204030036926, -0.30771350860595703, 0.029989831149578094]","[0.8427368402481079, -0.9917343854904175, 0.9885349273681641, 0.926039457321167]",False,"[0.5556711554527283, 0.25154948234558105, 0.029999999329447746]","[[0.6651014089584351, -0.4371708929538727, 0.2609078288078308, 0.07999864965677261, 0.9509204030036926, -0.30771350860595703, 0.029989831149578094, 5.912388132855995e-06, 2.7426153792475816e-07, -0.41920796036720276]]","[0.18923451006412506, -0.4024503827095032, 1.788947343826294, 1.467903971672058, -0.4022963345050812, 0.5399155616760254]","[[0.05218362435698509, -0.038567133247852325, 0.020111124962568283]]","[0, 30]",4.566574908,-0.6848335862159729,34,947,1748251717.0225973,25
"[[0.03296974301338196, -0.04081043228507042, -0.04051697626709938]]",1007,"[0.8108611702919006, 0.13706527650356293, 0.02998899668455124]","[0.6793957948684692, -0.9253929853439331, -0.810340940952301, -0.8647980690002441]",False,"[0.5322785973548889, 0.1433887928724289, 0.029999999329447746]","[[0.7953210473060608, 0.12309744209051132, 0.022197524085640907, 0.05469676852226257, 0.8108611702919006, 0.13706527650356293, 0.02998899668455124, 4.689526394940913e-05, 9.608081441569993e-09, 0.051716048270463943]]","[-0.2071661502122879, -1.6515084505081177, 2.8184049129486084, 4.321259021759033, 0.49304500222206116, 0.44014257192611694]","[[0.033112674951553345, -0.04176481440663338, -0.040522243827581406]]","[0, 30]",4.766440199,-0.2786543369293213,35,1007,1748251717.2237551,35
"[[0.008300542831420898, 0.052430160343647, -0.02159849740564823]]",1018,"[0.8257791996002197, -0.08360961079597473, 0.02998998574912548]","[0.21401524543762207, 0.6621320247650146, -0.43196922540664673, 0.8988494873046875]",False,"[0.5322785973548889, 0.1433887928724289, 0.029999999329447746]","[[0.7972105145454407, 0.0920366421341896, 0.04275236278772354, 0.07999998331069946, 0.8257791996002197, -0.08360961079597473, 0.02998998574912548, -3.3402901067347557e-07, 1.4783664425976895e-07, -0.6655054092407227]]","[0.03367821127176285, -4.181617259979248, 2.9910149574279785, 11.299651145935059, 3.510150909423828, -0.12056735157966614]","[[0.015793144702911377, 0.010820791125297546, -4.2941421270370483e-05]]","[0, 30]",4.814463802,-0.3710402548313141,35,1018,1748251717.2584002,46
"[[0.18429794907569885, -0.019629627466201782, -0.02140086703002453]]",1021,"[0.6809019446372986, -0.0687691941857338, 0.029999999329447746]","[0.6927472352981567, 0.6744070053100586, -0.42780375480651855, 0.8645583391189575]",True,"[0.60954350233078, 0.20788361132144928, 0.029999999329447746]","[[0.6384396553039551, -2.194472251484947e-12, 0.19740013778209686, 0, 0.6809019446372986, -0.0687691941857338, 0.029999999329447746, 0, 0, 0]]","[-0.5666137337684631, -4.7515668869018555, 2.503276824951172, 13.073293685913086, 4.991039752960205, -0.5192185640335083]","[[0.18050721287727356, 0.18618789315223694, -0.21204790472984314]]","[0, 30]",4.814595539,-0.4140670597553253,35,1021,1748251717.2659185,49
"[[0.028048211708664894, -0.0643446296453476, 0.03540252521634102]]",1057,"[0.591759204864502, 0.2932295799255371, 0.030794307589530945]","[0.6185041666030884, -0.7822403311729431, 0.7256901264190674, -0.542070746421814]",False,"[0.43918606638908386, 0.2933489978313446, 0.029999999329447746]","[[0.5843707323074341, 0.2747417092323303, 0.03288464993238449, 0.04958033561706543, 0.591759204864502, 0.2932295799255371, 0.030794307589530945, 0.027868246659636497, -0.0006302898982539773, 0.11648382991552353]]","[-0.21096999943256378, -1.6593283414840698, 2.8141274452209473, 4.3427863121032715, 0.49950316548347473, 0.43597227334976196]","[[0.03539722412824631, -0.053240641951560974, 0.034727226942777634]]","[0, 30]",4.889476489,-0.15257525444030762,36,1057,1748251717.374623,35
"[[0.0019240914843976498, -0.028761275112628937, 0.002433396875858307]]",1096,"[0.5271183252334595, 0.034179918467998505, 0.0300067737698555]","[0.13531911373138428, -0.9335069060325623, 0.0490039587020874, -0.37506425380706787]",False,"[0.5990909934043884, -0.2435661256313324, 0.029999999329447746]","[[0.5251175165176392, 0.021626915782690048, 0.02745147794485092, 0.0555606409907341, 0.5271183252334595, 0.034179918467998505, 0.0300067737698555, 0.0005579432472586632, -2.168845867345226e-06, 0.026607319712638855]]","[-0.039402030408382416, 0.2770256996154785, 0.09377776086330414, 0.030447490513324738, 0.1277325600385666, 0.06409843266010284]","[[0.0018551885150372982, -0.027026865631341934, 0.0013591460883617401]]","[0, 30]",5.026627042,-0.2869197130203247,38,1096,1748251717.4896939,10
"[[-0.04682593420147896, 0.00890585221350193, -0.01788659766316414]]",1122,"[0.4041312634944916, -0.10174822807312012, 0.029989972710609436]","[-0.936518669128418, 0.178117036819458, -0.35772979259490967, 0.7116471529006958]",False,"[0.5484153032302856, 0.2835632264614105, 0.029999999329447746]","[[0.4606807827949524, -0.11654702574014664, 0.09331434220075607, 0.07998470216989517, 0.4041312634944916, -0.10174822807312012, 0.029989972710609436, 7.328191600208811e-07, 1.5208694037482928e-07, 1.1608899397330674e-09]]","[0.1252279281616211, 0.004378408193588257, 0.026113789528608322, -0.018104784190654755, -0.01625341922044754, -0.03208625316619873]","[[-0.017861206084489822, 0.004773976281285286, -0.008057765662670135]]","[0, 30]",5.1225769230000004,-0.4114398956298828,40,1122,1748251717.5713046,4
"[[-0.033351000398397446, -0.027622293680906296, -0.046051107347011566]]",1152,"[0.603046178817749, -0.05706220865249634, 0.029960433021187782]","[-0.985183596611023, -0.8148406744003296, -0.9215977191925049, -0.9293789863586426]",False,"[0.5260326862335205, -0.09362983703613281, 0.029999999329447746]","[[0.6119788289070129, -0.07012611627578735, 0.022696321830153465, 0.05419235676527023, 0.603046178817749, -0.05706220865249634, 0.029960433021187782, 0.0005513302749022841, -0.0015278096543624997, 0.033551495522260666]]","[-0.2069009393453598, 0.3279323875904083, 0.16674481332302094, -0.008721500635147095, 0.03305178880691528, 0.1416814625263214]","[[-0.033273812383413315, -0.028283927589654922, -0.04591876268386841]]","[0, 30]",5.186362304,-0.08525413274765015,41,1152,1748251717.6704884,12
"[[-0.03779279813170433, -0.04667117819190025, -0.020102733746170998]]",1160,"[0.5372484922409058, -0.21979989111423492, 0.02998995967209339]","[-0.755855917930603, -0.9334235191345215, -0.40205299854278564, 0.9643549919128418]",False,"[0.626621663570404, -0.17948469519615173, 0.029999999329447746]","[[0.5495204329490662, -0.17327752709388733, 0.10108840465545654, 0.07999785244464874, 0.5372484922409058, -0.21979989111423492, 0.02998995967209339, -1.5189420832228961e-09, 1.352253775621648e-06, 2.0512232537517328e-11]]","[0.12530255317687988, 0.004401460289955139, 0.026183221489191055, -0.018118180334568024, -0.016249530017375946, -0.03209663927555084]","[[-0.009023483842611313, -0.004399057477712631, -0.0019346177577972412]]","[0, 30]",5.250296032,-0.09804530441761017,43,1160,1748251717.6926377,4
"[[0.07060182094573975, -0.011935862712562084, 0.02398708090186119]]",1170,"[0.5350590944290161, -0.15468688309192657, 0.029999999329447746]","[0.5986380577087402, 0.17212891578674316, 0.4799422025680542, -0.6603105664253235]",True,"[0.48368439078330994, 0.28363361954689026, 0.029999999329447746]","[[0.6384396553039551, -2.194472251484947e-12, 0.19740013778209686, 0, 0.5350590944290161, -0.15468688309192657, 0.029999999329447746, 0, 0, 0]]","[-0.3105221092700958, 0.3475191593170166, 0.34408503770828247, -0.15289214253425598, -0.345788836479187, 0.29177558422088623]","[[-0.02829664945602417, -0.15233081579208374, -0.15023896098136902]]","[0, 30]",5.25068864,-0.04285109043121338,43,1170,1748251717.7262905,14
"[[-0.01462371926754713, 0.02895655669271946, -0.038587071001529694]]",1180,"[0.5500580668449402, 0.2792799770832062, 0.02998957596719265]","[-0.29382026195526123, 0.6037359237670898, -0.7717499136924744, 0.8365880250930786]",False,"[0.585663378238678, -0.02979458123445511, 0.029999999329447746]","[[0.568295419216156, 0.29056602716445923, 0.04571390897035599, 0.07976028323173523, 0.5500580668449402, 0.2792799770832062, 0.02998957596719265, 9.614032933313865e-06, 5.629880433843937e-06, 0.031099317595362663]]","[0.038201697170734406, 0.2443414032459259, 0.0736602246761322, 0.026126429438591003, 0.11664687842130661, 0.039486393332481384]","[[-0.0018455563113093376, 0.006437862291932106, -0.0047147199511528015]]","[0, 30]",5.298607495,-0.3111186623573303,44,1180,1748251717.7466445,9
"[[-0.040577154606580734, 0.04868701845407486, -0.0009738117805682123]]",1195,"[0.4447133243083954, 0.2714637517929077, 0.029989974573254585]","[-0.8115431070327759, 0.9737403392791748, -0.019474148750305176, 0.7813535928726196]",False,"[0.4472539722919464, -0.27063894271850586, 0.029999999329447746]","[[0.5221913456916809, 0.11742132902145386, 0.15664264559745789, 0.07988607883453369, 0.4447133243083954, 0.2714637517929077, 0.029989974573254585, -9.236522942046577e-07, -1.5095021410616027e-07, -3.307361329252245e-11]]","[0.056580014526844025, -0.02774851769208908, 0.006606731563806534, -0.020977728068828583, -0.01720663160085678, -0.004960507154464722]","[[-0.010806601494550705, 0.006245218217372894, 0.0008367389091290534]]","[0, 30]",5.299170113,-0.5421086549758911,45,1195,1748251717.7814062,3
"[[-0.04657083377242088, -0.03385898098349571, 0.014204868115484715]]",1225,"[0.8141348361968994, -0.28455790877342224, 0.029989996924996376]","[-0.9042870402336121, -0.9929298758506775, 0.2840975522994995, 0.964665412902832]",False,"[0.4472539722919464, -0.27063894271850586, 0.029999999329447746]","[[0.66212397813797, -0.4114150404930115, 0.013945392332971096, 0.07998348027467728, 0.8141348361968994, -0.28455790877342224, 0.029989996924996376, 1.3670279486177606e-07, 1.977794994445503e-07, -0.9523000717163086]]","[-0.11589392274618149, -1.379075050354004, 2.6466400623321533, 3.5645134449005127, 0.18166247010231018, 0.5059522390365601]","[[-0.012900587171316147, 0.001063171774148941, 0.005878823809325695]]","[0, 30]",5.390694619,-0.36714479327201843,45,1225,1748251717.85542,33
"[[-0.03962196409702301, 0.032785750925540924, 0.0024402320850640535]]",1232,"[0.8235461115837097, -0.3940901458263397, 0.029989998787641525]","[-0.7657292485237122, 0.34485292434692383, 0.048804640769958496, 0.7580190896987915]",False,"[0.4472539722919464, -0.27063894271850586, 0.029999999329447746]","[[0.41046634316444397, -0.6630514860153198, 0.091499462723732, 0.07999800145626068, 0.8235461115837097, -0.3940901458263397, 0.029989998787641525, 1.5075316639467928e-07, 1.1814485390004847e-07, -1.1237995624542236]]","[-0.17061908543109894, -2.467310905456543, 2.7739875316619873, 6.543581962585449, 1.5187734365463257, 0.19433555006980896]","[[-0.015231654047966003, 0.0241722222417593, 0.0018824816215783358]]","[0, 30]",5.390954467,-0.3960252106189728,45,1232,1748251717.8682137,40
"[[-0.046665798872709274, -0.029588324949145317, 0.0434727743268013]]",1242,"[0.5137068033218384, -0.2642751634120941, 0.029986348003149033]","[-0.9333159923553467, -0.5917664766311646, 0.8691824674606323, 0.610657811164856]",False,"[0.4731789827346802, -0.21343199908733368, 0.029999999329447746]","[[0.5969489812850952, -0.020935190841555595, 0.1934233456850052, 0.05364156514406204, 0.5137068033218384, -0.2642751634120941, 0.029986348003149033, -3.0948183393775253e-06, -0.00011509648902574554, 1.114112246902721e-09]]","[0.031221017241477966, -0.03580904006958008, -0.0408315546810627, -0.03543727844953537, 0.07737333327531815, 0.20053258538246155]","[[-0.005175124853849411, -0.008653134107589722, 0.04743591696023941]]","[0, 30]",5.434563473,-0.06501947343349457,46,1242,1748251717.8864636,0
"[[0.001967495307326317, 0.021777480840682983, -0.03429911285638809]]",1312,"[0.6715547442436218, -0.1542869210243225, 0.02988070622086525]","[0.33927810192108154, 0.7804322242736816, -0.6878247261047363, -0.3361321687698364]",False,"[0.6850355267524719, 0.05649588257074356, 0.029999999329447746]","[[0.6814571619033813, -0.1450158655643463, 0.022083094343543053, 0.05194150283932686, 0.6715547442436218, -0.1542869210243225, 0.02988070622086525, -0.0005065048462711275, -0.0031005414202809334, -0.006881845183670521]]","[-0.2644665241241455, 0.34083202481269836, 0.25598156452178955, -0.07488536089658737, -0.11232443898916245, 0.2038630247116089]","[[8.29063355922699e-06, 0.009494394063949585, -0.03428873419761658]]","[0, 30]",5.574888411,-0.21121348440647125,49,1312,1748251718.0449772,13
"[[0.023254061117768288, 0.026109755039215088, -0.049443550407886505]]",1319,"[0.6159816384315491, 0.2567935287952423, 0.029989998787641525]","[0.46508121490478516, 0.5221951007843018, -0.9890709519386292, 0.990505576133728]",False,"[0.6494438648223877, 0.08303393423557281, 0.029999999329447746]","[[0.6593452095985413, 0.018635708838701248, 0.1790684461593628, 0.0702742338180542, 0.6159816384315491, 0.2567935287952423, 0.029989998787641525, -1.4674657222712995e-07, 1.1813904166046996e-07, 9.284202773978192e-14]]","[0.03122865967452526, -0.03601454198360443, -0.04087548330426216, -0.03563989698886871, 0.07730221748352051, 0.2006721794605255]","[[0.002348506823182106, 0.00747404620051384, -0.031121857464313507]]","[0, 1]",5.734032591,-0.1769523024559021,0,1319,1748251718.2199721,0
"[[0.010228944011032581, -0.021911125630140305, 0.019714439287781715]]",1328,"[0.6304266452789307, 0.25111955404281616, 0.03189978376030922]","[0.18408918380737305, -0.7914217710494995, 0.28318333625793457, -0.8879905343055725]",False,"[0.6494438648223877, 0.08303393423557281, 0.029999999329447746]","[[0.6298242807388306, 0.24785859882831573, 0.023529130965471268, 0.055722326040267944, 0.6304266452789307, 0.25111955404281616, 0.03189978376030922, -0.017402803525328636, -0.004089426714926958, 0.030866535380482674]]","[0.33740153908729553, 0.20107176899909973, -1.6612454652786255, 0.9610969424247742, -0.980485200881958, 0.3014034628868103]","[[0.019043635576963425, -0.021214332431554794, 0.029056863859295845]]","[0, 1]",5.752453826,-0.16916868090629578,0,1328,1748251718.2381077,9
"[[0.22516688704490662, 0.07741612195968628, 0.008614171296358109]]",1332,"[0.43381965160369873, 0.018413150683045387, 0.029999999329447746]","[-0.2996389865875244, -0.7714914679527283, -0.3703089952468872, -0.8245717883110046]",True,"[0.4483756721019745, -0.05032969266176224, 0.029999999329447746]","[[0.6384396553039551, -2.194472251484947e-12, 0.19740013778209686, 0, 0.43381965160369873, 0.018413150683045387, 0.029999999329447746, 0, 0, 0]]","[0.4723885953426361, -0.030177421867847443, -1.644526720046997, 1.311080813407898, -1.4884618520736694, 0.2909477949142456]","[[0.0208494421094656, 0.08707539737224579, -0.16515310108661652]]","[0, 1]",5.762413371,-0.022144369781017303,0,1332,1748251718.2487326,13
"[[-0.013837659731507301, 0.04543732479214668, -0.01322785671800375]]",1337,"[0.5687500834465027, 0.2007262408733368, 0.029990000650286674]","[-0.27675318717956543, 0.9087464809417725, -0.2645571231842041, 0.6311348676681519]",False,"[0.5097739100456238, 0.1295323222875595, 0.029999999329447746]","[[0.5846558809280396, 0.1706223338842392, 0.08540137112140656, 0.07999789714813232, 0.5687500834465027, 0.2007262408733368, 0.029990000650286674, -1.580696462610831e-09, 3.0009165005314103e-16, 9.560484592581811e-14]]","[0.12530595064163208, 0.0044019222259521484, 0.026178207248449326, -0.01811220496892929, -0.0162513330578804, -0.03209520876407623]","[[-0.005407297983765602, 0.004524994641542435, -0.0038615604862570763]]","[0, 1]",5.806547705,-0.09244869649410248,1,1337,1748251718.2576566,4
"[[-0.0034087374806404114, -0.05227229371666908, 0.04808155447244644]]",1415,"[-0.03816309943795204, 0.5767182111740112, 0.029975268989801407]","[-0.9183454513549805, -0.6713671088218689, 0.9622228145599365, 0.991257905960083]",False,"[0.6760815382003784, -0.2051904946565628, 0.029999999329447746]","[[0.07829239964485168, 0.37936192750930786, 0.2962014377117157, 0.07999978214502335, -0.03816309943795204, 0.5767182111740112, 0.029975268989801407, -0.000540005334187299, 7.544265827164054e-05, 0.5060667395591736]]","[0.7406544089317322, -0.46642518043518066, 1.8140747547149658, 1.5399471521377563, -1.8121403455734253, 0.9964876770973206]","[[-0.009549237787723541, -0.012887541204690933, 0.016283243894577026]]","[0, 1]",5.942875791,-1.0590215921401978,3,1415,1748251718.4072063,21
"[[0.03058319352567196, 0.028783168643712997, -0.02098163031041622]]",1438,"[-0.9806833267211914, 0.967332124710083, -0.3701285719871521]","[-0.0071825385093688965, 0.7697551250457764, -0.4101584553718567, -0.6245280504226685]",False,"[0.6760815382003784, -0.2051904946565628, 0.029999999329447746]","[[-0.6398743987083435, 0.2579229176044464, 0.3999747633934021, 1.3983125768390892e-07, -0.9806833267211914, 0.967332124710083, -0.3701285719871521, 0, -1.5707963705062866, 4.055269241333008]]","[-2.6132471561431885, -3.188143730163574, 5.218229293823242, 10.934326171875, 3.8070950508117676, -0.02625936269760132]","[[0.0009528904920443892, 0.020342271775007248, 0.004705438390374184]]","[0, 1]",5.986691235,-2.068763494491577,3,1438,1748251718.4453003,44
"[[0.01767723634839058, 0.040902525186538696, -0.022222822532057762]]",1440,"[-1.0322391986846924, 0.9813366532325745, -0.37001416087150574]","[-0.12688064575195312, 0.9403282403945923, -0.44408929347991943, 0.1488732099533081]",False,"[0.6760815382003784, -0.2051904946565628, 0.029999999329447746]","[[-0.6374533772468567, 0.32839876413345337, 0.342203289270401, 0.07842352241277695, -1.0322391986846924, 0.9813366532325745, -0.37001416087150574, 0, -1.5707963705062866, 4.02440881729126]]","[-2.4136667251586914, -3.515950918197632, 4.605661392211914, 12.025364875793457, 4.715826511383057, -0.40539222955703735]","[[-0.009319436736404896, 0.01338014006614685, 0.0067896489053964615]]","[0, 1]",5.986760695,-2.1180694103240967,3,1440,1748251718.4485457,46
"[[0.018544074147939682, 0.04487798362970352, -0.024577150121331215]]",1441,"[-1.052653193473816, 0.9858816266059875, -0.37002837657928467]","[-0.03739839792251587, 0.9884591102600098, -0.4918273091316223, 0.05215656757354736]",False,"[0.6760815382003784, -0.2051904946565628, 0.029999999329447746]","[[-0.6306263208389282, 0.36539095640182495, 0.31185075640678406, 0.079808309674263, -1.052653193473816, 0.9858816266059875, -0.37002837657928467, 0, -1.5707963705062866, 3.9995927810668945]]","[-2.4897689819335938, -3.8411874771118164, 4.8738603591918945, 12.612732887268066, 5.248019218444824, -0.3862517476081848]","[[-0.008696976117789745, 0.012430764734745026, 0.005761167034506798]]","[0, 1]",5.986799909,-2.1371006965637207,3,1441,1748251718.4501555,47
"[[-0.005408412776887417, 0.012423193082213402, -0.03885585069656372]]",1459,"[0.6539831161499023, -0.46488237380981445, 0.029987046495079994]","[-0.24835002422332764, 0.1219029426574707, -0.7769726514816284, 0.5185225009918213]",False,"[0.6804478168487549, -0.13799679279327393, 0.029999999329447746]","[[0.6629423499107361, -0.4329608082771301, 0.06157211586833, 0.08000767230987549, 0.6539831161499023, -0.46488237380981445, 0.029987046495079994, -0.000106196959677618, -4.620531399268657e-06, -0.007139845285564661]]","[-0.23437081277370453, 0.3489037752151489, 0.2816759943962097, -0.1125422939658165, -0.7802495360374451, 0.43206387758255005]","[[-0.005153781734406948, 0.013641541823744774, -0.03904557228088379]]","[0, 1]",6.038403758,-0.32795512676239014,4,1459,1748251718.4841607,15
"[[-0.06310120224952698, 0.00033671711571514606, -0.021957537159323692]]",1500,"[0.5402033925056458, -0.08982377499341965, 0.029989995062351227]","[-0.989046573638916, -0.05236053466796875, -0.4391503930091858, 0.9749233722686768]",False,"[0.6920406222343445, -0.22258277237415314, 0.029999999329447746]","[[0.33877092599868774, -0.47029903531074524, 0.005747787654399872, 0.07027419656515121, 0.5402033925056458, -0.08982377499341965, 0.029989995062351227, 0, -1.5707963705062866, 4.5135650634765625]]","[0.27841123938560486, -1.4939215183258057, 1.960457444190979, 4.042847633361816, -0.13973405957221985, 0.5357171297073364]","[[-0.01655295118689537, 0.004818129353225231, -0.02181733027100563]]","[0, 1]",6.08322896,-0.20169158279895782,5,1500,1748251718.5695417,30
"[[-0.0598662905395031, 0.025042863562703133, -0.02461118809878826]]",1504,"[0.5945056080818176, -0.1015792265534401, 0.029989998787641525]","[-0.9266921281814575, 0.4422699213027954, -0.49222373962402344, 0.7143169641494751]",False,"[0.6920406222343445, -0.22258277237415314, 0.029999999329447746]","[[0.19881722331047058, -0.42494678497314453, 0.005052374210208654, 0.07999778538942337, 0.5945056080818176, -0.1015792265534401, 0.029989998787641525, 0, -1.5707963705062866, 3.974222421646118]]","[0.17172054946422577, -1.8383502960205078, 2.389163017272949, 4.924537658691406, 0.6499274969100952, 0.3680243194103241]","[[-0.012592535465955734, 0.009799713268876076, -0.024254871532320976]]","[0, 1]",6.130358893,-0.15541858971118927,5,1504,1748251718.5776014,34
"[[-0.05809038504958153, 0.04100588336586952, -0.007407990284264088]]",1516,"[0.7546377778053284, -0.1362449824810028, 0.029989998787641525]","[-0.8980571627616882, 0.7630202770233154, -0.14815980195999146, 0.6860052347183228]",False,"[0.6920406222343445, -0.22258277237415314, 0.029999999329447746]","[[-0.17206498980522156, -0.1794595569372177, 0.0008163988823071122, 0.07999912649393082, 0.7546377778053284, -0.1362449824810028, 0.029989998787641525, 0, -1.5707963705062866, 3.547823667526245]]","[0.03570190817117691, -4.266021251678467, 2.615530490875244, 11.714207649230957, 3.9648118019104004, -0.17130039632320404]","[[-0.017336111515760422, 0.011504564434289932, -0.007164446637034416]]","[0, 1]",6.130785955,-0.10664248466491699,5,1516,1748251718.6022902,46
"[[-0.017119113355875015, 0.00241662934422493, 0.02678806334733963]]",1527,"[0.6745411157608032, 0.06255396455526352, 0.06091171130537987]","[-0.9877205491065979, 0.9316565990447998, 0.940487265586853, -0.9991393685340881]",False,"[0.4035939872264862, 0.01727854087948799, 0.029999999329447746]","[[0.6723986268043518, 0.057870637625455856, 0.051456429064273834, 0.05791792646050453, 0.6745411157608032, 0.06255396455526352, 0.06091171130537987, -0.0037920824252068996, 0.027511483058333397, 0.0007542855455540121]]","[1.1053463220596313, 0.281469464302063, -4.484013557434082, 2.3612875938415527, -1.5575273036956787, 0.27316808700561523]","[[-0.018245581537485123, 0.0017814300954341888, 0.027081094682216644]]","[0, 1]",6.174426591,-0.27643758058547974,6,1527,1748251718.6252902,7
"[[0.029998762533068657, -0.04148859158158302, -0.049985140562057495]]",1535,"[0.6029855608940125, -0.01697894185781479, 0.029989833012223244]","[0.5999752283096313, -0.8297718167304993, -0.9999061226844788, 0.9453557729721069]",False,"[0.4954078197479248, -0.051109302788972855, 0.029999999329447746]","[[0.6648203730583191, -0.02266382984817028, 0.18188703060150146, 0.07027381658554077, 0.6029855608940125, -0.01697894185781479, 0.029989833012223244, -1.4345158660944435e-06, 4.691837148129707e-06, 1.1313135324375612e-11]]","[0.031228316947817802, -0.036005228757858276, -0.04087349399924278, -0.0356307253241539, 0.07730543613433838, 0.20066586136817932]","[[0.0036180447787046432, -0.018824761733412743, -0.0344821996986866]]","[0, 1]",6.174708961,-0.11286208033561707,7,1535,1748251718.6481693,0
"[[0.004695141222327948, -0.008536990731954575, -0.04806726425886154]]",1577,"[0.7113372087478638, -0.324699342250824, 0.029841184616088867]","[-0.07150483131408691, -0.9923325777053833, -0.9549210071563721, 0.960864782333374]",False,"[0.5374853014945984, -0.02090546302497387, 0.029999999329447746]","[[0.7304301857948303, -0.2694232165813446, 0.06380559504032135, 0.08001624792814255, 0.7113372087478638, -0.324699342250824, 0.029841184616088867, -0.006273294799029827, 0.001308520557358861, -0.03656689450144768]]","[0.08743307739496231, 0.2546243667602539, -0.03740764781832695, 0.07113484293222427, 0.02639830857515335, 0.06648895144462585]","[[0.002907359506934881, -0.007685761898756027, -0.04918624460697174]]","[0, 1]",6.290627916,-0.35002174973487854,9,1577,1748251718.748854,9
"[[0.07646986842155457, 0.017954206094145775, 0.1291067749261856]]",1604,"[-0.0155176417902112, -0.9559775590896606, -0.3359068036079407]","[0.6999931335449219, -0.1817159652709961, 0.6192996501922607, -0.8093871474266052]",False,"[0.5374853014945984, -0.02090546302497387, 0.029999999329447746]","[[0.4245375096797943, -0.658750057220459, 0.3020593225955963, 1.545071881992044e-06, -0.0155176417902112, -0.9559775590896606, -0.3359068036079407, 1.345786452293396, 0.06179897114634514, 0.00644322857260704]]","[-3.495258331298828, -1.7563031911849976, 4.482665061950684, 7.386314392089844, 1.8564296960830688, 0.39689576625823975]","[[0.02048637345433235, -0.02166529931128025, 0.011288298293948174]]","[0, 1]",6.334873779,-1.1463245153427124,9,1604,1748251718.8035645,36
"[[0.05496569722890854, -0.011425282806158066, 0.014771288260817528]]",1606,"[-0.07676582783460617, -1.0101574659347534, -0.3645345866680145]","[0.5381696224212646, -0.7516436576843262, 0.3308887481689453, -0.8368313312530518]",False,"[0.5374853014945984, -0.02090546302497387, 0.029999999329447746]","[[0.4376152455806732, -0.6473255157470703, 0.3183246850967407, 1.3618647471957956e-06, -0.07676582783460617, -1.0101574659347534, -0.3645345866680145, 1.5690977573394775, -0.21001622080802917, -0.25031566619873047]]","[-3.5223965644836426, -2.1828038692474365, 5.122724533081055, 8.394841194152832, 2.5005545616149902, 0.10353890061378479]","[[0.02564110793173313, -0.03778788074851036, 0.013307666406035423]]","[0, 1]",6.334945113,-1.2294639348983765,9,1606,1748251718.807105,38
"[[0.04174674674868584, 0.04934309795498848, -0.04536038264632225]]",1616,"[-0.19938355684280396, -1.145432710647583, -0.3700100779533386]","[0.8160393238067627, 0.9642431735992432, -0.9072076678276062, 0.9265587329864502]",False,"[0.5374853014945984, -0.02090546302497387, 0.029999999329447746]","[[0.7033056616783142, -0.33826637268066406, 0.30125877261161804, 0.0796709731221199, -0.19938355684280396, -1.145432710647583, -0.3700100779533386, 1.5707924365997314, 6.092775493016234e-06, -0.9318587183952332]]","[-2.9783272743225098, -4.582568168640137, 6.064252853393555, 14.160035133361816, 6.883638381958008, -0.6497555375099182]","[[0.0021906159818172455, 0.004628855735063553, 0.0046559907495975494]]","[0, 1]",6.37846915,-1.402692198753357,9,1616,1748251718.8244178,48
"[[0.021226877346634865, -0.04897277429699898, -0.04808812960982323]]",1621,"[0.6942055225372314, -0.27444520592689514, 0.029989998787641525]","[0.4245375394821167, -0.9794554710388184, -0.961762547492981, 0.9947830438613892]",False,"[0.5219237208366394, 0.03252777084708214, 0.029999999329447746]","[[0.6815198659896851, -0.15167173743247986, 0.1221456453204155, 0.0798562541604042, 0.6942055225372314, -0.27444520592689514, 0.029989998787641525, -1.5072637893354113e-07, 1.181441788844495e-07, 9.237183636262927e-14]]","[0.0566876046359539, -0.027728959918022156, 0.00654168426990509, -0.020896390080451965, -0.017277218401432037, -0.005010694265365601]","[[0.017853016033768654, -0.00940227136015892, 0.007357414811849594]]","[0, 1]",6.378656812,-0.35201340913772583,10,1621,1748251718.8329186,3
"[[0.019449545070528984, -0.003120977431535721, 0.04966383054852486]]",1625,"[0.7226666212081909, -0.40652531385421753, 0.029964862391352654]","[0.5868139266967773, -0.9722492694854736, 0.9934779405593872, -0.6101029515266418]",False,"[0.5219237208366394, 0.03252777084708214, 0.029999999329447746]","[[0.6846648454666138, -0.2853337526321411, 0.07693582028150558, 0.012746159918606281, 0.7226666212081909, -0.40652531385421753, 0.029964862391352654, 0.00010936494800262153, -0.0009373375214636326, 0.43074318766593933]]","[0.1481473594903946, 0.1625247299671173, 0.05264071002602577, 0.005455344915390015, 0.06104118376970291, -0.002727895975112915]","[[0.023156894370913506, -0.015562016516923904, 0.02942821756005287]]","[0, 1]",6.378804099,-0.48276838660240173,10,1625,1748251718.8399284,7
"[[-0.04962293058633804, 0.03898601606488228, -0.020791683346033096]]",1655,"[0.7828260064125061, -1.3350563049316406, -0.37001022696495056]","[-0.9924526214599609, 0.7797179222106934, -0.41583365201950073, -0.9677706956863403]",False,"[0.5219237208366394, 0.03252777084708214, 0.029999999329447746]","[[0.12190012633800507, 0.6466437578201294, 0.005089874844998121, 2.0209926177017223e-08, 0.7828260064125061, -1.3350563049316406, -0.37001022696495056, 0, -1.5707963705062866, 1.9185259342193604]]","[-3.4291632175445557, -2.24592924118042, 4.840913772583008, 8.826053619384766, 2.2815842628479004, 0.07719671726226807]","[[-0.003930963575839996, 0.009888816624879837, -0.020935717970132828]]","[0, 1]",6.427058866,-1.4485732316970825,10,1655,1748251718.892156,37
"[[-0.02393547259271145, 0.006384298205375671, -0.049189940094947815]]",1681,"[0.5498155355453491, -0.4420797824859619, 0.029707100242376328]","[-0.1458580493927002, -0.9087660908699036, -0.9886082410812378, 0.8297140598297119]",False,"[0.4437337815761566, 0.011712370440363884, 0.029999999329447746]","[[0.549419641494751, -0.41869401931762695, 0.05955067276954651, 0.08000461757183075, 0.5498155355453491, -0.4420797824859619, 0.029707100242376328, 0.011683594435453415, -0.020834652706980705, 0.3498555123806]]","[-0.21425436437129974, 0.3701425790786743, -0.109121173620224, 0.14039871096611023, -0.2893596589565277, 0.23917493224143982]","[[-0.023415839299559593, 0.005612567067146301, -0.04955342039465904]]","[0, 1]",6.478800764,-0.46602654457092285,11,1681,1748251718.943829,13
"[[-0.0029441057704389095, 0.006713159382343292, -0.04890473932027817]]",1698,"[0.7869632244110107, -0.20750494301319122, 0.02990139275789261]","[0.09615433216094971, 0.7813186645507812, -0.9788758158683777, -0.07823526859283447]",False,"[0.4437337815761566, 0.011712370440363884, 0.029999999329447746]","[[0.7831575870513916, -0.19335660338401794, 0.061717305332422256, 0.06557478755712509, 0.7869632244110107, -0.20750494301319122, 0.02990139275789261, 0.022867221385240555, -0.025244370102882385, -0.11646538227796555]]","[0.13475720584392548, -1.406951904296875, 2.3432540893554688, 3.6681954860687256, 0.05512108653783798, 0.49967026710510254]","[[-0.0025850473903119564, 0.01103375107049942, -0.04895450174808502]]","[0, 1]",6.522697691,-0.4072624444961548,11,1698,1748251718.980704,30
"[[-0.004487430676817894, -0.022500962018966675, -0.03895343095064163]]",1721,"[0.5857405662536621, -0.18078109622001648, 0.029323069378733635]","[0.05054879188537598, -0.966792106628418, -0.792406439781189, 0.8030071258544922]",False,"[0.6423435211181641, -0.2774108052253723, 0.029999999329447746]","[[0.575583279132843, -0.16159209609031677, 0.06116919219493866, 0.07956080138683319, 0.5857405662536621, -0.18078109622001648, 0.029323069378733635, 0.027812618762254715, -0.03674311935901642, 0.28385069966316223]]","[0.056387946009635925, -0.028053581714630127, 0.00653451681137085, -0.01991637796163559, -0.01671431213617325, -0.005995720624923706]","[[-0.0108856912702322, -0.004180245101451874, -0.022652197629213333]]","[0, 1]",6.566705858,-0.11198951303958893,12,1721,1748251719.0269287,3
"[[0.005159638822078705, -0.02002393826842308, -0.028781700879335403]]",1768,"[-0.0034269567113369703, -0.7882588505744934, 0.013053595088422298]","[-0.7830739617347717, -0.6821237802505493, -0.791026771068573, -0.9187191724777222]",False,"[0.6675520539283752, 0.2708839476108551, 0.029999999329447746]","[[0.1809827983379364, -0.7696871757507324, 0.08198803663253784, 2.088432665914297e-05, -0.0034269567113369703, -0.7882588505744934, 0.013053595088422298, 0.30758973956108093, 0.4059961438179016, -0.8933345675468445]]","[0.18619565665721893, -1.074007272720337, 2.714026689529419, 2.71943736076355, -0.10802707821130753, 0.6567790508270264]","[[0.0021086595952510834, -0.026791926473379135, 0.005812816321849823]]","[0, 1]",6.674542665,-1.253907322883606,14,1768,1748251719.1260502,30
"[[0.04054632410407066, -0.03460822254419327, 0.025428226217627525]]",1798,"[0.3348696231842041, 0.29018038511276245, 0.029961759224534035]","[-0.1534397006034851, -0.727104663848877, 0.5080767869949341, -0.26374346017837524]",False,"[0.6935743093490601, -0.22644628584384918, 0.029999999329447746]","[[0.4114232659339905, 0.2515021562576294, 0.04275992140173912, 0.056832000613212585, 0.3348696231842041, 0.29018038511276245, 0.029961759224534035, 0.0005165781476534903, -0.00031931145349517465, 0.5991408228874207]]","[-0.0379873588681221, 0.27953124046325684, 0.07344949245452881, 0.040962640196084976, 0.119895339012146, 0.06565089523792267]","[[0.0074105230160057545, -0.012783415615558624, 0.015948941931128502]]","[0, 1]",6.722777433,-0.6289452910423279,15,1798,1748251719.1776817,10
"[[0.04594933241605759, 0.01276019774377346, -0.016495846211910248]]",1822,"[-0.8014345169067383, 0.14659518003463745, 0.02996823377907276]","[0.009531855583190918, 0.14028382301330566, -0.3299856185913086, -0.6297938823699951]",False,"[0.6935743093490601, -0.22644628584384918, 0.029999999329447746]","[[-0.09239178150892258, 0.2394132763147354, 0.021013479679822922, 0.0003272925387136638, -0.8014345169067383, 0.14659518003463745, 0.02996823377907276, 0.00022118286869954318, -0.0009111973340623081, 2.6007001399993896]]","[-0.20154912769794464, -1.4884748458862305, 2.6334643363952637, 3.885505199432373, 0.3137517273426056, 0.4722382426261902]","[[-0.0010519534116610885, 0.003763160202652216, -0.009952375665307045]]","[0, 1]",6.7744682449999996,-1.540847659111023,15,1822,1748251719.2252884,34
"[[0.03539327532052994, 0.029200352728366852, 0.029536746442317963]]",1851,"[0.6595600247383118, 0.39908769726753235, 0.029597323387861252]","[0.25858116149902344, 0.9999580383300781, 0.6080840826034546, 0.9973702430725098]",False,"[0.4409146010875702, 0.09377580881118774, 0.029999999329447746]","[[0.675751805305481, 0.375370591878891, 0.07267993688583374, 0.08000083267688751, 0.6595600247383118, 0.39908769726753235, 0.029597323387861252, -0.001413334277458489, -0.011522192507982254, 0.3798529803752899]]","[-0.30451682209968567, 0.35222122073173523, -0.2534692883491516, 0.19483517110347748, -0.29554983973503113, 0.2396661341190338]","[[0.030945636332035065, 0.022342242300510406, 0.017987655475735664]]","[0, 1]",6.818937799,-0.3755280673503876,16,1851,1748251719.2915747,13
"[[-0.003255952149629593, -0.01400902308523655, -0.04713188111782074]]",1864,"[0.374510258436203, 0.42685726284980774, 0.029987527057528496]","[-0.49664175510406494, -0.37411320209503174, -0.9424609541893005, 0.9952466487884521]",False,"[0.4409146010875702, 0.09377580881118774, 0.029999999329447746]","[[0.4568548798561096, 0.22421671450138092, 0.004954441916197538, 0.0799999013543129, 0.374510258436203, 0.42685726284980774, 0.029987527057528496, 0, 1.5707963705062866, -2.9008641242980957]]","[0.15449826419353485, -1.0683989524841309, 2.1757431030273438, 2.8543617725372314, -0.26663723587989807, 0.6158589720726013]","[[-0.010040272027254105, -0.005775043740868568, -0.04704830422997475]]","[0, 1]",6.870395803,-0.33963626623153687,16,1864,1748251719.319232,26
"[[0.002021845430135727, -0.012960467487573624, -0.04662290960550308]]",1865,"[0.3529876172542572, 0.42217227816581726, 0.029989192262291908]","[-0.3900159001350403, -0.35290902853012085, -0.9324249029159546, 0.9843547344207764]",False,"[0.4409146010875702, 0.09377580881118774, 0.029999999329447746]","[[0.445281058549881, 0.21163594722747803, 0.004671100527048111, 0.0799998864531517, 0.3529876172542572, 0.42217227816581726, 0.029989192262291908, 0, 1.5707963705062866, 3.08510684967041]]","[0.06110874563455582, -1.236637830734253, 2.2406091690063477, 3.16955828666687, -0.08508948236703873, 0.5273600816726685]","[[-0.007926974445581436, -0.005064684897661209, -0.046337902545928955]]","[0, 1]",6.870440567,-0.3399638235569,16,1865,1748251719.3214803,27
"[[0.012774932198226452, -0.011622503399848938, -0.04741746932268143]]",1899,"[0.6875219941139221, -0.37971094250679016, 0.02997848019003868]","[0.25018787384033203, -0.9380581974983215, -0.948375403881073, 0.8024628162384033]",False,"[0.48660629987716675, -0.17302562296390533, 0.029999999329447746]","[[0.6953610181808472, -0.34891703724861145, 0.06104175001382828, 0.0800032913684845, 0.6875219941139221, -0.37971094250679016, 0.02997848019003868, 0.019377587363123894, -0.019384292885661125, 0.3206847012042999]]","[-0.12639400362968445, 0.3050731122493744, 0.11778818070888519, 0.02330905944108963, 0.10829442739486694, 0.09557194262742996]","[[0.011654424481093884, -0.01060350239276886, -0.04724778234958649]]","[0, 1]",6.915181831,-0.2882463037967682,17,1899,1748251719.3937635,11
"[[-0.03306569159030914, 0.0293259434401989, -0.01967811770737171]]",1909,"[0.5877692103385925, -0.42000555992126465, 0.02978510409593582]","[-0.998329222202301, 0.9084465503692627, -0.3926997780799866, 0.14879870414733887]",False,"[0.48660629987716675, -0.17302562296390533, 0.029999999329447746]","[[0.6113234162330627, -0.3807590901851654, 0.06519432365894318, 0.013300239108502865, 0.5877692103385925, -0.42000555992126465, 0.02978510409593582, 0.0008976027020253241, -0.0059349252842366695, 0.13021011650562286]]","[0.009539583697915077, -0.01494838297367096, 1.369187831878662, 0.36027026176452637, -0.8417063355445862, 0.5837458968162537]","[[-0.03249390423297882, 0.02230454608798027, -0.020602209493517876]]","[0, 1]",6.958708633,-0.26689523458480835,17,1909,1748251719.4172513,21
"[[-0.009682170115411282, -0.023506660014390945, -0.040664978325366974]]",1934,"[0.49051225185394287, 0.32331642508506775, 0.028495576232671738]","[-0.2195839285850525, -0.7555297613143921, -0.8430253267288208, 0.8715310096740723]",False,"[0.4322041869163513, -0.24113903939723969, 0.029999999329447746]","[[0.4873524606227875, 0.315787136554718, 0.01863628625869751, 0.08009004592895508, 0.49051225185394287, 0.32331642508506775, 0.028495576232671738, 0.002418437972664833, -0.019499242305755615, 0.18058635294437408]]","[-0.19675317406654358, 0.3568150997161865, 0.17835360765457153, -0.025957271456718445, -0.2054765522480011, 0.21483631432056427]","[[0.0008425796404480934, -0.019779998809099197, -0.010361984372138977]]","[0, 1]",7.006706065,-0.5674610733985901,18,1934,1748251719.470821,13
"[[0.020549803972244263, 0.03461868315935135, 0.011786259710788727]]",1953,"[0.6169430613517761, 0.021743081510066986, 0.04067838564515114]","[0.7916241884231567, 0.8239151239395142, 0.4489023685455322, -0.5349355936050415]",False,"[0.401743084192276, -0.23525577783584595, 0.029999999329447746]","[[0.6339589357376099, 0.032061513513326645, 0.03227539733052254, 0.05663492903113365, 0.6169430613517761, 0.021743081510066986, 0.04067838564515114, -0.0016999993240460753, -0.02181803435087204, -0.0021580334287136793]]","[0.65570467710495, 0.045470282435417175, -2.1584362983703613, 1.148561954498291, -0.7124277353286743, 0.059711940586566925]","[[0.01715967059135437, 0.01904023438692093, 0.011697212234139442]]","[0, 1]",7.05082566,-0.33537063002586365,19,1953,1748251719.5227559,4
"[[0.03647450730204582, 0.04823676496744156, 0.035365551710128784]]",1963,"[0.6718043684959412, 0.27848953008651733, 0.029989998787641525]","[0.7294901609420776, 0.9647352695465088, 0.7073110342025757, 0.19270217418670654]",False,"[0.5472590327262878, -0.06334709376096725, 0.029999999329447746]","[[0.655860424041748, 0.04385245963931084, 0.1391979157924652, 0.07881763577461243, 0.6718043684959412, 0.27848953008651733, 0.029989998787641525, -1.499974899843437e-07, 1.181441788844495e-07, 9.245794912017893e-14]]","[0.03140223026275635, -0.025927133858203888, -0.019046548753976822, -0.02840646356344223, 0.053550250828266144, 0.1317933052778244]","[[0.039548199623823166, 0.01852927729487419, 0.07500964403152466]]","[0, 1]",7.065096947,-0.36381837725639343,20,1963,1748251719.5516295,1
"[[0.003855847753584385, 0.03688082844018936, 0.018817218020558357]]",1980,"[0.602973461151123, 0.4751468300819397, 0.029842933639883995]","[-0.2455134391784668, 0.9982515573501587, 0.37631726264953613, 0.9994072914123535]",False,"[0.5472590327262878, -0.06334709376096725, 0.029999999329447746]","[[0.6273831725120544, 0.4974544644355774, 0.10979856550693512, 0.07999979704618454, 0.602973461151123, 0.4751468300819397, 0.029842933639883995, -0.00489012198522687, 3.2534870797462645e-07, 0.1636572629213333]]","[-0.19429172575473785, 0.185292050242424, 0.4766654968261719, 0.42227014899253845, -1.645556092262268, 0.6200083494186401]","[[0.011929833330214024, 0.0211528018116951, 0.012266356498003006]]","[0, 1]",7.122765884,-0.5413684844970703,20,1980,1748251719.5868413,18
"[[-0.0190989151597023, -0.005761867854744196, -0.016961270943284035]]",1983,"[0.5548133254051208, 0.5140528082847595, 0.029987134039402008]","[-0.7022674083709717, 0.14350759983062744, -0.33897924423217773, 0.9156663417816162]",False,"[0.5472590327262878, -0.06334709376096725, 0.029999999329447746]","[[0.5418611764907837, 0.588893711566925, 0.09420905262231827, 0.0799999013543129, 0.5548133254051208, 0.5140528082847595, 0.029987134039402008, -4.44951729150489e-05, -4.9158359615830705e-05, 0.16615958511829376]]","[0.17533327639102936, 0.05195572227239609, 1.0860087871551514, 0.43117088079452515, -0.9540787935256958, 0.6258077621459961]","[[-0.010743536055088043, -0.012516265735030174, 0.0004578959196805954]]","[0, 1]",7.122874868,-0.5774493217468262,20,1983,1748251719.5923095,21
"[[0.02950405515730381, -0.010722780600190163, -0.0040953755378723145]]",2005,"[0.5107409358024597, 0.2796156406402588, 0.029989831149578094]","[0.5661355257034302, -0.5241047143936157, -0.08190751075744629, 0.034215569496154785]",False,"[0.5472590327262878, -0.06334709376096725, 0.029999999329447746]","[[0.6022818088531494, 0.5034801959991455, 0.27854934334754944, 0.0030057772528380156, 0.5107409358024597, 0.2796156406402588, 0.029989831149578094, -5.912443157285452e-06, -2.7468666985441814e-07, 2.3053436279296875]]","[0.012600818648934364, -3.4502310752868652, 2.8563222885131836, 9.273752212524414, 2.614861488342285, 0.025727972388267517]","[[0.007324511185288429, -0.003935212269425392, 5.811452865600586e-06]]","[0, 1]",7.166732873,-0.344901442527771,20,2005,1748251719.6355093,43
"[[-0.04160259664058685, 0.04445194825530052, -0.015667224302887917]]",2018,"[0.4047396779060364, 0.19604891538619995, 0.029989998787641525]","[-0.8320519328117371, 0.8890389204025269, -0.31334447860717773, 0.3739520311355591]",False,"[0.6238436102867126, 0.08058174699544907, 0.029999999329447746]","[[0.47979575395584106, 0.1318335235118866, 0.11712038516998291, 0.03284884989261627, 0.4047396779060364, 0.19604891538619995, 0.029989998787641525, -1.2355594947166537e-07, -1.5075454484758666e-07, -3.3194308413087015e-11]]","[0.16542251408100128, 0.10975879430770874, 0.051934484392404556, -0.005508869886398315, 0.03404334932565689, -0.020133554935455322]","[[-0.009847685694694519, 0.006063457578420639, -0.003284657374024391]]","[0, 1]",7.210611805,-0.24766750633716583,21,2018,1748251719.6590905,6
"[[0.014592405408620834, -0.001974746584892273, -0.0008008053991943598]]",2027,"[0.5329430103302002, 0.11781591176986694, 0.04196659475564957]","[0.9859566688537598, 0.39196014404296875, 0.05582737922668457, -0.9568564295768738]",False,"[0.6238436102867126, 0.08058174699544907, 0.029999999329447746]","[[0.5254870653152466, 0.12251822650432587, 0.03432129696011543, 0.058055274188518524, 0.5329430103302002, 0.11781591176986694, 0.04196659475564957, 0.008382420055568218, 0.02331608161330223, -9.749507444212213e-05]]","[0.2825729250907898, -0.11330991983413696, -1.97636079788208, 1.6178507804870605, -1.3684486150741577, 0.34392520785331726]","[[0.014006968587636948, 0.0053307488560676575, -0.0014841633383184671]]","[0, 1]",7.210962544,-0.09895705431699753,21,2027,1748251719.6818905,15
"[[0.02685251459479332, -0.012885147705674171, -0.010316573083400726]]",2059,"[0.5509545207023621, -0.5123050212860107, 0.02974924072623253]","[0.9108321666717529, -0.008079886436462402, -0.20777136087417603, -0.8024584054946899]",False,"[0.5456154942512512, -0.09570708125829697, 0.029999999329447746]","[[0.5838170647621155, -0.490559846162796, 0.06427256762981415, 0.0002075906959362328, 0.5509545207023621, -0.5123050212860107, 0.02974924072623253, -0.00699393916875124, 0.0014998485567048192, -0.3503848910331726]]","[0.04733649641275406, -1.4095048904418945, 2.4857895374298096, 3.645448923110962, 0.11565139144659042, 0.5063555836677551]","[[0.025098111480474472, -0.011905455961823463, -0.010843366384506226]]","[0, 1]",7.275042538,-0.4166322350502014,22,2059,1748251719.7527726,29
"[[-0.008707371540367603, 0.012917919084429741, -0.019752642139792442]]",2066,"[0.6168509721755981, -0.42745423316955566, 0.02982855774462223]","[-0.041227877140045166, 0.5992456674575806, -0.39454150199890137, 0.0803825855255127]",False,"[0.5456154942512512, -0.09570708125829697, 0.029999999329447746]","[[0.64946049451828, -0.400697261095047, 0.06510743498802185, 0.007217131555080414, 0.6168509721755981, -0.42745423316955566, 0.02982855774462223, -0.001592636457644403, -0.003648128593340516, -0.2985667586326599]]","[-0.17545576393604279, -2.1656296253204346, 2.63812255859375, 5.770654201507568, 1.1811723709106445, 0.23602062463760376]","[[-0.008911040611565113, 0.009401870891451836, -0.019619951024651527]]","[0, 1]",7.318585069,-0.3393091559410095,22,2066,1748251719.7712092,36
"[[0.030689388513565063, 0.024156808853149414, -0.03428488224744797]]",2095,"[0.6430979371070862, 0.47219210863113403, 0.02974710613489151]","[0.36517560482025146, 0.9999644756317139, -0.6901677846908569, 0.9999041557312012]",False,"[0.6645170450210571, -0.2718123495578766, 0.029999999329447746]","[[0.6565659046173096, 0.4492259919643402, 0.06080029159784317, 0.08000782132148743, 0.6430979371070862, 0.47219210863113403, 0.02974710613489151, -0.007230347488075495, 0.0035155336372554302, -0.08897018432617188]]","[-0.1872033029794693, 0.32314175367355347, 0.01729520782828331, 0.09287635236978531, -1.0645227432250977, 0.4500511884689331]","[[0.029643326997756958, 0.022710174322128296, -0.034318454563617706]]","[0, 1]",7.362982736,-0.7443127632141113,23,2095,1748251719.836442,15
"[[-0.01715407893061638, 0.0648006796836853, -0.025258321315050125]]",2109,"[0.2838864326477051, 0.40659576654434204, 0.029975397512316704]","[-0.9716816544532776, 0.8873217105865479, -0.5046835541725159, 0.4871656894683838]",False,"[0.6645170450210571, -0.2718123495578766, 0.029999999329447746]","[[0.33868443965911865, 0.6730334758758545, 0.22217020392417908, 0.07999885827302933, 0.2838864326477051, 0.40659576654434204, 0.029975397512316704, -0.00020300329197198153, -0.00024202950589824468, 2.3950676918029785]]","[0.13652770221233368, -1.0298677682876587, 2.235194683074951, 2.6337270736694336, -0.17800769209861755, 0.6103991866111755]","[[-0.0017423443496227264, 0.010002758353948593, -0.0066242218017578125]]","[0, 1]",7.406706839,-0.7778928279876709,23,2109,1748251719.8655994,29
"[[-0.01275459211319685, 0.021558504551649094, -0.042757775634527206]]",2134,"[0.5500190854072571, 0.1033005490899086, 0.029392721131443977]","[-0.2078670859336853, 0.9853653907775879, -0.8671003580093384, 0.8011605739593506]",False,"[0.43952032923698425, -0.020446432754397392, 0.029999999329447746]","[[0.5658992528915405, 0.06675282120704651, 0.06336364150047302, 0.0793079063296318, 0.5500190854072571, 0.1033005490899086, 0.029392721131443977, -0.004747808910906315, 0.010740816593170166, 0.040751419961452484]]","[0.12460799515247345, 0.004032701253890991, 0.029477905482053757, -0.019549809396266937, -0.01442185789346695, -0.032731980085372925]","[[-0.013492855243384838, 0.009733516722917557, -0.026242874562740326]]","[0, 1]",7.450946159,-0.16590256989002228,24,2134,1748251719.9133344,4
"[[-0.017064422369003296, -0.054288700222969055, 0.028355801478028297]]",2175,"[0.7792810797691345, 0.038946013897657394, 0.029989831149578094]","[-0.3526848554611206, -0.8070579767227173, 0.5671160221099854, 0.6488369703292847]",False,"[0.43952032923698425, -0.020446432754397392, 0.029999999329447746]","[[0.7088149189949036, -0.3653954863548279, 0.2046782225370407, 0.07999968528747559, 0.7792810797691345, 0.038946013897657394, 0.029989831149578094, 2.742608273820224e-07, 5.911932476010406e-06, -0.05168750137090683]]","[-0.0036590900272130966, -4.206651210784912, 2.695466995239258, 11.568689346313477, 3.723468542098999, -0.10671968758106232]","[[0.001998811960220337, -0.005926419049501419, 0.010327810421586037]]","[0, 1]",7.550598446,-0.3449127972126007,24,2175,1748251720.0026052,45
"[[0.00676591694355011, -0.012242965400218964, -0.007691466715186834]]",2221,"[0.2531876564025879, -0.5801236033439636, 0.02994631417095661]","[-0.5440172553062439, -0.8622990250587463, -0.1542954444885254, -0.3620723485946655]",False,"[0.5252559185028076, 0.22059912979602814, 0.029999999329447746]","[[0.3100373446941376, -0.4642734229564667, 0.004572082776576281, 9.776734259503428e-06, 0.2531876564025879, -0.5801236033439636, 0.02994631417095661, -0.0016653997590765357, 0.00021460955031216145, -0.7767256498336792]]","[0.24213461577892303, -1.047223687171936, 2.2518117427825928, 2.740102767944336, -0.1548544466495514, 0.6113674640655518]","[[-0.0046165138483047485, -0.005568377673625946, -0.00781954638659954]]","[0, 1]",7.646751968,-0.8456819653511047,26,2221,1748251720.1043448,27
"[[-0.029776625335216522, 0.010632425546646118, 0.053572338074445724]]",2235,"[-0.19998997449874878, -1.055133581161499, -0.3633114695549011]","[-0.9038324356079102, -0.6938451528549194, 0.9064509868621826, -0.9003514051437378]",False,"[0.5252559185028076, 0.22059912979602814, 0.029999999329447746]","[[-0.18038341403007507, -0.4343946874141693, 0.09827560186386108, 1.2308473742450587e-06, -0.19998997449874878, -1.055133581161499, -0.3633114695549011, 1.807316780090332, -1.3611303567886353, -1.5531220436096191]]","[-3.203958511352539, -2.7936654090881348, 5.1932783126831055, 9.899725914001465, 3.1799590587615967, 0.02649654448032379]","[[-0.011959277093410492, -0.015305042266845703, 0.013679537922143936]]","[0, 1]",7.64728541,-1.519266128540039,26,2235,1748251720.1313872,41
"[[-0.00566610973328352, -0.007799804210662842, 0.04126787558197975]]",2262,"[0.5449139475822449, 0.5113512277603149, 0.029964592307806015]","[-0.25699323415756226, 0.2720057964324951, 0.8250224590301514, 0.9989528656005859]",False,"[0.5141623020172119, -0.11159904301166534, 0.029999999329447746]","[[0.53536057472229, 0.47688475251197815, 0.1147538498044014, 0.07999997586011887, 0.5449139475822449, 0.5113512277603149, 0.029964592307806015, 6.369692709995434e-05, -0.0007698647095821798, 1.3674920797348022]]","[-0.018176456913352013, 0.2742254137992859, 0.272848904132843, 0.25996533036231995, -1.6079329252243042, 0.6521888375282288]","[[-0.0017810789868235588, 0.006898730993270874, 0.020897813141345978]]","[0, 1]",7.734651621,-0.6237088441848755,27,2262,1748251720.1851833,18
"[[-0.015086108818650246, 0.008131837472319603, 0.09714776277542114]]",2278,"[0.43239614367485046, 0.8487609028816223, -0.08135411143302917]","[-0.43955016136169434, 0.5869801044464111, 0.9356429576873779, -0.8651339411735535]",False,"[0.5141623020172119, -0.11159904301166534, 0.029999999329447746]","[[-0.03009987063705921, 0.6680567860603333, 0.29645341634750366, 8.657715625304263e-06, 0.43239614367485046, 0.8487609028816223, -0.08135411143302917, -0.9860544204711914, -0.548958957195282, -0.07034682482481003]]","[-0.8041409850120544, -1.7761386632919312, 4.540633678436279, 4.1128458976745605, 0.04501690715551376, 1.0085042715072632]","[[-0.004509346559643745, 0.016842281445860863, 0.012832563370466232]]","[0, 1]",7.735277176,-0.9702456593513489,27,2278,1748251720.2141187,34
"[[-0.02403920888900757, 0.04875263199210167, -0.023994507268071175]]",2298,"[0.5071941018104553, -0.1308731734752655, 0.029989995062351227]","[-0.5097746849060059, 0.9765663146972656, -0.47989022731781006, 0.21423423290252686]",False,"[0.4388960003852844, 0.13804267346858978, 0.029999999329447746]","[[0.543662428855896, -0.14535434544086456, 0.035673100501298904, 0.07999788969755173, 0.5071941018104553, -0.1308731734752655, 0.029989995062351227, 3.610934129483212e-08, -1.1163771063138483e-07, 0.06230266019701958]]","[0.1253059357404709, 0.004401907324790955, 0.026178494095802307, -0.018112339079380035, -0.016251273453235626, -0.032095253467559814]","[[-0.0011652112007141113, 0.04952483996748924, -0.001242978498339653]]","[0, 1]",7.779088482,-0.27745333313941956,28,2298,1748251720.25013,4
"[[-0.01241781935095787, -0.031127464026212692, -0.021015914157032967]]",2305,"[0.3069683313369751, 0.0717087909579277, 0.039827611297369]","[-0.8883653879165649, 0.04820430278778076, -0.47041940689086914, -0.3233025074005127]",False,"[0.4388960003852844, 0.13804267346858978, 0.029999999329447746]","[[0.3759278655052185, 0.07687758654356003, 0.005397634115070105, 0.014109325595200062, 0.3069683313369751, 0.0717087909579277, 0.039827611297369, 2.7078638076782227, 4.718447854656915e-16, 1.4125113487243652]]","[0.3158842921257019, 0.05833512544631958, -2.070298671722412, 1.4493392705917358, -1.3875242471694946, 0.290702223777771]","[[-0.014940883964300156, -0.0008167952764779329, -0.018555641174316406]]","[0, 1]",7.779642803,-0.14799216389656067,28,2305,1748251720.264278,11
"[[-0.013394379988312721, 0.0011052750051021576, -0.03799436613917351]]",2348,"[0.645083487033844, 0.20449526607990265, 0.029078222811222076]","[0.030786514282226562, 0.8817248344421387, -0.7690253853797913, 0.36860525608062744]",False,"[0.5524164438247681, 0.1849600225687027, 0.029999999329447746]","[[0.647911787033081, 0.18153177201747894, 0.064186692237854, 0.07999926805496216, 0.645083487033844, 0.20449526607990265, 0.029078222811222076, -0.004792370833456516, -0.020142687484622, -0.023231612518429756]]","[0.12184883654117584, 0.007064633071422577, 0.03605956956744194, -0.019279830157756805, -0.013446696102619171, -0.03223559260368347]","[[-0.013746524229645729, 0.0007253699004650116, -0.03884939104318619]]","[0, 1]",7.882987598,-0.09470827877521515,29,2348,1748251720.3477106,4
"[[0.014642322435975075, 0.0001397663727402687, -0.0273940060287714]]",2356,"[0.6791621446609497, 0.3597613275051117, 0.02994646690785885]","[0.31918811798095703, -0.2247769832611084, -0.5477200746536255, -0.6917304992675781]",False,"[0.5524164438247681, 0.1849600225687027, 0.029999999329447746]","[[0.6739502549171448, 0.36474502086639404, 0.021814819425344467, 0.05653809756040573, 0.6791621446609497, 0.3597613275051117, 0.02994646690785885, -0.0009525165078230202, 0.000716127862688154, 0.05677488446235657]]","[0.14140108227729797, 0.3537105917930603, -0.5936920642852783, 0.5075563192367554, -0.662347137928009, 0.3361477851867676]","[[0.01946558989584446, -0.012009299360215664, -0.009964985772967339]]","[0, 1]",7.883304574,-0.21591658890247345,29,2356,1748251720.3675237,12
"[[-0.05379414185881615, 0.04594672843813896, -0.030285773798823357]]",2382,"[1.0543360710144043, 0.03625323623418808, 0.00712352292612195]","[-0.6379579305648804, 0.9150193929672241, -0.9596022367477417, 0.8180139064788818]",False,"[0.42505979537963867, 0.18734675645828247, 0.029999999329447746]","[[0.43781089782714844, 0.5727971196174622, 0.005117841064929962, 0.07999890297651291, 1.0543360710144043, 0.03625323623418808, 0.00712352292612195, 1.1313499212265015, -0.04110158234834671, -1.6550188064575195]]","[0.3109782338142395, -1.2499828338623047, 1.3689653873443604, 3.500558614730835, -0.8623899817466736, 0.5789925456047058]","[[0.004383061081171036, 0.006750281900167465, -0.04797251150012016]]","[0, 1]",7.941912744,-0.6475656032562256,30,2382,1748251720.4281387,18
"[[-0.014990165829658508, -0.04059147462248802, -0.02971544861793518]]",2396,"[1.1841284036636353, 0.026114070788025856, -0.37001103162765503]","[-0.2998057007789612, -0.8118449449539185, -0.5943089723587036, 0.922114372253418]",False,"[0.42505979537963867, 0.18734675645828247, 0.029999999329447746]","[[0.22404412925243378, 0.35708630084991455, 0.004762616939842701, 0.07999993860721588, 1.1841284036636353, 0.026114070788025856, -0.37001103162765503, 4.356706267572008e-05, -6.117656539572636e-06, -1.7744357585906982]]","[-2.7966468334198, -2.6993942260742188, 4.769712924957275, 9.981283187866211, 3.1342616081237793, -0.05260224640369415]","[[-0.006483584642410278, -0.01302843913435936, -0.029298361390829086]]","[0, 1]",7.990793657,-0.8730348944664001,30,2396,1748251720.4584503,32
"[[0.021854056045413017, 0.00017024688713718206, -0.02935573272407055]]",2400,"[1.1841281652450562, 0.026110978797078133, -0.37001103162765503]","[0.43708109855651855, 0.0033894777297973633, -0.5871146321296692, 0.9833080768585205]",False,"[0.42505979537963867, 0.18734675645828247, 0.029999999329447746]","[[0.2413938045501709, 0.29886046051979065, 0.0033254881855100393, 0.07999955117702484, 1.1841281652450562, 0.026110978797078133, -0.37001103162765503, 4.35645597463008e-05, -6.117655630077934e-06, -1.7744368314743042]]","[-2.665463447570801, -3.2168309688568115, 4.91142463684082, 11.452810287475586, 4.18272066116333, -0.34117835760116577]","[[0.004580466076731682, -0.0018774091731756926, -0.029329167678952217]]","[0, 1]",7.99095485,-0.8730352520942688,30,2400,1748251720.4673643,36
"[[0.01733851432800293, -0.013334495946764946, -0.0487055741250515]]",2424,"[0.6897173523902893, -0.37012940645217896, 0.029844287782907486]","[0.6516885757446289, -0.6222673654556274, -0.9728171229362488, 0.9140777587890625]",False,"[0.5513983368873596, -0.09874271601438522, 0.029999999329447746]","[[0.7023466229438782, -0.34935635328292847, 0.06055917218327522, 0.08002407103776932, 0.6897173523902893, -0.37012940645217896, 0.029844287782907486, 0.01473498810082674, -0.019267436116933823, 0.4376678764820099]]","[0.04031403362751007, 0.27988189458847046, -0.232851043343544, 0.22857064008712769, -0.019221432507038116, 0.07897600531578064]","[[0.016790807247161865, -0.012855751439929008, -0.048597633838653564]]","[0, 1]",8.035111704,-0.30460286140441895,31,2424,1748251720.5189583,10
"[[0.007661664392799139, 0.04288952425122261, -0.023647699505090714]]",2452,"[0.5723163485527039, 0.26156753301620483, 0.029989974573254585]","[0.15323328971862793, 0.857790470123291, -0.47295188903808594, 0.2642033100128174]",False,"[0.47080475091934204, 0.09058795869350433, 0.029999999329447746]","[[0.5899123549461365, 0.1406744420528412, 0.14693409204483032, 0.0561235174536705, 0.5723163485527039, 0.26156753301620483, 0.029989974573254585, 1.5095021410616027e-07, -9.236522942046577e-07, -3.321303648773366e-11]]","[0.056580014526844025, -0.02774851769208908, 0.006606731563806534, -0.020977728068828583, -0.01720663160085678, -0.004960507154464722]","[[0.0045315264724195, 0.009000245481729507, -0.0005020834505558014]]","[0, 1]",8.09611725,-0.19884319603443146,32,2452,1748251720.5826604,3
"[[-0.003916000947356224, -0.0015787361189723015, -0.03872784227132797]]",2462,"[0.5866337418556213, 0.3387877941131592, 0.02993950992822647]","[0.07494616508483887, 0.1193537712097168, -0.7751325368881226, 0.937593936920166]",False,"[0.47080475091934204, 0.09058795869350433, 0.029999999329447746]","[[0.6006967425346375, 0.3180953860282898, 0.06269153952598572, 0.08001469075679779, 0.5866337418556213, 0.3387877941131592, 0.02993950992822647, 9.960554598364979e-05, -0.0015988863306120038, -0.056166257709264755]]","[-0.22250929474830627, 0.34719669818878174, 0.19500033557415009, -0.052755244076251984, -0.17287886142730713, 0.22020813822746277]","[[-0.006509101018309593, -0.0017944453284144402, -0.03569670394062996]]","[0, 1]",8.121110345,-0.2738969027996063,32,2462,1748251720.6069298,13
"[[-0.01804366707801819, -0.022107508033514023, -0.01644766516983509]]",2468,"[0.6006377935409546, 0.37436479330062866, 0.029904713854193687]","[-0.4154926538467407, -0.8776258230209351, -0.3296940326690674, 0.03938949108123779]",False,"[0.47080475091934204, 0.09058795869350433, 0.029999999329447746]","[[0.6086671352386475, 0.3229019343852997, 0.06291937083005905, 0.07535737752914429, 0.6006377935409546, 0.37436479330062866, 0.029904713854193687, -0.00487167201936245, 0.002041381550952792, 0.1920415461063385]]","[-0.08264469355344772, 0.2006242573261261, 0.5601043701171875, 0.2440088987350464, -1.3395110368728638, 0.589962363243103]","[[-0.017859965562820435, -0.018367554992437363, -0.016200082376599312]]","[0, 1]",8.135060158,-0.3120671808719635,32,2468,1748251720.6210964,19
"[[-0.019617294892668724, 0.04722168669104576, -0.04998987168073654]]",2478,"[0.6208323240280151, 0.10581055283546448, 0.029989872127771378]","[-0.3923459053039551, 0.9444336891174316, -1, 1]",False,"[0.6760052442550659, 0.24463528394699097, 0.029999999329447746]","[[0.6321050524711609, 0.02417948469519615, 0.1674773097038269, 0.07027384638786316, 0.6208323240280151, 0.10581055283546448, 0.029989872127771378, 3.4093625345121836e-06, -1.5367468222393654e-06, -1.9606155240992074e-11]]","[0.03122839704155922, -0.03600741922855377, -0.040873948484659195, -0.03563288599252701, 0.07730468362569809, 0.2006673514842987]","[[-0.013282692059874535, 0.02304220199584961, -0.0200771726667881]]","[0, 1]",8.182473652,-0.14938659965991974,33,2478,1748251720.6403134,0
"[[0.0020704984199255705, 0.04999992996454239, -0.049989908933639526]]",2496,"[0.4788787066936493, 0.16390658915042877, 0.029989998787641525]","[0.041409969329833984, 0.9999985694885254, -0.999998152256012, 0.9806913137435913]",False,"[0.6707492470741272, 0.01785041205585003, 0.029999999329447746]","[[0.6462336182594299, 0.024414850398898125, 0.173125222325325, 0.07027385383844376, 0.4788787066936493, 0.16390658915042877, 0.029989998787641525, -1.4674657222712995e-07, 1.1813904166046996e-07, 9.284202773978192e-14]]","[0.03122865967452526, -0.03601454198360443, -0.04087548330426216, -0.03563989698886871, 0.07730221748352051, 0.2006721794605255]","[[-0.005723464302718639, 0.025585079565644264, -0.025724992156028748]]","[0, 1]",8.226458624,-0.24113629758358002,35,2496,1748251720.685542,0
"[[0.00828290544450283, 0.008067794144153595, -0.04336092621088028]]",2543,"[0.6512351632118225, 0.385530024766922, 0.029853055253624916]","[0.02457273006439209, 0.8738924264907837, -0.8689036965370178, 0.9877673387527466]",False,"[0.5960365533828735, -0.1329883188009262, 0.029999999329447746]","[[0.6789363622665405, 0.3608092963695526, 0.06147180125117302, 0.08000314235687256, 0.6512351632118225, 0.385530024766922, 0.029853055253624916, -0.0003710438613779843, -0.004082173574715853, -0.1146559938788414]]","[-0.09210951626300812, 0.3479697108268738, -0.022777993232011795, 0.09772351384162903, -0.09722360223531723, 0.1553868055343628]","[[0.007197147700935602, 0.007596440613269806, -0.04263722524046898]]","[0, 1]",8.32286452,-0.5214481353759766,37,2543,1748251720.7906296,12
"[[-0.01847028359770775, -0.035243574529886246, 0.030783401802182198]]",2556,"[0.38263803720474243, 0.5340071320533752, 0.02998458594083786]","[-0.8222686052322388, -0.7770586609840393, 0.616132378578186, 0.2674992084503174]",False,"[0.5960365533828735, -0.1329883188009262, 0.029999999329447746]","[[0.4177630841732025, 0.5042983293533325, 0.10364305227994919, 0.05662580579519272, 0.38263803720474243, 0.5340071320533752, 0.02998458594083786, -2.250558100058697e-05, -0.00015806127339601517, -0.9505812525749207]]","[0.32648134231567383, -0.944989800453186, 1.7783491611480713, 2.636064291000366, -0.4885287582874298, 0.634467363357544]","[[-0.017058398574590683, -0.01999456062912941, 0.009278591722249985]]","[0, 1]",8.37056289,-0.7003012895584106,37,2556,1748251720.8187878,25
"[[-0.020863696932792664, 0.03801790997385979, 0.0472736656665802]]",2579,"[-0.12283382564783096, 0.45343419909477234, 0.029920239001512527]","[-0.8449152112007141, 0.6921919584274292, 0.9453144073486328, 0.07654500007629395]",False,"[0.5960365533828735, -0.1329883188009262, 0.029999999329447746]","[[-0.24655652046203613, 0.4363054037094116, 0.3129359781742096, 0.006724334787577391, -0.12283382564783096, 0.45343419909477234, 0.029920239001512527, 9.485367627348751e-05, -0.0021085909102112055, 1.7997652292251587]]","[-0.09403010457754135, -4.405635356903076, 2.692342519760132, 12.086671829223633, 4.235086441040039, -0.24441201984882355]","[[-0.017833441495895386, 0.02152402326464653, 0.019961487501859665]]","[0, 1]",8.418446819,-0.927720844745636,37,2579,1748251720.8602676,48
"[[-0.006127980537712574, -0.005908757448196411, -0.021536270156502724]]",2604,"[0.6461135149002075, -0.4997394382953644, 0.02998892404139042]","[-0.22782021760940552, -0.27194201946258545, -0.4307250380516052, 0.940732479095459]",False,"[0.6094275116920471, 0.23808760941028595, 0.029999999329447746]","[[0.6419996619224548, -0.4533994197845459, 0.06188220530748367, 0.08000197261571884, 0.6461135149002075, -0.4997394382953644, 0.02998892404139042, -0.003403256181627512, -0.0033607305958867073, 0.02245474047958851]]","[-0.3010580241680145, 0.37041136622428894, 0.3338879644870758, -0.14871558547019958, -0.6672000885009766, 0.3782230615615845]","[[-0.0060037048533558846, -0.006598025560379028, -0.021727455779910088]]","[0, 1]",8.424127884,-0.7387385368347168,39,2604,1748251720.9102223,15
"[[-0.035373300313949585, -0.029214005917310715, 0.05054254084825516]]",2629,"[-0.035478707402944565, -0.936641275882721, -0.36746135354042053]","[-0.8885489106178284, -0.9709616899490356, 0.9623034000396729, -0.8959773778915405]",False,"[0.6094275116920471, 0.23808760941028595, 0.029999999329447746]","[[0.4888199269771576, -0.6021966934204102, 0.30619388818740845, 1.6205552810788504e-07, -0.035478707402944565, -0.936641275882721, -0.36746135354042053, -3.0516035556793213, -0.000923647137824446, -0.4735513925552368]]","[-3.423090696334839, -2.3616890907287598, 5.0496296882629395, 8.818452835083008, 2.781054735183716, 0.0797385722398758]","[[-0.050956569612026215, -0.06649820506572723, 0.0417710617184639]]","[0, 1]",8.472295236,-1.3978080749511719,39,2629,1748251720.9589,40
"[[-0.031557049602270126, -0.022885775193572044, 0.047829002141952515]]",2632,"[-0.05320313572883606, -0.9723654389381409, -0.3700111508369446]","[-0.7205225825309753, -0.6206507682800293, 0.9566378593444824, -0.8871439695358276]",False,"[0.6094275116920471, 0.23808760941028595, 0.029999999329447746]","[[0.37647998332977295, -0.6532456874847412, 0.38744696974754333, 3.5498266015565605e-07, -0.05320313572883606, -0.9723654389381409, -0.3700111508369446, -3.141563892364502, -9.782502274902072e-06, -0.6619983315467834]]","[-2.9988508224487305, -3.320812225341797, 5.133337497711182, 11.316437721252441, 4.014718532562256, -0.1360056847333908]","[[0.009969402104616165, -0.01519087515771389, 0.02385842800140381]]","[0, 1]",8.477533379,-1.4367619752883911,39,2632,1748251720.9640667,43
"[[0.041530754417181015, 0.04359013959765434, 0.020165665075182915]]",2635,"[-0.0568251870572567, -0.9787643551826477, -0.3700108826160431]","[0.8306101560592651, 0.8717861175537109, 0.40330612659454346, -0.6168050765991211]",False,"[0.6094275116920471, 0.23808760941028595, 0.029999999329447746]","[[0.41538986563682556, -0.5885457396507263, 0.46257948875427246, 2.7403930857872183e-07, -0.0568251870572567, -0.9787643551826477, -0.3700108826160431, -3.141554832458496, 6.539977221109439e-06, -0.6819739937782288]]","[-2.689408302307129, -4.049084186553955, 5.1588945388793945, 13.150367736816406, 5.470461368560791, -0.4527023434638977]","[[0.001999128609895706, 0.008665632456541061, 0.0003426503390073776]]","[0, 1]",8.482879114,-1.4438247680664062,39,2635,1748251720.969319,46
"[[0.08863577246665955, -0.08164483308792114, -0.009803330525755882]]",2651,"[0.5600453019142151, -0.16887645423412323, 0.029999999329447746]","[-0.3661113977432251, -0.8230640292167664, -0.19457697868347168, -0.9032956957817078]",True,"[0.422597736120224, -0.16826452314853668, 0.029999999329447746]","[[0.6384396553039551, -2.194472251484947e-12, 0.19740013778209686, 0, 0.5600453019142151, -0.16887645423412323, 0.029999999329447746, 0, 0, 0]]","[0.20146428048610687, -0.3065899610519409, -1.6613199710845947, 1.6800318956375122, -1.6970298290252686, 0.4140770435333252]","[[0.004475921392440796, -0.2539672255516052, -0.18548277020454407]]","[0, 1]",8.520536906,-0.013955452479422092,40,2651,1748251721.0069745,12
"[[-0.015903187915682793, -0.05000000074505806, 0.04974444955587387]]",2652,"[0.56416916847229, 0.04135175421833992, 0.029989872127771378]","[-0.31806373596191406, -1, 0.994686484336853, 0.38832545280456543]",False,"[0.6132010221481323, -0.13745635747909546, 0.029999999329447746]","[[0.6210353970527649, -0.02468131110072136, 0.20386554300785065, 0.03411142900586128, 0.56416916847229, 0.04135175421833992, 0.029989872127771378, -1.5367468222393654e-06, 3.4093625345121836e-06, 1.4366828039735768e-11]]","[0.03122839704155922, -0.03600741922855377, -0.040873948484659195, -0.03563288599252701, 0.07730468362569809, 0.2006673514842987]","[[0.0015010703355073929, -0.0253186896443367, 0.04326891899108887]]","[0, 1]",8.522180485,-0.18540890514850616,41,2652,1748251721.0087972,0
"[[0.015014957636594772, -0.05178747698664665, -0.0026356764137744904]]",2659,"[0.6108614206314087, 0.0634092316031456, 0.03981084004044533]","[0.911003589630127, -0.7140740752220154, 0.023297667503356934, -0.9525877833366394]",False,"[0.6132010221481323, -0.13745635747909546, 0.029999999329447746]","[[0.5846519470214844, 0.05843720585107803, 0.0312558114528656, 0.05460738018155098, 0.6108614206314087, 0.0634092316031456, 0.03981084004044533, -0.001893257605843246, -0.012086158618330956, 0.2693866193294525]]","[0.44391509890556335, 0.20505687594413757, -1.536813497543335, 0.7738489508628845, -0.6619093418121338, 0.17969876527786255]","[[0.013961147516965866, -0.04857160523533821, -0.002961738035082817]]","[0, 1]",8.537007657,-0.20111864805221558,41,2659,1748251721.0226188,7
"[[-0.01706036366522312, 0.0033170245587825775, -0.017949648201465607]]",2668,"[0.712130069732666, -0.1672733873128891, 0.030085252597928047]","[-0.5888144969940186, -0.3652889132499695, -0.3596709966659546, -0.9147496819496155]",False,"[0.6132010221481323, -0.13745635747909546, 0.029999999329447746]","[[0.686451256275177, -0.16965536773204803, 0.02164839394390583, 0.05847439542412758, 0.712130069732666, -0.1672733873128891, 0.030085252597928047, -0.005115174222737551, -0.0010330347577109933, 0.17554640769958496]]","[0.45277702808380127, -0.7613818049430847, -0.17939189076423645, 2.8343491554260254, -1.153936505317688, 0.43986576795578003]","[[-0.017140710726380348, 0.0031417421996593475, -0.017964472994208336]]","[0, 1]",8.562834608,-0.10332484543323517,41,2668,1748251721.048156,16
"[[0.05748548358678818, 0.008428001776337624, 0.005984258837997913]]",2719,"[-0.003321901662275195, 0.46423786878585815, 0.029989998787641525]","[0.8764079809188843, 0.1863466501235962, 0.11968517303466797, -0.7240874767303467]",False,"[0.5756069421768188, -0.07447024434804916, 0.029999999329447746]","[[0.7256792187690735, 0.025742903351783752, 0.37259095907211304, 3.080331367755207e-08, -0.003321901662275195, 0.46423786878585815, 0.029989998787641525, -1.181441788844495e-07, -1.50753280081517e-07, 0.5285909175872803]]","[-0.017345508560538292, -4.117753505706787, 2.591674327850342, 11.33054256439209, 3.508965253829956, -0.07393969595432281]","[[0.02979632094502449, 0.002023451030254364, 0.0133484723046422]]","[0, 1]",8.686745578,-0.7908002734184265,42,2719,1748251721.1500561,45
"[[0.04115171730518341, 0.01931826025247574, 0.06902904808521271]]",2755,"[0.06197775527834892, -0.8747057318687439, -0.002202141098678112]","[0.14316892623901367, -0.6671718955039978, 0.9060161113739014, -0.5756190419197083]",False,"[0.465999960899353, 0.01937989890575409, 0.029999999329447746]","[[0.14088228344917297, -0.694746196269989, 0.1828823983669281, 0.0021604769863188267, 0.06197775527834892, -0.8747057318687439, -0.002202141098678112, 0.21021351218223572, -0.07329641282558441, 0.36164018511772156]]","[-0.0965714082121849, -1.043647289276123, 3.023703098297119, 2.605395793914795, 0.0010514482855796814, 0.6255058646202087]","[[0.004018265288323164, -0.018889926373958588, 0.013531755656003952]]","[0, 1]",8.778437536,-0.981661856174469,43,2755,1748251721.22658,31
"[[-0.005480751395225525, 0.014564936980605125, 0.03938828036189079]]",2765,"[-0.15295064449310303, -1.2551133632659912, -0.3700566589832306]","[-0.219385027885437, -0.04198658466339111, 0.7917394638061523, -0.8091181516647339]",False,"[0.465999960899353, 0.01937989890575409, 0.029999999329447746]","[[-0.12879745662212372, -0.7334638237953186, 0.09212779253721237, 2.615547316509037e-07, -0.15295064449310303, -1.2551133632659912, -0.3700566589832306, 1.5721073150634766, -6.941099854884669e-05, 0.5583691596984863]]","[-3.5950498580932617, -2.433357000350952, 5.321887969970703, 8.907142639160156, 3.132948160171509, -0.0017550736665725708]","[[-0.0013030171394348145, -0.0009634436573833227, 0.01047499105334282]]","[0, 1]",8.778815756,-1.4722357988357544,43,2765,1748251721.2433486,41
"[[0.012414494529366493, 0.00647968053817749, 0.04376218840479851]]",2766,"[-0.15704311430454254, -1.2682045698165894, -0.3700192868709564]","[0.16644048690795898, -0.13223052024841309, 0.8759912252426147, -0.8327368497848511]",False,"[0.465999960899353, 0.01937989890575409, 0.029999999329447746]","[[-0.12223749607801437, -0.7358006834983826, 0.12131288647651672, 1.646676963673599e-07, -0.15704311430454254, -1.2682045698165894, -0.3700192868709564, 1.5710293054580688, 1.8775786884361878e-05, 0.5574685335159302]]","[-3.3942184448242188, -2.6967849731445312, 5.237388610839844, 9.567031860351562, 3.392777919769287, -0.004744246602058411]","[[0.0017620641738176346, -0.0042746663093566895, 0.014614466577768326]]","[0, 1]",8.778851714,-1.4852851629257202,43,2766,1748251721.2451406,42
"[[0.07294981181621552, -0.02885746769607067, 0.039299480617046356]]",2810,"[-0.05827343836426735, -0.5684052109718323, 0.029941974207758904]","[0.8377112150192261, -0.519906222820282, 0.7852480411529541, -0.5241533517837524]",False,"[0.5005118250846863, 0.25630950927734375, 0.029999999329447746]","[[0.350370317697525, -0.6784120202064514, 0.3085780441761017, 8.555193744541612e-07, -0.05827343836426735, -0.5684052109718323, 0.029941974207758904, -0.0017992234788835049, -0.000311760202748701, 0.026976032182574272]]","[-0.23218269646167755, -1.7847950458526611, 2.937718391418457, 4.689838409423828, 0.6789926290512085, 0.40928930044174194]","[[0.023319073021411896, -0.03223705291748047, 0.019528944045305252]]","[0, 1]",8.894344826,-0.9961904287338257,44,2810,1748251721.3348725,36
"[[-0.021136105060577393, 0.04180186614394188, -0.028782056644558907]]",2825,"[0.5380472540855408, 0.16701610386371613, 0.029989873990416527]","[-0.42272210121154785, 0.836037278175354, -0.5756410956382751, 0.5357677936553955]",False,"[0.6157850623130798, 0.2235867828130722, 0.029999999329447746]","[[0.6108706593513489, 0.03153591230511665, 0.18651153147220612, 0.06624514609575272, 0.5380472540855408, 0.16701610386371613, 0.029989873990416527, -5.646077738674649e-07, 4.290050128474832e-06, 1.8109276231359495e-11]]","[0.031402356922626495, -0.025921620428562164, -0.019045453518629074, -0.028400979936122894, 0.053553514182567596, 0.13179245591163635]","[[-0.012253820896148682, 0.015554551035165787, -0.015144571661949158]]","[0, 1]",8.89494832,-0.09614264219999313,45,2825,1748251721.361401,1
"[[-0.0006625831592828035, 0.007182851433753967, -0.04916642606258392]]",2850,"[0.7375193238258362, 0.26336631178855896, 0.029962580651044846]","[-0.050647616386413574, 0.8923113346099854, -0.9830520749092102, 0.9958374500274658]",False,"[0.6358669400215149, 0.15587322413921356, 0.029999999329447746]","[[0.746924877166748, 0.2404123991727829, 0.061559490859508514, 0.07999284565448761, 0.7375193238258362, 0.26336631178855896, 0.029962580651044846, -0.0014577456749975681, 0.001997149782255292, -0.23326575756072998]]","[-0.10357772558927536, 0.34373849630355835, -0.31135281920433044, 0.26973652839660645, -0.4308781325817108, 0.2570677399635315]","[[0.0023557960521429777, 0.006412938237190247, -0.04926377907395363]]","[0, 1]",8.939053277,-0.147945836186409,47,2850,1748251721.4140959,13
"[[0.011775434017181396, 0.00665963813662529, -0.048948489129543304]]",2851,"[0.7318816781044006, 0.29799044132232666, 0.029985271394252777]","[0.12275576591491699, 0.825675368309021, -0.9785159826278687, 0.9894648790359497]",False,"[0.6358669400215149, 0.15587322413921356, 0.029999999329447746]","[[0.7413292527198792, 0.27534419298171997, 0.06159476935863495, 0.08001267164945602, 0.7318816781044006, 0.29799044132232666, 0.029985271394252777, -0.00019852495461236686, 0.00036591364187188447, -0.23104014992713928]]","[-0.13574205338954926, 0.27557894587516785, -0.24365565180778503, 0.14744281768798828, -0.9827744960784912, 0.4487372040748596]","[[0.011733412742614746, 0.006351973861455917, -0.04896107688546181]]","[0, 1]",8.939098031,-0.17151130735874176,47,2851,1748251721.4162996,14
"[[0.015916133299469948, 0.006453469395637512, 0.026661960408091545]]",2869,"[0.6527296304702759, 0.10654013603925705, 0.041811950504779816]","[0.277451753616333, 0.9792478084564209, 0.7730047702789307, -0.9005017876625061]",False,"[0.6259830594062805, 0.1803627461194992, 0.029999999329447746]","[[0.6530697345733643, 0.10625556856393814, 0.032434843480587006, 0.05635383352637291, 0.6527296304702759, 0.10654013603925705, 0.041811950504779816, -0.005026749800890684, 0.024939119815826416, 0.008501890115439892]]","[0.9410154223442078, 0.26941388845443726, -3.210531711578369, 1.7596477270126343, -0.9966402053833008, 0.10932858288288116]","[[0.016747022047638893, 0.005256131291389465, 0.026343099772930145]]","[0, 1]",8.97009133,-0.07940200716257095,49,2869,1748251721.455372,7
"[[-0.0257932897657156, -0.04670022055506706, -0.049898602068424225]]",2898,"[0.6055416464805603, -0.1631581336259842, 0.029989996924996376]","[-0.5158658027648926, -0.9340043663978577, -0.9979720115661621, 0.9996767044067383]",False,"[0.4326840937137604, 0.24578960239887238, 0.029999999329447746]","[[0.5926430225372314, -0.1301685869693756, 0.10246244817972183, 0.07998249679803848, 0.6055416464805603, -0.1631581336259842, 0.029989996924996376, -8.813473328928012e-08, 5.289856552792571e-09, 9.551739824434358e-14]]","[0.056687600910663605, -0.027728959918022156, 0.006541680544614792, -0.020896390080451965, -0.017277218401432037, -0.005010694265365601]","[[-0.004425143823027611, -0.00657503679394722, 0.0016952753067016602]]","[0, 5]",9.192193541,-0.4439797103404999,2,2898,1748251721.678692,3
"[[0.03549913316965103, -0.04862791299819946, -0.035724151879549026]]",3048,"[0.9032247066497803, -0.18021707236766815, 0.029989875853061676]","[0.9466118812561035, -0.9815138578414917, -0.7144830226898193, -0.4811564087867737]",False,"[0.42249196767807007, 0.15990135073661804, 0.029999999329447746]","[[0.7007901072502136, -0.3848358392715454, 0.007990655489265919, 1.5595331603890372e-07, 0.9032247066497803, -0.18021707236766815, 0.029989875853061676, 4.494076165428851e-06, 3.385081583928695e-07, 0.017405128106474876]]","[-0.0779513344168663, 0.06212709844112396, 1.218241810798645, 0.28768494725227356, -0.8596909046173096, 0.5821287035942078]","[[0.05685565620660782, -0.036055684089660645, -0.02292250096797943]]","[0, 5]",9.511649258,-0.5888841152191162,6,3048,1748251721.9917042,20
"[[0.002782214432954788, 0.03216223046183586, -0.004014809615910053]]",3118,"[0.5486553907394409, -0.2957070469856262, 0.02996504120528698]","[0.32348012924194336, 0.07437372207641602, -0.08004391193389893, 0.5988284349441528]",False,"[0.4170183837413788, 0.0245744027197361, 0.029999999329447746]","[[0.5591076612472534, -0.17862634360790253, 0.06705589592456818, 0.0798870176076889, 0.5486553907394409, -0.2957070469856262, 0.02996504120528698, -0.00025231324252672493, -0.0005797767662443221, -2.055025100708008]]","[0.03425739333033562, 0.24825449287891388, 0.06913942098617554, 0.027674105018377304, 0.11461000144481659, 0.04056858271360397]","[[0.004664350301027298, -5.4720090702176094e-05, -0.0011119144037365913]]","[0, 5]",9.646300118,-0.3462780714035034,9,3118,1748251722.1325188,9
"[[-0.052059970796108246, -0.01997816562652588, 0.04913158714771271]]",3136,"[0.7833254337310791, -0.7942911386489868, 0.021769555285573006]","[-0.7866505980491638, -0.9432625770568848, 0.8257575035095215, 0.27539002895355225]",False,"[0.4170183837413788, 0.0245744027197361, 0.029999999329447746]","[[0.11745330691337585, 0.20077355206012726, 0.01693950966000557, 0.07988820970058441, 0.7833254337310791, -0.7942911386489868, 0.021769555285573006, -0.11646920442581177, 0.15909065306186676, -2.2069499492645264]]","[0.15181677043437958, -0.6512080430984497, 1.9260623455047607, 1.9450932741165161, -0.31248554587364197, 0.5870410799980164]","[[-0.039647795259952545, -0.06518787145614624, 0.030576545745134354]]","[0, 5]",9.70341428,-0.8971005082130432,9,3136,1748251722.169188,27
"[[-0.0617804080247879, -0.0026524215936660767, -0.012148018926382065]]",3138,"[0.808663547039032, -0.8487101793289185, -0.03827689215540886]","[-0.9826448559761047, -0.5963638424873352, -0.9992935657501221, -0.9626047611236572]",False,"[0.4170183837413788, 0.0245744027197361, 0.029999999329447746]","[[0.08103331923484802, 0.19504620134830475, 0.0084651168435812, 0.002065818989649415, 0.808663547039032, -0.8487101793289185, -0.03827689215540886, -0.4381013810634613, 0.5209270715713501, -2.3154284954071045]]","[-0.20542635023593903, -1.1150600910186768, 3.034198760986328, 2.6985766887664795, -0.39685216546058655, 0.8806702494621277]","[[-0.02641720324754715, -0.02625010907649994, -0.044709157198667526]]","[0, 5]",9.703708563,-0.9595173597335815,9,3138,1748251722.1727345,29
"[[-0.0825563296675682, -0.008967019617557526, 0.06434586644172668]]",3207,"[1.1063883304595947, -0.37062904238700867, 0.009113281033933163]","[-0.568279504776001, -0.8199108839035034, 0.9371109008789062, 0.9774271249771118]",False,"[0.47516241669654846, -0.1793823540210724, 0.029999999329447746]","[[0.33049309253692627, -0.43811899423599243, 0.25005021691322327, 0.0799998790025711, 1.1063883304595947, -0.37062904238700867, 0.009113281033933163, -0.08695802837610245, 0.15841171145439148, -0.499673455953598]]","[-0.18627293407917023, -1.8093593120574951, 2.7099170684814453, 4.817892074584961, 0.5446045398712158, 0.40241700410842896]","[[-0.0035735908895730972, -0.010160930454730988, 0.011612005531787872]]","[0, 5]",9.858714853,-0.659892201423645,12,3207,1748251722.3103774,34
"[[-0.07831015437841415, -0.0017435848712921143, 0.03251563757658005]]",3213,"[1.4130562543869019, -0.5684561729431152, -0.3565165400505066]","[-0.7704882025718689, -0.8338719606399536, -0.27236413955688477, 0.8366913795471191]",False,"[0.47516241669654846, -0.1793823540210724, 0.029999999329447746]","[[0.11612927913665771, -0.6015878319740295, 0.2833237648010254, 0.0799998790025711, 1.4130562543869019, -0.5684561729431152, -0.3565165400505066, 0.21214860677719116, 1.1719017028808594, 0.04542068764567375]]","[-3.2993245124816895, -2.776986598968506, 5.379419803619385, 9.474875450134277, 2.922715902328491, 0.07651158422231674]","[[-0.004106573760509491, -0.014859169721603394, 0.0069816941395401955]]","[0, 5]",9.858933985,-1.086470603942871,12,3213,1748251722.3201747,40
"[[0.033675339072942734, 0.06461727619171143, -0.03276848420500755]]",3221,"[1.5745513439178467, -0.8250786066055298, -0.37001141905784607]","[0.8816795349121094, 0.8555376529693604, -0.65522301197052, 0.9643515348434448]",False,"[0.47516241669654846, -0.1793823540210724, 0.029999999329447746]","[[0.2789493799209595, -0.5707374811172485, 0.07068102806806564, 0.0799999013543129, 1.5745513439178467, -0.8250786066055298, -0.37001141905784607, 1.5705815553665161, -0.0002697258605621755, 2.8562045097351074]]","[-2.753925323486328, -4.3209123611450195, 5.539564609527588, 13.591621398925781, 6.089504241943359, -0.5224300026893616]","[[0.003943469375371933, 0.008767426013946533, 0.0006606839597225189]]","[0, 5]",9.85923439,-1.3362592458724976,12,3221,1748251722.3334165,48
"[[-0.01659722626209259, -0.006770767271518707, 0.02533736452460289]]",3317,"[0.4982011616230011, -0.22577185928821564, 0.08484596014022827]","[-0.5014237761497498, 0.9898896217346191, 0.9480764865875244, -0.9948858022689819]",False,"[0.4205823838710785, 0.12254153192043304, 0.029999999329447746]","[[0.48919978737831116, -0.2373422235250473, 0.08159349113702774, 0.05374297872185707, 0.4982011616230011, -0.22577185928821564, 0.08484596014022827, 0.009900347329676151, 0.19638389348983765, -0.0031425373163074255]]","[0.10023800283670425, -0.03042164444923401, -1.0417327880859375, 1.4872398376464844, -1.5029021501541138, 0.45766061544418335]","[[-0.012055352330207825, 0.006897352635860443, 0.022731751203536987]]","[0, 5]",10.075055876,-0.36104705929756165,16,3317,1748251722.5365,17
"[[0.026354670524597168, 0.011589713394641876, 0.03400891274213791]]",3341,"[0.6764688491821289, -0.13927806913852692, 0.03865085542201996]","[0.8052682876586914, 0.9067816734313965, 0.7950034141540527, -0.9347089529037476]",False,"[0.6881825923919678, -0.06367205083370209, 0.029999999329447746]","[[0.6731141209602356, -0.13039998710155487, 0.031003626063466072, 0.05741690844297409, 0.6764688491821289, -0.13927806913852692, 0.03865085542201996, 0.00056226528249681, 0.0775710791349411, -0.004835434723645449]]","[0.32560840249061584, 0.378862202167511, -1.8562519550323486, 0.9602639079093933, -1.0375407934188843, 0.343475341796875]","[[0.02678006887435913, 0.010313756763935089, 0.03393411636352539]]","[0, 5]",10.106760882,-0.07699558138847351,17,3341,1748251722.5922997,14
"[[-0.02381868287920952, -0.0008354224264621735, 0.02558577060699463]]",3363,"[0.6174137592315674, -0.14484591782093048, 0.05832066386938095]","[-0.9286262392997742, 0.9259154796600342, 0.7730505466461182, -0.9797655344009399]",False,"[0.5150470733642578, -0.1795775443315506, 0.029999999329447746]","[[0.6029693484306335, -0.13878095149993896, 0.05536162108182907, 0.054368168115615845, 0.6174137592315674, -0.14484591782093048, 0.05832066386938095, 0.008258928544819355, 0.2508447468280792, 0.010793985798954964]]","[0.4841664731502533, 0.19898921251296997, -2.8328332901000977, 1.5244487524032593, -1.2848652601242065, 0.3194834589958191]","[[-0.019336652010679245, 0.005259450525045395, 0.021586596965789795]]","[0, 5]",10.18259464,-0.11174651980400085,20,3363,1748251722.6386518,9
"[[0.0255679152905941, 0.08501112461090088, 0.04930749535560608]]",3381,"[0.8273825645446777, -0.4710756242275238, 0.02998645417392254]","[0.7958571910858154, 0.9803323745727539, 0.9863061904907227, 0.8244670629501343]",False,"[0.506190836429596, -0.15116900205612183, 0.029999999329447746]","[[0.7747197151184082, 0.04114837571978569, 0.13289855420589447, 0.07999999821186066, 0.8273825645446777, -0.4710756242275238, 0.02998645417392254, -8.827332203509286e-05, 7.3640680966491345e-06, 1.0890519618988037]]","[-0.25953516364097595, 0.3412778377532959, 0.24240723252296448, -0.06862299889326096, -0.11894146353006363, 0.20542433857917786]","[[0.033588018268346786, 0.006584733724594116, 0.020977556705474854]]","[0, 5]",10.226492388,-0.45332589745521545,21,3381,1748251722.6747882,13
"[[0.018704038113355637, 0.08564391732215881, 0.037211693823337555]]",3384,"[0.8697901964187622, -0.5783829092979431, 0.02998226322233677]","[0.6559118032455444, 0.9997396469116211, 0.7442330121994019, -0.1503283977508545]",False,"[0.506190836429596, -0.15116900205612183, 0.029999999329447746]","[[0.7729708552360535, 0.1610960066318512, 0.22658075392246246, 0.06679459661245346, 0.8697901964187622, -0.5783829092979431, 0.02998226322233677, -0.00022874072601553053, 1.564473677717615e-05, 1.1471712589263916]]","[-0.3180667757987976, 0.3256309926509857, 0.6006362438201904, -0.2098340094089508, -0.8082565069198608, 0.44338005781173706]","[[0.035945575684309006, 0.011979717761278152, 0.01032000407576561]]","[0, 5]",10.226606663,-0.5609956979751587,21,3384,1748251722.6798422,16
"[[-0.06326310336589813, 0.0811055600643158, 0.09680972248315811]]",3396,"[1.0353435277938843, -0.9979508519172668, -0.30997538566589355]","[-0.9953721761703491, 0.9371762275695801, 0.04646944999694824, -0.6254780292510986]",False,"[0.506190836429596, -0.15116900205612183, 0.029999999329447746]","[[0.2621084153652191, 0.6302361488342285, 0.5205042958259583, 0.0250551775097847, 1.0353435277938843, -0.9979508519172668, -0.30997538566589355, 0.6527215838432312, -0.8796372413635254, 0.8337215781211853]]","[-0.21649928390979767, -1.1017056703567505, 2.7079758644104004, 2.9233009815216064, -0.8235438466072083, 0.8595194220542908]","[[0.001478869467973709, 0.017552699893712997, 0.006943369284272194]]","[0, 5]",10.227045237,-1.0548105239868164,21,3396,1748251722.6994417,28
"[[-0.01490070577710867, 0.04780297353863716, -0.019456401467323303]]",3433,"[0.5073364973068237, 0.16901151835918427, 0.029989998787641525]","[-0.2980141043663025, 0.956059455871582, -0.38912802934646606, 0.11408579349517822]",False,"[0.40358296036720276, 0.07343407720327377, 0.029999999329447746]","[[0.5438817739486694, 0.10771331936120987, 0.10774089395999908, 0.011916722171008587, 0.5073364973068237, 0.16901151835918427, 0.029989998787641525, -6.774839533818522e-08, 5.148939052901369e-10, 9.556002771851299e-14]]","[0.15960808098316193, 0.05415324866771698, 0.04068436101078987, -0.012291155755519867, 0.005066312849521637, -0.03153543174266815]","[[-0.002420506440103054, 0.006929505616426468, -0.0018856972455978394]]","[0, 5]",10.281656857,-0.1410668045282364,23,3433,1748251722.768154,5
"[[0.0064036427065730095, -0.015858745202422142, -0.038884833455085754]]",3454,"[0.6536420583724976, -0.32683444023132324, 0.029973968863487244]","[0.2877119779586792, -0.6039972305297852, -0.7765397429466248, 0.3831362724304199]",False,"[0.5022199153900146, -0.12338621914386749, 0.029999999329447746]","[[0.6677585244178772, -0.3040584921836853, 0.06196245178580284, 0.08009053766727448, 0.6536420583724976, -0.32683444023132324, 0.029973968863487244, -0.0001947865093825385, -0.0003466302005108446, -0.01350087858736515]]","[0.04436767101287842, 0.25227099657058716, 0.001707460731267929, 0.06324616819620132, 0.08918680250644684, 0.042746394872665405]","[[0.001312333159148693, -0.007613753899931908, -0.036919016391038895]]","[0, 5]",10.342827111,-0.25361356139183044,24,3454,1748251722.817054,9
"[[0.0029647890478372574, -0.011881846934556961, -0.04635845869779587]]",3456,"[0.6684280037879944, -0.3557892441749573, 0.029900047928094864]","[0.18807637691497803, -0.5072948932647705, -0.9288212060928345, 0.762343168258667]",False,"[0.5022199153900146, -0.12338621914386749, 0.029999999329447746]","[[0.6826127171516418, -0.3395666480064392, 0.06134033203125, 0.08005665987730026, 0.6684280037879944, -0.3557892441749573, 0.029900047928094864, -0.0029915813356637955, -2.2052421627449803e-05, -0.12152682989835739]]","[-0.09472556412220001, 0.313110888004303, 0.07376337051391602, 0.04210425913333893, 0.07839972525835037, 0.09988139569759369]","[[0.0038195792585611343, -0.008252400904893875, -0.04622924327850342]]","[0, 5]",10.342905027,-0.2857206463813782,24,3456,1748251722.8216991,11
"[[-0.06424817442893982, 0.0056784264743328094, -0.02423316426575184]]",3509,"[0.505594789981842, 0.19965018332004547, 0.03215392306447029]","[-0.9179437756538391, 0.8044611215591431, -0.44419676065444946, -0.788697361946106]",False,"[0.4281041622161865, 0.1910368949174881, 0.029999999329447746]","[[0.49585771560668945, 0.1959691047668457, 0.02591572143137455, 0.05291151627898216, 0.505594789981842, 0.19965018332004547, 0.03215392306447029, 0.03652185574173927, 0.03785752132534981, -0.0068887644447386265]]","[0.12077883630990982, -0.5101418495178223, -1.2680667638778687, 1.9464585781097412, -1.5515469312667847, 0.35893020033836365]","[[-0.056296203285455704, 0.001568567007780075, -0.026229729875922203]]","[0, 5]",10.452596377,-0.0779976025223732,25,3509,1748251722.938309,14
"[[-0.012166714295744896, 0.005550098605453968, -0.046711474657058716]]",3534,"[0.5926723480224609, -0.14733661711215973, 0.02968665026128292]","[-0.08156967163085938, -0.2688637971878052, -0.9889629483222961, 0.9001467227935791]",False,"[0.48651814460754395, -0.06962887197732925, 0.029999999329447746]","[[0.603010892868042, -0.12715889513492584, 0.06180379167199135, 0.07999397069215775, 0.5926723480224609, -0.14733661711215973, 0.02968665026128292, -0.0020680988673120737, -0.007662446238100529, 0.1693381816148758]]","[0.3044638931751251, 0.20452724397182465, -0.687440812587738, 0.36620938777923584, -0.29254356026649475, 0.09174063801765442]","[[-0.017597472295165062, 0.0010481597855687141, -0.04795494303107262]]","[0, 5]",10.542497759,-0.13155722618103027,27,3534,1748251722.9924471,7
"[[-0.01796054281294346, -0.03272166848182678, -0.04980802536010742]]",3535,"[0.6071417331695557, -0.1594274938106537, 0.029941007494926453]","[-0.06982314586639404, -0.8962509036064148, -0.9910733103752136, 0.9485514163970947]",False,"[0.48651814460754395, -0.06962887197732925, 0.029999999329447746]","[[0.6101657748222351, -0.15377232432365417, 0.04933380335569382, 0.08000277727842331, 0.6071417331695557, -0.1594274938106537, 0.029941007494926453, -0.0003758419770747423, -0.0011709794634953141, 0.4453974962234497]]","[0.29551970958709717, 0.2319873422384262, -0.7642502188682556, 0.4881935119628906, -0.36327144503593445, 0.1202804297208786]","[[-0.010646039620041847, -0.018199115991592407, -0.03708367794752121]]","[0, 5]",10.542538064,-0.1503790020942688,27,3535,1748251722.994336,8
"[[-0.015792887657880783, -0.01894748955965042, -0.04807937145233154]]",3536,"[0.6278291344642639, -0.18625396490097046, 0.029906174167990685]","[0.09789025783538818, -0.9154791831970215, -0.9622840881347656, 0.9097325801849365]",False,"[0.48651814460754395, -0.06962887197732925, 0.029999999329447746]","[[0.6152581572532654, -0.19275954365730286, 0.020753495395183563, 0.08008398115634918, 0.6278291344642639, -0.18625396490097046, 0.029906174167990685, -0.004217915236949921, -0.005496922880411148, 0.42069897055625916]]","[0.22140248119831085, 0.2301005870103836, -0.47374770045280457, 0.32643136382102966, -0.3248274624347687, 0.17414222657680511]","[[-0.00019786925986409187, -0.006786741316318512, -0.019533898681402206]]","[0, 5]",10.54257814,-0.1832217574119568,27,3536,1748251722.996604,9
"[[-0.021932542324066162, 0.004316079430282116, -0.04180396348237991]]",3604,"[0.5052576661109924, -0.15542125701904297, 0.0299844853579998]","[-0.2954453229904175, -0.04035228490829468, -0.8356382250785828, 0.8634231090545654]",False,"[0.4140091836452484, 0.20199312269687653, 0.029999999329447746]","[[0.4928370416164398, -0.13717274367809296, 0.06515125930309296, 0.08003456145524979, 0.5052576661109924, -0.15542125701904297, 0.0299844853579998, -0.0001125730195781216, -7.3487070039846e-05, 0.4914628267288208]]","[0.11348982155323029, 0.21000823378562927, 0.01287924125790596, 0.03992437943816185, 0.07545299828052521, 0.019744090735912323]","[[-0.02036452293395996, 0.0029090673197060823, -0.042205337435007095]]","[0, 5]",10.643390414,-0.36887845396995544,29,3604,1748251723.1293523,8
"[[-0.005351183004677296, -0.04365822300314903, -0.04720407724380493]]",3649,"[0.627726674079895, -0.02865789271891117, 0.029989998787641525]","[-0.10702365636825562, -0.8731644153594971, -0.9440815448760986, 0.9669569730758667]",False,"[0.5840291380882263, 0.08664695918560028, 0.029999999329447746]","[[0.6310608386993408, -0.026252243667840958, 0.07400453835725784, 0.07985623180866241, 0.627726674079895, -0.02865789271891117, 0.029989998787641525, -3.769558887256608e-08, 2.2438619972503515e-12, 9.557257735865951e-14]]","[0.0566876046359539, -0.027728959918022156, 0.00654168426990509, -0.020896390080451965, -0.017277218401432037, -0.005010694265365601]","[[0.0017232922837138176, -0.0016366206109523773, 0.004081539809703827]]","[0, 5]",10.735323864,-0.12330726534128189,30,3649,1748251723.2135928,3
"[[-0.04361087456345558, -0.004937812685966492, -0.019376840442419052]]",3658,"[0.44462791085243225, -0.10358083993196487, 0.029990000650286674]","[-0.8722174763679504, -0.09875625371932983, -0.38753676414489746, 0.4355964660644531]",False,"[0.45371419191360474, 0.11749029159545898, 0.029999999329447746]","[[0.4621511399745941, -0.11489095538854599, 0.06939452141523361, 0.07999763637781143, 0.44462791085243225, -0.10358083993196487, 0.029990000650286674, -8.404513529569613e-09, 2.292310971473328e-16, 9.557117467209886e-14]]","[0.1253059208393097, 0.004401907324790955, 0.02617846429347992, -0.01811232417821884, -0.016251303255558014, -0.032095253467559814]","[[-0.0065384842455387115, -0.000802852213382721, -4.764832556247711e-05]]","[0, 5]",10.782715867,-0.2212577909231186,31,3658,1748251723.232199,4
"[[-0.03527417778968811, 0.04945763573050499, -0.045796751976013184]]",3666,"[0.6103565096855164, 0.16988393664360046, 0.029989998787641525]","[-0.7054835557937622, 0.9891526699066162, -0.9159350395202637, 0.9464709758758545]",False,"[0.4191928803920746, -0.19821423292160034, 0.029999999329447746]","[[0.655882716178894, 0.03580612316727638, 0.13647764921188354, 0.07881759107112885, 0.6103565096855164, 0.16988393664360046, 0.029989998787641525, -1.499974899843437e-07, 1.181441788844495e-07, 9.245794912017893e-14]]","[0.03140223026275635, -0.025927133858203888, -0.019046548753976822, -0.02840646356344223, 0.053550250828266144, 0.1317933052778244]","[[-0.011223286390304565, 0.024007420986890793, 0.006181925535202026]]","[0, 5]",10.783026401,-0.4147768020629883,32,3666,1748251723.2508147,1
"[[0.041284557431936264, -0.04999915510416031, 0.05001002550125122]]",3725,"[0.5073972344398499, 0.173897847533226, 0.029989976435899734]","[0.8256911039352417, -0.9999830722808838, 1, -0.880333423614502]",False,"[0.6494576334953308, -0.07093697786331177, 0.029999999329447746]","[[0.6519170999526978, -0.02318211831152439, 0.21212050318717957, 2.5436081685370482e-08, 0.5073972344398499, 0.173897847533226, 0.029989976435899734, -4.23762486434498e-07, 5.076583988739003e-07, 4.254859268734701e-13]]","[0.031228622421622276, -0.036013275384902954, -0.040875229984521866, -0.03563867509365082, 0.07730264216661453, 0.20067133009433746]","[[0.027807112783193588, -0.026817036792635918, 0.03527963533997536]]","[0, 5]",10.914629243,-0.2830640375614166,34,3725,1748251723.3698523,0
"[[-0.04190085455775261, 0.04890415817499161, -0.017878716811537743]]",3728,"[0.5073972344398499, 0.173897847533226, 0.029989998787641525]","[-0.8380170464515686, 0.9780831336975098, -0.35757434368133545, -0.5388624668121338]",False,"[0.6494576334953308, -0.07093697786331177, 0.029999999329447746]","[[0.587140679359436, 0.029618743807077408, 0.17672066390514374, -3.086935373985966e-09, 0.5073972344398499, 0.173897847533226, 0.029989998787641525, -1.240105689248594e-07, -1.4957069538468204e-07, 3.876444250230232e-13]]","[0.05668700486421585, -0.027729064226150513, 0.00654202327132225, -0.020896829664707184, -0.017276830971240997, -0.005010351538658142]","[[-0.01714734360575676, -0.00033689290285110474, -0.005716269835829735]]","[0, 5]",10.914752465,-0.2830640375614166,34,3728,1748251723.3748906,3
"[[-0.006714347284287214, 0.042686741799116135, -0.04487194865942001]]",3732,"[0.5070520043373108, 0.17852941155433655, 0.029988473281264305]","[-0.1411915421485901, 0.9463660717010498, -0.8974694609642029, 0.8680992126464844]",False,"[0.6494576334953308, -0.07093697786331177, 0.029999999329447746]","[[0.5115236043930054, 0.18847036361694336, 0.037699297070503235, 0.08008109033107758, 0.5070520043373108, 0.17852941155433655, 0.029988473281264305, 5.048574530519545e-05, 7.468426588275179e-07, 0.00506622763350606]]","[0.14387859404087067, 0.1604469269514084, 0.06501652300357819, 0.0006654784083366394, 0.066398024559021, -0.0025807172060012817]","[[0.0026774373836815357, 0.011773359030485153, -0.0026959143579006195]]","[0, 5]",10.914892528,-0.28725048899650574,34,3732,1748251723.3817463,7
"[[0.020017772912979126, -0.003591332584619522, 0.00866113044321537]]",3739,"[0.6387580037117004, 0.028174450621008873, 0.04202870652079582]","[0.8533626794815063, -0.9499642848968506, -0.17614054679870605, -0.9585483074188232]",False,"[0.6494576334953308, -0.07093697786331177, 0.029999999329447746]","[[0.6333221793174744, 0.020446166396141052, 0.03657356649637222, 0.05444130301475525, 0.6387580037117004, 0.028174450621008873, 0.04202870652079582, -0.0006665500113740563, 0.1166108027100563, 0.007175021804869175]]","[0.3042434751987457, 0.03615088760852814, -1.9313105344772339, 1.4379655122756958, -1.2649059295654297, 0.2975766658782959]","[[0.021130770444869995, -0.006009019911289215, 0.007699659094214439]]","[0, 5]",10.915153989,-0.10041038691997528,34,3739,1748251723.3992321,14
"[[-0.0003497243160381913, 0.00380585715174675, -0.0014722011983394623]]",3751,"[0.47530144453048706, 0.17700740694999695, 0.03178611025214195]","[0.031826019287109375, 0.910092830657959, -0.09613037109375, -0.9255644083023071]",False,"[0.42390626668930054, 0.1672496497631073, 0.029999999329447746]","[[0.4685847759246826, 0.1659795641899109, 0.024970712140202522, 0.05553042143583298, 0.47530144453048706, 0.17700740694999695, 0.03178611025214195, -0.00297541287727654, 0.061531584709882736, -0.017422866076231003]]","[0.335171103477478, 0.1898772418498993, -1.6477952003479004, 0.9472493529319763, -1.010665774345398, 0.30766212940216064]","[[-0.0002188027137890458, 0.011947613209486008, -0.001658642664551735]]","[0, 5]",10.94107707,-0.05234374850988388,35,3751,1748251723.426518,9
"[[0.037969011813402176, 0.015972614288330078, -0.04919900745153427]]",3767,"[0.7385514378547668, 0.3362172842025757, 0.029954804107546806]","[0.6070760488510132, 0.9988224506378174, -0.9805624485015869, 0.9968657493591309]",False,"[0.4871891438961029, 0.11672457307577133, 0.029999999329447746]","[[0.7410999536514282, 0.31939464807510376, 0.06116507574915886, 0.08004453033208847, 0.7385514378547668, 0.3362172842025757, 0.029954804107546806, -0.002090942580252886, 0.000981131219305098, 0.16579864919185638]]","[-0.2813277542591095, 0.3771399259567261, 0.14733882248401642, -0.046722881495952606, -0.41866061091423035, 0.3023623824119568]","[[0.03861435130238533, 0.015179604291915894, -0.049008116126060486]]","[0, 5]",10.974398744,-0.3337065279483795,36,3767,1748251723.4603796,14
"[[0.01488435547798872, 0.07448995113372803, 0.025502067059278488]]",3787,"[0.563769519329071, -0.012642324902117252, 0.029988760128617287]","[-0.1097380518913269, 0.8107198476791382, 0.5101479291915894, 0.686150074005127]",False,"[0.4871891438961029, 0.11672457307577133, 0.029999999329447746]","[[0.57819002866745, 0.07269036024808884, 0.1042112186551094, 0.07999999821186066, 0.563769519329071, -0.012642324902117252, 0.029988760128617287, -2.1638230464304797e-05, -1.9656194126582704e-05, -0.5765244960784912]]","[-0.16596420109272003, -1.4936703443527222, 2.5680923461914062, 3.9031131267547607, 0.25443246960639954, 0.46932363510131836]","[[-0.003608820028603077, 0.004581283777952194, 0.005501104518771172]]","[0, 5]",11.042763707,-0.15033411979675293,36,3787,1748251723.5045743,34
"[[0.06374619156122208, 0.07849497348070145, -0.04303561523556709]]",3801,"[0.28522947430610657, -0.4769006669521332, 0.029983898624777794]","[0.8850736618041992, 0.9201140403747559, -0.860284686088562, 0.8570268154144287]",False,"[0.4871891438961029, 0.11672457307577133, 0.029999999329447746]","[[0.6780162453651428, 0.4199717342853546, 0.00948354136198759, 0.0799977257847786, 0.28522947430610657, -0.4769006669521332, 0.029983898624777794, -0.00018393881327938288, 1.1635889677563682e-05, -0.5843389630317688]]","[-0.26491913199424744, -4.534948348999023, 2.8544321060180664, 12.419947624206543, 4.459913730621338, -0.3038843274116516]","[[0.04899183660745621, 0.0337333157658577, -0.04338020831346512]]","[0, 5]",11.045459282,-0.6270395517349243,36,3801,1748251723.5316167,48
"[[-0.005224540829658508, -0.003575209528207779, 0.0369536466896534]]",3815,"[0.5088395476341248, 0.08525027334690094, 0.06565194576978683]","[-0.8879974484443665, -0.9898791313171387, 0.6553890705108643, -0.9906086325645447]",False,"[0.4609270393848419, -0.2902366518974304, 0.029999999329447746]","[[0.501613199710846, 0.09110317379236221, 0.06258214265108109, 0.054940033704042435, 0.5088395476341248, 0.08525027334690094, 0.06565194576978683, -0.003942869603633881, 0.21938204765319824, 0.01890849694609642]]","[0.2613050043582916, 0.11581091582775116, -2.4758472442626953, 1.4815839529037476, -1.43948495388031, 0.26957035064697266]","[[-0.0016226917505264282, -0.007883008569478989, 0.03484124317765236]]","[0, 5]",11.075221528,-0.3802066445350647,37,3815,1748251723.560941,12
"[[0.17598223686218262, 0.20373959839344025, -0.04955955594778061]]",3834,"[0.4223628342151642, -0.10534294694662094, 0.029999999329447746]","[-0.5528824329376221, 0.368152379989624, -0.994388997554779, 0.5675169229507446]",True,"[0.5532429814338684, 0.09450622648000717, 0.029999999329447746]","[[0.6384396553039551, -2.194472251484947e-12, 0.19740013778209686, 0, 0.4223628342151642, -0.10534294694662094, 0.029999999329447746, 0, 0, 0]]","[0.11802344769239426, 0.20834453403949738, 0.010859634727239609, 0.04453011974692345, 0.05195271223783493, 0.03192433714866638]","[[-0.030988598242402077, 0.11680098623037338, -0.18153664469718933]]","[0, 5]",11.142615086,-0.04854976758360863,38,3834,1748251723.60423,8
"[[-0.022508297115564346, 0.004715539515018463, 0.0358877070248127]]",3846,"[0.5870789885520935, -0.16371333599090576, 0.04633790999650955]","[-0.8599657416343689, 0.9830702543258667, 0.934462308883667, -0.9962636232376099]",False,"[0.4163587987422943, 0.10751587897539139, 0.029999999329447746]","[[0.584326446056366, -0.15608248114585876, 0.04479046165943146, 0.05347524210810661, 0.5870789885520935, -0.16371333599090576, 0.04633790999650955, 0.013722716830670834, 0.11208197474479675, -0.006324897985905409]]","[0.6082916259765625, 0.2960326075553894, -2.87174654006958, 1.5998568534851074, -1.1272228956222534, 0.2959698438644409]","[[-0.01615825667977333, 0.006083302199840546, 0.034523289650678635]]","[0, 5]",11.143141956,-0.32090121507644653,39,3846,1748251723.6269243,11
"[[0.011333358474075794, 0.043129030615091324, -0.006583294365555048]]",3888,"[0.25829875469207764, -0.038860809057950974, 0.029989831149578094]","[0.06545567512512207, 0.9862765073776245, -0.1316658854484558, -0.35235822200775146]",False,"[0.5421589016914368, 0.2079891413450241, 0.029999999329447746]","[[-0.07545562833547592, 0.5972539782524109, 0.3207072615623474, 7.770723868816276e-07, 0.25829875469207764, -0.038860809057950974, 0.029989831149578094, 2.742608273820224e-07, 5.912418146181153e-06, 0.9427428245544434]]","[-0.20598848164081573, -1.642946481704712, 2.8058314323425293, 4.297989845275879, 0.4740125238895416, 0.442685604095459]","[[-0.005059736780822277, 0.03169594332575798, -0.0034336657263338566]]","[0, 5]",11.235149064,-0.37618011236190796,40,3888,1748251723.7062426,35
"[[0.03175525739789009, 0.04085927456617355, -0.03149421885609627]]",3897,"[0.18647591769695282, 0.016248133033514023, 0.029989831149578094]","[0.476773738861084, 0.9386715888977051, -0.6298843622207642, 0.7592674493789673]",False,"[0.5421589016914368, 0.2079891413450241, 0.029999999329447746]","[[0.10883457213640213, 0.7667513489723206, 0.13136650621891022, 0.07926956564188004, 0.18647591769695282, 0.016248133033514023, 0.029989831149578094, 2.742608273820224e-07, 5.912418146181153e-06, 0.9427428245544434]]","[-0.03449805825948715, -3.5450057983398438, 2.8767950534820557, 9.523003578186035, 2.6982157230377197, 0.006513997912406921]","[[0.009768787771463394, 0.0373070128262043, 0.0107257179915905]]","[0, 5]",11.278397522,-0.404073029756546,40,3897,1748251723.721751,44
"[[0.04619845375418663, 0.04039906710386276, -0.02615608647465706]]",3899,"[0.1706901490688324, 0.028360387310385704, 0.029989831149578094]","[0.7662692070007324, 0.9289828538894653, -0.52312171459198, 0.9173946380615234]",False,"[0.5421589016914368, 0.2079891413450241, 0.029999999329447746]","[[0.1482023298740387, 0.7724419236183167, 0.055138058960437775, 0.0799892321228981, 0.1706901490688324, 0.028360387310385704, 0.029989831149578094, 2.742608273820224e-07, 5.912418146181153e-06, 0.9427428245544434]]","[0.02732650376856327, -4.19215726852417, 2.993462562561035, 11.329733848571777, 3.52677059173584, -0.12353606522083282]","[[0.016511302441358566, 0.046078283339738846, 0.00928562507033348]]","[0, 5]",11.278488713,-0.41262030601501465,40,3899,1748251723.7251832,46
"[[-0.014746027998626232, -0.022719621658325195, -0.020238718017935753]]",3914,"[0.4858824610710144, -0.34376662969589233, 0.029975958168506622]","[-0.2566889524459839, -0.7342535257339478, -0.40493935346603394, 0.10726034641265869]",False,"[0.5593315958976746, 0.20418031513690948, 0.029999999329447746]","[[0.48496362566947937, -0.32371786236763, 0.060504842549562454, 0.08000380545854568, 0.4858824610710144, -0.34376662969589233, 0.029975958168506622, 0.0031942271161824465, -0.0036578767467290163, 0.09593989700078964]]","[-0.11843711882829666, 0.3082726001739502, 0.08987358212471008, 0.041412610560655594, 0.094637431204319, 0.09756439924240112]","[[-0.014608639292418957, -0.013436496257781982, -0.020165570080280304]]","[0, 5]",11.278984865,-0.5528477430343628,41,3914,1748251723.755385,11
"[[-0.04211278632283211, -0.07992205023765564, 0.015359647572040558]]",3938,"[0.6590385437011719, 0.2920227646827698, 0.02994760125875473]","[-0.7208136320114136, -0.9224437475204468, 0.3066902160644531, 0.2840731143951416]",False,"[0.5593315958976746, 0.20418031513690948, 0.029999999329447746]","[[0.47087931632995605, 0.22378547489643097, 0.14137524366378784, 0.07999935001134872, 0.6590385437011719, 0.2920227646827698, 0.02994760125875473, 0.00025169618311338127, -0.0016450670082122087, -0.5736546516418457]]","[-0.2004271298646927, -1.6101949214935303, 2.672903537750244, 4.243243217468262, 0.39582160115242004, 0.4473832845687866]","[[-0.006805498152971268, -0.008099060505628586, 0.011285999789834023]]","[0, 5]",11.314307038,-0.13288258016109467,41,3938,1748251723.8008347,35
"[[-0.036438435316085815, -0.07952234148979187, 0.025874994695186615]]",3939,"[0.6650926470756531, 0.3257223069667816, 0.029958641156554222]","[-0.6076865792274475, -0.9164559245109558, 0.5177206993103027, 0.3149402141571045]",False,"[0.5593315958976746, 0.20418031513690948, 0.029999999329447746]","[[0.4462212324142456, 0.1865234375, 0.15440815687179565, 0.07999930530786514, 0.6650926470756531, 0.3257223069667816, 0.029958641156554222, -0.0006576933665201068, -0.0003847124462481588, -0.5736541152000427]]","[-0.2095469981431961, -1.7439351081848145, 2.8362832069396973, 4.580097198486328, 0.5696191787719727, 0.4204014539718628]","[[-0.005726246163249016, -0.008560758084058762, 0.012853121384978294]]","[0, 5]",11.316013505,-0.16111443936824799,41,3939,1748251723.8025637,36
"[[-0.02953634224832058, 0.0014711804687976837, -0.04924461245536804]]",4002,"[0.6025777459144592, -0.019906166940927505, 0.029989944770932198]","[-0.5933578014373779, 0.11559724807739258, -0.9848925471305847, 0.8515639305114746]",False,"[0.5050727128982544, 0.2648574411869049, 0.029999999329447746]","[[0.6127703785896301, -0.011727030389010906, 0.021786848083138466, 0.08000340312719345, 0.6025777459144592, -0.019906166940927505, 0.029989944770932198, -3.906720394297736e-06, 1.2912914826301858e-06, 0.21224282681941986]]","[0.12530259788036346, 0.004402250051498413, 0.02617013454437256, -0.018112413585186005, -0.01625330001115799, -0.03209519386291504]","[[-0.010717665776610374, 0.0007608598098158836, -0.003545217216014862]]","[0, 5]",11.486421184,-0.30099424719810486,45,4002,1748251723.9364715,4
"[[-0.04739123210310936, 0.018112152814865112, -0.0452200248837471]]",4010,"[0.40564674139022827, 0.2970993220806122, 0.029989998787641525]","[-0.9478245973587036, 0.36224305629730225, -0.9046005606651306, 0.10720348358154297]",False,"[0.5163249373435974, -0.2419518232345581, 0.029999999329447746]","[[0.6175352931022644, 0.014254788868129253, 0.168936625123024, 0.00941760465502739, 0.40564674139022827, 0.2970993220806122, 0.029989998787641525, -1.4674657222712995e-07, 1.1813904166046996e-07, 9.284202773978192e-14]]","[0.03122865967452526, -0.03601454198360443, -0.04087548330426216, -0.03563989698886871, 0.07730221748352051, 0.2006721794605255]","[[-0.026486869901418686, 0.003857363946735859, -0.016766514629125595]]","[0, 5]",11.48671689,-0.5502961277961731,46,4010,1748251723.9555557,0
"[[-0.009353247471153736, 0.01071576401591301, -0.043701671063899994]]",4075,"[0.6313839554786682, 0.16517192125320435, 0.029791701585054398]","[-0.041261255741119385, 0.9031763076782227, -0.9095454216003418, 0.9531621932983398]",False,"[0.4225306510925293, -0.11701775342226028, 0.029999999329447746]","[[0.6491503119468689, 0.15062002837657928, 0.061587750911712646, 0.07920034229755402, 0.6313839554786682, 0.16517192125320435, 0.029791701585054398, 0.0018896195106208324, -0.004685156513005495, 0.140719473361969]]","[0.252769410610199, 0.1341964453458786, -0.3774782419204712, 0.2036116123199463, -0.1641021966934204, 0.033993594348430634]","[[-0.012747970409691334, 0.009145159274339676, -0.044858068227767944]]","[0, 5]",11.622389168,-0.3510708808898926,48,4075,1748251724.0720305,6
"[[-0.03878479823470116, 0.008929302915930748, -0.043411798775196075]]",4113,"[0.5357249975204468, 0.05536980926990509, 0.02998943440616131]","[-0.7756983637809753, 0.17859506607055664, -0.8682378530502319, 0.70976722240448]",False,"[0.6116988062858582, 0.12766249477863312, 0.029999999329447746]","[[0.6120340824127197, 0.028867797926068306, 0.1570073962211609, 0.06234801933169365, 0.5357249975204468, 0.05536980926990509, 0.02998943440616131, 3.006569613717147e-06, -2.377380405960139e-05, -5.656060693581821e-06]]","[0.03140094131231308, -0.025906041264533997, -0.019037064164876938, -0.028387539088726044, 0.053564876317977905, 0.13178907334804535]","[[-0.019965287297964096, 0.00027265027165412903, -0.011092167347669601]]","[1, 1]",11.828483483,-0.10487255454063416,1,4113,1748251724.3149304,1
"[[0.042136549949645996, 0.046453483402729034, 0.013454703614115715]]",4120,"[0.6883441805839539, 0.24146683514118195, 0.02998943440616131]","[0.8427286148071289, 0.9290785789489746, 0.2690922021865845, 0.9664461612701416]",False,"[0.5880133509635925, 0.2895278036594391, 0.029999999329447746]","[[0.6074410080909729, 0.05864240229129791, 0.12467378377914429, 0.07881754636764526, 0.6883441805839539, 0.24146683514118195, 0.02998943440616131, 3.006569613717147e-06, -2.377380405960139e-05, -5.656060693581821e-06]]","[0.03140094131231308, -0.025906041264533997, -0.019037064164876938, -0.028387539088726044, 0.053564876317977905, 0.13178907334804535]","[[0.05324286222457886, 0.009463600814342499, 0.05576532334089279]]","[1, 1]",11.843454515,-0.11124804615974426,2,4120,1748251724.3300638,1
"[[-0.008886093273758888, 0.029571523889899254, -0.04875730723142624]]",4135,"[0.6122227907180786, 0.0683455690741539, 0.02998960390686989]","[-0.17771589756011963, 0.5914386510848999, -0.9751423597335815, 0.8917536735534668]",False,"[0.616326093673706, 0.15364398062229156, 0.029999999329447746]","[[0.6137220859527588, 0.06000525504350662, 0.0966271236538887, 0.07998254150152206, 0.6122227907180786, 0.0683455690741539, 0.02998960390686989, 4.0589680054547994e-12, -1.322234675171785e-05, -1.045720637193881e-05]]","[0.05665227770805359, -0.027740806341171265, 0.006631761789321899, -0.02095521241426468, -0.017230786383152008, -0.005013778805732727]","[[0.0016803797334432602, 0.007031640037894249, 0.005364950746297836]]","[1, 1]",11.874845961,-0.08539704233407974,3,4135,1748251724.3611712,3
"[[0.01394809503108263, -0.0493253730237484, -0.04709275811910629]]",4142,"[0.6561540365219116, -0.111871138215065, 0.029989833012223244]","[0.27896785736083984, -0.9865143299102783, -0.9418540000915527, 0.9774181842803955]",False,"[0.40976664423942566, 0.11705605685710907, 0.029999999329447746]","[[0.6601508259773254, -0.046198807656764984, 0.11091094464063644, 0.07998254150152206, 0.6561540365219116, -0.111871138215065, 0.029989833012223244, 1.8866218169932836e-06, 4.293755864637205e-06, 2.8967728212592192e-05]]","[0.056604478508234024, -0.027745068073272705, 0.00660686194896698, -0.020965807139873505, -0.017217375338077545, -0.00497610867023468]","[[0.011239361949265003, -0.004893790930509567, 0.006138395518064499]]","[1, 1]",11.888795263,-0.33632487058639526,4,4142,1748251724.3751338,3
"[[0.0016316414112225175, -0.013903043232858181, 0.04792399704456329]]",4152,"[0.6926549077033997, 0.23372556269168854, 0.02998734824359417]","[0.032648324966430664, -0.27810823917388916, 0.9582269191741943, 0.6078683137893677]",False,"[0.42706361413002014, 0.033319614827632904, 0.029999999329447746]","[[0.632742166519165, -0.010991966351866722, 0.20847004652023315, 0.05339600518345833, 0.6926549077033997, 0.23372556269168854, 0.02998734824359417, -7.362991891568527e-05, 1.7159907656605355e-05, 7.197692411864409e-06]]","[0.03122311644256115, -0.03586535155773163, -0.04084363207221031, -0.03549278527498245, 0.07735385000705719, 0.20057085156440735]","[[0.007329904939979315, -0.0029134461656212807, 0.036841437220573425]]","[1, 1]",11.938658119,-0.33271801471710205,5,4152,1748251724.3987045,0
"[[-0.0270586796104908, -0.010652236640453339, -0.021804841235280037]]",4169,"[0.572287380695343, 0.013241498731076717, 0.04210042208433151]","[-0.994613528251648, -0.8948475122451782, -0.4362066984176636, -0.9763329029083252]",False,"[0.42706361413002014, 0.033319614827632904, 0.029999999329447746]","[[0.583861768245697, 0.004675016738474369, 0.047535136342048645, 0.0713033452630043, 0.572287380695343, 0.013241498731076717, 0.04210042208433151, -0.9067754745483398, 0.00012845751189161092, 0.0016348067438229918]]","[0.04918382316827774, -0.9965853691101074, 0.14597728848457336, 3.4005746841430664, -1.0764857530593872, 0.42207562923431396]","[[-0.026845354586839676, -0.010283052921295166, -0.021799610927700996]]","[1, 1]",11.986575288000001,-0.1471036970615387,5,4169,1748251724.4372797,17
"[[0.009099436923861504, 0.010805662721395493, 0.00727826077491045]]",4212,"[0.5299527645111084, 0.09047611057758331, 0.03606276586651802]","[0.3805675506591797, 0.7659332752227783, 0.26702558994293213, -0.40293967723846436]",False,"[0.4350966811180115, -0.02936273068189621, 0.029999999329447746]","[[0.5314882397651672, 0.0938880667090416, 0.02638326585292816, 0.05836071819067001, 0.5299527645111084, 0.09047611057758331, 0.03606276586651802, -0.00906724389642477, 0.019053924828767776, -0.006754477508366108]]","[0.43920716643333435, 0.036409955471754074, -1.2607285976409912, 0.67644864320755, -0.42590585350990295, 0.018368154764175415]","[[0.014834536239504814, 0.015903223305940628, 0.016716908663511276]]","[1, 1]",12.046150905,-0.1529567986726761,9,4212,1748251724.5317326,4
"[[-0.07605424523353577, 0.05151262879371643, -0.024627195671200752]]",4218,"[0.5223381519317627, -0.0916963592171669, 0.029999999329447746]","[-0.8585762977600098, -0.7570421695709229, -0.49340713024139404, -0.810631275177002]",True,"[0.6476379036903381, 0.16691115498542786, 0.029999999329447746]","[[0.6384396553039551, -2.194472251484947e-12, 0.19740013778209686, 0, 0.5223381519317627, -0.0916963592171669, 0.029999999329447746, 0, 0, 0]]","[0.434974730014801, -0.14549583196640015, -1.6526780128479004, 1.574154019355774, -1.6369045972824097, 0.39040619134902954]","[[-0.18875929713249207, -0.05114541947841644, -0.2004081904888153]]","[1, 1]",12.062609673,-0.04864555597305298,9,4218,1748251724.5490246,10
"[[-0.01583530381321907, -0.03545483574271202, -0.010851660743355751]]",4225,"[0.4285895824432373, -0.22873172163963318, 0.029989872127771378]","[-0.31670963764190674, -0.7090990543365479, -0.21703320741653442, 0.9571026563644409]",False,"[0.460764080286026, -0.2796785235404968, 0.029999999329447746]","[[0.45657962560653687, -0.13159732520580292, 0.12448472529649734, 0.07999949902296066, 0.4285895824432373, -0.22873172163963318, 0.029989872127771378, -2.8357439987303223e-06, 8.480846190650482e-06, 1.5707273632870056e-05]]","[0.16541452705860138, 0.10981026291847229, 0.05195295438170433, -0.005505293607711792, 0.03407881408929825, -0.0201188325881958]","[[-0.002954501658678055, -0.006997507065534592, -0.0028329212218523026]]","[1, 1]",12.110492849,-0.060255907475948334,10,4225,1748251724.560985,6
"[[-0.12772847712039948, -0.39568331837654114, 0.002452526241540909]]",4233,"[0.6025300025939941, 0.1238405629992485, 0.029999999329447746]","[-0.10236477851867676, -0.7792820930480957, -0.17552483081817627, -0.8927675485610962]",True,"[0.5900317430496216, 0.17350758612155914, 0.029999999329447746]","[[0.6384396553039551, -2.194472251484947e-12, 0.19740013778209686, 0, 0.6025300025939941, 0.1238405629992485, 0.029999999329447746, 0, 0, 0]]","[0.37361839413642883, 0.19952762126922607, -2.135058879852295, 1.4667719602584839, -1.507956862449646, 0.31272128224372864]","[[-0.15470851957798004, -0.28030645847320557, -0.17298924922943115]]","[1, 1]",12.110806268,-0.019228581339120865,10,4233,1748251724.5790455,14
"[[0.023032594472169876, 0.04335642233490944, -0.04159954935312271]]",4247,"[0.6997827887535095, 0.12165825068950653, 0.029989954084157944]","[0.46065187454223633, 0.8671274185180664, -0.8319889307022095, 0.9103578329086304]",False,"[0.40736153721809387, 0.2213592231273651, 0.029999999329447746]","[[0.6351752877235413, 0.08882071077823639, 0.06078299880027771, 0.07985623180866241, 0.6997827887535095, 0.12165825068950653, 0.029989954084157944, -1.5925839988994994e-06, 5.426774123407085e-07, 1.687263102212455e-05]]","[0.01739700324833393, -0.028291895985603333, -0.013029411435127258, -0.02027840167284012, 0.02110479772090912, 0.057040177285671234]","[[0.015335429459810257, 0.011957589536905289, 0.01279357448220253]]","[1, 1]",12.154573129,-0.30895060300827026,12,4247,1748251724.6095405,2
"[[-0.049304209649562836, -0.04896676912903786, 0.04943259432911873]]",4270,"[0.7825952172279358, 0.13238701224327087, 0.029989860951900482]","[-0.9860770106315613, -0.9793273210525513, 0.9886518716812134, 0.9910998344421387]",False,"[0.40736153721809387, 0.2213592231273651, 0.029999999329447746]","[[0.25734660029411316, -0.4480385482311249, 0.2310914695262909, 0.07999999821186066, 0.7825952172279358, 0.13238701224327087, 0.029989860951900482, -4.709053428086918e-06, 3.0458129458565963e-06, 0.046451423317193985]]","[0.24655906856060028, -0.9658874273300171, 2.158611297607422, 2.6229660511016846, -0.4939976632595062, 0.6693425178527832]","[[-0.004038028419017792, -0.01021762564778328, 0.012327361851930618]]","[1, 1]",12.168313287,-0.3856376111507416,12,4270,1748251724.654828,25
"[[-0.047103509306907654, -0.04786790907382965, 0.0492151640355587]]",4275,"[0.782597005367279, 0.13238900899887085, 0.029989860951900482]","[-0.94206303358078, -0.9573501348495483, 0.9843032360076904, 0.9370062351226807]",False,"[0.40736153721809387, 0.2213592231273651, 0.029999999329447746]","[[0.047585710883140564, -0.597575843334198, 0.39975887537002563, 0.08000001311302185, 0.782597005367279, 0.13238900899887085, 0.029989860951900482, -4.708652795670787e-06, 3.046051915589487e-06, 0.04648424685001373]]","[0.12246087938547134, -1.3542404174804688, 2.545309543609619, 3.4842700958251953, 0.08970668166875839, 0.5275287628173828]","[[-0.008182808756828308, -0.024058610200881958, 0.018619712442159653]]","[1, 1]",12.17706908,-0.38563889265060425,12,4275,1748251724.6635656,30
"[[-0.0018537044525146484, 0.01969422772526741, -0.00023077870719134808]]",4305,"[0.47477173805236816, 0.2677977681159973, 0.03532634675502777]","[-0.1679784059524536, 0.7571361064910889, 0.0755152702331543, -0.9195107817649841]",False,"[0.4176989793777466, 0.26560845971107483, 0.029999999329447746]","[[0.46145138144493103, 0.26713430881500244, 0.027095217257738113, 0.05847206339240074, 0.47477173805236816, 0.2677977681159973, 0.03532634675502777, 0.0023539129178971052, -0.03864813596010208, 0.010653452016413212]]","[0.3851418197154999, 0.233750581741333, -1.8556030988693237, 0.9506559371948242, -1.394113302230835, 0.4224587678909302]","[[-0.00289762020111084, 0.008753348141908646, -9.028497152030468e-05]]","[1, 1]",12.266606307,-0.05736256763339043,13,4305,1748251724.7227294,10
"[[0.04310363158583641, 0.04902579262852669, -0.049864575266838074]]",4323,"[0.6376020312309265, 0.073655866086483, 0.029987357556819916]","[0.8621190786361694, 0.9805319309234619, -0.9975442886352539, 0.9881424903869629]",False,"[0.6681496500968933, -0.29336312413215637, 0.029999999329447746]","[[0.6760702133178711, 0.02495262585580349, 0.18670904636383057, 0.07027380913496017, 0.6376020312309265, 0.073655866086483, 0.029987357556819916, -1.6662395864841528e-05, -7.380306487902999e-05, 7.399258265650133e-06]]","[0.03122313693165779, -0.035865865647792816, -0.04084373638033867, -0.03549332171678543, 0.07735367119312286, 0.2005711942911148]","[[0.005475398153066635, 0.024073971435427666, -0.03918612375855446]]","[1, 1]",12.277811242,-0.3682880699634552,15,4323,1748251724.764403,0
"[[-0.004818713758140802, 0.005274726077914238, -0.01478462852537632]]",4345,"[0.4791760742664337, 0.12342095375061035, 0.029981236904859543]","[-0.07384610176086426, 0.34387481212615967, -0.2958669066429138, -0.09142988920211792]",False,"[0.5694954991340637, 0.10116563737392426, 0.029999999329447746]","[[0.47462132573127747, 0.13090962171554565, 0.021781953051686287, 0.07316576689481735, 0.4791760742664337, 0.12342095375061035, 0.029981236904859543, -0.004764813929796219, 0.0044911084696650505, -0.0023219366557896137]]","[0.16538535058498383, 0.10981400310993195, 0.0521947480738163, -0.005607090890407562, 0.03416087478399277, -0.020118147134780884]","[[-0.0017368854023516178, 0.006591765210032463, -0.0037427954375743866]]","[1, 1]",12.330005639,-0.0930209532380104,16,4345,1748251724.8157616,6
"[[-0.029217522591352463, -0.009185949340462685, -0.02953076921403408]]",4356,"[0.5259319543838501, 0.1528768539428711, 0.028989115729928017]","[-0.818426251411438, -0.36815065145492554, -0.9020717144012451, 0.9595732688903809]",False,"[0.413205623626709, -0.07084425538778305, 0.029999999329447746]","[[0.5410239696502686, 0.15174244344234467, 0.02119452692568302, 0.07999370247125626, 0.5259319543838501, 0.1528768539428711, 0.028989115729928017, 0.015034474432468414, -0.0038130346219986677, -0.07363399118185043]]","[0.4079431891441345, 0.2106710970401764, -2.071345806121826, 1.13252592086792, -1.0410794019699097, 0.28693920373916626]","[[-0.021515648812055588, -0.008577430620789528, -0.01586855761706829]]","[1, 1]",12.38644939,-0.25051823258399963,17,4356,1748251724.8379366,7
"[[-0.002009922405704856, 0.014490455389022827, -0.0534944161772728]]",4422,"[0.660493791103363, 0.29540473222732544, 0.038593489676713943]","[-0.046650052070617676, 0.44525146484375, -0.9795359373092651, 0.974219560623169]",False,"[0.6849794983863831, -0.02326401136815548, 0.029999999329447746]","[[0.6708052158355713, 0.2939929664134979, 0.04517235606908798, 0.08000390231609344, 0.660493791103363, 0.29540473222732544, 0.038593489676713943, -0.357633113861084, 1.8485990267436136e-06, -0.007854766212403774]]","[0.4230867922306061, 0.2959948182106018, -1.6280553340911865, 0.83797687292099, -0.6799148321151733, 0.20543111860752106]","[[-0.0035279931034892797, 0.003158390522003174, -0.02951258048415184]]","[1, 1]",12.479275807,-0.31972357630729675,19,4422,1748251724.961137,9
"[[-0.04673294350504875, 0.04783831164240837, -0.03875122591853142]]",4433,"[0.4852825999259949, 0.12200523167848587, 0.029989415779709816]","[-0.9346594214439392, 0.9567751884460449, -0.7750248908996582, 0.5717878341674805]",False,"[0.6196810603141785, -0.1435287445783615, 0.029999999329447746]","[[0.5935043096542358, 0.07866885513067245, 0.1570122390985489, 0.07985624670982361, 0.4852825999259949, 0.12200523167848587, 0.029989415779709816, 3.006697852470097e-06, -2.43706217588624e-05, -8.480304131808225e-06]]","[0.017381707206368446, -0.028290599584579468, -0.012963362038135529, -0.020310916006565094, 0.021136611700057983, 0.05704280734062195]","[[-0.008011113852262497, -0.0014666952192783356, 0.0014691203832626343]]","[1, 1]",12.522823737,-0.29760921001434326,20,4433,1748251724.9877312,2
"[[-0.03285786136984825, -0.04005783796310425, -0.021035989746451378]]",4448,"[0.4038665294647217, -0.1897750347852707, 0.029989853501319885]","[-0.6571500897407532, -0.8011487126350403, -0.4207195043563843, 0.6944757699966431]",False,"[0.6187353730201721, -0.14050886034965515, 0.029999999329447746]","[[0.5782814025878906, -0.0643022358417511, 0.18148194253444672, 0.07881749421358109, 0.4038665294647217, -0.1897750347852707, 0.029989853501319885, -5.45747616342851e-06, 2.588247070889338e-06, 1.5728781363577582e-05]]","[0.03140263259410858, -0.025920212268829346, -0.019045725464820862, -0.028399430215358734, 0.05355411022901535, 0.131792351603508]","[[-0.017647411674261093, -0.00035654008388519287, -0.010003691539168358]]","[1, 1]",12.570632553,-0.22044451534748077,21,4448,1748251725.0239265,1
"[[-0.04706431180238724, -0.007738390471786261, -0.03694655001163483]]",4479,"[0.4035209119319916, 0.0009675307665020227, 0.029989903792738914]","[-0.9412778615951538, -0.15476781129837036, -0.7389227151870728, 0.3259408473968506]",False,"[0.4197162091732025, -0.2017298936843872, 0.029999999329447746]","[[0.4314248561859131, 0.007893258705735207, 0.08146265149116516, 0.07999643683433533, 0.4035209119319916, 0.0009675307665020227, 0.029989903792738914, -6.949929155023176e-17, -3.2094978905661264e-06, -1.3704821867577266e-05]]","[0.15962214767932892, 0.05415875464677811, 0.0407213531434536, -0.0123206228017807, 0.005066730082035065, -0.031543418765068054]","[[-0.011895813047885895, -0.0012394157238304615, -0.008293788880109787]]","[1, 1]",12.615154162,-0.20334339141845703,23,4479,1748251725.0889575,5
"[[0.0263352207839489, 0.013462811708450317, 0.022386400029063225]]",4482,"[0.40982815623283386, 0.010177148506045341, 0.035906411707401276]","[0.652987003326416, 0.4540705680847168, 0.5664483308792114, -0.23053836822509766]",False,"[0.4197162091732025, -0.2017298936843872, 0.029999999329447746]","[[0.40885233879089355, 0.00994778424501419, 0.03846675157546997, 0.060310669243335724, 0.40982815623283386, 0.010177148506045341, 0.035906411707401276, 0.004058525897562504, 0.000793391081970185, -0.028323687613010406]]","[0.5188104510307312, 0.2581706643104553, -1.6367948055267334, 0.9328289031982422, -0.4516882598400116, 0.07482759654521942]","[[0.01258314773440361, 0.007244765758514404, 0.011670254170894623]]","[1, 1]",12.615271673,-0.21221981942653656,23,4482,1748251725.0949788,8
"[[-0.010740733705461025, -0.025366391986608505, -0.009618084877729416]]",4487,"[0.466235488653183, -0.12657739222049713, 0.029974544420838356]","[-0.17407965660095215, -0.9375810027122498, -0.18771517276763916, -0.9080284833908081]",False,"[0.4197162091732025, -0.2017298936843872, 0.029999999329447746]","[[0.4580102562904358, -0.13935747742652893, 0.02173820324242115, 0.05427076295018196, 0.466235488653183, -0.12657739222049713, 0.029974544420838356, 0.0033011669293045998, -0.003344835713505745, 0.03592560440301895]]","[-0.06211399286985397, -0.08980423212051392, -1.8752557039260864, 1.8362748622894287, -1.41191565990448, 0.29696089029312134]","[[-0.011201656423509121, -0.025678936392068863, -0.009423715993762016]]","[1, 1]",12.662515798,-0.0883851945400238,23,4487,1748251725.1074557,13
"[[-0.017668938264250755, 0.022330088540911674, 0.014139278791844845]]",4492,"[0.5190026760101318, 0.2980652451515198, 0.029989857226610184]","[-0.35337042808532715, 0.4465928077697754, 0.28278565406799316, -0.2504843473434448]",False,"[0.5178614854812622, 0.2341625690460205, 0.029999999329447746]","[[0.6022850275039673, 0.07889383286237717, 0.21713164448738098, 9.93406956695253e-07, 0.5190026760101318, 0.2980652451515198, 0.029989857226610184, 5.298760243022116e-06, 2.645440872584004e-06, -2.309414412593469e-05]]","[0.017394090071320534, -0.028292112052440643, -0.013018038123846054, -0.020284093916416168, 0.02110859751701355, 0.057039543986320496]","[[-0.004725253209471703, 0.003702254965901375, 0.0051962463185191154]]","[1, 1]",12.662708039,-0.06391286104917526,24,4492,1748251725.119324,2
"[[-0.025171294808387756, 0.014603632502257824, 0.0022614120971411467]]",4493,"[0.5190030336380005, 0.29806482791900635, 0.029989857226610184]","[-0.5034187436103821, 0.2920643091201782, 0.04522824287414551, -0.05545622110366821]",False,"[0.5178614854812622, 0.2341625690460205, 0.029999999329447746]","[[0.5856431126594543, 0.09204787015914917, 0.21994498372077942, 8.769737860347959e-07, 0.5190030336380005, 0.29806482791900635, 0.029989857226610184, 5.268778750178171e-06, 2.6562681796349352e-06, -3.0459421395789832e-05]]","[0.05667775869369507, -0.027732066810131073, 0.00656408816576004, -0.020911462604999542, -0.01726514846086502, -0.005010858178138733]","[[-0.008529022336006165, 0.001449177972972393, -0.0005519271362572908]]","[1, 1]",12.662747223,-0.06391245126724243,24,4493,1748251725.1210713,3
"[[-0.03722355514764786, 0.048253826797008514, -0.04613873362541199]]",4526,"[0.5763893723487854, 0.15589183568954468, 0.029989777132868767]","[-0.7444734573364258, 0.965080976486206, -0.9227754473686218, 0.9815680980682373]",False,"[0.6121171712875366, -0.16844621300697327, 0.029999999329447746]","[[0.6113761067390442, 0.06728783994913101, 0.13789503276348114, 0.07258172333240509, 0.5763893723487854, 0.15589183568954468, 0.029989777132868767, 1.2199959201097954e-05, 3.350321094330866e-06, 7.288826509466162e-06]]","[0.03140164911746979, -0.025919079780578613, -0.019042667001485825, -0.02839929610490799, 0.053555913269519806, 0.1317915916442871]","[[-0.015912748873233795, 0.004014238715171814, -0.006829898804426193]]","[1, 1]",12.720680452,-0.3262999355792999,27,4526,1748251725.2072465,1
"[[-0.04718462750315666, -0.04588589072227478, -0.018502535298466682]]",4542,"[0.47457724809646606, -0.13175947964191437, 0.029989415779709816]","[-0.9436931014060974, -0.9177088737487793, -0.3700510859489441, 0.8832767009735107]",False,"[0.4497535824775696, -0.17583529651165009, 0.029999999329447746]","[[0.5632563829421997, -0.06484053283929825, 0.09939888119697571, 0.07342816144227982, 0.47457724809646606, -0.13175947964191437, 0.029989415779709816, 3.006697852470097e-06, -2.43706217588624e-05, -8.480304131808225e-06]]","[0.017381707206368446, -0.028290599584579468, -0.012963362038135529, -0.020310916006565094, 0.021136611700057983, 0.05704280734062195]","[[-0.00776292011141777, -0.014896959066390991, 0.012104937806725502]]","[1, 1]",12.757657364,-0.05058549344539642,28,4542,1748251725.2442229,2
"[[0.0006367266178131104, 0.048250745981931686, -0.038676559925079346]]",4558,"[0.6268384456634521, 0.2764016091823578, 0.030368609353899956]","[0.012684464454650879, 0.9727283716201782, -0.7659550309181213, 0.5057411193847656]",False,"[0.6670340299606323, 0.15814504027366638, 0.029999999329447746]","[[0.6399056911468506, 0.23235653340816498, 0.06442183256149292, 0.07852432131767273, 0.6268384456634521, 0.2764016091823578, 0.030368609353899956, -0.012697914615273476, 5.8354344218969345e-05, 4.355637793196365e-05]]","[0.1292419731616974, 0.2090335190296173, -0.04080628603696823, 0.07246403396129608, 0.06262055784463882, 0.02047618478536606]","[[0.005411237478256226, 0.011231612414121628, -0.0005803816020488739]]","[1, 1]",12.789701758,-0.12490171194076538,29,4558,1748251725.27596,8
"[[0.2528060972690582, 0.45221397280693054, 0.00013716891407966614]]",4564,"[0.4364059865474701, -0.2713409662246704, 0.029999999329447746]","[0.7944514751434326, -0.9357924461364746, -0.5239450335502625, -0.9622466564178467]",True,"[0.43967220187187195, 0.010236438363790512, 0.029999999329447746]","[[0.6384396553039551, -2.194472251484947e-12, 0.19740013778209686, 0, 0.4364059865474701, -0.2713409662246704, 0.029999999329447746, 0, 0, 0]]","[0.1612847000360489, -0.05359929800033569, -1.862596869468689, 1.655706763267517, -1.4660598039627075, 0.35849130153656006]","[[0.06965656578540802, 0.17467987537384033, -0.17618003487586975]]","[1, 1]",12.80383217,-0.03772369399666786,29,4564,1748251725.290235,14
"[[-0.042344752699136734, 0.04999953508377075, 0.04119814187288284]]",4565,"[0.6021345257759094, -0.2864638864994049, 0.02998952753841877]","[-0.8469081521034241, 0.9999978542327881, 0.8237533569335938, 0.8313202857971191]",False,"[0.44081681966781616, 0.06485119462013245, 0.029999999329447746]","[[0.6019854545593262, 0.02397056668996811, 0.1949671357870102, 0.07027386128902435, 0.6021345257759094, -0.2864638864994049, 0.02998952753841877, 3.005894996022107e-06, -2.0607802071026526e-05, -2.8306608328421135e-06]]","[0.031227683648467064, -0.03598801791667938, -0.04086983576416969, -0.03561374545097351, 0.07731138169765472, 0.20065416395664215]","[[-0.005891207605600357, 0.026029326021671295, 0.043620672076940536]]","[1, 1]",12.805478553,-0.38658204674720764,30,4565,1748251725.2920792,0
"[[0.040610622614622116, -0.04924426227807999, -0.017171259969472885]]",4566,"[0.6021344661712646, -0.2864634096622467, 0.02998943440616131]","[0.812211275100708, -0.9848756790161133, -0.34342706203460693, 0.9382375478744507]",False,"[0.44081681966781616, 0.06485119462013245, 0.029999999329447746]","[[0.6354112029075623, 0.051913488656282425, 0.203641876578331, 0.07881750166416168, 0.6021344661712646, -0.2864634096622467, 0.02998943440616131, 3.0065698410908226e-06, -2.377380405960139e-05, -5.656060693581821e-06]]","[0.03140094131231308, -0.025906041264533997, -0.019037064164876938, -0.028387539088726044, 0.053564876317977905, 0.13178907334804535]","[[0.007184814661741257, -0.0771867036819458, -0.025846093893051147]]","[1, 1]",12.807159862,-0.3865815997123718,30,4566,1748251725.293741,1
"[[0.001036274479702115, -0.04875481501221657, -0.03943372145295143]]",4572,"[0.6021342873573303, -0.2864607274532318, 0.029989412054419518]","[0.02072429656982422, -0.9750873446464539, -0.7886744141578674, 0.9669559001922607]",False,"[0.44081681966781616, 0.06485119462013245, 0.029999999329447746]","[[0.62863689661026, -0.18744759261608124, 0.1313355565071106, 0.07999994605779648, 0.6021342873573303, -0.2864607274532318, 0.029989412054419518, 3.0067328680161154e-06, -2.4509246941306628e-05, -2.2600850570597686e-05]]","[0.14390043914318085, 0.1604502648115158, 0.06500869989395142, 0.0006542876362800598, 0.06638482213020325, -0.002594679594039917]","[[0.007518338970839977, -0.009131167083978653, 0.009082268923521042]]","[1, 1]",12.854523883,-0.38657909631729126,30,4572,1748251725.3039207,7
"[[-0.0003169506962876767, -0.04917743429541588, -0.0036214508581906557]]",4573,"[0.6021347641944885, -0.28646039962768555, 0.029989713802933693]","[-0.006329476833343506, -0.9835420846939087, -0.07242298126220703, 0.91977858543396]",False,"[0.44081681966781616, 0.06485119462013245, 0.029999999329447746]","[[0.6169894337654114, -0.22601088881492615, 0.1003473773598671, 0.07999997586011887, 0.6021347641944885, -0.28646039962768555, 0.029989713802933693, -1.1460180360245431e-08, -9.523905646346975e-06, -2.403546022833325e-05]]","[0.10265621542930603, 0.2046477496623993, 0.0678599625825882, 0.013043630868196487, 0.09764054417610168, 0.017337001860141754]","[[0.011330989189445972, -0.010613810271024704, 0.02736702933907509]]","[1, 1]",12.854559289,-0.3865789771080017,30,4573,1748251725.3056312,8
"[[-0.0034881560131907463, 0.003901660442352295, 0.0008281983900815248]]",4587,"[0.4645698666572571, 0.004758960567414761, 0.06268670409917831]","[-0.24861043691635132, 0.7652668952941895, 0.0315699577331543, -0.9066717624664307]",False,"[0.44081681966781616, 0.06485119462013245, 0.029999999329447746]","[[0.48059898614883423, -0.007917325012385845, 0.07178817689418793, 0.05632612109184265, 0.4645698666572571, 0.004758960567414761, 0.06268670409917831, -0.0029443465173244476, -0.05289669334888458, 0.0015911118825897574]]","[0.10691330581903458, -1.0514559745788574, 0.337165892124176, 3.377241373062134, -0.3215463161468506, 0.2707511782646179]","[[-0.004096808843314648, 0.006490606814622879, 0.000984142767265439]]","[1, 1]",12.855079948,-0.07241342216730118,30,4587,1748251725.3371947,22
"[[0.02991355024278164, 0.04795699566602707, 0.03786054626107216]]",4605,"[0.6451947689056396, 0.24131205677986145, 0.02998943440616131]","[0.5982686281204224, 0.9591491222381592, 0.757209062576294, 0.6599371433258057]",False,"[0.6452364921569824, -0.11639509350061417, 0.029999999329447746]","[[0.616966962814331, 0.03362323343753815, 0.1386183351278305, 0.07668673992156982, 0.6451947689056396, 0.24131205677986145, 0.02998943440616131, 3.006569613717147e-06, -2.377380405960139e-05, -5.656060693581821e-06]]","[0.03140094131231308, -0.025906041264533997, -0.019037064164876938, -0.028387539088726044, 0.053564876317977905, 0.13178907334804535]","[[0.04025799781084061, 0.021128496155142784, 0.06542278826236725]]","[1, 1]",12.898984237,-0.357707142829895,32,4605,1748251725.3771846,1
"[[-0.01573134772479534, -0.044054895639419556, -0.03151334822177887]]",4613,"[0.6440666317939758, 0.262628972530365, 0.04236655309796333]","[-0.34789586067199707, -0.9335464239120483, -0.6296467185020447, 0.4109766483306885]",False,"[0.6452364921569824, -0.11639509350061417, 0.029999999329447746]","[[0.6544094085693359, 0.26151496171951294, 0.04673900455236435, 0.08021519333124161, 0.6440666317939758, 0.262628972530365, 0.04236655309796333, -0.8292109966278076, 0.000395614595618099, 0.0589861199259758]]","[0.3768632113933563, 0.18962913751602173, -2.135946035385132, 1.1470593214035034, -1.2646626234054565, 0.3642629384994507]","[[-0.01586337201297283, -0.04567664861679077, -0.02731674164533615]]","[1, 1]",12.942501868,-0.37922754883766174,32,4613,1748251725.3928778,9
"[[0.02769611030817032, 0.003314085304737091, 0.00876089371740818]]",4622,"[0.6570129990577698, -0.06351837515830994, 0.03327435627579689]","[0.9663326740264893, -0.8857710957527161, 0.1262514591217041, -0.9980230331420898]",False,"[0.6452364921569824, -0.11639509350061417, 0.029999999329447746]","[[0.6622153520584106, -0.06629269570112228, 0.025102952495217323, 0.05673627182841301, 0.6570129990577698, -0.06351837515830994, 0.03327435627579689, -1.5720525979995728, 0.043730221688747406, -0.002623339183628559]]","[0.8807606101036072, -0.42946726083755493, 1.5324090719223022, 1.4278146028518677, -1.5566765069961548, 0.9375597834587097]","[[0.029149390757083893, -0.005186665803194046, 0.008541032671928406]]","[1, 1]",12.94285377,-0.05427112430334091,32,4622,1748251725.416457,18
"[[-0.04918588325381279, -0.04942655190825462, -0.031993843615055084]]",4654,"[0.5379223227500916, -0.2318974733352661, 0.02998943440616131]","[-0.9837188720703125, -0.9885221123695374, -0.6398786902427673, 0.8713679313659668]",False,"[0.47995591163635254, 0.2693091034889221, 0.029999999329447746]","[[0.6363243460655212, -0.07212646305561066, 0.13169986009597778, 0.07027386128902435, 0.5379223227500916, -0.2318974733352661, 0.02998943440616131, 3.006569613717147e-06, -2.377380405960139e-05, -5.656060693581821e-06]]","[0.03140094131231308, -0.025906041264533997, -0.019037064164876938, -0.028387539088726044, 0.053564876317977905, 0.13178907334804535]","[[-0.009847771376371384, 3.849342465400696e-05, 0.023266363888978958]]","[1, 1]",13.00027612,-0.5045474767684937,35,4654,1748251725.4868863,1
"[[-0.02404949814081192, -0.006370633840560913, -0.019414732232689857]]",4686,"[0.5230581760406494, 0.1352517008781433, 0.030760537832975388]","[-0.9338374137878418, -0.3104403614997864, -0.5897282361984253, -0.7220129370689392]",False,"[0.4640222191810608, 0.13714949786663055, 0.029999999329447746]","[[0.5426546931266785, 0.12452942878007889, 0.03173835575580597, 0.05142180621623993, 0.5230581760406494, 0.1352517008781433, 0.030760537832975388, -1.5817075967788696, 0.015244954265654087, -0.01255137100815773]]","[0.3951156437397003, -0.10909286141395569, -1.7253607511520386, 1.4972742795944214, -1.549391746520996, 0.33916592597961426]","[[-0.02268073707818985, -0.005450613796710968, -0.015006868168711662]]","[1, 1]",13.090947548,-0.05907135456800461,36,4686,1748251725.561354,9
"[[0.012561548501253128, 0.019124675542116165, 0.023954981938004494]]",4695,"[0.4347386658191681, 0.008005969226360321, 0.04371174797415733]","[0.5421361923217773, 0.6023926734924316, 0.754626989364624, -0.34397071599960327]",False,"[0.6870977878570557, -0.014427773654460907, 0.029999999329447746]","[[0.4195438027381897, 0.010430816560983658, 0.03857364505529404, 0.057383943349123, 0.4347386658191681, 0.008005969226360321, 0.04371174797415733, 0.002181987278163433, 0.1802850067615509, -0.02353804185986519]]","[1.0048294067382812, 0.26447558403015137, -3.4961960315704346, 1.9242725372314453, -1.0728617906570435, 0.11921149492263794]","[[0.013562638312578201, 0.00989181362092495, 0.020137665793299675]]","[1, 1]",13.134467014,-0.2537250518798828,37,4695,1748251725.57878,7
"[[0.01274251937866211, 0.014016617089509964, 0.009054973721504211]]",4712,"[0.48259127140045166, 0.25473758578300476, 0.07564057409763336]","[0.9801751375198364, 0.7179305553436279, 0.8419451713562012, -0.9975203275680542]",False,"[0.6974479556083679, 0.2453857958316803, 0.029999999329447746]","[[0.48209303617477417, 0.24866174161434174, 0.07618077844381332, 0.05503076687455177, 0.48259127140045166, 0.25473758578300476, 0.07564057409763336, 0.012200424447655678, -0.03468479588627815, -0.029240228235721588]]","[0.36105138063430786, -0.2928059697151184, -2.5462465286254883, 2.125023603439331, -1.2789887189865112, 0.14427705109119415]","[[0.011613845825195312, 0.007883135229349136, 0.00901864469051361]]","[1, 1]",13.135279811,-0.21984975039958954,38,4712,1748251725.6153855,11
"[[-0.02609734609723091, 0.04042307287454605, 0.01051835622638464]]",4737,"[0.4929245710372925, 0.238827183842659, 0.029989873990416527]","[-0.5219498872756958, 0.8084590435028076, 0.2103670835494995, 0.3859860897064209]",False,"[0.5989234447479248, 0.1742582619190216, 0.029999999329447746]","[[0.5724873542785645, 0.09357242286205292, 0.13015322387218475, 0.07132580131292343, 0.4929245710372925, 0.238827183842659, 0.029989873990416527, -2.8357405881251907e-06, 8.456109753751662e-06, 6.5246736085100565e-06]]","[0.017394905909895897, -0.02829202264547348, -0.013020701706409454, -0.020282231271266937, 0.021106474101543427, 0.05703825503587723]","[[-0.006764847785234451, 0.0080522820353508, 0.01576673611998558]]","[1, 1]",13.183798731,-0.12411648780107498,40,4737,1748251725.6703987,2
"[[-0.04356912896037102, -0.04230141639709473, -0.010973257943987846]]",4753,"[0.450966477394104, -0.16873393952846527, 0.02998996712267399]","[-0.8713825941085815, -0.8460256457328796, -0.21946251392364502, 0.811549186706543]",False,"[0.549591064453125, -0.07612784206867218, 0.029999999329447746]","[[0.47905322909355164, -0.16629421710968018, 0.09389108419418335, 0.07999785244464874, 0.450966477394104, -0.16873393952846527, 0.02998996712267399, 1.057341137311596e-06, 2.8044281563666118e-08, 1.3583002328232396e-05]]","[0.12530145049095154, 0.004401952028274536, 0.02618071436882019, -0.018119409680366516, -0.016250349581241608, -0.032096996903419495]","[[-0.008567523211240768, -0.0019958168268203735, -0.0012861788272857666]]","[1, 1]",13.215800284,-0.13528746366500854,41,4753,1748251725.7022307,4
"[[0.009523779153823853, 0.0352419875562191, -0.048635680228471756]]",4823,"[0.6326785683631897, 0.12086445093154907, 0.03977455943822861]","[0.19842445850372314, 0.9667329788208008, -0.8232479095458984, 0.9353213310241699]",False,"[0.4122665822505951, -0.2031630128622055, 0.029999999329447746]","[[0.6427425742149353, 0.1222870722413063, 0.053464241325855255, 0.07919615507125854, 0.6326785683631897, 0.12086445093154907, 0.03977455943822861, -0.42990201711654663, -2.8414991248837396e-08, -0.007846095599234104]]","[0.5381819009780884, 0.07601175457239151, -1.7988336086273193, 0.9633280038833618, -0.6301162242889404, 0.06705570220947266]","[[-0.0029434263706207275, 0.008952710777521133, -0.030102703720331192]]","[1, 1]",13.41830327,-0.3920086622238159,47,4823,1748251725.8572974,4
"[[0.00934796966612339, -0.03603104129433632, 0.035381823778152466]]",4872,"[0.6219971179962158, 0.22269108891487122, 0.04039906710386276]","[0.07246840000152588, -0.9330136179924011, 0.9164870977401733, -0.9973130226135254]",False,"[0.44076085090637207, -0.22667069733142853, 0.029999999329447746]","[[0.6246768236160278, 0.21109303832054138, 0.03122725896537304, 0.05524187535047531, 0.6219971179962158, 0.22269108891487122, 0.04039906710386276, -0.011080888099968433, 0.04074965417385101, 0.013121111318469048]]","[0.6902391910552979, 0.33556926250457764, -2.630401134490967, 1.485554575920105, -1.1734143495559692, 0.30448341369628906]","[[0.013908559456467628, -0.020305607467889786, 0.03636956214904785]]","[1, 1]",13.522619957,-0.48464497923851013,49,4872,1748251725.9783316,10
"[[0.014268714934587479, -0.019314654171466827, 0.0013638269156217575]]",4879,"[0.46007779240608215, -0.07160366326570511, 0.041266221553087234]","[0.4748353958129883, -0.9573842287063599, -0.4055757522583008, -0.9702194333076477]",False,"[0.44076085090637207, -0.22667069733142853, 0.029999999329447746]","[[0.46241024136543274, -0.0655219778418541, 0.03408028557896614, 0.05369076877832413, 0.46007779240608215, -0.07160366326570511, 0.041266221553087234, -0.0001252460788236931, 0.041420333087444305, 0.0027881425339728594]]","[0.5644635558128357, -0.3246544897556305, -0.7151627540588379, 1.5133816003799438, -0.830987811088562, 0.2402116060256958]","[[0.01571284607052803, -0.011961199343204498, 0.0008756238967180252]]","[1, 1]",13.522878733,-0.1566711813211441,49,4879,1748251725.996552,17
"[[0.026160217821598053, 0.03480365499854088, 0.039895154535770416]]",5050,"[0.7330800294876099, 0.13742214441299438, 0.03000147081911564]","[0.6815512180328369, 0.9230153560638428, 0.7981438636779785, -0.36377429962158203]",False,"[0.6115233302116394, 0.2853476405143738, 0.029999999329447746]","[[0.7325047850608826, 0.1505565643310547, 0.023082390427589417, 0.05386614426970482, 0.7330800294876099, 0.13742214441299438, 0.03000147081911564, -0.00038082405808381736, -1.51964354699885e-06, -0.014052964746952057]]","[-0.1497780829668045, -1.5527300834655762, 2.6759071350097656, 4.05377197265625, 0.24446538090705872, 0.47876280546188354]","[[0.026428677141666412, 0.03516935929656029, 0.03989330679178238]]","[1, 30]",14.096577816,-0.19146275520324707,3,5050,1748251726.581994,34
"[[0.026150234043598175, 0.03454805538058281, 0.0401611402630806]]",5051,"[0.738239586353302, 0.14916731417179108, 0.03002755716443062]","[0.6261957883834839, 0.9258644580841064, 0.8037445545196533, -0.4771125316619873]",False,"[0.6115233302116394, 0.2853476405143738, 0.029999999329447746]","[[0.7376859784126282, 0.1621554046869278, 0.023047976195812225, 0.05273715406656265, 0.738239586353302, 0.14916731417179108, 0.03002755716443062, -0.0012498676078394055, -1.5496790410907124e-06, -0.014612686820328236]]","[-0.1703755408525467, -1.701254963874817, 2.897782325744629, 4.435418128967285, 0.5594910383224487, 0.44279295206069946]","[[0.026128597557544708, 0.03469438478350639, 0.04022164270281792]]","[1, 30]",14.099498374,-0.18601638078689575,3,5051,1748251726.5848267,35
"[[0.024815374985337257, 0.034764353185892105, 0.037969667464494705]]",5052,"[0.7419883608818054, 0.16080951690673828, 0.030043262988328934]","[0.5712829828262329, 0.928131103515625, 0.7597074508666992, -0.6041841506958008]",False,"[0.6115233302116394, 0.2853476405143738, 0.029999999329447746]","[[0.741775631904602, 0.17386434972286224, 0.022891536355018616, 0.052440863102674484, 0.7419883608818054, 0.16080951690673828, 0.030043262988328934, -0.0017743511125445366, -1.3052721214990015e-06, -0.0033364989794790745]]","[-0.18850333988666534, -1.8204686641693115, 2.9371280670166016, 4.797025203704834, 0.6655457019805908, 0.4171406626701355]","[[0.0244744960218668, 0.03469761088490486, 0.03814181312918663]]","[1, 30]",14.10233293,-0.18036317825317383,3,5052,1748251726.5877585,36
"[[0.007887291721999645, 0.01434486173093319, 0.0005687515949830413]]",5060,"[0.7514832019805908, 0.21914371848106384, 0.029954414814710617]","[0.16412115097045898, 0.3130824565887451, -0.0050334930419921875, 0.8839349746704102]",False,"[0.6115233302116394, 0.2853476405143738, 0.029999999329447746]","[[0.7659518718719482, 0.23130302131175995, 0.04926665127277374, 0.08003254234790802, 0.7514832019805908, 0.21914371848106384, 0.029954414814710617, 0.0011836863122880459, 1.652083665248938e-05, 0.18150751292705536]]","[0.029420891776680946, -3.6564173698425293, 2.9242286682128906, 9.817371368408203, 2.8259243965148926, -0.009727776050567627]","[[0.006984221749007702, 0.014739429578185081, -0.0014769710833206773]]","[1, 30]",14.121585366,-0.1548280566930771,3,5060,1748251726.6074443,44
"[[-0.0598381906747818, 0.34105148911476135, 0.049961864948272705]]",5066,"[0.42065632343292236, -0.12380710989236832, 0.029999999329447746]","[-0.9997943043708801, -0.9991083741188049, 0.9992372989654541, -0.9997434616088867]",True,"[0.40535345673561096, -0.18931464850902557, 0.029999999329447746]","[[0.6384396553039551, -2.194472251484947e-12, 0.19740013778209686, 0, 0.42065632343292236, -0.12380710989236832, 0.029999999329447746, 0, 0, 0]]","[0.031249593943357468, -0.036577388644218445, -0.04099562391638756, -0.036194927990436554, 0.07710743695497513, 0.20105451345443726]","[[-0.049989715218544006, -0.049955420196056366, 0.049961864948272705]]","[1, 30]",14.174414365,-0.040666382759809494,4,5066,1748251726.6222796,0
"[[0.005695992615073919, -0.03396809101104736, -0.019069844856858253]]",5073,"[0.4925260543823242, -0.25109314918518066, 0.029989873990416527]","[0.11392104625701904, -0.6793606281280518, -0.3813972473144531, 0.6571493148803711]",False,"[0.47970739006996155, 0.14425921440124512, 0.029999999329447746]","[[0.47816142439842224, -0.22007571160793304, 0.06033279374241829, 0.08000756800174713, 0.4925260543823242, -0.25109314918518066, 0.029989873990416527, -2.0862855762970867e-06, 2.403791313554393e-06, -9.911705092235934e-06]]","[0.15960019826889038, 0.054113756865262985, 0.04070230945944786, -0.012320175766944885, 0.005045466125011444, -0.03154483437538147]","[[-0.0007829726673662663, -0.006166324019432068, -0.013487124815583229]]","[1, 30]",14.174659215,-0.3955601155757904,6,5073,1748251726.635481,5
"[[-0.0002563536399975419, 0.044005706906318665, -0.037933871150016785]]",5078,"[0.4871349036693573, -0.23940962553024292, 0.02990960329771042]","[-0.016614675521850586, 0.9721112251281738, -0.7705568671226501, 0.3762253522872925]",False,"[0.47970739006996155, 0.14425921440124512, 0.029999999329447746]","[[0.4869593381881714, -0.22789423167705536, 0.040725912898778915, 0.07839492708444595, 0.4871349036693573, -0.23940962553024292, 0.02990960329771042, 0.0026754378341138363, -3.9573262711201096e-07, -0.17522239685058594]]","[0.021636243909597397, 0.29490482807159424, -0.11693881452083588, 0.12512026727199554, 0.01613990217447281, 0.09188970178365707]","[[-0.001083248876966536, 0.037909477949142456, -0.026132944971323013]]","[1, 30]",14.174840465,-0.38374075293540955,6,5078,1748251726.6471415,10
"[[0.0337214358150959, 0.020594779402017593, 0.045482661575078964]]",5089,"[0.5323822498321533, -0.06002214178442955, 0.030575742945075035]","[0.9149191379547119, 0.963853120803833, 0.9103697538375854, -0.6431651711463928]",False,"[0.47970739006996155, 0.14425921440124512, 0.029999999329447746]","[[0.5271462798118591, -0.050011828541755676, 0.032725121825933456, 0.05488157644867897, 0.5323822498321533, -0.06002214178442955, 0.030575742945075035, -0.019758503884077072, 1.9135231923428364e-06, -0.05974610894918442]]","[0.02908102609217167, -0.14464010298252106, 1.6220635175704956, 1.066216230392456, -1.1965818405151367, 0.7295994162559509]","[[0.03382592275738716, 0.020654097199440002, 0.04548044130206108]]","[1, 30]",14.222693474,-0.21096408367156982,6,5089,1748251726.6773045,21
"[[-0.021641498431563377, 0.030406225472688675, -0.03741990774869919]]",5094,"[0.5871490836143494, 0.06339754164218903, 0.029972873628139496]","[-0.45468103885650635, 0.9324872493743896, -0.7469311952590942, -0.6589344143867493]",False,"[0.47970739006996155, 0.14425921440124512, 0.029999999329447746]","[[0.5836532711982727, 0.07981939613819122, 0.022520914673805237, 0.04889316111803055, 0.5871490836143494, 0.06339754164218903, 0.029972873628139496, -0.00016137512284331024, -0.00030995989800430834, -0.03731684014201164]]","[0.41788914799690247, -0.707238495349884, 1.9507766962051392, 1.968397617340088, -0.46374621987342834, 0.6645734906196594]","[[-0.019734567031264305, 0.02866440638899803, -0.03642826899886131]]","[1, 30]",14.222881638,-0.13447055220603943,6,5094,1748251726.6915123,26
"[[-0.02077733539044857, 0.008475832641124725, -0.016256045550107956]]",5113,"[0.5964214205741882, 0.10285935550928116, 0.029989736154675484]","[-0.416307270526886, 0.170440673828125, -0.3251243829727173, 0.7703428268432617]",False,"[0.47970739006996155, 0.14425921440124512, 0.029999999329447746]","[[0.566403329372406, 0.10948938876390457, 0.055954188108444214, 0.08006227016448975, 0.5964214205741882, 0.10285935550928116, 0.029989736154675484, 5.156943643669365e-06, -4.091027221875265e-06, 0.20776574313640594]]","[0.2828250229358673, -3.905080795288086, 2.9070725440979004, 10.558873176574707, 3.1310462951660156, -0.026299461722373962]","[[-0.008598079904913902, 0.005204744637012482, -0.003959206864237785]]","[1, 30]",14.290430596,-0.12383905798196793,6,5113,1748251726.7431424,45
"[[0.03631264716386795, 0.03146853297948837, 0.0255285631865263]]",5123,"[0.6716324687004089, 0.07213526219129562, 0.02998996153473854]","[0.7492650747299194, 0.6453311443328857, 0.5105710029602051, -0.537880539894104]",False,"[0.637207567691803, -0.15190613269805908, 0.029999999329447746]","[[0.6915394067764282, 0.08438213914632797, 0.023742027580738068, 0.0573948472738266, 0.6716324687004089, 0.07213526219129562, 0.02998996153473854, 1.2702554386123666e-06, 1.5292215493900585e-08, 0.009401275776326656]]","[0.15959662199020386, 0.0541263073682785, 0.04068717733025551, -0.012303255498409271, 0.005051128566265106, -0.031539350748062134]","[[0.02475423365831375, 0.027793385088443756, 0.024481041356921196]]","[1, 30]",14.290798718,-0.22667072713375092,7,5123,1748251726.764137,5
"[[0.0059799193404614925, -0.022592663764953613, 0.03952120244503021]]",5126,"[0.6668165922164917, 0.0768851786851883, 0.0301606934517622]","[0.1013641357421875, -0.4658666253089905, 0.7933380603790283, -0.9398317933082581]",False,"[0.637207567691803, -0.15190613269805908, 0.029999999329447746]","[[0.6770033836364746, 0.06308764964342117, 0.025167379528284073, 0.05301520973443985, 0.6668165922164917, 0.0768851786851883, 0.0301606934517622, 0.005709496326744556, -8.230477760662325e-06, 0.003065560944378376]]","[0.1810470074415207, 0.22358503937721252, -0.21107134222984314, 0.16833162307739258, -0.05258671194314957, 0.05150636285543442]","[[0.009838426485657692, -0.0068475231528282166, 0.039249591529369354]]","[1, 30]",14.290907111,-0.2306993305683136,7,5126,1748251726.772069,8
"[[0.010294985957443714, -0.036214493215084076, 0.028272122144699097]]",5132,"[0.6569612622261047, 0.02330678515136242, 0.02998991496860981]","[0.23790860176086426, -0.9464243650436401, 0.5654416084289551, -0.5888310670852661]",False,"[0.637207567691803, -0.15190613269805908, 0.029999999329447746]","[[0.6619057059288025, 0.011753491126000881, 0.026390478014945984, 0.05714622512459755, 0.6569612622261047, 0.02330678515136242, 0.02998991496860981, -1.7198742625623709e-06, -1.560244868414884e-06, 0.04927818104624748]]","[-0.023817067965865135, 0.4211253821849823, -0.703908383846283, 0.481453001499176, -1.1842187643051147, 0.4680596590042114]","[[0.010142338462173939, -0.03711772337555885, 0.02826572023332119]]","[1, 30]",14.334367767,-0.17632292211055756,7,5132,1748251726.7897985,14
"[[-0.02880012057721615, -0.04432683438062668, -0.017597543075680733]]",5148,"[0.6511377096176147, -0.08441397547721863, 0.029989605769515038]","[-0.5761550068855286, -0.8867193460464478, -0.3519297242164612, -0.9279274344444275]",False,"[0.637207567691803, -0.15190613269805908, 0.029999999329447746]","[[0.6663491129875183, -0.09715630859136581, 0.02247210405766964, 0.05439857393503189, 0.6511377096176147, -0.08441397547721863, 0.029989605769515038, 8.278621862700675e-06, 6.636617854383076e-06, 0.06956300139427185]]","[0.20038513839244843, -1.286797285079956, 2.3841681480407715, 3.3023083209991455, -0.13045009970664978, 0.5961300730705261]","[[-0.028568794950842857, -0.04490143805742264, -0.01747778058052063]]","[1, 30]",14.350780567,-0.06891472637653351,7,5148,1748251726.8356547,30
"[[0.004736221395432949, -0.039093535393476486, 0.025063542649149895]]",5153,"[0.661945104598999, -0.10362610220909119, 0.030369320884346962]","[0.15837502479553223, -0.9136720895767212, 0.49733877182006836, -0.9044651389122009]",False,"[0.637207567691803, -0.15190613269805908, 0.029999999329447746]","[[0.6774383187294006, -0.11617141216993332, 0.022787820547819138, 0.05373665317893028, 0.661945104598999, -0.10362610220909119, 0.030369320884346962, 0.012725191190838814, 1.0329724773328053e-06, -0.03243270143866539]]","[-0.02650376223027706, -1.7911720275878906, 2.5693697929382324, 4.750425338745117, 0.5128204822540283, 0.4074826240539551]","[[0.0042414432391524315, -0.038565341383218765, 0.025042526423931122]]","[1, 30]",14.365883777,-0.05424981564283371,7,5153,1748251726.8511724,35
"[[0.03658801317214966, 0.03753694146871567, 0.028472362086176872]]",5166,"[0.5742316842079163, 0.030686544254422188, 0.030006304383277893]","[0.8655893802642822, 0.9242780208587646, 0.5675046443939209, -0.6422040462493896]",False,"[0.5929355025291443, 0.18140850961208344, 0.029999999329447746]","[[0.567396342754364, 0.04491202160716057, 0.023235546424984932, 0.053866196423769, 0.5742316842079163, 0.030686544254422188, 0.030006304383277893, -0.0005665217177011073, 4.60511773781036e-06, -0.046879518777132034]]","[-0.05700049549341202, 0.30736833810806274, 0.006119471043348312, 0.07166872918605804, 0.015265345573425293, 0.11583944410085678]","[[0.03667044639587402, 0.03786095976829529, 0.028405239805579185]]","[1, 30]",14.414676992,-0.15187804400920868,8,5166,1748251726.8832228,11
"[[0.032601188868284225, 0.03451435640454292, 0.0213837381452322]]",5168,"[0.5940858721733093, 0.05002791807055473, 0.02998983860015869]","[0.860893964767456, 0.9022074937820435, 0.4276754856109619, -0.6673840284347534]",False,"[0.5929355025291443, 0.18140850961208344, 0.029999999329447746]","[[0.5890903472900391, 0.06859627366065979, 0.02327425219118595, 0.04920101910829544, 0.5940858721733093, 0.05002791807055473, 0.02998983860015869, -4.5654960558749735e-06, 1.3219712400314165e-06, -0.045043449848890305]]","[-0.1866575926542282, 0.3481764495372772, -0.040217529982328415, 0.09818189591169357, -0.2706245481967926, 0.24236911535263062]","[[0.032305072993040085, 0.03288128226995468, 0.021394949406385422]]","[1, 30]",14.414748476,-0.13138562440872192,8,5168,1748251726.8890877,13
"[[-0.024907631799578667, -0.01656879484653473, -0.04225393384695053]]",5186,"[0.4411366581916809, -0.0496315136551857, 0.029989352449774742]","[-0.49833858013153076, -0.3348449468612671, -0.8450914025306702, 0.8258137702941895]",False,"[0.4332651197910309, -0.27786505222320557, 0.029999999329447746]","[[0.42972293496131897, -0.06142106652259827, 0.021998876705765724, 0.08015388250350952, 0.4411366581916809, -0.0496315136551857, 0.029989352449774742, -1.2863272786489688e-05, -1.2595808584592305e-05, 0.0025644823908805847]]","[0.16540957987308502, 0.10980891436338425, 0.05196758732199669, -0.005509436130523682, 0.03408435732126236, -0.02011646330356598]","[[-0.011464161798357964, -0.0075157396495342255, -0.017791954800486565]]","[1, 30]",14.458980391,-0.22836923599243164,9,5186,1748251726.9323587,6
"[[0.005235099699348211, -0.04872610792517662, 0.05001016706228256]]",5202,"[0.42337366938591003, 0.17486220598220825, 0.0299898199737072]","[0.10470199584960938, -0.9745245575904846, 0.9999997615814209, -0.9280700087547302]",False,"[0.6636283993721008, 0.1562911719083786, 0.029999999329447746]","[[0.6352818012237549, -0.02397727593779564, 0.209963858127594, 1.3823894562392525e-07, 0.42337366938591003, 0.17486220598220825, 0.0299898199737072, 1.0719993042584974e-05, 3.3503115446364973e-06, 3.5290363484818954e-06]]","[0.031228283420205116, -0.036004483699798584, -0.040873315185308456, -0.0356299951672554, 0.07730570435523987, 0.20066535472869873]","[[0.008392954245209694, -0.024748951196670532, 0.03743626922369003]]","[1, 30]",14.506815095,-0.2409714162349701,10,5202,1748251726.9760857,0
"[[-0.02045026794075966, 0.005590465851128101, -0.04200580343604088]]",5210,"[0.42337265610694885, 0.1748640239238739, 0.029989995062351227]","[-0.409005343914032, 0.1118096113204956, -0.8401156663894653, 0.8691432476043701]",False,"[0.6636283993721008, 0.1562911719083786, 0.029999999329447746]","[[0.4216783940792084, 0.17228849232196808, 0.02689986303448677, 0.07998672127723694, 0.42337265610694885, 0.1748640239238739, 0.029989995062351227, 1.4872628639750474e-07, 4.405552589403783e-10, 2.372053495491855e-05]]","[0.10264931619167328, 0.2046457976102829, 0.06784330308437347, 0.013049058616161346, 0.09763935208320618, 0.017349496483802795]","[[-0.0010596252977848053, 0.0033045532181859016, -0.0047840215265750885]]","[1, 30]",14.507134004,-0.24097256362438202,10,5210,1748251726.9904993,8
"[[0.04754647612571716, 0.03222963586449623, 0.04542316123843193]]",5218,"[0.43131646513938904, 0.17892098426818848, 0.03061700239777565]","[0.9893679618835449, 0.8369437456130981, 0.9102768898010254, -0.9878749251365662]",False,"[0.6636283993721008, 0.1562911719083786, 0.029999999329447746]","[[0.41491028666496277, 0.19466689229011536, 0.024108316749334335, 0.050884004682302475, 0.43131646513938904, 0.17892098426818848, 0.03061700239777565, -0.02118409425020218, -4.896806422038935e-05, -0.04460770636796951]]","[-0.14581596851348877, 0.3680247962474823, 0.42011192440986633, -0.10304673761129379, -1.1259337663650513, 0.49305403232574463]","[[0.04768049716949463, 0.03530937805771828, 0.04540662467479706]]","[1, 30]",14.550698915,-0.23341235518455505,10,5218,1748251727.0113356,16
"[[-0.03645632416009903, 0.032663535326719284, -0.04111560434103012]]",5290,"[0.515717625617981, 0.0049842302687466145, 0.029988953843712807]","[-0.7291443347930908, 0.653266191482544, -0.8223145008087158, -0.13315320014953613]",False,"[0.6609727144241333, -0.10208120197057724, 0.029999999329447746]","[[0.5756890177726746, -0.027674922719597816, 0.14522959291934967, 0.005178667604923248, 0.515717625617981, 0.0049842302687466145, 0.029988953843712807, 4.380889004096389e-05, 6.188248335092794e-06, -9.075460184249096e-06]]","[0.017336415126919746, -0.02831059694290161, -0.012857206165790558, -0.02041047066450119, 0.0212349072098732, 0.0571274533867836]","[[-0.006055273115634918, 0.009222874417901039, 0.0029333867132663727]]","[1, 30]",14.730907245000001,-0.18044954538345337,12,5290,1748251727.2109463,2
"[[-0.024544572457671165, -0.01127354335039854, -0.04759616404771805]]",5293,"[0.5157151222229004, 0.004979278426617384, 0.029989905655384064]","[-0.4909224510192871, -0.22559022903442383, -0.951920747756958, 0.7351511716842651]",False,"[0.6609727144241333, -0.10208120197057724, 0.029999999329447746]","[[0.5024981498718262, -0.0049415891990065575, 0.03016827255487442, 0.07976911216974258, 0.5157151222229004, 0.004979278426617384, 0.029989905655384064, 3.1469432997255353e-06, -2.2395592225166183e-07, 8.942825661506504e-05]]","[0.15961012244224548, 0.054113928228616714, 0.040717851370573044, -0.012332938611507416, 0.005047932267189026, -0.03155139088630676]","[[-0.003866707906126976, -0.004472589585930109, -0.00476440042257309]]","[1, 30]",14.774305483,-0.18044862151145935,12,5293,1748251727.216698,5
"[[0.02108689583837986, -0.035153359174728394, 0.02417590841650963]]",5300,"[0.5274065136909485, -0.019453730434179306, 0.030444582924246788]","[0.5291812419891357, -0.9160728454589844, 0.4816703796386719, -0.9758169651031494]",False,"[0.6609727144241333, -0.10208120197057724, 0.029999999329447746]","[[0.5234818458557129, -0.03319184482097626, 0.025308212265372276, 0.054330263286828995, 0.5274065136909485, -0.019453730434179306, 0.030444582924246788, 0.01526914443820715, 5.145072350387636e-07, 0.042601652443408966]]","[-0.07781342417001724, 0.3300088047981262, 0.006405245512723923, 0.06586072593927383, -0.11881428211927414, 0.17162854969501495]","[[0.021233046427369118, -0.03525466471910477, 0.024159271270036697]]","[1, 30]",14.774586320000001,-0.15705865621566772,12,5300,1748251727.235654,12
"[[0.011229348368942738, -0.04277099296450615, 0.008316203020513058]]",5346,"[0.6178446412086487, -0.30682140588760376, 0.03066893480718136]","[0.2834286689758301, -0.9416820406913757, 0.169586181640625, -0.1707187294960022]",False,"[0.5100755095481873, 0.17241066694259644, 0.029999999329447746]","[[0.639315128326416, -0.25731679797172546, 0.051260605454444885, 0.01248815469443798, 0.6178446412086487, -0.30682140588760376, 0.03066893480718136, 0.022898947820067406, 2.2082410850998713e-06, -0.1538228690624237]]","[0.09310559183359146, 0.25843167304992676, -0.14750972390174866, 0.12700822949409485, 0.006726160645484924, 0.06574200838804245]","[[-0.0032085655257105827, -0.036378782242536545, 0.0016175853088498116]]","[1, 30]",14.863041351,-0.4912005662918091,14,5346,1748251727.344928,9
"[[-0.02713259495794773, -0.034094370901584625, 0.03712514787912369]]",5415,"[0.5639444589614868, -0.026996096596121788, 0.03212086856365204]","[-0.49724268913269043, -0.9292362332344055, 0.7627236843109131, 0.18733906745910645]",False,"[0.4093175530433655, -0.2674245536327362, 0.029999999329447746]","[[0.5807473063468933, -0.05071132630109787, 0.07792215794324875, 0.07836310565471649, 0.5639444589614868, -0.026996096596121788, 0.03212086856365204, 0.07385712116956711, 2.9447164706652984e-05, -0.2549338936805725]]","[0.1612403839826584, -0.9002627730369568, 2.1651573181152344, 2.4021942615509033, -0.213629812002182, 0.600824773311615]","[[-0.00801178254187107, -0.018030745908617973, 0.01922423392534256]]","[1, 30]",15.046715414,-0.28586679697036743,15,5415,1748251727.4995935,28
"[[0.0024705471005290747, -0.047312211245298386, 0.03261265903711319]]",5429,"[0.5676640272140503, -0.03600778803229332, 0.02998986840248108]","[0.049413323402404785, -0.9462478160858154, 0.6522531509399414, 0.1832815408706665]",False,"[0.4093175530433655, -0.2674245536327362, 0.029999999329447746]","[[0.3205914795398712, -0.558887243270874, 0.40923818945884705, 0.07973936945199966, 0.5676640272140503, -0.03600778803229332, 0.02998986840248108, 9.337232995676459e-07, 5.728000814997358e-06, -0.43474045395851135]]","[0.012321749702095985, -3.1257729530334473, 2.8022964000701904, 8.377674102783203, 2.231107711791992, 0.08103673160076141]","[[0.0074818674474954605, -0.02283574268221855, 0.01658276468515396]]","[1, 30]",15.047467066,-0.2804056406021118,15,5429,1748251727.524848,42
"[[-0.004041749518364668, 0.04234785959124565, -0.04790414497256279]]",5443,"[0.6833264827728271, 0.15285204350948334, 0.029989879578351974]","[-0.0808337926864624, 0.8469589948654175, -0.9580845236778259, 0.7378621101379395]",False,"[0.6109892129898071, 0.1446165144443512, 0.029999999329447746]","[[0.677913248538971, 0.1662651002407074, 0.06283129751682281, 0.08023358136415482, 0.6833264827728271, 0.15285204350948334, 0.029989879578351974, -3.924763859686209e-06, 9.146655770564394e-07, 1.104188686440466e-05]]","[0.16540959477424622, 0.10980720072984695, 0.05195523425936699, -0.005504786968231201, 0.034080855548381805, -0.020118221640586853]","[[0.00505445571616292, 0.011724378913640976, -0.006746347993612289]]","[1, 30]",15.090790583,-0.07280459254980087,16,5443,1748251727.550619,6
"[[0.027173597365617752, -0.006667229812592268, 0.0003837917174678296]]",5489,"[0.5443342328071594, 0.1927243024110794, 0.02998996153473854]","[0.5679289102554321, -0.1481924057006836, 0.007675051689147949, -0.07014209032058716]",False,"[0.5198497772216797, 0.12345968931913376, 0.029999999329447746]","[[0.5609830021858215, 0.18883700668811798, 0.02250509336590767, 0.054894089698791504, 0.5443342328071594, 0.1927243024110794, 0.02998996153473854, -8.925022711991915e-07, 1.0300807389285183e-06, -0.002060291590169072]]","[0.03818361461162567, 0.24435055255889893, 0.07364483177661896, 0.026136167347431183, 0.11664450168609619, 0.039493024349212646]","[[0.008981186896562576, -0.005314889829605818, 0.0004920337814837694]]","[1, 30]",15.176450863,-0.0734647810459137,18,5489,1748251727.662421,9
"[[0.011786985211074352, -0.016080934554338455, -0.04211786016821861]]",5523,"[0.6060250401496887, 0.03832352161407471, 0.03003067895770073]","[0.23569917678833008, -0.3237733840942383, -0.8415395617485046, 0.7111396789550781]",False,"[0.6764200925827026, -0.21425174176692963, 0.029999999329447746]","[[0.5975639224052429, 0.027586549520492554, 0.022005891427397728, 0.08004694432020187, 0.6060250401496887, 0.03832352161407471, 0.03003067895770073, 0.00136315799318254, 7.273904884641524e-06, 0.0009190306882373989]]","[0.16012030839920044, 0.054205287247896194, 0.03876752778887749, -0.01120852679014206, 0.0044234320521354675, -0.03146979212760925]","[[0.007142829708755016, -0.010457593947649002, -0.0027989186346530914]]","[1, 30]",15.290470892,-0.2622016668319702,20,5523,1748251727.740452,5
"[[0.0010144651168957353, -0.038755469024181366, 0.004884017165750265]]",5527,"[0.6065906286239624, 0.03014269284904003, 0.029989831149578094]","[0.022202610969543457, -0.9055619835853577, 0.09767746925354004, -0.2821674942970276]",False,"[0.6764200925827026, -0.21425174176692963, 0.029999999329447746]","[[0.6152036190032959, 0.022202763706445694, 0.02887791395187378, 0.057083770632743835, 0.6065906286239624, 0.03014269284904003, 0.029989831149578094, -3.357562036399031e-06, -2.8415720407792833e-06, -0.016945520415902138]]","[0.039344288408756256, 0.2444039136171341, 0.06764602661132812, 0.02942756935954094, 0.11393052339553833, 0.04015430063009262]","[[-0.0007575213676318526, -0.04307740181684494, 0.0016653495840728283]]","[1, 30]",15.290586038,-0.25417470932006836,20,5527,1748251727.7500467,9
"[[0.010663998313248158, 0.03645952045917511, 0.02615046501159668]]",5557,"[0.695905327796936, 0.03708207234740257, 0.030750758945941925]","[0.20983362197875977, 0.7613422870635986, 0.5352765321731567, -0.4984970688819885]",False,"[0.6153199672698975, 0.05863787606358528, 0.029999999329447746]","[[0.7064638137817383, 0.04826716333627701, 0.02602958306670189, 0.056760966777801514, 0.695905327796936, 0.03708207234740257, 0.030750758945941925, -0.025690637528896332, -2.687827986846969e-07, 0.001322477008216083]]","[0.2035309225320816, 0.11656848341226578, -0.1226937472820282, 0.08860734850168228, -0.022957108914852142, -0.01270987093448639]","[[0.012671840377151966, 0.03725738450884819, 0.023857245221734047]]","[1, 30]",15.362761399,-0.08342191576957703,21,5557,1748251727.8290293,6
"[[-0.020234841853380203, -0.014880932867527008, -0.03689068928360939]]",5564,"[0.6873842477798462, 0.04045920446515083, 0.030372288078069687]","[-0.4509226083755493, -0.33139944076538086, -0.7441806793212891, -0.8139554858207703]",False,"[0.6153199672698975, 0.05863787606358528, 0.029999999329447746]","[[0.6853769421577454, 0.0259151179343462, 0.022629765793681145, 0.05320597067475319, 0.6873842477798462, 0.04045920446515083, 0.030372288078069687, 0.012829632498323917, -9.1534366220003e-06, 0.03643573448061943]]","[-0.05338514596223831, 0.3450466990470886, -0.3171181380748749, 0.24879592657089233, -0.4387304484844208, 0.26507675647735596]","[[-0.019362885504961014, -0.01801222749054432, -0.03702111542224884]]","[1, 30]",15.406307104,-0.07432269304990768,21,5564,1748251727.8482056,13
"[[0.02252872660756111, -0.005475535523146391, -0.0371876135468483]]",5569,"[0.6806527376174927, 0.0363873727619648, 0.02998960018157959]","[0.4506019353866577, -0.10949349403381348, -0.7437235116958618, 0.037160396575927734]",False,"[0.6153199672698975, 0.05863787606358528, 0.029999999329447746]","[[0.6888375878334045, 0.03383097052574158, 0.022367767989635468, 0.056842658668756485, 0.6806527376174927, 0.0363873727619648, 0.02998960018157959, 1.2915949810121674e-05, 3.786262141147745e-06, 0.008609222248196602]]","[-0.49818316102027893, -0.06418389081954956, -0.14293724298477173, 1.2837449312210083, -1.8027247190475464, 0.6019250154495239]","[[0.008862216025590897, -0.009087057784199715, -0.036947183310985565]]","[1, 30]",15.406518301,-0.06901779025793076,21,5569,1748251727.8631086,18
"[[0.04589811712503433, 0.01928095892071724, -0.04978810250759125]]",5579,"[0.5846768021583557, 0.2700008153915405, 0.029989156872034073]","[0.9179503917694092, 0.38559412956237793, -0.995978832244873, 0.4326472282409668]",False,"[0.583419680595398, -0.061495743691921234, 0.029999999329447746]","[[0.6773483753204346, 0.014712082222104073, 0.18725357949733734, 0.038005281239748, 0.5846768021583557, 0.2700008153915405, 0.029989156872034073, 3.70309098798316e-05, 6.186130121932365e-06, -3.4460654205759056e-06]]","[0.03122689574956894, -0.03596717119216919, -0.04086534306406975, -0.03559320420026779, 0.07731862366199493, 0.2006399929523468]","[[0.006988801062107086, 0.004567625001072884, -0.03965238481760025]]","[1, 30]",15.406861486,-0.3314989507198334,22,5579,1748251727.8897958,0
"[[0.0363348014652729, -0.031134482473134995, 0.04353693872690201]]",5599,"[0.5477621555328369, 0.17388421297073364, 0.02998235449194908]","[0.5766961574554443, -0.937854528427124, 0.8676578998565674, -0.7932082414627075]",False,"[0.583419680595398, -0.061495743691921234, 0.029999999329447746]","[[0.5517473220825195, 0.15715233981609344, 0.02422691136598587, 0.048210978507995605, 0.5477621555328369, 0.17388421297073364, 0.02998235449194908, -0.00012587923265527934, -0.00012774391507264227, 0.04740750044584274]]","[-0.09351735562086105, 0.04650008678436279, 1.2079243659973145, 0.34484630823135376, -0.8275359869003296, 0.5709602236747742]","[[0.035148728638887405, -0.03171081468462944, 0.04281933605670929]]","[1, 30]",15.451651779,-0.23806549608707428,22,5599,1748251727.937139,20
"[[-0.04509586840867996, -0.04897483065724373, -0.019892128184437752]]",5613,"[0.4685963988304138, -0.25344333052635193, 0.02998896688222885]","[-0.9019006490707397, -0.9794912338256836, -0.3978463411331177, 0.9509525299072266]",False,"[0.5815505385398865, 0.02579985186457634, 0.029999999329447746]","[[0.5707629323005676, -0.07760448008775711, 0.18606045842170715, 0.0788174495100975, 0.4685963988304138, -0.25344333052635193, 0.02998896688222885, -4.337637437856756e-05, -6.188112365634879e-06, -6.86728617438348e-06]]","[0.03139950707554817, -0.025889262557029724, -0.01902839168906212, -0.028372906148433685, 0.05357695370912552, 0.1317855268716812]","[[-0.022153563797473907, 0.0030151940882205963, -0.013216881081461906]]","[1, 30]",15.488230392,-0.30122315883636475,23,5613,1748251727.9747787,1
"[[-0.043764352798461914, -0.04483106732368469, -0.047546014189720154]]",5671,"[0.6598710417747498, -0.03160199895501137, 0.02998984418809414]","[-0.9385490417480469, -0.944902777671814, -0.9509205222129822, -0.9538148045539856]",False,"[0.6567973494529724, -0.17256659269332886, 0.029999999329447746]","[[0.6701565980911255, -0.04442066326737404, 0.0226303618401289, 0.05445586517453194, 0.6598710417747498, -0.03160199895501137, 0.02998984418809414, 6.426274467230542e-06, -3.3257015275012236e-07, 0.0745849534869194]]","[-0.1425315886735916, 0.14579710364341736, 0.9952819347381592, 0.1209985688328743, -1.2076445817947388, 0.6028371453285217]","[[-0.04258507490158081, -0.044848982244729996, -0.04753187298774719]]","[1, 30]",15.627652212,-0.14099811017513275,25,5671,1748251728.112813,19
"[[-0.005698520224541426, 0.016414931043982506, -0.019376477226614952]]",5700,"[0.5116786360740662, 0.1920195370912552, 0.029989590868353844]","[-0.11485373973846436, 0.33455443382263184, -0.38752281665802, 0.028173327445983887]",False,"[0.46130239963531494, 0.22466591000556946, 0.029999999329447746]","[[0.5136284232139587, 0.2053089290857315, 0.02491159737110138, 0.0800326019525528, 0.5116786360740662, 0.1920195370912552, 0.029989590868353844, -2.5509471868190303e-08, -1.3851270068698796e-06, 0.01788407377898693]]","[0.14388611912727356, 0.1604008972644806, 0.06513954699039459, 0.0005865916609764099, 0.0664205551147461, -0.0026193708181381226]","[[-0.005066591780632734, 0.015633633360266685, -0.0038654040545225143]]","[1, 30]",15.746466618,-0.06002957001328468,26,5700,1748251728.1925652,7
"[[-0.004390675108879805, -0.024872928857803345, 0.0427219420671463]]",5720,"[0.6490325331687927, 0.2954466640949249, 0.03134843707084656]","[-0.0948718786239624, -0.4607868194580078, 0.8795017004013062, -0.996173083782196]",False,"[0.40182462334632874, 0.12281019240617752, 0.029999999329447746]","[[0.6552572846412659, 0.28715887665748596, 0.03012777306139469, 0.05428142473101616, 0.6490325331687927, 0.2954466640949249, 0.03134843707084656, -0.046372879296541214, 5.4532154791786525e-08, 0.022431835532188416]]","[-0.09740380942821503, 0.3423160910606384, -0.26366904377937317, 0.21664279699325562, -0.09934969991445541, 0.15302686393260956]","[[0.004501741845160723, -0.004435420036315918, 0.03740764409303665]]","[1, 30]",15.794426037000001,-0.3015243113040924,27,5720,1748251728.2345715,12
"[[-0.041643500328063965, -0.04773940518498421, -0.019617879763245583]]",5759,"[0.5963939428329468, -0.2879108488559723, 0.029989439994096756]","[-0.8328592777252197, -0.954838752746582, -0.39231574535369873, 0.9442034959793091]",False,"[0.6769315600395203, -0.16548191010951996, 0.029999999329447746]","[[0.6422913670539856, -0.07105402648448944, 0.14112122356891632, 0.07881752401590347, 0.5963939428329468, -0.2879108488559723, 0.029989439994096756, -1.964604507520562e-06, 1.9111661458737217e-05, 1.457249527447857e-05]]","[0.03144044056534767, -0.025824151933193207, -0.019126228988170624, -0.028267167508602142, 0.05357092618942261, 0.13179735839366913]","[[-0.007275938987731934, 0.0007755830883979797, 0.027447935193777084]]","[1, 30]",15.843188824,-0.14654405415058136,28,5759,1748251728.3142004,1
"[[0.01057696994394064, 0.015596169978380203, 0.008146294392645359]]",5772,"[0.5967746376991272, -0.27599069476127625, 0.029989926144480705]","[0.19120585918426514, 0.361342191696167, 0.16296827793121338, -0.2938605546951294]",False,"[0.6769315600395203, -0.16548191010951996, 0.029999999329447746]","[[0.5979335904121399, -0.2624208331108093, 0.022914772853255272, 0.05482303351163864, 0.5967746376991272, -0.27599069476127625, 0.029989926144480705, 1.0288898266708202e-07, 5.215923465584638e-06, -0.02188718318939209]]","[-0.31126853823661804, 0.3468356728553772, 0.36107754707336426, -0.1627936065196991, -0.34855034947395325, 0.2927996516227722]","[[0.010868734680116177, 0.016851861029863358, 0.00789079163223505]]","[1, 30]",15.886620794,-0.13651859760284424,28,5772,1748251728.3438907,14
"[[0.033023733645677567, 0.04407915845513344, 0.030582303181290627]]",5783,"[0.6004216074943542, -0.24940864741802216, 0.029989710077643394]","[0.6890813112258911, 0.9692213535308838, 0.6116504669189453, -0.8497251272201538]",False,"[0.6769315600395203, -0.16548191010951996, 0.029999999329447746]","[[0.6039661765098572, -0.2385484129190445, 0.02406999282538891, 0.05740633234381676, 0.6004216074943542, -0.24940864741802216, 0.029989710077643394, -6.832904091425007e-06, 1.5493587852688506e-05, -0.07591090351343155]]","[0.3251661956310272, -0.3341001570224762, 1.6656723022460938, 1.2919660806655884, -0.5944046378135681, 0.5844507813453674]","[[0.03297873213887215, 0.04497784748673439, 0.030500119552016258]]","[1, 30]",15.893475223,-0.1135670468211174,28,5783,1748251728.3785503,25
"[[0.03799385949969292, 0.04433780536055565, 0.044181689620018005]]",5786,"[0.6182876825332642, -0.23841914534568787, 0.029989896342158318]","[0.9142317771911621, 0.9690817594528198, 0.8836325407028198, -0.8237395286560059]",False,"[0.6769315600395203, -0.16548191010951996, 0.029999999329447746]","[[0.6247174143791199, -0.22584661841392517, 0.0239543654024601, 0.052846334874629974, 0.6182876825332642, -0.23841914534568787, 0.029989896342158318, -1.7200145521201193e-05, 2.1999157979735173e-06, -0.060121286660432816]]","[0.23596970736980438, -0.6888939142227173, 2.059860944747925, 1.9133713245391846, -0.36008164286613464, 0.6326248049736023]","[[0.037566255778074265, 0.04401848837733269, 0.04422129690647125]]","[1, 30]",15.902365168,-0.09358925372362137,28,5786,1748251728.387646,28
"[[-0.003314846893772483, 0.006181567907333374, -0.0042786928825080395]]",5803,"[0.628171443939209, -0.27758312225341797, 0.02998911775648594]","[-0.06630051136016846, 0.12364804744720459, -0.08559185266494751, -0.24131667613983154]",False,"[0.6260483860969543, -0.12596341967582703, 0.029999999329447746]","[[0.6274082064628601, -0.26637783646583557, 0.02199099026620388, 0.053819991648197174, 0.628171443939209, -0.27758312225341797, 0.02998911775648594, 3.534679126460105e-05, 9.24724736250937e-06, -0.029735935851931572]]","[-0.1258285790681839, 0.3048436641693115, 0.11828681826591492, 0.022999797016382217, 0.10855799168348312, 0.09533510357141495]","[[-0.003564173122867942, 0.002074897289276123, -0.004120366182178259]]","[1, 30]",15.955274447,-0.1516345590353012,29,5803,1748251728.4291177,11
"[[-0.027709269896149635, 0.036289032548666, -0.04738137498497963]]",5808,"[0.6256804466247559, -0.27362075448036194, 0.030557604506611824]","[-0.5965166091918945, 0.7820014953613281, -0.9441381096839905, -0.7823701500892639]",False,"[0.6260483860969543, -0.12596341967582703, 0.029999999329447746]","[[0.6241710782051086, -0.25670936703681946, 0.022919708862900734, 0.050044137984514236, 0.6256804466247559, -0.27362075448036194, 0.030557604506611824, -0.019068513065576553, 3.3060960049624555e-06, -0.05636034533381462]]","[-0.29400140047073364, 0.31622201204299927, 0.536710798740387, -0.1749630570411682, -0.8182476758956909, 0.43294012546539307]","[[-0.026962125673890114, 0.0377325676381588, -0.04757440462708473]]","[1, 30]",15.998435569,-0.1476588398218155,29,5808,1748251728.4432392,16
"[[0.032092154026031494, 0.04141305014491081, 0.03688834235072136]]",5860,"[0.5615230798721313, -0.04445011913776398, 0.02998986281454563]","[0.660175085067749, 0.8646121025085449, 0.7377662658691406, -0.4866342544555664]",False,"[0.4365849792957306, 0.2497783899307251, 0.029999999329447746]","[[0.5578395128250122, -0.028117936104536057, 0.023288488388061523, 0.04956639185547829, 0.5615230798721313, -0.04445011913776398, 0.02998986281454563, 3.077282144658966e-06, 2.928441745098098e-06, -0.06666399538516998]]","[0.019176045432686806, -0.9942977428436279, 2.197619915008545, 2.601302146911621, -0.18497523665428162, 0.5656895637512207]","[[0.03188145160675049, 0.0399186797440052, 0.036674030125141144]]","[1, 30]",16.328021214,-0.31965598464012146,30,5860,1748251728.5850728,30
"[[0.02928677760064602, -0.042373839765787125, -0.04809656739234924]]",5882,"[0.6804426312446594, -0.09773783385753632, 0.02998976781964302]","[0.5857319831848145, -0.847471296787262, -0.9619314670562744, 0.9167978763580322]",False,"[0.6450852751731873, -0.1395479291677475, 0.029999999329447746]","[[0.6937654614448547, -0.1044107973575592, 0.15405972301959991, 0.07985623180866241, 0.6804426312446594, -0.09773783385753632, 0.02998976781964302, 1.2479092220019083e-05, 3.350324277562322e-06, 1.104863258660771e-05]]","[0.01739197038114071, -0.028291627764701843, -0.013007551431655884, -0.020288676023483276, 0.021113209426403046, 0.0570390522480011]","[[0.021233057603240013, -0.008303787559270859, 0.002466253936290741]]","[1, 30]",16.328841124,-0.05475607514381409,31,5882,1748251728.6427228,2
"[[-0.03990940377116203, -0.038139279931783676, -0.02666442282497883]]",5900,"[0.40782630443573, -0.22703270614147186, 0.029989859089255333]","[-0.7981922030448914, -0.76277756690979, -0.5332865715026855, 0.7387815713882446]",False,"[0.5505948662757874, -0.1427585780620575, 0.029999999329447746]","[[0.42797765135765076, -0.1842179149389267, 0.1037682369351387, 0.07999995350837708, 0.40782630443573, -0.22703270614147186, 0.029989859089255333, 4.689627985499101e-06, 2.0386159427232542e-10, 2.4469243726343848e-05]]","[0.16541694104671478, 0.10981117188930511, 0.051960598677396774, -0.0055109187960624695, 0.03407973796129227, -0.02012096345424652]","[[-0.008472751826047897, -0.0056799910962581635, -0.007076321169734001]]","[1, 30]",16.32950937,-0.1657859832048416,32,5900,1748251728.682396,6
"[[-0.03499637916684151, 0.039884671568870544, -0.0297784935683012]]",5936,"[0.5008036494255066, 0.24035343527793884, 0.029989857226610184]","[-0.6999192237854004, 0.7977020740509033, -0.5955698490142822, 0.5827760696411133]",False,"[0.6918107867240906, 0.19468539953231812, 0.029999999329447746]","[[0.550014853477478, 0.08039252460002899, 0.172848179936409, 0.06655000150203705, 0.5008036494255066, 0.24035343527793884, 0.029989857226610184, -5.268778750178171e-06, 2.6562681796349352e-06, 3.0459421395789832e-05]]","[0.05667775869369507, -0.027732066810131073, 0.00656408816576004, -0.020911462604999542, -0.01726514846086502, -0.005010858178138733]","[[-0.011568356305360794, 0.006182681769132614, -0.005779607221484184]]","[1, 30]",16.330851612,-0.19639065861701965,33,5936,1748251728.7772253,3
"[[-0.010910863056778908, 0.045094799250364304, -0.03546219691634178]]",5938,"[0.5008043646812439, 0.24035429954528809, 0.029989857226610184]","[-0.2182101011276245, 0.9019045829772949, -0.709243893623352, 0.6166213750839233]",False,"[0.6918107867240906, 0.19468539953231812, 0.029999999329447746]","[[0.5260318517684937, 0.15367063879966736, 0.12022342532873154, 0.07980124652385712, 0.5008043646812439, 0.24035429954528809, 0.029989857226610184, -5.2619129746744875e-06, 2.658812491063145e-06, 4.518964487942867e-05]]","[0.15961141884326935, 0.05415426567196846, 0.040693771094083786, -0.012298829853534698, 0.005065999925136566, -0.03153759241104126]","[[-0.001699024811387062, 0.008447226136922836, -0.00595744326710701]]","[1, 30]",16.330923727,-0.19639016687870026,33,5938,1748251728.780775,5
"[[0.022170603275299072, 0.03649425134062767, -0.02273794636130333]]",5973,"[0.7013015151023865, -0.11358557641506195, 0.02999001555144787]","[0.5343306064605713, 0.7699700593948364, -0.454758882522583, -0.22156041860580444]",False,"[0.4340762495994568, 0.04351137578487396, 0.029999999329447746]","[[0.71770840883255, -0.10025748610496521, 0.022074157372117043, 0.05458711087703705, 0.7013015151023865, -0.11358557641506195, 0.02999001555144787, -6.361326086334884e-06, 5.920334842812736e-06, -0.008987595327198505]]","[-0.03000055067241192, 0.2795737683773041, 0.05919429287314415, 0.04811163246631622, 0.10706628859043121, 0.06922365725040436]","[[0.010071754455566406, 0.03688894584774971, -0.022865749895572662]]","[1, 30]",16.384891014,-0.30998194217681885,34,5973,1748251728.8703303,10
"[[-0.0001538693904876709, -0.0186589565128088, 0.005226372741162777]]",6005,"[0.6510595679283142, -0.013353181071579456, 0.02999006398022175]","[0.013704895973205566, -0.4863544702529907, 0.10452830791473389, 0.7485339641571045]",False,"[0.4340762495994568, 0.04351137578487396, 0.029999999329447746]","[[0.6503524780273438, -0.02423817664384842, 0.030579257756471634, 0.08011181652545929, 0.6510595679283142, -0.013353181071579456, 0.02999006398022175, 4.9876489356392995e-06, 3.818613549810834e-06, 0.012656415812671185]]","[-0.029925307258963585, -3.080470085144043, 2.8265724182128906, 8.253190994262695, 2.2098703384399414, 0.07991792261600494]","[[0.00015339255332946777, -0.01909252442419529, 0.005004839040338993]]","[1, 30]",16.479182712,-0.22431081533432007,34,6005,1748251728.9647994,42
"[[0.004425734281539917, 0.02550588548183441, 0.023062512278556824]]",6044,"[0.6474949717521667, 0.25335192680358887, 0.030776793137192726]","[0.04049837589263916, 0.9263753890991211, 0.47190046310424805, -0.17704731225967407]",False,"[0.600360631942749, 0.2745373249053955, 0.029999999329447746]","[[0.6654499769210815, 0.26602858304977417, 0.03190752491354942, 0.05748654529452324, 0.6474949717521667, 0.25335192680358887, 0.030776793137192726, -0.026611218228936195, -2.945070264104288e-05, 0.16722431778907776]]","[-0.002837797626852989, -1.2320199012756348, 2.420393943786621, 3.1557111740112305, 0.019161783158779144, 0.5293382406234741]","[[0.00444069504737854, 0.026128724217414856, 0.02315676584839821]]","[1, 30]",16.590899512,-0.051682379096746445,35,6044,1748251729.0642874,31
"[[-0.019462307915091515, 0.028535157442092896, -0.014722533524036407]]",6087,"[0.5469145774841309, -0.2295546978712082, 0.02998988702893257]","[-0.3892366290092468, 0.5707007646560669, -0.2944403886795044, 0.6407057046890259]",False,"[0.4013935923576355, -0.1663106232881546, 0.029999999329447746]","[[0.48714885115623474, -0.17270933091640472, 0.018906868994235992, 0.07999853044748306, 0.5469145774841309, -0.2295546978712082, 0.02998988702893257, -1.369304527543136e-07, -3.4302215681236703e-06, -0.2998451292514801]]","[0.18532399833202362, -2.7375049591064453, 2.6851425170898438, 7.336132049560547, 1.7592014074325562, 0.18993820250034332]","[[-0.006607284769415855, 0.005730226635932922, -0.002357102930545807]]","[1, 30]",16.68712333,-0.15866999328136444,36,6087,1748251729.172359,41
"[[0.10676411539316177, 0.07468192279338837, -0.026918604969978333]]",6095,"[0.45556870102882385, -0.27065739035606384, 0.029999999329447746]","[0.30836594104766846, 0.6715749502182007, -0.5381696224212646, 0.6276078224182129]",True,"[0.6452184915542603, 0.03841855749487877, 0.029999999329447746]","[[0.6384396553039551, -2.194472251484947e-12, 0.19740013778209686, 0, 0.45556870102882385, -0.27065739035606384, 0.029999999329447746, 0, 0, 0]]","[-0.24657852947711945, -4.5194807052612305, 2.61533784866333, 12.381510734558105, 4.554463863372803, -0.3426398038864136]","[[-0.22902005910873413, 0.020188339054584503, -0.2200622409582138]]","[1, 30]",16.704610809,-0.1586696058511734,36,6095,1748251729.1908505,49
"[[0.03220642730593681, -0.011407637968659401, 0.04197844862937927]]",6121,"[0.6359854936599731, -0.17006714642047882, 0.02998996712267399]","[0.6962122917175293, -0.21098452806472778, 0.8395719528198242, -0.726688027381897]",False,"[0.6972928643226624, -0.21652501821517944, 0.029999999329447746]","[[0.6549313068389893, -0.16166198253631592, 0.025679349899291992, 0.053305912762880325, 0.6359854936599731, -0.17006714642047882, 0.02998996712267399, 3.0775751724831935e-08, 1.2073275001966977e-06, -0.0021335759665817022]]","[0.17402534186840057, -0.4174477458000183, 1.7892102003097534, 1.5061818361282349, -0.40635648369789124, 0.5397546291351318]","[[0.028152059763669968, -0.00655580498278141, 0.04191475361585617]]","[1, 30]",16.794545851,-0.07692155987024307,37,6121,1748251729.2711527,25
"[[0.015199673362076283, -0.03225594758987427, -0.030090831220149994]]",6127,"[0.5430569052696228, -0.051314666867256165, 0.02998952567577362]","[0.30400776863098145, -0.6451261043548584, -0.602026104927063, 0.9046603441238403]",False,"[0.6606707572937012, -0.1501004844903946, 0.029999999329447746]","[[0.6500263214111328, -0.02091478556394577, 0.17797715961933136, 0.07027382403612137, 0.5430569052696228, -0.051314666867256165, 0.02998952567577362, -3.005915914400248e-06, 2.0705629140138626e-05, -2.900113258874626e-06]]","[0.031227674335241318, -0.035987913608551025, -0.040869783610105515, -0.03561364859342575, 0.0773114338517189, 0.20065408945083618]","[[0.003613722510635853, -0.01134151965379715, -0.010678326711058617]]","[1, 30]",16.838720917,-0.15359576046466827,38,6127,1748251729.292423,0
"[[0.006555992644280195, 0.024319279938936234, -0.044611696153879166]]",6150,"[0.5732523798942566, -0.0734655112028122, 0.029989589005708694]","[0.13110077381134033, 0.4864654541015625, -0.8922402262687683, 0.5256659984588623]",False,"[0.5366854667663574, -0.14124958217144012, 0.029999999329447746]","[[0.5951743721961975, -0.08392110466957092, 0.058302830904722214, 0.07999216765165329, 0.5732523798942566, -0.0734655112028122, 0.029989589005708694, -9.138248060480691e-06, 4.571802037389716e-06, -5.292022615321912e-05]]","[0.05667656660079956, -0.027732543647289276, 0.0065604522824287415, -0.020910538733005524, -0.01726623624563217, -0.00500999391078949]","[[-0.011777084320783615, 0.01410769298672676, -0.03863605484366417]]","[1, 30]",16.886998492,-0.07701831310987473,39,6150,1748251729.3695211,3
"[[0.014090949669480324, -0.03208964690566063, 0.017267363145947456]]",6160,"[0.5704005360603333, -0.0956047996878624, 0.030694708228111267]","[0.37968623638153076, -0.8477767705917358, 0.3445390462875366, -0.8221805691719055]",False,"[0.5366854667663574, -0.14124958217144012, 0.029999999329447746]","[[0.5676339864730835, -0.10963932424783707, 0.025071611627936363, 0.05104241520166397, 0.5704005360603333, -0.0956047996878624, 0.030694708228111267, 0.023795565590262413, 1.2746905667881947e-05, 0.026492079719901085]]","[-0.13030178844928741, 0.3315637707710266, 0.027133461087942123, 0.07818324118852615, -0.2698301076889038, 0.22930210828781128]","[[0.014269823208451271, -0.032956499606370926, 0.01722944900393486]]","[1, 30]",16.92077009,-0.056750643998384476,39,6160,1748251729.405017,13
"[[0.06219615042209625, -0.1305631846189499, -0.047729261219501495]]",6164,"[0.47458121180534363, -0.02004970982670784, 0.029999999329447746]","[-0.9401622414588928, -0.5432121753692627, -0.9543225169181824, -0.876865804195404]",True,"[0.4043334126472473, 0.15516793727874756, 0.029999999329447746]","[[0.6384396553039551, -2.194472251484947e-12, 0.19740013778209686, 0, 0.47458121180534363, -0.02004970982670784, 0.029999999329447746, 0, 0, 0]]","[-0.3441962003707886, 0.24175962805747986, 0.5873993635177612, 0.0820423811674118, -1.10601806640625, 0.5525617003440857]","[[-0.10105516016483307, -0.16701936721801758, -0.2224130928516388]]","[1, 30]",16.935665009,-0.04856100305914879,39,6164,1748251729.4213333,17
"[[-0.006593173835426569, 0.036552853882312775, 0.00327903195284307]]",6205,"[0.5620712041854858, 0.13963471353054047, 0.030194148421287537]","[-0.11133086681365967, 0.9450854063034058, 0.06203579902648926, -0.32113319635391235]",False,"[0.5193091034889221, 0.24842286109924316, 0.029999999329447746]","[[0.5726708173751831, 0.15285295248031616, 0.024772251024842262, 0.05175819993019104, 0.5620712041854858, 0.13963471353054047, 0.030194148421287537, -0.006857951637357473, -2.620616214699112e-05, -0.032926805317401886]]","[-0.06011549383401871, 0.302277147769928, 0.016636963933706284, 0.09033413976430893, 0.014176420867443085, 0.12173454463481903]","[[-0.006488388869911432, 0.036510057747364044, 0.0032045335974544287]]","[1, 30]",17.090537159,-0.11689095944166183,41,6205,1748251729.562166,11
"[[-0.04472372308373451, -0.03681657835841179, -0.03363144397735596]]",6211,"[0.5625587701797485, 0.16474756598472595, 0.03006039373576641]","[-0.9195536971092224, -0.7776074409484863, -0.671221137046814, -0.814971387386322]",False,"[0.5193091034889221, 0.24842286109924316, 0.029999999329447746]","[[0.5713378190994263, 0.14695923030376434, 0.023066679015755653, 0.04749469459056854, 0.5625587701797485, 0.16474756598472595, 0.03006039373576641, 0.0023607437033206224, -1.2857125511800405e-05, 0.018390409648418427]]","[-0.2136726677417755, 0.23361355066299438, 0.47955626249313354, 0.09990277141332626, -1.044782042503357, 0.46980804204940796]","[[-0.04226789250969887, -0.02442900463938713, -0.03338583558797836]]","[1, 30]",17.134393877,-0.0941917896270752,41,6211,1748251729.58518,17
"[[0.0327531099319458, 0.035838279873132706, 0.02315690368413925]]",6221,"[0.5599397420883179, 0.16719655692577362, 0.029989948496222496]","[0.771251916885376, 0.9540215730667114, 0.4631401300430298, -0.13033747673034668]",False,"[0.5193091034889221, 0.24842286109924316, 0.029999999329447746]","[[0.5619951486587524, 0.18178309500217438, 0.029363363981246948, 0.0574120469391346, 0.5599397420883179, 0.16719655692577362, 0.029989948496222496, 9.237843983100902e-07, 7.189860298240092e-07, 0.002636456163600087]]","[0.16302208602428436, -0.84319007396698, 2.153805732727051, 2.3407013416290283, -0.37976112961769104, 0.6492944955825806]","[[0.02470529079437256, 0.03867921605706215, 0.02332133986055851]]","[1, 30]",17.182301377,-0.09082159399986267,41,6221,1748251729.621208,27
"[[0.02468515746295452, 0.008065581321716309, 0.025100311264395714]]",6236,"[0.5814138650894165, 0.21844062209129333, 0.02998988702893257]","[0.5172863006591797, 0.18310725688934326, 0.5007412433624268, 0.5917257070541382]",False,"[0.5193091034889221, 0.24842286109924316, 0.029999999329447746]","[[0.6178891658782959, 0.23382438719272614, 0.07620731741189957, 0.08000656217336655, 0.5814138650894165, 0.21844062209129333, 0.02998988702893257, -1.2909101769764675e-06, -2.4956650577223627e-06, 0.0677073672413826]]","[-0.030349334701895714, -3.0658841133117676, 2.828716516494751, 8.212146759033203, 2.1958816051483154, 0.08338327705860138]","[[0.011771274730563164, 0.004545882344245911, 0.008300712332129478]]","[1, 30]",17.194660761,-0.06896328926086426,41,6236,1748251729.6797009,42
"[[0.02520325779914856, -0.00011063814599765465, 0.008776552975177765]]",6238,"[0.5814139246940613, 0.21844057738780975, 0.029989995062351227]","[0.5040651559829712, -0.0022130608558654785, 0.17553138732910156, 0.7564845085144043]",False,"[0.5193091034889221, 0.24842286109924316, 0.029999999329447746]","[[0.6471070051193237, 0.23218470811843872, 0.1002642959356308, 0.07999975979328156, 0.5814139246940613, 0.21844057738780975, 0.029989995062351227, -1.181101936253981e-07, -3.520503355503024e-08, 0.06770742684602737]]","[0.029353538528084755, -3.703327178955078, 2.931365966796875, 9.934718132019043, 2.8546504974365234, -0.014433309435844421]","[[0.010481983423233032, 0.0021086365450173616, 0.0013753492385149002]]","[1, 30]",17.200810887,-0.06896336376667023,41,6238,1748251729.6858509,44
"[[0.042908310890197754, 0.02690417319536209, 0.031088775023818016]]",6258,"[0.5041706562042236, 0.18438521027565002, 0.03025544062256813]","[0.9420812129974365, 0.7483072280883789, 0.6235133409500122, -0.9003899097442627]",False,"[0.6295721530914307, 0.2871016561985016, 0.029999999329447746]","[[0.4985140562057495, 0.1981532722711563, 0.024091584607958794, 0.05371920391917229, 0.5041706562042236, 0.18438521027565002, 0.03025544062256813, -0.008903752081096172, -1.7142583601525985e-05, -0.01357530988752842]]","[-0.24610473215579987, 0.36825406551361084, 0.12979966402053833, -0.043521761894226074, -0.4588760435581207, 0.303000807762146]","[[0.04291293025016785, 0.02691536396741867, 0.031111102551221848]]","[1, 30]",17.294494802,-0.16209957003593445,42,6258,1748251729.7513282,14
"[[0.051073383539915085, -0.03462279960513115, 0.037343841046094894]]",6284,"[0.38967254757881165, 0.07381986826658249, 0.029975447803735733]","[0.9429183006286621, -0.9342101812362671, 0.7350987195968628, -0.9951236844062805]",False,"[0.6508578062057495, -0.2839967608451843, 0.029999999329447746]","[[0.37655478715896606, 0.04987620934844017, 0.02778821811079979, 0.047712597995996475, 0.38967254757881165, 0.07381986826658249, 0.029975447803735733, -0.00012909415818285197, -7.81998605816625e-05, 0.32869353890419006]]","[-0.27148768305778503, 0.3046310544013977, 0.5295002460479736, -0.12478699535131454, -0.8070467114448547, 0.42456579208374023]","[[0.04730935022234917, -0.03267977386713028, 0.03480765223503113]]","[1, 30]",17.370613642,-0.4430016577243805,43,6284,1748251729.8455667,16
"[[0.028840549290180206, -0.032945770770311356, 0.028909482061862946]]",6331,"[0.6663520336151123, -0.04661906883120537, 0.029941925778985023]","[0.9554303884506226, -0.9248456954956055, 0.5784648656845093, -0.6638824939727783]",False,"[0.6621270775794983, -0.0976346880197525, 0.029999999329447746]","[[0.6630731225013733, -0.060800209641456604, 0.03593624755740166, 0.05070151761174202, 0.6663520336151123, -0.04661906883120537, 0.029941925778985023, -0.0011253951815888286, -0.00047518519568257034, 0.020946115255355835]]","[-0.009579500183463097, -0.9572279453277588, 2.2119884490966797, 2.5347847938537598, -0.21139630675315857, 0.5796022415161133]","[[0.028471358120441437, -0.032134950160980225, 0.028826996684074402]]","[1, 30]",17.530227091,-0.05119030550122261,44,6331,1748251730.014288,29
"[[-0.005719232372939587, -0.03660266846418381, 0.016499139368534088]]",6377,"[0.4943680465221405, -0.07018257677555084, 0.030870335176587105]","[-0.16032850742340088, -0.9057471752166748, 0.3471543788909912, -0.7195197343826294]",False,"[0.46170416474342346, -0.17241713404655457, 0.029999999329447746]","[[0.49303174018859863, -0.08645349740982056, 0.028776803985238075, 0.05048774555325508, 0.4943680465221405, -0.07018257677555084, 0.030870335176587105, 0.02979019284248352, 5.703157967218431e-06, 0.07115516066551208]]","[-0.049431212246418, 0.3136061429977417, -0.1545458436012268, 0.1691291630268097, 0.01883780211210251, 0.10341465473175049]","[[-0.0006222901865839958, -0.033887047320604324, 0.01473817229270935]]","[1, 30]",17.69481714,-0.107329361140728,46,6377,1748251730.1784823,11
"[[0.004758638329803944, -0.010051670484244823, 0.01660517044365406]]",6456,"[0.5513342618942261, -0.039347101002931595, 0.029989920556545258]","[0.04771912097930908, -0.1776905059814453, 0.332106351852417, -0.7086822986602783]",False,"[0.4408620297908783, -0.03476336598396301, 0.029999999329447746]","[[0.5467301607131958, -0.03313302621245384, 0.0239377673715353, 0.053478505462408066, 0.5513342618942261, -0.039347101002931595, 0.029989920556545258, 5.913897211939911e-07, -3.0671703825646546e-06, 0.008788509294390678]]","[0.1052890196442604, -1.332827091217041, 2.453148603439331, 3.4342892169952393, 0.023058317601680756, 0.5367352366447449]","[[0.008073967881500721, -0.0006505632773041725, 0.015099741518497467]]","[1, 30]",17.98629801,-0.11056727170944214,49,6456,1748251730.430341,31
"[[-0.006566393654793501, 0.04755806550383568, -0.03543749824166298]]",6491,"[0.561018168926239, 0.13607735931873322, 0.032617632299661636]","[-0.10524964332580566, 0.9875773191452026, -0.667276918888092, 0.5376977920532227]",False,"[0.4721848964691162, 0.2479814887046814, 0.029999999329447746]","[[0.5827731490135193, 0.1404709815979004, 0.05277513712644577, 0.07943101972341537, 0.561018168926239, 0.13607735931873322, 0.032617632299661636, -0.05426238849759102, 0.03549114987254143, -0.010002256371080875]]","[0.2882409393787384, 0.07781893759965897, -0.529364824295044, 0.29727044701576233, -0.18518054485321045, -0.005525633692741394]","[[-0.00876711681485176, 0.012410294264554977, -0.023287881165742874]]","[1, 5]",18.198862194,-0.14290113747119904,1,6491,1748251730.6726968,5
"[[-0.0159277506172657, 0.0074798837304115295, 0.008482817560434341]]",6494,"[0.53006511926651, 0.2172374278306961, 0.04912490397691727]","[-0.7438138723373413, 0.9602333307266235, 0.43009161949157715, -0.9428282380104065]",False,"[0.4721848964691162, 0.2479814887046814, 0.029999999329447746]","[[0.5279475450515747, 0.22459493577480316, 0.0415930449962616, 0.05498257279396057, 0.53006511926651, 0.2172374278306961, 0.04912490397691727, -0.0020950159523636103, 0.08718898892402649, -0.011023775674402714]]","[0.8477335572242737, 0.2783766984939575, -3.3112502098083496, 1.7510443925857544, -1.243958830833435, 0.2661502957344055]","[[-0.012663740664720535, 0.010240606963634491, 0.00749845989048481]]","[1, 5]",18.198964296,-0.06827208399772644,1,6494,1748251730.6802518,8
"[[0.005243325140327215, -0.015485302545130253, -0.04967371001839638]]",6531,"[0.6124541759490967, 0.005266960244625807, 0.03027871809899807]","[0.10531830787658691, -0.30423980951309204, -0.9876884818077087, 0.9073541164398193]",False,"[0.5253193378448486, 0.18430458009243011, 0.029999999329447746]","[[0.6186684966087341, -0.019192786887288094, 0.06437542289495468, 0.07969282567501068, 0.6124541759490967, 0.005266960244625807, 0.03027871809899807, -0.008211019448935986, 0.0015243105590343475, -0.0008661127649247646]]","[0.026142314076423645, -0.02764497697353363, -0.04690569266676903, -0.0032887011766433716, 0.009836733341217041, 0.058941856026649475]","[[0.005529904272407293, 0.0018181400373578072, 0.0019251815974712372]]","[1, 5]",18.28706499,-0.19911561906337738,4,6531,1748251730.7677896,2
"[[-0.020006923004984856, 0.006457250565290451, 0.036159444600343704]]",6570,"[0.6779606938362122, -0.2472282499074936, 0.041689567267894745]","[-0.4820566773414612, 0.9796898365020752, 0.8309552669525146, -0.990064799785614]",False,"[0.489748477935791, -0.23169687390327454, 0.029999999329447746]","[[0.672979474067688, -0.240470290184021, 0.036513544619083405, 0.0529739111661911, 0.6779606938362122, -0.2472282499074936, 0.041689567267894745, 0.004710478708148003, 0.08963695168495178, 0.021736031398177147]]","[0.31232625246047974, 0.08164374530315399, -2.082188129425049, 1.478137731552124, -1.764824628829956, 0.45914679765701294]","[[-0.01899656467139721, 0.013991262763738632, 0.03525269776582718]]","[1, 5]",18.398626407,-0.18921341001987457,6,6570,1748251730.8521607,15
"[[-0.0301038920879364, -0.09147782623767853, -0.022298280149698257]]",6608,"[0.45507702231407166, -0.16509994864463806, 0.029999999329447746]","[-0.8766394853591919, -0.47866547107696533, -0.4501194357872009, -0.9115286469459534]",True,"[0.6291617751121521, -0.06842304766178131, 0.029999999329447746]","[[0.6384396553039551, -2.194472251484947e-12, 0.19740013778209686, 0, 0.45507702231407166, -0.16509994864463806, 0.029999999329447746, 0, 0, 0]]","[0.5409414172172546, -0.6772688627243042, -1.3295557498931885, 2.904200315475464, -1.6306012868881226, 0.4273488521575928]","[[-0.22563928365707397, -0.26970794796943665, -0.1973971277475357]]","[1, 5]",18.470791297,-0.030950872227549553,9,6608,1748251730.9436767,17
"[[0.001983731985092163, 0.035608284175395966, 0.005404134280979633]]",6634,"[0.4505235552787781, -0.03887612745165825, 0.03368383273482323]","[0.08383512496948242, 0.9546844959259033, 0.18196439743041992, -0.5248028635978699]",False,"[0.4239851236343384, 0.21462959051132202, 0.029999999329447746]","[[0.4429663121700287, -0.03096884675323963, 0.025932133197784424, 0.0588998980820179, 0.4505235552787781, -0.03887612745165825, 0.03368383273482323, -0.012546131387352943, 0.04788043722510338, -0.0567602775990963]]","[0.39490994811058044, 0.19591931998729706, -0.9699901938438416, 0.5642741918563843, -0.2647920548915863, 0.03084646165370941]","[[0.005135715007781982, 0.03664273023605347, 0.008059089072048664]]","[1, 5]",18.558399264,-0.2549176514148712,12,6634,1748251731.0010493,7
"[[0.010857689194381237, 0.04969358816742897, -0.045213859528303146]]",6661,"[0.676339328289032, 0.11337017267942429, 0.030071087181568146]","[0.2155146598815918, 0.9938726425170898, -0.9026422500610352, 0.9221396446228027]",False,"[0.5114898681640625, 0.2800666391849518, 0.029999999329447746]","[[0.657916784286499, 0.03975383937358856, 0.06535287201404572, 0.07611088454723358, 0.676339328289032, 0.11337017267942429, 0.030071087181568146, -6.187106009747367e-06, -0.0027060520369559526, -2.9084428661008133e-06]]","[0.01983610726892948, -0.028121009469032288, -0.022519338876008987, -0.015546992421150208, 0.017992056906223297, 0.05763155221939087]","[[0.00973962526768446, 0.006168913096189499, 0.009596657007932663]]","[1, 5]",18.579638502999998,-0.23444199562072754,14,6661,1748251731.0657718,2
"[[-0.04091494902968407, 0.031695958226919174, -0.02071503736078739]]",6686,"[0.41806918382644653, 0.15111994743347168, 0.02998943440616131]","[-0.8183013796806335, 0.6339280605316162, -0.4143025875091553, 0.021204710006713867]",False,"[0.6387251019477844, 0.24876432120800018, 0.029999999329447746]","[[0.5742372274398804, -0.04733864217996597, 0.18620343506336212, 0.0018626947421580553, 0.41806918382644653, 0.15111994743347168, 0.02998943440616131, 3.0065698410908226e-06, -2.377380405960139e-05, -5.656060693581821e-06]]","[0.03140094131231308, -0.025906041264533997, -0.019037064164876938, -0.028387539088726044, 0.053564876317977905, 0.13178907334804535]","[[-0.021236952394247055, 0.0534760020673275, -0.014095408841967583]]","[1, 5]",18.682377221,-0.24129535257816315,16,6686,1748251731.1263988,1
"[[0.0023824155796319246, -0.03173849359154701, -0.04106421768665314]]",6789,"[0.5385324954986572, -0.13740935921669006, 0.029990000650286674]","[0.0511554479598999, -0.6344906091690063, -0.8246749043464661, 0.6815183162689209]",False,"[0.574246883392334, 0.13604773581027985, 0.029999999329447746]","[[0.5267371535301208, -0.13620531558990479, 0.04692745953798294, 0.07999968528747559, 0.5385324954986572, -0.13740935921669006, 0.029990000650286674, 2.126116505074549e-10, 8.157609698855595e-09, 0.0004222306015435606]]","[0.17173422873020172, 0.1115918755531311, 0.012104127556085587, 0.014105789363384247, 0.01842609792947769, -0.015432298183441162]","[[-0.004839581437408924, -0.005568955093622208, -0.021505679935216904]]","[1, 5]",18.854861993,-0.27577945590019226,20,6789,1748251731.3410554,6
"[[0.024835968390107155, -0.0494886189699173, 0.040254440158605576]]",6803,"[0.6927298307418823, -0.2924187481403351, 0.029989872127771378]","[0.496715784072876, -0.989774763584137, 0.8050887584686279, 0.6338181495666504]",False,"[0.5913488864898682, 0.1766372174024582, 0.029999999329447746]","[[0.7067645192146301, -0.0981537327170372, 0.15929552912712097, 0.07999715209007263, 0.6927298307418823, -0.2924187481403351, 0.029989872127771378, -2.8357424071145942e-06, 8.479994903609622e-06, 1.1115900633740239e-05]]","[0.12530282139778137, 0.0044015198945999146, 0.02618444710969925, -0.018118686974048615, -0.016249127686023712, -0.03209686279296875]","[[0.018264615908265114, -0.008729279041290283, 0.046588923782110214]]","[1, 5]",18.898901945,-0.47988706827163696,21,6803,1748251731.3746028,4
"[[-0.0180522333830595, 0.010950926691293716, 0.02255340851843357]]",6821,"[0.6634687781333923, 0.14624640345573425, 0.04092097654938698]","[-0.5551841259002686, 0.9391365051269531, 0.5936993360519409, -0.8325227499008179]",False,"[0.5913488864898682, 0.1766372174024582, 0.029999999329447746]","[[0.6348125338554382, 0.15047608315944672, 0.04520891234278679, 0.054543882608413696, 0.6634687781333923, 0.14624640345573425, 0.04092097654938698, 0.008600137196481228, 0.463379830121994, -0.019666986539959908]]","[-0.02349509857594967, -1.1180542707443237, 1.3696544170379639, 3.5449421405792236, -0.7498522996902466, 0.5304403901100159]","[[-0.009817792102694511, 0.012171272188425064, 0.014245264232158661]]","[1, 5]",18.94292203,-0.07901991158723831,21,6821,1748251731.4197562,22
"[[-0.003477334976196289, 0.029222432523965836, -0.011085888370871544]]",6835,"[0.6829911470413208, 0.11956961452960968, 0.029934953898191452]","[-0.1290607452392578, 0.9488704204559326, -0.3229680061340332, -0.8783818483352661]",False,"[0.6592515707015991, 0.16930484771728516, 0.029999999329447746]","[[0.6831579208374023, 0.1277659833431244, 0.02294478751718998, 0.05316934734582901, 0.6829911470413208, 0.11956961452960968, 0.029934953898191452, -0.0036326150875538588, 0.0022231077309697866, 0.008087217807769775]]","[0.05463598668575287, -0.016873985528945923, -1.9335618019104004, 1.506994605064392, -1.274534821510315, 0.2532934844493866]","[[0.0007472634315490723, 0.0055544935166835785, -0.002538926899433136]]","[1, 5]",18.99054272,-0.05511047691106796,23,6835,1748251731.4526367,10
"[[0.031326718628406525, 0.043502327054739, -0.017645036801695824]]",6878,"[0.48844775557518005, 0.1698930263519287, 0.02998987026512623]","[0.6265408992767334, 0.8700528144836426, -0.35290074348449707, 0.7695984840393066]",False,"[0.4597374200820923, 0.2347934991121292, 0.029999999329447746]","[[0.4843427240848541, 0.6372053623199463, 0.008635776117444038, 0.07974355667829514, 0.48844775557518005, 0.1698930263519287, 0.02998987026512623, -3.3940666526177665e-06, 3.912574811693048e-06, -0.11229025572538376]]","[0.27410081028938293, -3.092883348464966, 2.798797369003296, 8.26707649230957, 2.146703004837036, 0.1257716566324234]","[[0.032302118837833405, 0.04281235858798027, -0.017025595530867577]]","[1, 5]",19.078790249,-0.07096727192401886,24,6878,1748251731.5452375,41
"[[0.023209596052765846, 0.04413631930947304, -0.04001416265964508]]",6882,"[0.4884490668773651, 0.1698942482471466, 0.02998987026512623]","[0.4641984701156616, 0.882732629776001, -0.8002832531929016, 0.9404819011688232]",False,"[0.4597374200820923, 0.2347934991121292, 0.029999999329447746]","[[0.47642138600349426, 0.6429140567779541, 0.007938684895634651, 0.07999879121780396, 0.4884490668773651, 0.1698942482471466, 0.02998987026512623, -3.3941303172468906e-06, 3.912330612365622e-06, -0.11231115460395813]]","[0.05182091146707535, -4.178356170654297, 2.703432559967041, 11.490513801574707, 3.7196030616760254, -0.09745632112026215]","[[0.02817823924124241, 0.04049729183316231, -0.03985491022467613]]","[1, 5]",19.078941142,-0.0709666833281517,24,6882,1748251731.5544295,45
"[[0.017115319147706032, -0.04086317494511604, -0.039179928600788116]]",6893,"[0.5981813073158264, -0.20158371329307556, 0.029989738017320633]","[0.3423027992248535, -0.8172566294670105, -0.7835991382598877, 0.9770462512969971]",False,"[0.4247433841228485, -0.13277781009674072, 0.029999999329447746]","[[0.6318333745002747, -0.14670546352863312, 0.10926638543605804, 0.07999995350837708, 0.5981813073158264, -0.20158371329307556, 0.029989738017320633, 9.905631486617494e-06, 1.180161007141578e-06, 2.585781112429686e-05]]","[0.16541588306427002, 0.10981118679046631, 0.0519668273627758, -0.005513489246368408, 0.03408198803663254, -0.020120903849601746]","[[0.003593171015381813, -0.005755338817834854, -0.0192580446600914]]","[1, 5]",19.090063993,-0.18658769130706787,25,6893,1748251731.5763147,6
"[[-0.025183333083987236, -0.00585996825248003, -0.04175308346748352]]",6896,"[0.6011621952056885, -0.20868422091007233, 0.029322048649191856]","[-0.49120450019836426, -0.1930975317955017, -0.9420148730278015, 0.9604754447937012]",False,"[0.4247433841228485, -0.13277781009674072, 0.029999999329447746]","[[0.6084867119789124, -0.2111373245716095, 0.02094966731965542, 0.07999784499406815, 0.6011621952056885, -0.20868422091007233, 0.029322048649191856, -0.011515984311699867, -0.0004046629765070975, -0.08446349948644638]]","[0.372493177652359, 0.3060102164745331, -1.3740274906158447, 0.7358847260475159, -0.6376261711120605, 0.21951359510421753]","[[-0.0045060645788908005, 0.001725899986922741, -0.009792514145374298]]","[1, 5]",19.096646131,-0.19205687940120697,25,6896,1748251731.5822334,9
"[[0.00799853727221489, -0.018475517630577087, -0.005379874259233475]]",6925,"[0.4899221658706665, 0.06052832677960396, 0.04648948088288307]","[0.9154858589172363, -0.9122862815856934, -0.14514833688735962, -0.9608407616615295]",False,"[0.5065592527389526, -0.13701702654361725, 0.029999999329447746]","[[0.48502060770988464, 0.050918515771627426, 0.039954397827386856, 0.055916544049978256, 0.4899221658706665, 0.06052832677960396, 0.04648948088288307, 0.006715930067002773, -0.10536308586597443, 0.02834869921207428]]","[0.3550807535648346, 0.21140506863594055, -2.3489460945129395, 1.2660778760910034, -1.3177961111068726, 0.3665028214454651]","[[0.007856529206037521, -0.01933969557285309, -0.006009988486766815]]","[1, 5]",19.166056384,-0.1989292949438095,27,6925,1748251731.6514869,10
"[[0.0049727559089660645, 0.027173005044460297, 0.016477515920996666]]",6937,"[0.475423663854599, 0.019906863570213318, 0.036697741597890854]","[0.10559141635894775, 0.8699877262115479, 0.46238648891448975, -0.7072469592094421]",False,"[0.4053734838962555, -0.02047106623649597, 0.029999999329447746]","[[0.4747239649295807, 0.02951829321682453, 0.028409911319613457, 0.05655300244688988, 0.475423663854599, 0.019906863570213318, 0.036697741597890854, -0.01720854826271534, 0.035842373967170715, -0.03530130535364151]]","[0.583442747592926, 0.16751794517040253, -1.6842290163040161, 0.9407860040664673, -0.5183485746383667, 0.03694300353527069]","[[0.006620526313781738, 0.02731373906135559, 0.016646888107061386]]","[1, 5]",19.195202119,-0.08113116025924683,28,6937,1748251731.6805866,6
"[[0.025997048243880272, 0.04892675206065178, -0.049000345170497894]]",7002,"[0.6864157319068909, 0.144513338804245, 0.02998976595699787]","[0.5199373960494995, 0.9785406589508057, -0.9800068736076355, 0.983361005783081]",False,"[0.40602046251296997, -0.0921802669763565, 0.029999999329447746]","[[0.7084664702415466, 0.10786668211221695, 0.16113993525505066, 0.07999785244464874, 0.6864157319068909, 0.144513338804245, 0.02998976595699787, 1.2543545381049626e-05, 3.3503290524095064e-06, 2.2328575141727924e-05]]","[0.15961407124996185, 0.054155994206666946, 0.040699880570173264, -0.012303471565246582, 0.005066417157649994, -0.031538814306259155]","[[0.0023608263581991196, 0.0070411451160907745, -0.045278795063495636]]","[1, 5]",19.352452797,-0.36694055795669556,32,7002,1748251731.8389785,5
"[[-0.0148698091506958, 0.0163450725376606, 0.0026159891858696938]]",7022,"[0.4997786581516266, 0.1479564607143402, 0.03580998256802559]","[-0.5513960123062134, 0.9575818777084351, 0.1347121000289917, -0.3833012580871582]",False,"[0.4826647639274597, 0.25299137830734253, 0.029999999329447746]","[[0.5141499638557434, 0.15485569834709167, 0.03415047004818916, 0.055066585540771484, 0.4997786581516266, 0.1479564607143402, 0.03580998256802559, -0.010883252136409283, -0.1486910730600357, -0.02798374369740486]]","[0.4227965474128723, 0.10795663297176361, -1.1618901491165161, 0.6321386694908142, -0.415009468793869, 0.03564876317977905]","[[-0.011151343584060669, 0.012167852371931076, 0.0005042897537350655]]","[1, 5]",19.402438732,-0.10657849162817001,33,7022,1748251731.8880167,5
"[[-0.026673823595046997, 0.02268008142709732, -0.03258786350488663]]",7098,"[0.4459684193134308, -0.04560460150241852, 0.030651018023490906]","[-0.5722314119338989, 0.9304726123809814, -0.6384756565093994, 0.24878275394439697]",False,"[0.40038880705833435, 0.06711093336343765, 0.029999999329447746]","[[0.43887442350387573, -0.03402486816048622, 0.022265370935201645, 0.08007287979125977, 0.4459684193134308, -0.04560460150241852, 0.030651018023490906, -0.01317308284342289, -0.010002895258367062, -0.019890422001481056]]","[0.20808804035186768, 0.11721136420965195, -0.12332215905189514, 0.09163106232881546, -0.02152816206216812, -0.015369966626167297]","[[-0.015257120132446289, 0.02248675748705864, -0.015389248728752136]]","[1, 5]",19.576717845,-0.1215841993689537,39,7098,1748251732.0625145,6
"[[-0.0015476823318749666, 0.004161659628152847, 0.006326468661427498]]",7100,"[0.45369723439216614, 0.03994831442832947, 0.04407290369272232]","[0.0592728853225708, 0.9690067768096924, 0.3321964740753174, -0.9330844283103943]",False,"[0.40038880705833435, 0.06711093336343765, 0.029999999329447746]","[[0.44651785492897034, 0.03484996035695076, 0.038857340812683105, 0.05565768480300903, 0.45369723439216614, 0.03994831442832947, 0.04407290369272232, -0.007545082364231348, 0.06879090517759323, -0.011060776188969612]]","[0.8063596487045288, 0.3096516728401184, -3.0463008880615234, 1.641732096672058, -1.0973725318908691, 0.2145305573940277]","[[-0.00011442904360592365, 0.010482002049684525, 0.004946436733007431]]","[1, 5]",19.582126257,-0.061462536454200745,39,7100,1748251732.0676823,8
"[[0.0007030069828033447, 0.0020572394132614136, -0.021054048091173172]]",7114,"[0.623824417591095, 0.04255428537726402, 0.05513055995106697]","[0.6963008642196655, 0.952288031578064, -0.47453582286834717, -0.9418167471885681]",False,"[0.5743574500083923, 0.15497808158397675, 0.029999999329447746]","[[0.6209149956703186, 0.03901781886816025, 0.04806391894817352, 0.055176567286252975, 0.623824417591095, 0.04255428537726402, 0.05513055995106697, 0.0024024490267038345, -0.033706795424222946, 0.013823271729052067]]","[0.23493795096874237, 0.16656452417373657, -2.2058558464050293, 1.3530386686325073, -1.2561696767807007, 0.28904110193252563]","[[-0.0008547008037567139, 0.0066578201949596405, -0.022069051861763]]","[1, 5]",19.622603905,-0.12536999583244324,40,7114,1748251732.1014872,10
"[[0.04354999586939812, 0.04875115677714348, 0.044030264019966125]]",7170,"[0.6523231863975525, 0.24044983088970184, 0.029989412054419518]","[0.8709999322891235, 0.9750320911407471, 0.8806052207946777, 0.9666035175323486]",False,"[0.563920259475708, -0.10949525982141495, 0.029999999329447746]","[[0.6708589196205139, 0.12587271630764008, 0.13983696699142456, 0.07961717247962952, 0.6523231863975525, 0.24044983088970184, 0.029989412054419518, 3.006722863574396e-06, -2.4483129891450517e-05, -1.1304365216346923e-05]]","[0.05665217339992523, -0.02774091064929962, 0.00663173571228981, -0.020954929292201996, -0.017230622470378876, -0.00501406192779541]","[[0.021904688328504562, 0.010882880538702011, 0.03070412203669548]]","[1, 5]",19.77057256,-0.36093857884407043,45,7170,1748251732.2285624,3
"[[0.00025413036928512156, 0.04685426130890846, -0.04859517887234688]]",7190,"[0.6361724138259888, 0.09271117299795151, 0.02998989447951317]","[0.005090951919555664, 0.9370818138122559, -0.9719010591506958, 0.9990558624267578]",False,"[0.48517200350761414, -0.22902646660804749, 0.029999999329447746]","[[0.6397806406021118, 0.08162698149681091, 0.0783068984746933, 0.07998253405094147, 0.6361724138259888, 0.09271117299795151, 0.02998989447951317, -4.5266514092645593e-08, -3.525271267790231e-06, -1.2553524356917478e-05]]","[0.056673940271139145, -0.02773354947566986, 0.0065772272646427155, -0.0209195613861084, -0.017259038984775543, -0.005011960864067078]","[[0.0051881433464586735, 0.007666457444429398, 0.005884427577257156]]","[1, 5]",19.818609202,-0.3554099500179291,47,7190,1748251732.2756748,3
"[[0.15632116794586182, -0.22790993750095367, 0.04849390685558319]]",7246,"[0.44636446237564087, -0.006398732773959637, 0.029999999329447746]","[-0.03963601589202881, -0.8634486794471741, 0.6674933433532715, -0.912295401096344]",True,"[0.6851996183395386, -0.29491978883743286, 0.029999999329447746]","[[0.6384396553039551, -2.194472251484947e-12, 0.19740013778209686, 0, 0.44636446237564087, -0.006398732773959637, 0.029999999329447746, 0, 0, 0]]","[0.4012104272842407, -1.1468169689178467, 1.3760547637939453, 3.2139391899108887, -0.8226932883262634, 0.5891202688217163]","[[-0.03526229411363602, -0.23134969174861908, -0.12618482112884521]]","[2, 1]",20.134392192,-0.044630266726017,0,7246,1748251732.5800784,23
"[[0.02109905518591404, 0.045054998248815536, 0.02536747418344021]]",7280,"[0.6895873546600342, -0.10868091881275177, 0.035653069615364075]","[0.5796079635620117, 0.9088282585144043, 0.6153292655944824, -0.8708668351173401]",False,"[0.5987152457237244, -0.13794270157814026, 0.029999999329447746]","[[0.6864831447601318, -0.09738168120384216, 0.026873379945755005, 0.05596621707081795, 0.6895873546600342, -0.10868091881275177, 0.035653069615364075, -5.5703323596389964e-05, 0.01509346067905426, -0.026487555354833603]]","[0.5053794384002686, 0.21096619963645935, -1.4576153755187988, 0.8228130340576172, -0.4266003668308258, 0.052860334515571594]","[[0.02101691998541355, 0.025273386389017105, 0.02620881050825119]]","[2, 1]",20.179007735,-0.09563446789979935,4,7280,1748251732.6553316,7
"[[-0.019301731139421463, 0.04593421518802643, -0.039422713220119476]]",7288,"[0.5986936688423157, 0.09384436905384064, 0.02998943254351616]","[-0.38603222370147705, 0.9186751842498779, -0.7884560823440552, 0.42620253562927246]",False,"[0.6826866865158081, -0.05510362982749939, 0.029999999329447746]","[[0.6332796812057495, -0.043765392154455185, 0.18196983635425568, 0.07881751656532288, 0.5986936688423157, 0.09384436905384064, 0.02998943254351616, -3.006573706443305e-06, 2.3792244974174537e-05, -5.725476967199938e-06]]","[0.03140093386173248, -0.02590595930814743, -0.01903705671429634, -0.028387419879436493, 0.05356491357088089, 0.13178905844688416]","[[-0.011133570224046707, 0.06562438607215881, -0.014688100665807724]]","[2, 1]",20.189562709,-0.17099803686141968,5,7288,1748251732.676048,1
"[[-0.012758433818817139, 0.026690298691391945, -0.05148440971970558]]",7351,"[0.5419510006904602, -0.28725942969322205, 0.040897224098443985]","[-0.25542736053466797, 0.43233203887939453, -0.9949841499328613, 0.27547967433929443]",False,"[0.6385191679000854, 0.1687050461769104, 0.029999999329447746]","[[0.5373486280441284, -0.27310362458229065, 0.060358926653862, 0.0798792839050293, 0.5419510006904602, -0.28725942969322205, 0.040897224098443985, 0.5176621079444885, -0.0003383634320925921, -0.001264068647287786]]","[0.44373050332069397, 0.25905275344848633, -2.018766164779663, 1.0355337858200073, -0.9268835783004761, 0.29824990034103394]","[[-0.014593780040740967, 0.029062354937195778, -0.045750800520181656]]","[2, 1]",20.370553292,-0.4662057161331177,9,7351,1748251732.8201597,10
"[[-0.042281534522771835, -0.04471364989876747, 0.04666875675320625]]",7377,"[0.9026309251785278, 0.19895024597644806, 0.03234247490763664]","[-0.7011955380439758, -0.6217018365859985, 0.7516131401062012, 0.9895119667053223]",False,"[0.42390111088752747, 0.12844218313694, 0.029999999329447746]","[[0.4747176170349121, 0.16248053312301636, 0.013978256843984127, 0.07999781519174576, 0.9026309251785278, 0.19895024597644806, 0.03234247490763664, 0.04068895801901817, -0.03910473361611366, 1.043044090270996]]","[0.2551874816417694, -0.853661835193634, -0.5949636101722717, 3.2117249965667725, -1.205849528312683, 0.3998681306838989]","[[0.0013752318918704987, -0.00762692466378212, 0.03173941373825073]]","[2, 1]",20.389706281,-0.48389989137649536,10,7377,1748251732.8761768,13
"[[-0.04245000705122948, -0.038321346044540405, 0.049410298466682434]]",7382,"[0.9020386338233948, 0.20075680315494537, 0.029989056289196014]","[-0.8490621447563171, -0.7663992047309875, 0.9882678985595703, 0.9955191612243652]",False,"[0.42390111088752747, 0.12844218313694, 0.029999999329447746]","[[0.28792330622673035, -0.0011770648416131735, 0.1269550323486328, 0.07999996840953827, 0.9020386338233948, 0.20075680315494537, 0.029989056289196014, -2.2500513296108693e-05, 2.4113769541145302e-05, 1.0179144144058228]]","[-0.051100097596645355, -1.4919180870056152, 1.3187084197998047, 4.147656440734863, -0.2945266664028168, 0.4240286350250244]","[[-0.018129821866750717, -0.00954044982790947, 0.03019290789961815]]","[2, 1]",20.438373617,-0.48357513546943665,10,7382,1748251732.8852687,18
"[[-0.041167594492435455, -0.036279551684856415, 0.049286484718322754]]",7383,"[0.9020379781723022, 0.20075631141662598, 0.029989073053002357]","[-0.8233649730682373, -0.7256008386611938, 0.9857300519943237, 0.9951038360595703]",False,"[0.42390111088752747, 0.12844218313694, 0.029999999329447746]","[[0.2686828076839447, -0.028139548376202583, 0.14323334395885468, 0.07999999076128006, 0.9020379781723022, 0.20075631141662598, 0.029989073053002357, -3.9446800656151026e-05, 6.345323072309839e-06, 1.017917275428772]]","[-0.0736444815993309, -1.576827049255371, 1.5569891929626465, 4.281458377838135, -0.15142104029655457, 0.4245866537094116]","[[-0.02192775160074234, -0.009317560121417046, 0.03300819173455238]]","[2, 1]",20.43841758,-0.48357442021369934,10,7383,1748251732.8870342,19
"[[-0.04191669449210167, -0.04356275871396065, 0.04920700192451477]]",7386,"[0.9020380973815918, 0.20075546205043793, 0.029989007860422134]","[-0.8383327126502991, -0.8712611198425293, 0.9841399192810059, 0.9959081411361694]",False,"[0.42390111088752747, 0.12844218313694, 0.029999999329447746]","[[0.22414545714855194, -0.12767508625984192, 0.21050076186656952, 0.07999997586011887, 0.9020380973815918, 0.20075546205043793, 0.029989007860422134, -4.1628798499004915e-05, 6.3457318901782855e-06, 1.0179259777069092]]","[-0.14058126509189606, -1.7891850471496582, 1.7099201679229736, 4.9410295486450195, 0.07154526561498642, 0.37899553775787354]","[[-0.025225605815649033, -0.006581064313650131, 0.022386860102415085]]","[2, 1]",20.438530111,-0.48357439041137695,10,7386,1748251732.892969,22
"[[-0.028924087062478065, 0.04102853685617447, 0.03739668056368828]]",7407,"[0.9020392298698425, 0.2007492482662201, 0.029989007860422134]","[-0.5784817337989807, 0.8205647468566895, 0.7479336261749268, 0.6574704647064209]",False,"[0.42390111088752747, 0.12844218313694, 0.029999999329447746]","[[-0.2738244831562042, -0.22435972094535828, 0.7504391074180603, 0.08000008761882782, 0.9020392298698425, 0.2007492482662201, 0.029989007860422134, -4.164322672295384e-05, 6.3456641328230035e-06, 1.0179870128631592]]","[-0.28002437949180603, -4.5063276290893555, 2.497239589691162, 12.366570472717285, 4.425189971923828, -0.33407658338546753]","[[-0.011596033349633217, 0.0019436553120613098, 0.02345259115099907]]","[2, 1]",20.482494911,-0.48357459902763367,10,7407,1748251732.9290097,43
"[[0.0017154458910226822, 0.013215098530054092, 0.011609837412834167]]",7423,"[0.5041911602020264, -0.0834350660443306, 0.09802091866731644]","[0.19311058521270752, 0.9864215850830078, 0.814436674118042, -0.9931579828262329]",False,"[0.4711897671222687, 0.29209664463996887, 0.029999999329447746]","[[0.49649301171302795, -0.09152872115373611, 0.09118703007698059, 0.05640903115272522, 0.5041911602020264, -0.0834350660443306, 0.09802091866731644, 0.005715505685657263, 0.009282647632062435, -0.0016762989107519388]]","[0.40357351303100586, 0.007528461515903473, -2.2901673316955566, 1.5458365678787231, -1.0793157815933228, 0.21091090142726898]","[[0.002695435658097267, 0.010056544095277786, 0.011562559753656387]]","[2, 1]",20.483075933,-0.3830665946006775,11,7423,1748251732.9607947,9
"[[0.026875972747802734, 0.007172141224145889, 0.03151518478989601]]",7445,"[0.5448966026306152, -0.009360060095787048, 0.06058815121650696]","[0.943450927734375, 0.9565510749816895, 0.536052942276001, -0.9836058616638184]",False,"[0.5658887624740601, 0.27122411131858826, 0.029999999329447746]","[[0.5417583584785461, -0.008074873127043247, 0.05245611444115639, 0.05349395051598549, 0.5448966026306152, -0.009360060095787048, 0.06058815121650696, 0.0012652493314817548, 0.057602912187576294, 0.015446496196091175]]","[0.12324578315019608, 0.10358242690563202, -2.815028667449951, 1.708030343055725, -1.373024821281433, 0.23683269321918488]","[[0.027884960174560547, 0.007740523666143417, 0.03225281462073326]]","[2, 1]",20.528764212,-0.2830261290073395,13,7445,1748251733.0143156,8
"[[0.005728244781494141, 0.03764946013689041, 0.039474908262491226]]",7450,"[0.5625352263450623, 0.16537044942378998, 0.039135340601205826]","[-0.30671000480651855, 0.9855325222015381, 0.915076732635498, -0.9561449885368347]",False,"[0.5658887624740601, 0.27122411131858826, 0.029999999329447746]","[[0.5605188012123108, 0.1696913242340088, 0.030011596158146858, 0.056288015097379684, 0.5625352263450623, 0.16537044942378998, 0.039135340601205826, -0.015091306529939175, 0.038587536662817, -0.01523574534803629]]","[0.4014543890953064, -0.8048275709152222, 0.030099716037511826, 2.924858331680298, -0.9185951948165894, 0.4224374294281006]","[[0.005623757839202881, 0.021036751568317413, 0.04188983142375946]]","[2, 1]",20.542736737,-0.10630004853010178,13,7450,1748251733.0278397,13
"[[0.0035012841690331697, -0.048696305602788925, -0.032503340393304825]]",7454,"[0.5618114471435547, -0.2881661653518677, 0.02998943440616131]","[0.0700232982635498, -0.9739171862602234, -0.6500686407089233, 0.9616281986236572]",False,"[0.6882962584495544, 0.2626679837703705, 0.029999999329447746]","[[0.6065900325775146, -0.07266944646835327, 0.1915719211101532, 0.07825025171041489, 0.5618114471435547, -0.2881661653518677, 0.02998943440616131, 3.0065698410908226e-06, -2.377380405960139e-05, -5.656060693581821e-06]]","[0.03140094131231308, -0.025906041264533997, -0.019037064164876938, -0.028387539088726044, 0.053564876317977905, 0.13178907334804535]","[[-0.00878919381648302, -0.00132698193192482, -0.03160136193037033]]","[2, 1]",20.551437145,-0.5651695728302002,14,7454,1748251733.0378807,1
"[[-0.028928011655807495, 0.047665368765592575, -0.04471858590841293]]",7480,"[0.5180213451385498, 0.18571853637695312, 0.02998943440616131]","[-0.5785626173019409, 0.953316330909729, -0.8943735957145691, 0.6386381387710571]",False,"[0.48427674174308777, 0.2732173204421997, 0.029999999329447746]","[[0.6051931977272034, 0.04651952162384987, 0.15636852383613586, 0.07498478889465332, 0.5180213451385498, 0.18571853637695312, 0.02998943440616131, 3.0065698410908226e-06, -2.377380405960139e-05, -5.656060693581821e-06]]","[0.03140094131231308, -0.025906041264533997, -0.019037064164876938, -0.028387539088726044, 0.053564876317977905, 0.13178907334804535]","[[-0.01352950930595398, 0.01530933752655983, -0.013007905334234238]]","[2, 1]",20.622832026,-0.09378024190664291,15,7480,1748251733.0979285,1
"[[0.026946689933538437, -0.0005551576614379883, -0.04421614482998848]]",7492,"[0.27193769812583923, 0.23720696568489075, 0.04556436464190483]","[-0.07573789358139038, 0.2399909496307373, -0.9736328125, 0.6425594091415405]",False,"[0.48427674174308777, 0.2732173204421997, 0.029999999329447746]","[[0.4411775469779968, 0.35787418484687805, 0.03552848473191261, 0.07885106652975082, 0.27193769812583923, 0.23720696568489075, 0.04556436464190483, -0.5249562859535217, -0.19958683848381042, -0.7047802805900574]]","[0.43068400025367737, -0.7298566699028015, -0.7972745299339294, 2.7366130352020264, -1.43708074092865, 0.4469076991081238]","[[0.013609197922050953, 0.012428522109985352, 0.0014195218682289124]]","[2, 1]",20.666589447,-0.21593253314495087,15,7492,1748251733.1199396,13
"[[0.04114415496587753, 0.022553687915205956, -0.048303425312042236]]",7493,"[0.24820296466350555, 0.24093368649482727, 0.04565853998064995]","[0.3481884002685547, 0.5256081819534302, -0.9641849994659424, 0.8271541595458984]",False,"[0.48427674174308777, 0.2732173204421997, 0.029999999329447746]","[[0.4467315971851349, 0.3705882430076599, 0.0027863909490406513, 0.07964000850915909, 0.24820296466350555, 0.24093368649482727, 0.04565853998064995, -0.08205394446849823, -0.7241575121879578, -0.630347490310669]]","[0.01289377547800541, -0.9615559577941895, -0.028450611978769302, 3.398212194442749, -0.6593307256698608, 0.2663281559944153]","[[0.011855369433760643, 0.013566350564360619, -0.01546715572476387]]","[2, 1]",20.666625064,-0.23878493905067444,15,7493,1748251733.1219225,14
"[[-0.02303355373442173, 0.0324174240231514, -0.040731772780418396]]",7562,"[0.5274516344070435, 0.15873929858207703, 0.04319266229867935]","[-0.3918658494949341, 0.5841059684753418, -0.7948552966117859, 0.7604668140411377]",False,"[0.5776256322860718, 0.29705899953842163, 0.029999999329447746]","[[0.5573557019233704, 0.17083726823329926, 0.04696257784962654, 0.08007706701755524, 0.5274516344070435, 0.15873929858207703, 0.04319266229867935, -0.6532999873161316, 0.041864048689603806, 0.38913506269454956]]","[0.41204795241355896, 0.194949209690094, -2.0526247024536133, 1.2043893337249756, -1.2298345565795898, 0.3139464259147644]","[[-0.02888053096830845, 0.03290951997041702, -0.04022565111517906]]","[2, 1]",20.785826073,-0.14772887527942657,19,7562,1748251733.2717695,7
"[[-0.04579576849937439, 0.0387793704867363, -0.04876725375652313]]",7564,"[0.5243013501167297, 0.16064941883087158, 0.04212627187371254]","[-0.9282666444778442, 0.8007664680480957, -0.9723604917526245, 0.993617057800293]",False,"[0.5776256322860718, 0.29705899953842163, 0.029999999329447746]","[[0.5526967644691467, 0.17160561680793762, 0.046941012144088745, 0.08005762100219727, 0.5243013501167297, 0.16064941883087158, 0.04212627187371254, -0.6723155379295349, -0.0009199879714287817, 0.34788814187049866]]","[0.280957967042923, 0.03580157458782196, -2.063088893890381, 1.3562337160110474, -1.4107818603515625, 0.28761690855026245]","[[-0.045482903718948364, 0.037939585745334625, -0.04905310645699501]]","[2, 1]",20.826370957,-0.14696292579174042,19,7564,1748251733.2764816,9
"[[-0.04115829989314079, 0.04231525585055351, -0.04355410113930702]]",7572,"[0.5243515968322754, 0.16106250882148743, 0.04207509011030197]","[-0.8214350938796997, 0.8427135944366455, -0.8719764351844788, -0.10649657249450684]",False,"[0.5776256322860718, 0.29705899953842163, 0.029999999329447746]","[[0.551521360874176, 0.1670670360326767, 0.04669793322682381, 0.07088225334882736, 0.5243515968322754, 0.16106250882148743, 0.04207509011030197, -0.6628605127334595, -7.830829417798668e-05, 0.36201217770576477]]","[0.05885127931833267, -1.1378216743469238, 0.5823105573654175, 3.4483206272125244, -0.30459848046302795, 0.31754881143569946]","[[-0.04063574597239494, 0.04679843410849571, -0.04351040720939636]]","[2, 1]",20.826714693,-0.14655709266662598,19,7572,1748251733.2952292,17
"[[-0.008756572380661964, 0.03175190091133118, -0.03419744223356247]]",7573,"[0.5176659226417542, 0.1673111915588379, 0.038453374058008194]","[-0.3088449239730835, 0.7600116729736328, -0.7563831806182861, -0.7108757495880127]",False,"[0.5776256322860718, 0.29705899953842163, 0.029999999329447746]","[[0.5615059733390808, 0.17596781253814697, 0.03972536325454712, 0.012326101772487164, 0.5176659226417542, 0.1673111915588379, 0.038453374058008194, -0.18404695391654968, -0.09789988398551941, 1.0844154357910156]]","[0.020173469558358192, -1.4055254459381104, 1.2352724075317383, 3.939805269241333, -0.4560578167438507, 0.41054272651672363]","[[-0.02542685903608799, 0.029099807143211365, -0.03084658831357956]]","[2, 1]",20.826762823,-0.14318214356899261,19,7573,1748251733.2976084,18
"[[0.04248902201652527, 0.03298455849289894, 0.001184827066026628]]",7599,"[0.5044394135475159, 0.1704074740409851, 0.02998989447951317]","[0.8497756719589233, 0.6596968173980713, 0.023696541786193848, 0.9270858764648438]",False,"[0.5776256322860718, 0.29705899953842163, 0.029999999329447746]","[[0.5604345798492432, 0.5793794393539429, 0.05468364804983139, 0.07999860495328903, 0.5044394135475159, 0.1704074740409851, 0.02998989447951317, -9.335118988929025e-07, 4.6109366849123035e-06, 1.687121033668518]]","[-0.276349276304245, -4.504396438598633, 2.4573421478271484, 12.334033012390137, 4.343730926513672, -0.31439095735549927]","[[0.03691437840461731, 0.03604232147336006, -0.003754963632673025]]","[2, 1]",20.875073309,-0.1462765783071518,19,7599,1748251733.3475468,44
"[[-0.04907817021012306, -0.02746216394007206, -0.04827501252293587]]",7658,"[0.44057604670524597, -0.1162547841668129, 0.02998952753841877]","[-0.9815759062767029, -0.5492358207702637, -0.9657096862792969, 0.9582679271697998]",False,"[0.44501006603240967, 0.016976146027445793, 0.029999999329447746]","[[0.6178408861160278, -0.020060937851667404, 0.16751869022846222, 0.07027385383844376, 0.44057604670524597, -0.1162547841668129, 0.02998952753841877, 3.005894996022107e-06, -2.0607802071026526e-05, -2.8306608328421135e-06]]","[0.031227683648467064, -0.03598801791667938, -0.04086983576416969, -0.03561374545097351, 0.07731138169765472, 0.20065416395664215]","[[-0.028480026870965958, -0.007400853559374809, -0.0184040367603302]]","[2, 1]",21.034745835,-0.13330470025539398,23,7658,1748251733.4992971,0
"[[0.012643950991332531, -0.04938128963112831, 0.019054163247346878]]",7671,"[0.6497636437416077, -0.21370698511600494, 0.029989855363965034]","[0.25288617610931396, -0.9876171350479126, 0.38108348846435547, 0.8331549167633057]",False,"[0.48463231325149536, 0.1737040877342224, 0.029999999329447746]","[[0.6491195559501648, -0.11470117419958115, 0.12907323241233826, 0.07999788969755173, 0.6497636437416077, -0.21370698511600494, 0.029989855363965034, -5.357066584110726e-06, 2.6491127300687367e-06, 2.8732714781654067e-05]]","[0.1252559870481491, 0.00438690185546875, 0.02614179626107216, -0.01811143010854721, -0.016251690685749054, -0.03209073841571808]","[[0.009636717848479748, -0.0068918801844120026, 0.026704207062721252]]","[2, 1]",21.082419313,-0.42113620042800903,24,7671,1748251733.5244083,4
"[[0.0016247988678514957, 0.014134027063846588, -0.002054976299405098]]",7680,"[0.5283359289169312, -0.010059916414320469, 0.08121416717767715]","[0.05430889129638672, 0.9531408548355103, -0.41375207901000977, -0.9573253393173218]",False,"[0.48463231325149536, 0.1737040877342224, 0.029999999329447746]","[[0.5237371325492859, -0.014604697935283184, 0.07717423886060715, 0.05622190609574318, 0.5283359289169312, -0.010059916414320469, 0.08121416717767715, -0.005257577635347843, -0.012033088132739067, -0.01126203965395689]]","[0.28337058424949646, 0.029359892010688782, -1.6544268131256104, 1.3604663610458374, -1.3065040111541748, 0.3736759424209595]","[[0.002639091107994318, 0.009497459977865219, -0.0023237336426973343]]","[2, 1]",21.08281173,-0.195709228515625,24,7680,1748251733.5442946,13
"[[-0.05204206705093384, 0.043405380100011826, 0.010044911876320839]]",7687,"[0.5287166237831116, 0.1277610808610916, 0.029999999329447746]","[-0.5748319625854492, 0.8839457035064697, 0.16773760318756104, -0.8362716436386108]",True,"[0.46505701541900635, 0.0023296100553125143, 0.029999999329447746]","[[0.6384396553039551, -2.194472251484947e-12, 0.19740013778209686, 0, 0.5287166237831116, 0.1277610808610916, 0.029999999329447746, 0, 0, 0]]","[0.04277331382036209, -1.137459635734558, 1.3867530822753906, 3.1309139728546143, -0.621095597743988, 0.42810267210006714]","[[-0.16362106800079346, 0.18401803076267242, -0.16603310406208038]]","[2, 1]",21.08306173,-0.02173958532512188,24,7687,1748251733.5644433,20
"[[-0.046121980994939804, -0.04874124005436897, -0.046681731939315796]]",7690,"[0.5618167519569397, -0.08683750033378601, 0.029989726841449738]","[-0.9224312901496887, -0.9748186469078064, -0.9336287975311279, 0.9897491931915283]",False,"[0.4159473776817322, 0.20057901740074158, 0.029999999329447746]","[[0.6016272902488708, -0.03930051624774933, 0.08526723086833954, 0.079856276512146, 0.5618167519569397, -0.08683750033378601, 0.029989726841449738, -7.329336249028984e-09, -9.104443961405195e-06, -7.09527421349776e-06]]","[0.017391130328178406, -0.028289899230003357, -0.012999862432479858, -0.020292580127716064, 0.021124452352523804, 0.0570448562502861]","[[-0.014757420867681503, -0.003214467316865921, -0.0003317221999168396]]","[2, 1]",21.083916757,-0.32231369614601135,25,7690,1748251733.5698555,2
"[[-0.0602944977581501, -0.0496353879570961, -0.0445731095969677]]",7696,"[0.561635434627533, -0.06870093941688538, 0.04169192165136337]","[-0.9978828430175781, -0.573009729385376, -0.9970299601554871, 0.9990442991256714]",False,"[0.4159473776817322, 0.20057901740074158, 0.029999999329447746]","[[0.6000334024429321, -0.1152254045009613, 0.08154814690351486, 0.07252028584480286, 0.561635434627533, -0.06870093941688538, 0.04169192165136337, 0.345010370016098, 0.12429041415452957, -0.7789832353591919]]","[0.09279586374759674, 0.004324711859226227, -1.923683524131775, 1.4673181772232056, -1.1112034320831299, 0.20913830399513245]","[[-0.06026648357510567, -0.010536069050431252, -0.04106849431991577]]","[2, 1]",21.097262524,-0.30638766288757324,25,7696,1748251733.5833476,8
"[[-0.023268908262252808, 0.048394933342933655, -0.0421539731323719]]",7717,"[0.5111778974533081, -0.016834357753396034, 0.029989415779709816]","[-0.4653698205947876, 0.9678992033004761, -0.8430794477462769, -0.5817157030105591]",False,"[0.4159473776817322, 0.20057901740074158, 0.029999999329447746]","[[0.37376973032951355, 0.2025395929813385, 0.0027763054240494967, -0.0007633015629835427, 0.5111778974533081, -0.016834357753396034, 0.029989415779709816, 1.5707719326019287, 3.073485459026415e-06, -3.018249034881592]]","[-0.07463642209768295, -2.345553398132324, 2.514136791229248, 6.263029098510742, 1.1953542232513428, 0.2315981239080429]","[[-0.023321717977523804, 0.0483664833009243, -0.04126043617725372]]","[2, 1]",21.151010847,-0.2373550683259964,25,7717,1748251733.6305542,29
"[[0.0024685263633728027, 0.04882648587226868, -0.031223943457007408]]",7724,"[0.511180579662323, -0.016834188252687454, 0.029989415779709816]","[0.0493776798248291, 0.9765301942825317, -0.6244788765907288, 0.4570796489715576]",False,"[0.4159473776817322, 0.20057901740074158, 0.029999999329447746]","[[0.37557098269462585, 0.22853006422519684, 0.0016370214289054275, 0.026054512709379196, 0.511180579662323, -0.016834188252687454, 0.029989415779709816, 1.5707719326019287, 3.0735079690202838e-06, -3.018217086791992]]","[0.0664546862244606, -3.5499813556671143, 2.6818950176239014, 9.620984077453613, 2.6672780513763428, 0.02263501286506653]","[[0.0018090009689331055, 0.035523008555173874, -0.030570609495043755]]","[2, 1]",21.19854798,-0.23735599219799042,25,7724,1748251733.6474357,36
"[[0.049395859241485596, -0.04998863860964775, -0.04998444393277168]]",7784,"[0.6926822066307068, -0.19191589951515198, 0.02998952753841877]","[0.9879040718078613, -0.9997653365135193, -0.9998983144760132, 0.999495267868042]",False,"[0.6084068417549133, -0.05680229142308235, 0.029999999329447746]","[[0.6796754598617554, -0.022589685395359993, 0.18870094418525696, 0.07027386128902435, 0.6926822066307068, -0.19191589951515198, 0.02998952753841877, 3.005894996022107e-06, -2.0607802071026526e-05, -2.8306608328421135e-06]]","[0.031227683648467064, -0.03598801791667938, -0.04086983576416969, -0.03561374545097351, 0.07731138169765472, 0.20065416395664215]","[[0.008159399032592773, -0.02739858068525791, -0.041295722126960754]]","[2, 1]",21.334463466,-0.15924201905727386,29,7784,1748251733.7854335,0
"[[-0.007409500889480114, 0.03937102109193802, -0.038357533514499664]]",7794,"[0.6908193230628967, -0.22206483781337738, 0.029965106397867203]","[-0.17179584503173828, 0.7469768524169922, -0.9915065765380859, -0.5665510892868042]",False,"[0.6084068417549133, -0.05680229142308235, 0.029999999329447746]","[[0.6845280528068542, -0.21082526445388794, 0.022419314831495285, 0.054224949330091476, 0.6908193230628967, -0.22206483781337738, 0.029965106397867203, 1.558767318725586, -0.00019889367104042321, -0.042752549052238464]]","[0.38465991616249084, -0.1307307481765747, -2.0155112743377686, 1.7079631090164185, -1.7952638864517212, 0.384330153465271]","[[-0.000845479778945446, 0.031627871096134186, -0.027508899569511414]]","[2, 1]",21.334904775,-0.18467138707637787,29,7794,1748251733.8071434,10
"[[0.0004137337382417172, -0.049574851989746094, -0.021446948871016502]]",7898,"[0.5973449349403381, -0.2842414379119873, 0.02998976595699787]","[0.008271098136901855, -0.9914916753768921, -0.42893898487091064, 0.3417370319366455]",False,"[0.5622498393058777, 0.2733875811100006, 0.029999999329447746]","[[0.5998929142951965, -0.14065730571746826, 0.13386891782283783, 0.07999786734580994, 0.5973449349403381, -0.2842414379119873, 0.02998976595699787, 1.2541671821963973e-05, 3.3503274607937783e-06, 1.85684984899126e-05]]","[0.1253005862236023, 0.004401348531246185, 0.026189863681793213, -0.01812414824962616, -0.016247399151325226, -0.032098203897476196]","[[0.004368024878203869, -0.006765350699424744, 0.002707982435822487]]","[2, 1]",21.56723794,-0.5587323307991028,37,7898,1748251734.0537095,4
"[[0.013608223758637905, 0.028843607753515244, -0.045842330902814865]]",7904,"[0.5980037450790405, -0.2787763178348541, 0.034093908965587616]","[0.2852405309677124, 0.8904247283935547, -0.9860196113586426, 0.7062042951583862]",False,"[0.5622498393058777, 0.2733875811100006, 0.029999999329447746]","[[0.6162874698638916, -0.26279976963996887, 0.05793235823512077, 0.07990474253892899, 0.5980037450790405, -0.2787763178348541, 0.034093908965587616, -0.1623888462781906, 0.012295195832848549, 0.05973786115646362]]","[0.3490343987941742, 0.2056477963924408, -1.8643481731414795, 1.0469101667404175, -1.1341217756271362, 0.34168779850006104]","[[-0.003188961185514927, 0.02283596619963646, -0.04716800898313522]]","[2, 1]",21.580328638,-0.553335428237915,37,7904,1748251734.0661833,10
"[[-0.04611612483859062, 0.04869901388883591, -0.022632738575339317]]",7941,"[0.4682726263999939, 0.15176832675933838, 0.029989490285515785]","[-0.9223183393478394, 0.9739894866943359, -0.4526536464691162, 0.7086267471313477]",False,"[0.5585934519767761, -0.1213827058672905, 0.029999999329447746]","[[0.5501546859741211, 0.09751727432012558, 0.10907046496868134, 0.07985623180866241, 0.4682726263999939, 0.15176832675933838, 0.029989490285515785, 3.5423786126642653e-10, -1.7111562556237914e-05, -8.111146598821506e-06]]","[0.017383942380547523, -0.028290405869483948, -0.012972109019756317, -0.020306527614593506, 0.02113371342420578, 0.05704331398010254]","[[-0.013314466923475266, 0.0019835717976093292, -0.0030974838882684708]]","[2, 1]",21.690765328,-0.28769659996032715,40,7941,1748251734.1561675,2
"[[0.01825578324496746, 0.013188648968935013, 0.03256552666425705]]",7978,"[0.5865859389305115, 0.18642346560955048, 0.03952915221452713]","[0.49832725524902344, 0.699062705039978, 0.8420935869216919, -0.8803665637969971]",False,"[0.6685940623283386, 0.1523723304271698, 0.029999999329447746]","[[0.5853159427642822, 0.18873631954193115, 0.031070001423358917, 0.055032506585121155, 0.5865859389305115, 0.18642346560955048, 0.03952915221452713, -0.0045290421694517136, 0.017188910394906998, -0.019358545541763306]]","[0.7645289301872253, 0.23819506168365479, -2.5029478073120117, 1.389660120010376, -0.7554059028625488, 0.08505063503980637]","[[0.02189941518008709, 0.013077590614557266, 0.03378871828317642]]","[2, 1]",21.786772125,-0.0893063023686409,42,7978,1748251734.2416852,7
"[[-0.0398770235478878, 0.0487324558198452, -0.0500541627407074]]",8024,"[0.5419423580169678, -0.23924894630908966, 0.0416218563914299]","[-0.7962708473205566, 0.8920507431030273, -0.9811185002326965, -0.24543368816375732]",False,"[0.4638267755508423, 0.08093097805976868, 0.029999999329447746]","[[0.5426046848297119, -0.23774747550487518, 0.05365427955985069, 0.06584804505109787, 0.5419423580169678, -0.23924894630908966, 0.0416218563914299, 0.5926419496536255, -0.00047328538494184613, -0.008190036751329899]]","[0.4679242670536041, 0.2518438994884491, -2.0187933444976807, 1.0269964933395386, -0.9086934328079224, 0.2870372533798218]","[[-0.04332980141043663, 0.05532538518309593, -0.0451505146920681]]","[2, 1]",21.87867528,-0.3297761380672455,46,8024,1748251734.3371675,9
"[[-0.005173832178115845, 0.0039427392184734344, 0.0049538081511855125]]",8036,"[0.4754016399383545, -0.05006302893161774, 0.0327884741127491]","[-0.44301629066467285, 0.9341089725494385, 0.14737868309020996, -0.9344825744628906]",False,"[0.4638267755508423, 0.08093097805976868, 0.029999999329447746]","[[0.4688296318054199, -0.04452648013830185, 0.024753116071224213, 0.054794758558273315, 0.4754016399383545, -0.05006302893161774, 0.0327884741127491, 1.5756616592407227, 0.01660274527966976, -0.051652420312166214]]","[0.396126389503479, -1.1273635625839233, 0.8193564414978027, 3.2587335109710693, -0.7647930979728699, 0.49347537755966187]","[[-0.004393070936203003, 0.009936761111021042, 0.004646367393434048]]","[2, 1]",21.926420563,-0.13153396546840668,46,8036,1748251734.3667676,21
"[[0.010003268718719482, 0.030770719051361084, -0.01012199092656374]]",8037,"[0.48210451006889343, -0.03367516025900841, 0.02987203188240528]","[0.33412277698516846, 0.9431717395782471, -0.2607686519622803, -0.9204367995262146]",False,"[0.4638267755508423, 0.08093097805976868, 0.029999999329447746]","[[0.48422545194625854, -0.018715785816311836, 0.021251756697893143, 0.05115104839205742, 0.48210451006889343, -0.03367516025900841, 0.02987203188240528, 1.5676355361938477, -0.000463214295450598, -0.04877796396613121]]","[0.4422224760055542, -1.1882266998291016, 1.34983491897583, 3.317234992980957, -0.7648998498916626, 0.5699329972267151]","[[0.0013103187084197998, 0.0213478934019804, -0.009537073783576488]]","[2, 1]",21.92646152,-0.11605454981327057,46,8037,1748251734.3695855,22
"[[-0.13870379328727722, 0.0589129701256752, 0.014140766113996506]]",8039,"[0.610101044178009, -0.01534724235534668, 0.029999999329447746]","[0.15115869045257568, 0.952484130859375, 0.14625000953674316, -0.8875521421432495]",True,"[0.5384424924850464, 0.11833953857421875, 0.029999999329447746]","[[0.6384396553039551, -2.194472251484947e-12, 0.19740013778209686, 0, 0.610101044178009, -0.01534724235534668, 0.029999999329447746, 0, 0, 0]]","[0.20319698750972748, -1.4105420112609863, 1.565962314605713, 3.8016297817230225, -0.3347150385379791, 0.5290210247039795]","[[-0.164361834526062, 0.056464992463588715, -0.16181810200214386]]","[2, 1]",21.926537674,-0.03746380656957626,46,8039,1748251734.374996,24
"[[0.002783561125397682, 0.0011033490300178528, 0.0038658026605844498]]",8074,"[0.6075255870819092, 0.21852833032608032, 0.07389400899410248]","[0.4194061756134033, -0.9822813868522644, 0.363383412361145, -0.9900732636451721]",False,"[0.698225200176239, -0.19801893830299377, 0.029999999329447746]","[[0.6116005778312683, 0.220368891954422, 0.09569822996854782, 0.05634959042072296, 0.6075255870819092, 0.21852833032608032, 0.07389400899410248, -1.4608533382415771, -0.0014309161342680454, 0.0038939486257731915]]","[0.42384496331214905, 0.04159236699342728, -2.5577311515808105, 1.3688606023788452, -1.6890054941177368, 0.39604276418685913]","[[0.0032187942415475845, -0.008496128022670746, 0.003374321386218071]]","[2, 1]",21.971194103,-0.4285612404346466,49,8074,1748251734.4505556,13
"[[0.09964313358068466, -0.09460824728012085, 0.016700487583875656]]",8086,"[0.5886724591255188, -0.0729391872882843, 0.029999999329447746]","[0.6226913928985596, -0.4449205994606018, 0.1301785707473755, -0.950720489025116]",True,"[0.4842185080051422, -0.09742468595504761, 0.029999999329447746]","[[0.6384396553039551, -2.194472251484947e-12, 0.19740013778209686, 0, 0.5886724591255188, -0.0729391872882843, 0.029999999329447746, 0, 0, 0]]","[0.17002426087856293, -1.4842954874038696, 1.641291618347168, 3.9946279525756836, -0.27758845686912537, 0.5014142394065857]","[[0.07378789037466049, -0.1604854315519333, -0.15989841520786285]]","[2, 1]",22.158293853,-0.04411245137453079,49,8086,1748251734.4825912,25
"[[0.04426106810569763, -0.04895395785570145, 0.04704979807138443]]",8105,"[0.5580019950866699, 0.14419177174568176, 0.031165646389126778]","[0.8844190835952759, -0.9800596237182617, 0.9410643577575684, -0.7324694395065308]",False,"[0.588213324546814, 0.04558231309056282, 0.029999999329447746]","[[0.5625715255737305, 0.12566609680652618, 0.03871452063322067, 0.047228530049324036, 0.5580019950866699, 0.14419177174568176, 0.031165646389126778, 0.04000324010848999, -5.216556019149721e-06, 0.04639113321900368]]","[-0.3781055808067322, -0.20542669296264648, 0.17969964444637299, 1.8990801572799683, -1.941144585609436, 0.6241033673286438]","[[0.0441727340221405, -0.04835527390241623, 0.04704950004816055]]","[2, 30]",22.242375142,-0.10314024239778519,0,8105,1748251734.6855822,18
"[[0.04804721474647522, -0.04851383715867996, 0.043851081281900406]]",8116,"[0.5578002333641052, 0.14414845407009125, 0.030986860394477844]","[0.9610980749130249, -0.9716124534606934, 0.8782839775085449, -0.9374305605888367]",False,"[0.588213324546814, 0.04558231309056282, 0.029999999329447746]","[[0.5625519156455994, 0.12560799717903137, 0.03866561874747276, 0.0471465028822422, 0.5578002333641052, 0.14414845407009125, 0.030986860394477844, 0.03380826115608215, -8.86774500941101e-07, 0.05384165421128273]]","[0.1821456402540207, -1.4491299390792847, 1.9400416612625122, 3.8559963703155518, -0.1854667365550995, 0.545009195804596]","[[0.04803171753883362, -0.04848874360322952, 0.04389873892068863]]","[2, 30]",22.242785142,-0.10315626859664917,0,8116,1748251734.7124486,29
"[[0.048350464552640915, -0.04857632890343666, 0.0448041632771492]]",8119,"[0.5578197836875916, 0.14402247965335846, 0.03110576421022415]","[0.9671273231506348, -0.9719741940498352, 0.8965044021606445, -0.9360434412956238]",False,"[0.588213324546814, 0.04558231309056282, 0.029999999329447746]","[[0.5625905990600586, 0.12535861134529114, 0.03870204836130142, 0.04703648015856743, 0.5578197836875916, 0.14402247965335846, 0.03110576421022415, 0.03792084380984306, -3.4594881981320214e-07, 0.05369671434164047]]","[0.010019341483712196, -1.7013592720031738, 2.104626178741455, 4.603908061981201, 0.19322839379310608, 0.4305265545845032]","[[0.048345934599637985, -0.048540446907281876, 0.04481460154056549]]","[2, 30]",22.242928181,-0.10303134471178055,0,8119,1748251734.7197623,32
"[[0.04562639072537422, -0.04859958961606026, 0.04435407370328903]]",8126,"[0.5577313899993896, 0.14418596029281616, 0.030864592641592026]","[0.9123740196228027, -0.9710461497306824, 0.8860772848129272, -0.8075363636016846]",False,"[0.588213324546814, 0.04558231309056282, 0.029999999329447746]","[[0.562570333480835, 0.12549881637096405, 0.03861939162015915, 0.046920038759708405, 0.5577313899993896, 0.14418596029281616, 0.030864592641592026, 0.029597794637084007, 2.54156088885793e-06, 0.05664001777768135]]","[0.09591595083475113, -2.389834403991699, 2.690556287765503, 6.368658065795898, 1.449059247970581, 0.23655478656291962]","[[0.045626450330019, -0.04863371327519417, 0.044321004301309586]]","[2, 30]",22.286359889,-0.10321132093667984,0,8126,1748251734.7375524,39
"[[0.04522651433944702, -0.048081174492836, 0.04517676681280136]]",8129,"[0.5577353239059448, 0.14419780671596527, 0.03085286170244217]","[0.9046077728271484, -0.9619998931884766, 0.9038999080657959, -0.3698784112930298]",False,"[0.588213324546814, 0.04558231309056282, 0.029999999329447746]","[[0.5625576376914978, 0.1255853772163391, 0.0386185497045517, 0.047034040093421936, 0.5577353239059448, 0.14419780671596527, 0.03085286170244217, 0.029197635129094124, 8.75737259775633e-06, 0.05662069097161293]]","[0.28016677498817444, -3.1041109561920166, 2.8066234588623047, 8.297389030456543, 2.1479735374450684, 0.1308487355709076]","[[0.04523003101348877, -0.04807174205780029, 0.0451882928609848]]","[2, 30]",22.286422276,-0.10322137922048569,0,8129,1748251734.744683,42
"[[-0.010964790359139442, -0.04955730214715004, -0.047191329300403595]]",8138,"[0.6172196269035339, -0.2453509122133255, 0.029989073053002357]","[-0.2192862629890442, -0.9911791086196899, -0.943780779838562, 0.949681282043457]",False,"[0.4312129318714142, 0.1943463534116745, 0.029999999329447746]","[[0.6047185659408569, -0.07446983456611633, 0.11673975735902786, 0.07881752401590347, 0.6172196269035339, -0.2453509122133255, 0.029989073053002357, 3.983682472608052e-05, 6.1111804825486615e-06, -5.583339316217462e-06]]","[0.03144428879022598, -0.025800630450248718, -0.01913069561123848, -0.028240516781806946, 0.05358119308948517, 0.13179561495780945]","[[0.003169974312186241, -0.00017513707280158997, 0.0023039542138576508]]","[2, 30]",22.286642861,-0.47742244601249695,1,8138,1748251734.7624862,1
"[[-0.037267476320266724, 0.03772728145122528, -0.03632785379886627]]",8171,"[0.6172146201133728, -0.2453591376543045, 0.02998892217874527]","[-0.7453662157058716, 0.7545441389083862, -0.7265570759773254, 0.9077496528625488]",False,"[0.4312129318714142, 0.1943463534116745, 0.029999999329447746]","[[0.362141489982605, 0.2827518582344055, 0.006043284200131893, 0.07992123812437057, 0.6172146201133728, -0.2453591376543045, 0.02998892217874527, 4.484824603423476e-05, 6.18862077317317e-06, -0.00016604743723291904]]","[0.07675973325967789, -1.8207588195800781, 2.466212034225464, 4.872323513031006, 0.5654807686805725, 0.3921087980270386]","[[-0.037336140871047974, 0.037856072187423706, -0.03564492613077164]]","[2, 30]",22.382537778,-0.47742804884910583,1,8171,1748251734.8342671,34
"[[0.049278225749731064, 0.048039138317108154, 0.04794854670763016]]",8203,"[0.44207242131233215, -0.0004727026098407805, 0.031298521906137466]","[0.9909104108810425, 0.9659887552261353, 0.9596271514892578, -0.9532541036605835]",False,"[0.5892680287361145, 0.04959643632173538, 0.029999999329447746]","[[0.43248775601387024, 0.017541807144880295, 0.024155760183930397, 0.05076944828033447, 0.44207242131233215, -0.0004727026098407805, 0.031298521906137466, -0.044647373259067535, 2.0041813968418865e-06, -0.07820621877908707]]","[-0.1630728393793106, 0.27784281969070435, 0.34561654925346375, 0.03641880676150322, -1.092218041419983, 0.4688340425491333]","[[0.0489952526986599, 0.04430240020155907, 0.04806119203567505]]","[2, 30]",22.438752054,-0.15548358857631683,2,8203,1748251734.915832,16
"[[0.04523814469575882, 0.03566443920135498, 0.013096173293888569]]",8235,"[0.4434273838996887, -0.00027541074086911976, 0.03001062199473381]","[0.904726505279541, 0.7114862203598022, 0.26010286808013916, 0.29969120025634766]",False,"[0.5892680287361145, 0.04959643632173538, 0.029999999329447746]","[[0.4422316253185272, 0.014789223670959473, 0.023110492154955864, 0.08007925003767014, 0.4434273838996887, -0.00027541074086911976, 0.03001062199473381, -0.0007251893985085189, 4.609347888617776e-05, -0.0385790653526783]]","[-0.2899955213069916, -4.570506572723389, 2.775292158126831, 12.527897834777832, 4.609838008880615, -0.3575723171234131]","[[0.042663224041461945, 0.03567987307906151, 0.012969122268259525]]","[2, 30]",22.530827233,-0.15413205325603485,2,8235,1748251735.0018213,48
"[[0.02393370307981968, -0.040443047881126404, 0.01329388003796339]]",8252,"[0.414788156747818, 0.20558343827724457, 0.030964918434619904]","[0.5685471296310425, -0.9751123189926147, 0.26708972454071045, -0.9422257542610168]",False,"[0.5135809183120728, -0.12307465076446533, 0.029999999329447746]","[[0.4013742208480835, 0.1848364919424057, 0.032584574073553085, 0.046299003064632416, 0.414788156747818, 0.20558343827724457, 0.030964918434619904, 0.03306737169623375, -2.6320220058551058e-05, 0.10508329421281815]]","[0.09037432819604874, 0.28622886538505554, -0.7285799384117126, 0.746027410030365, -1.6735342741012573, 0.6047524809837341]","[[0.02381821908056736, -0.03943222761154175, 0.013301200233399868]]","[2, 30]",22.574542554,-0.3431866466999054,3,8252,1748251735.0387452,15
"[[-0.04686274752020836, 0.023118844255805016, -0.0037498280871659517]]",8289,"[0.47143250703811646, 0.04273851215839386, 0.02998976781964302]","[-0.9372578859329224, 0.46238231658935547, -0.0749967098236084, -0.1661149263381958]",False,"[0.5137268900871277, 0.10495965927839279, 0.029999999329447746]","[[0.6014220118522644, 0.06888447701931, 0.09794987738132477, 0.02463504672050476, 0.47143250703811646, 0.04273851215839386, 0.02998976781964302, 1.2489778782764915e-05, 3.3503240501886467e-06, 1.0773257599794306e-05]]","[0.017391877248883247, -0.028291650116443634, -0.013007476925849915, -0.020288832485675812, 0.021113403141498566, 0.057039253413677216]","[[-0.002606447786092758, 0.004318946972489357, 0.031967293471097946]]","[2, 30]",22.662925545,-0.07523486018180847,4,8289,1748251735.1412663,2
"[[-0.04724949225783348, -0.018530339002609253, 0.022090477868914604]]",8291,"[0.47143223881721497, 0.04273909330368042, 0.029989954084157944]","[-0.9449904561042786, -0.37060290575027466, 0.44181323051452637, 0.4134073257446289]",False,"[0.5137268900871277, 0.10495965927839279, 0.029999999329447746]","[[0.5090699195861816, 0.041464913636446, 0.09129311144351959, 0.07762119919061661, 0.47143223881721497, 0.04273909330368042, 0.029989954084157944, 1.545162490401708e-06, 3.932999703692985e-09, 1.4141585779725574e-05]]","[0.12530070543289185, 0.004401400685310364, 0.026188217103481293, -0.018123440444469452, -0.016248144209384918, -0.032097965478897095]","[[-0.0047513507306575775, -0.002936147153377533, 0.01507919654250145]]","[2, 30]",22.662998562,-0.07523453235626221,4,8291,1748251735.1451385,4
"[[0.04734661057591438, 0.041182029992341995, 0.04522665962576866]]",8313,"[0.47054892778396606, 0.04733651876449585, 0.03159011900424957]","[0.9478358030319214, 0.8243637084960938, 0.9043445587158203, -0.8288140296936035]",False,"[0.5137268900871277, 0.10495965927839279, 0.029999999329447746]","[[0.4676284193992615, 0.06190535053610802, 0.02740924432873726, 0.05369376763701439, 0.47054892778396606, 0.04733651876449585, 0.03159011900424957, -0.054862309247255325, -2.1112373360665515e-06, -0.044782813638448715]]","[-0.03224273771047592, -1.3316524028778076, 2.122500419616699, 3.555262327194214, -0.0943395271897316, 0.5127443671226501]","[[0.04741509631276131, 0.041191067546606064, 0.04520617052912712]]","[2, 30]",22.72007593,-0.07202284038066864,4,8313,1748251735.205554,26
"[[0.04041076824069023, -0.048558272421360016, 0.04510452598333359]]",8360,"[0.6424703598022461, 0.08907779306173325, 0.030104828998446465]","[0.8092060089111328, -0.97185879945755, 0.9038273096084595, -0.4165577292442322]",False,"[0.6747795939445496, 0.038040101528167725, 0.029999999329447746]","[[0.6548250317573547, 0.0745314434170723, 0.02704780548810959, 0.050553396344184875, 0.6424703598022461, 0.08907779306173325, 0.030104828998446465, 0.0038310158997774124, 1.0279816997638136e-08, 0.057382699102163315]]","[-0.08943178504705429, -0.5219273567199707, 1.8450936079025269, 1.7551288604736328, -0.8337939977645874, 0.6589440107345581]","[[0.04040790721774101, -0.051581159234046936, 0.04513391852378845]]","[2, 30]",22.86656411,-0.06040484458208084,5,8360,1748251735.3221452,23
"[[0.049765367060899734, -0.04861859977245331, 0.048286184668540955]]",8414,"[0.4449198544025421, 0.19090352952480316, 0.030413687229156494]","[0.9951040744781494, -0.9693869948387146, 0.9627407789230347, -0.9971222877502441]",False,"[0.6946015357971191, -0.18360671401023865, 0.029999999329447746]","[[0.4282757639884949, 0.1748245805501938, 0.026293350383639336, 0.0516616515815258, 0.4449198544025421, 0.19090352952480316, 0.030413687229156494, 0.014223727397620678, 5.440443828774733e-07, 0.11892664432525635]]","[0.28413185477256775, -0.9809482097625732, 2.074265718460083, 2.7003753185272217, -0.38598427176475525, 0.6398062705993652]","[[0.04951013997197151, -0.04875163733959198, 0.04820519685745239]]","[2, 30]",22.955059412,-0.4501100480556488,6,8414,1748251735.4399858,27
"[[0.04258210211992264, -0.038390785455703735, 0.03316107764840126]]",8435,"[0.4477602243423462, 0.1764593869447708, 0.030251553282141685]","[0.8528686761856079, -0.7681646943092346, 0.6644487380981445, -0.32137787342071533]",False,"[0.6946015357971191, -0.18360671401023865, 0.029999999329447746]","[[0.43274345993995667, 0.16118118166923523, 0.026072675362229347, 0.054448451846838, 0.4477602243423462, 0.1764593869447708, 0.030251553282141685, 0.008752172812819481, 2.297780838489416e-06, 0.09343169629573822]]","[-0.11663588136434555, -4.406147003173828, 2.7588768005371094, 12.088339805603027, 4.190486431121826, -0.2235025018453598]","[[0.04246325045824051, -0.03824521601200104, 0.033175982534885406]]","[2, 30]",23.054436711,-0.4365527629852295,6,8435,1748251735.501865,48
"[[-0.022786235436797142, 0.02101736143231392, -0.035540904849767685]]",8445,"[0.6498916149139404, 0.06284242123365402, 0.029910918325185776]","[-0.4700155258178711, 0.44399380683898926, -0.7446008920669556, 0.3618587255477905]",False,"[0.5806654691696167, 0.07565197348594666, 0.029999999329447746]","[[0.6559793949127197, 0.07715579867362976, 0.022036906331777573, 0.07676415145397186, 0.6498916149139404, 0.06284242123365402, 0.029910918325185776, 0.00253853271715343, 9.56764051807113e-05, -0.027377789840102196]]","[0.20115526020526886, 0.21935009956359863, -0.3350672423839569, 0.22543185949325562, -0.15308070182800293, 0.08769147098064423]","[[-0.022100364789366722, 0.0220487117767334, -0.025885164737701416]]","[2, 30]",23.054788562,-0.07040136307477951,7,8445,1748251735.5248585,8
"[[-0.02112721838057041, -0.014491356909275055, 0.02795412391424179]]",8467,"[0.6473664045333862, 0.06638374924659729, 0.02998989075422287]","[-0.42254674434661865, -0.2898293733596802, 0.5590810775756836, 0.6889504194259644]",False,"[0.5806654691696167, 0.07565197348594666, 0.029999999329447746]","[[0.5189495086669922, -0.02461862936615944, 0.060933712869882584, 0.07993191480636597, 0.6473664045333862, 0.06638374924659729, 0.02998989075422287, -2.812728098433581e-06, 7.892926078056917e-06, -0.08062703907489777]]","[-0.19706548750400543, -1.836625337600708, 1.858428716659546, 5.053680896759033, 0.20105388760566711, 0.36603301763534546]","[[-0.006093496456742287, -0.0033763237297534943, 0.008363043889403343]]","[2, 30]",23.099018009,-0.06734178215265274,7,8467,1748251735.5781941,30
"[[-0.015493315644562244, -0.01194162666797638, 0.029397843405604362]]",8468,"[0.6473662257194519, 0.06638364493846893, 0.029989875853061676]","[-0.3098698854446411, -0.23883461952209473, 0.5879565477371216, 0.6534570455551147]",False,"[0.5806654691696167, 0.07565197348594666, 0.029999999329447746]","[[0.5068992972373962, -0.033379096537828445, 0.07966597378253937, 0.07999155670404434, 0.6473662257194519, 0.06638364493846893, 0.029989875853061676, -2.812731509038713e-06, 8.336363862326834e-06, -0.08062629401683807]]","[-0.23345835506916046, -1.904221773147583, 1.9492664337158203, 5.193270206451416, 0.3268029987812042, 0.3252815008163452]","[[-0.0034432830289006233, -0.00318126380443573, 0.010665567591786385]]","[2, 30]",23.099050029,-0.06734161823987961,7,8468,1748251735.5800998,31
"[[-0.007464376278221607, -0.004701999016106129, 0.02600882016122341]]",8473,"[0.6473652720451355, 0.06638312339782715, 0.029989873990416527]","[-0.14929109811782837, -0.09404206275939941, 0.5201764106750488, 0.5037338733673096]",False,"[0.5806654691696167, 0.07565197348594666, 0.029999999329447746]","[[0.48032253980636597, -0.04740143194794655, 0.1830344796180725, 0.07999997586011887, 0.6473652720451355, 0.06638312339782715, 0.029989873990416527, -2.8127328732807655e-06, 8.439440534857567e-06, -0.0806225910782814]]","[-0.1334678679704666, -2.2503340244293213, 2.4994497299194336, 6.015325546264648, 1.1411510705947876, 0.22742120921611786]","[[-0.002213594503700733, -0.0010838890448212624, 0.00742105208337307]]","[2, 30]",23.142486116,-0.06734074652194977,7,8473,1748251735.589884,36
"[[-0.034514158964157104, -0.03939066082239151, -0.043561529368162155]]",8488,"[0.5249223709106445, -0.03779083117842674, 0.029989372938871384]","[-0.6902498006820679, -0.7878339886665344, -0.8712000846862793, 0.8263401985168457]",False,"[0.5396960973739624, 0.011250763200223446, 0.029999999329447746]","[[0.5882040858268738, 0.04227491468191147, 0.12310519814491272, 0.07399292290210724, 0.5249223709106445, -0.03779083117842674, 0.029989372938871384, -6.849702458566753e-06, 2.2153944883029908e-05, -9.764114565768978e-07]]","[0.031430214643478394, -0.0258425772190094, -0.019102413207292557, -0.02829565852880478, 0.05357109755277634, 0.1317947655916214]","[[-0.005846291780471802, -0.057872697710990906, 0.0030013248324394226]]","[2, 30]",23.143032001,-0.051218558102846146,8,8488,1748251735.617707,1
"[[0.04323608800768852, -0.04948514327406883, 0.046731092035770416]]",8522,"[0.5354514718055725, 0.15801700949668884, 0.031006954610347748]","[0.8642115592956543, -0.984492838382721, 0.929145336151123, -0.4107316732406616]",False,"[0.5559976696968079, -0.1307135671377182, 0.029999999329447746]","[[0.5367937088012695, 0.14610888063907623, 0.026773858815431595, 0.05363978073000908, 0.5354514718055725, 0.15801700949668884, 0.031006954610347748, 0.034519415348768234, 2.600256266305223e-05, 0.04020360857248306]]","[-0.14715974032878876, -0.16297802329063416, 0.8685251474380493, 1.0394114255905151, -1.0463885068893433, 0.5736992955207825]","[[0.042985450476408005, -0.04962408170104027, 0.04659966751933098]]","[2, 30]",23.214670028,-0.28946244716644287,9,8522,1748251735.7002113,22
"[[0.04305789992213249, -0.04832985997200012, 0.048667456954717636]]",8527,"[0.5355520844459534, 0.1589421182870865, 0.029989730566740036]","[0.8634849786758423, -0.9686574339866638, 0.9733681678771973, -0.27667832374572754]",False,"[0.5559976696968079, -0.1307135671377182, 0.029999999329447746]","[[0.5655222535133362, 0.14863654971122742, 0.03270815685391426, 0.056088414043188095, 0.5355520844459534, 0.1589421182870865, 0.029989730566740036, -7.872560672694817e-06, 1.8772888097373652e-06, 0.035945236682891846]]","[0.1883135288953781, -0.9180628061294556, 2.0693559646606445, 2.497429132461548, -0.6216870546340942, 0.7021021246910095]","[[0.03378419205546379, -0.041212230920791626, 0.04686404764652252]]","[2, 30]",23.226873829,-0.29037636518478394,9,8527,1748251735.7125728,27
"[[0.047381170094013214, -0.04622984305024147, 0.04154444485902786]]",8541,"[0.5377293825149536, 0.1592114269733429, 0.02998914010822773]","[0.9476090669631958, -0.9246177077293396, 0.8308722972869873, -0.4705502986907959]",False,"[0.5559976696968079, -0.1307135671377182, 0.029999999329447746]","[[0.6543852090835571, 0.049548543989658356, 0.10030166804790497, 0.00015068128413986415, 0.5377293825149536, 0.1592114269733429, 0.02998914010822773, 3.761544212466106e-05, 6.190576186781982e-06, -0.014166027307510376]]","[-0.06862004846334457, -2.8124942779541016, 2.803057909011841, 7.5029191970825195, 1.947237491607666, 0.12246166169643402]","[[0.017023690044879913, -0.004624050110578537, 0.009023208171129227]]","[2, 30]",23.294403677,-0.2904999852180481,9,8541,1748251735.7460546,41
"[[-0.036178313195705414, -0.004870025906711817, -0.04636752977967262]]",8552,"[0.5451433658599854, 0.06280636787414551, 0.02998996153473854]","[-0.7235710024833679, -0.09740245342254639, -0.9273488521575928, 0.7543237209320068]",False,"[0.5157650709152222, 0.015482007525861263, 0.029999999329447746]","[[0.5646001696586609, 0.04522975906729698, 0.06985200196504593, 0.07985619455575943, 0.5451433658599854, 0.06280636787414551, 0.02998996153473854, -4.6216296170934965e-14, 1.2876954542662133e-06, 4.458649073058041e-06]]","[0.017397569492459297, -0.028291814029216766, -0.013030987232923508, -0.020277097821235657, 0.021103039383888245, 0.057038813829422]","[[-0.010504685342311859, -0.001068847719579935, -0.0013055652379989624]]","[2, 30]",23.294785234,-0.05570169538259506,10,8552,1748251735.765947,2
"[[-0.013455772772431374, -0.047623585909605026, -0.022276192903518677]]",8593,"[0.5696616172790527, 0.27569422125816345, 0.029989616945385933]","[-0.2691071033477783, -0.9525145888328552, -0.4454796314239502, -0.919978678226471]",False,"[0.45609211921691895, -0.1691860854625702, 0.029999999329447746]","[[0.5711785554885864, 0.2589278817176819, 0.023003853857517242, 0.049081917852163315, 0.5696616172790527, 0.27569422125816345, 0.029989616945385933, -1.213742871186696e-05, 5.7656775425130036e-06, 0.06978458166122437]]","[-0.14901499450206757, 0.19041909277439117, 1.1119710206985474, 0.033185429871082306, -1.039465069770813, 0.5813313722610474]","[[-0.01356121338903904, -0.04530135914683342, -0.022072067484259605]]","[2, 30]",23.409557169,-0.4591476023197174,11,8593,1748251735.8949678,19
"[[0.04438294842839241, -0.048120465129613876, 0.03738121688365936]]",8614,"[0.5598975419998169, 0.23789389431476593, 0.029979201033711433]","[0.8910504579544067, -0.951356828212738, 0.7402148246765137, -0.8114423751831055]",False,"[0.45609211921691895, -0.1691860854625702, 0.029999999329447746]","[[0.5604705214500427, 0.22498321533203125, 0.03163883090019226, 0.0532556027173996, 0.5598975419998169, 0.23789389431476593, 0.029979201033711433, -0.00033971521770581603, 1.8435492165735923e-05, 0.05194474756717682]]","[-0.15335161983966827, -2.481104612350464, 2.7768375873565674, 6.576484680175781, 1.495280146598816, 0.20426045358181]","[[0.04190315678715706, -0.04641517624258995, 0.037357162684202194]]","[2, 30]",23.502611147,-0.4201067388057709,11,8614,1748251735.957699,40
"[[0.04173201322555542, -0.042366739362478256, 0.025225864723324776]]",8617,"[0.5599071383476257, 0.23786744475364685, 0.029987765476107597]","[0.8347463607788086, -0.847534716129303, 0.5044989585876465, -0.691268801689148]",False,"[0.45609211921691895, -0.1691860854625702, 0.029999999329447746]","[[0.5617550015449524, 0.22035843133926392, 0.03155176714062691, 0.048128485679626465, 0.5599071383476257, 0.23786744475364685, 0.029987765476107597, 0.00012302053801249713, 1.776106728357263e-05, 0.05172700807452202]]","[-0.024784168228507042, -3.2127256393432617, 2.8127214908599854, 8.608001708984375, 2.3087687492370605, 0.06042252480983734]","[[0.041475653648376465, -0.04203548654913902, 0.025326022878289223]]","[2, 30]",23.502721785,-0.42008349299430847,11,8617,1748251735.9655805,43
"[[-0.0027086646296083927, 0.047262225300073624, -0.0458785742521286]]",8677,"[0.5564807057380676, 0.0665547326207161, 0.02998964674770832]","[-0.05382639169692993, 0.9456852674484253, -0.9175732135772705, 0.408846378326416]",False,"[0.5627325773239136, 0.1209254264831543, 0.029999999329447746]","[[0.5829980969429016, 0.0789560079574585, 0.04101632535457611, 0.08011845499277115, 0.5564807057380676, 0.0665547326207161, 0.02998964674770832, 4.693129994848277e-06, -4.992396497982554e-06, 0.0006147641688585281]]","[0.05658175051212311, -0.02775079756975174, 0.006626758724451065, -0.020987115800380707, -0.01720147579908371, -0.004968404769897461]","[[-0.003671518061310053, 0.01740727573633194, -0.014536280184984207]]","[2, 30]",23.616922346,-0.054728951305150986,13,8677,1748251736.1029737,3
"[[0.03771354630589485, 0.03912520036101341, 0.03531808406114578]]",8715,"[0.5528013110160828, 0.06976863741874695, 0.030447427183389664]","[0.7541683912277222, 0.7788350582122803, 0.7028096914291382, -0.023815572261810303]",False,"[0.5627325773239136, 0.1209254264831543, 0.029999999329447746]","[[0.563231885433197, 0.08439137041568756, 0.027198540046811104, 0.06193888559937477, 0.5528013110160828, 0.06976863741874695, 0.030447427183389664, -0.01536755170673132, 2.012425966313458e-06, -0.034786395728588104]]","[0.11877814680337906, -2.440725326538086, 2.733680248260498, 6.49968147277832, 1.58928644657135, 0.21711485087871552]","[[0.03794195130467415, 0.04185270890593529, 0.035323791205883026]]","[2, 30]",23.758412975,-0.052113790065050125,13,8715,1748251736.1967952,41
"[[0.048398084938526154, 0.048589516431093216, 0.04662223905324936]]",8741,"[0.43185141682624817, -0.13315923511981964, 0.03104051575064659]","[0.9678633213043213, 0.9746423959732056, 0.9343274831771851, -0.8802064657211304]",False,"[0.4871951937675476, -0.08971484005451202, 0.029999999329447746]","[[0.43008580803871155, -0.11895482242107391, 0.03085801936686039, 0.05412069335579872, 0.43185141682624817, -0.13315923511981964, 0.03104051575064659, -0.035655174404382706, -8.922344818529382e-07, -0.07997371256351471]]","[-0.07463753968477249, 0.1380983591079712, -0.5000302791595459, 0.994696319103241, -1.7911443710327148, 0.6304046511650085]","[[0.048298753798007965, 0.04812214896082878, 0.046678222715854645]]","[2, 30]",23.806508135,-0.07036640495061874,14,8741,1748251736.2572687,17
"[[0.02213955484330654, 0.03934739902615547, -0.006563797127455473]]",8770,"[0.4382357597351074, -0.12782004475593567, 0.02998748980462551]","[0.4427601099014282, 0.7871547937393188, -0.131059467792511, 0.6158647537231445]",False,"[0.4871951937675476, -0.08971484005451202, 0.029999999329447746]","[[0.5441305637359619, 0.011569046415388584, 0.06001098081469536, 0.08000000566244125, 0.4382357597351074, -0.12782004475593567, 0.02998748980462551, 7.85886004450731e-05, 3.004478685397771e-06, 0.12445255368947983]]","[-0.024453243240714073, -4.18485689163208, 2.680420398712158, 11.512675285339355, 3.6455166339874268, -0.09486168622970581]","[[0.006409293040633202, 0.00870908796787262, -0.0010885274969041348]]","[2, 30]",23.874789625,-0.06204057112336159,14,8770,1748251736.3416557,46
"[[0.04356192424893379, -0.048306118696928024, 0.019243182614445686]]",8820,"[0.5449427366256714, 0.15961813926696777, 0.029989944770932198]","[0.8715877532958984, -0.9664462804794312, 0.38486480712890625, 0.04938912391662598]",False,"[0.6895292401313782, -0.05504121631383896, 0.029999999329447746]","[[0.5906451940536499, 0.1492805927991867, 0.03508985415101051, 0.06004556268453598, 0.5449427366256714, 0.15961813926696777, 0.029989944770932198, 1.866158868324419e-06, -1.1407519373562991e-08, 0.06025882810354233]]","[-0.09973248094320297, -4.301990032196045, 2.8841516971588135, 11.804511070251465, 3.8728628158569336, -0.152363583445549]","[[0.024539995938539505, -0.04564746841788292, 0.01380428671836853]]","[2, 30]",24.018500716,-0.25881248712539673,15,8820,1748251736.468656,46
"[[0.04540961980819702, -0.04371911659836769, 0.027078064158558846]]",8822,"[0.5449427366256714, 0.15961767733097076, 0.029989760369062424]","[0.9081923961639404, -0.8743921518325806, 0.5415568351745605, 0.01594066619873047]",False,"[0.6895292401313782, -0.05504121631383896, 0.029999999329447746]","[[0.6491665244102478, 0.0714152529835701, 0.07101000845432281, 0.0743856281042099, 0.5449427366256714, 0.15961767733097076, 0.029989760369062424, 1.6938671251409687e-05, 6.201667929417454e-06, 0.06025794893503189]]","[-0.4158261716365814, -4.657960414886475, 2.6965839862823486, 12.778780937194824, 4.783226490020752, -0.42750948667526245]","[[0.017871856689453125, -0.003737490624189377, 0.008951343595981598]]","[2, 30]",24.018584393,-0.2588120996952057,15,8822,1748251736.4722705,48
"[[-0.04014889523386955, -0.04794969782233238, 0.04787103086709976]]",8852,"[0.43522706627845764, 0.3012632429599762, 0.029989857226610184]","[-0.8029701709747314, -0.9589849710464478, 0.9574205875396729, -0.13267946243286133]",False,"[0.40892571210861206, -0.2735958695411682, 0.029999999329447746]","[[0.25178998708724976, 0.06799918413162231, 0.17704905569553375, 0.0683450847864151, 0.43522706627845764, 0.3012632429599762, 0.029989857226610184, -5.8873392845271155e-06, 2.083497747662477e-06, -0.05778468772768974]]","[0.09730205684900284, -0.7873721718788147, 2.181931972503662, 2.143306016921997, -0.2604634463787079, 0.6036184430122375]","[[-0.036425601691007614, -0.021213512867689133, 0.028439737856388092]]","[2, 30]",24.062940748,-0.5754604935646057,16,8852,1748251736.5323346,28
"[[-0.04782845824956894, 0.04890533536672592, -0.04077986255288124]]",8875,"[0.44187870621681213, 0.15688028931617737, 0.029989775270223618]","[-0.9565643668174744, 0.9781033992767334, -0.8155980110168457, 0.9618102312088013]",False,"[0.4255961775779724, -0.210555762052536, 0.029999999329447746]","[[0.5798530578613281, 0.07473651319742203, 0.1483037769794464, 0.07881753891706467, 0.44187870621681213, 0.15688028931617737, 0.029989775270223618, -3.3503213217045413e-06, -1.2256618902029004e-05, -7.013421054580249e-06]]","[0.03140172362327576, -0.02591877430677414, -0.019042853266000748, -0.028398938477039337, 0.05355603247880936, 0.1317916214466095]","[[-0.015419147908687592, -0.0018541812896728516, -0.006516721099615097]]","[2, 30]",24.107325116,-0.3677966296672821,17,8875,1748251736.5729506,1
"[[0.011795508675277233, 0.0037776262033730745, 0.01703193597495556]]",8882,"[0.4418814182281494, 0.15687809884548187, 0.029990090057253838]","[0.23592150211334229, 0.0755540132522583, 0.3406416177749634, -0.8724238872528076]",False,"[0.4255961775779724, -0.210555762052536, 0.029999999329447746]","[[0.4323973059654236, 0.1537424921989441, 0.024715973064303398, 0.05224936455488205, 0.4418814182281494, 0.15687809884548187, 0.029990090057253838, -8.53175970405573e-06, 3.860269771394087e-06, 0.0001268880587304011]]","[0.10265827178955078, 0.20464780926704407, 0.06779679656028748, 0.013071343302726746, 0.0976221039891243, 0.017349950969219208]","[[0.011647897772490978, 0.0031403780449181795, 0.01701424829661846]]","[2, 30]",24.108193548,-0.36779457330703735,17,8882,1748251736.5874746,8
"[[0.0190973412245512, -0.03903260454535484, 0.023052416741847992]]",8888,"[0.43813401460647583, 0.13603757321834564, 0.030593466013669968]","[0.33489131927490234, -0.8958789110183716, 0.4625285863876343, -0.9789097309112549]",False,"[0.4255961775779724, -0.210555762052536, 0.029999999329447746]","[[0.42547333240509033, 0.12026347219944, 0.027484137564897537, 0.05232023447751999, 0.43813401460647583, 0.13603757321834564, 0.030593466013669968, 0.020537393167614937, -0.00020976313680876046, 0.17119836807250977]]","[-0.2456154078245163, 0.3811156749725342, -0.1394917368888855, 0.10652519762516022, -0.5151658058166504, 0.3242107033729553]","[[0.021253569051623344, -0.04004409536719322, 0.022192057222127914]]","[2, 30]",24.154410007,-0.34682053327560425,17,8888,1748251736.60391,14
"[[-0.03338731825351715, -0.036417484283447266, -0.04886558651924133]]",8934,"[0.6860204935073853, -0.12592129409313202, 0.03935879468917847]","[-0.6616833806037903, -0.654875636100769, -0.9629541635513306, 0.9308404922485352]",False,"[0.5808502435684204, 0.1414339393377304, 0.029999999329447746]","[[0.6896786689758301, -0.12029740959405899, 0.04121094569563866, 0.08019980043172836, 0.6860204935073853, -0.12592129409313202, 0.03935879468917847, -0.4053479731082916, -0.003496733494102955, 0.5417597889900208]]","[0.35626354813575745, 0.18587084114551544, -1.846327543258667, 1.0751843452453613, -1.1601784229278564, 0.3443569540977478]","[[-0.02466811239719391, -0.024195551872253418, -0.04128256067633629]]","[2, 30]",24.251202709,-0.287449449300766,18,8934,1748251736.7319088,10
"[[0.021006930619478226, 0.040515072643756866, 0.02578139863908291]]",8983,"[0.5598349571228027, -0.10958099365234375, 0.03129104524850845]","[0.45067524909973145, 0.8539438247680664, 0.5136643648147583, -0.8111011385917664]",False,"[0.5562189221382141, 0.18584448099136353, 0.029999999329447746]","[[0.5544660091400146, -0.09114117175340652, 0.02817511186003685, 0.048039305955171585, 0.5598349571228027, -0.10958099365234375, 0.03129104524850845, -0.04437251761555672, 6.949306680326117e-06, -0.05043557658791542]]","[0.13844585418701172, 0.2449761927127838, -0.25930771231651306, 0.2048431932926178, -0.12864670157432556, 0.10983671993017197]","[[0.019834566861391068, 0.04098086059093475, 0.025930281728506088]]","[2, 30]",24.37091161,-0.2954504191875458,19,8983,1748251736.843329,9
"[[0.0385606549680233, 0.02203158289194107, 0.029085977002978325]]",9015,"[0.5603538155555725, -0.10987396538257599, 0.029988162219524384]","[0.773444652557373, 0.44209063053131104, 0.5818703174591064, 0.3970053195953369]",False,"[0.5562189221382141, 0.18584448099136353, 0.029999999329447746]","[[0.621822714805603, -0.08246225863695145, 0.05567174777388573, 0.0797019898891449, 0.5603538155555725, -0.10987396538257599, 0.029988162219524384, 5.220745879341848e-05, -9.018270247906912e-06, -0.04053020849823952]]","[0.0757937803864479, -2.9585468769073486, 2.7646214962005615, 7.919861316680908, 2.004664659500122, 0.1365935057401657]","[[0.013259973376989365, 0.00476507842540741, 0.010259358212351799]]","[2, 30]",24.441473375,-0.2957473695278168,19,9015,1748251736.9277985,41
"[[0.034282006323337555, 0.04666263610124588, 0.03336825221776962]]",9044,"[0.5794833898544312, -0.26517432928085327, 0.029992815107107162]","[0.6834216117858887, 0.9445459842681885, 0.6674180030822754, -0.5423011183738708]",False,"[0.6512678861618042, -0.10798664391040802, 0.029999999329447746]","[[0.5814977288246155, -0.24971017241477966, 0.024064352735877037, 0.05183245614171028, 0.5794833898544312, -0.26517432928085327, 0.029992815107107162, -9.893444803310558e-05, 1.978392674573115e-06, -0.07592188566923141]]","[-0.08647053688764572, 0.09497465193271637, 1.0714073181152344, 0.24496930837631226, -1.0530364513397217, 0.6095600128173828]","[[0.0343388095498085, 0.05014923959970474, 0.03339895233511925]]","[2, 30]",24.530636742,-0.17280329763889313,20,9044,1748251736.9914892,20
"[[0.0035468698479235172, -0.04779490455985069, -0.021694188937544823]]",9082,"[0.40215083956718445, -0.24686096608638763, 0.0299899373203516]","[0.07093501091003418, -0.9558912515640259, -0.4338803291320801, 0.8057870864868164]",False,"[0.5675967931747437, 0.07784844189882278, 0.029999999329447746]","[[0.41235074400901794, -0.18887676298618317, 0.09926947206258774, 0.07999949157238007, 0.40215083956718445, -0.24686096608638763, 0.0299899373203516, 2.1141638626431813e-06, 2.6752842163801915e-09, 2.615317134768702e-05]]","[0.14389094710350037, 0.16044576466083527, 0.0649709701538086, 0.0006784871220588684, 0.06637875735759735, -0.0025871843099594116]","[[0.003704583737999201, -0.012359332293272018, -0.0095719825476408]]","[2, 30]",24.626729387,-0.3644291162490845,22,9082,1748251737.0841713,7
"[[0.021369153633713722, 0.034340690821409225, 0.02926248498260975]]",9091,"[0.3945442736148834, -0.22702622413635254, 0.03463554382324219]","[0.3671245574951172, 0.9233396053314209, 0.6569486856460571, -0.579362154006958]",False,"[0.5675967931747437, 0.07784844189882278, 0.029999999329447746]","[[0.38473373651504517, -0.20723965764045715, 0.04767769202589989, 0.05021500959992409, 0.3945442736148834, -0.22702622413635254, 0.03463554382324219, -0.1523100584745407, 0.014828232116997242, -0.11210964620113373]]","[0.20783768594264984, 0.053774431347846985, -0.6526806354522705, 0.9518311619758606, -1.5111581087112427, 0.44851845502853394]","[[0.024708205834031105, 0.03666194900870323, 0.023606888949871063]]","[2, 30]",24.627100535,-0.35059553384780884,22,9091,1748251737.1048443,16
"[[-0.010842311196029186, -0.04278193786740303, -0.037574879825115204]]",9127,"[0.6291319727897644, -0.18946264684200287, 0.029989873990416527]","[-0.216843843460083, -0.8556351661682129, -0.7514975666999817, 0.8377907276153564]",False,"[0.5610017776489258, -0.19517748057842255, 0.029999999329447746]","[[0.6547936797142029, -0.03024887479841709, 0.15031841397285461, 0.079856276512146, 0.6291319727897644, -0.18946264684200287, 0.029989873990416527, 8.456109753751662e-06, -2.8357405881251907e-06, -6.524697255372303e-06]]","[0.017394905909895897, -0.02829202264547348, -0.013020701706409454, -0.020282231271266937, 0.021106474101543427, 0.05703825503587723]","[[0.0005830647423863411, -0.003126472234725952, 0.008638478815555573]]","[2, 30]",24.726654955,-0.06836945563554764,23,9127,1748251737.1844156,2
"[[0.0009444236638955772, -0.03864160180091858, -0.03634181246161461]]",9131,"[0.6291319727897644, -0.18952032923698425, 0.03004790097475052]","[0.018883705139160156, -0.7739952206611633, -0.7256779670715332, 0.8982865810394287]",False,"[0.5610017776489258, -0.19517748057842255, 0.029999999329447746]","[[0.631202757358551, -0.17780335247516632, 0.0634818747639656, 0.07781243324279785, 0.6291319727897644, -0.18952032923698425, 0.03004790097475052, 0.0019350223010405898, -4.069221631652908e-06, -6.996870069997385e-06]]","[0.1680563986301422, 0.11022249609231949, 0.04065148904919624, 0.0006728470325469971, 0.030491985380649567, -0.01984351873397827]","[[0.002145755337551236, -0.008483484387397766, -0.0070143453776836395]]","[2, 30]",24.726812011,-0.06836467236280441,23,9131,1748251737.191954,6
"[[0.01808931864798069, 0.0422917939722538, 0.03534838557243347]]",9173,"[0.575468122959137, 0.06202539801597595, 0.03145163133740425]","[0.3602581024169922, 0.8539544343948364, 0.7112300395965576, -0.8421593904495239]",False,"[0.624177873134613, 0.08931133896112442, 0.029999999329447746]","[[0.5852578282356262, 0.07625303417444229, 0.025650791823863983, 0.05311719700694084, 0.575468122959137, 0.06202539801597595, 0.03145163133740425, -0.05000346526503563, -1.2353606507531367e-05, -0.023686226457357407]]","[0.19174355268478394, 0.222337543964386, -0.3069522976875305, 0.19763627648353577, -0.11282172054052353, 0.07398542761802673]","[[0.018064463511109352, 0.0437285341322422, 0.035355813801288605]]","[2, 30]",24.816324923,-0.055850423872470856,24,9173,1748251737.301744,8
"[[0.049170542508363724, 0.03898925706744194, 0.04751589894294739]]",9186,"[0.5755344033241272, 0.06154610589146614, 0.030900033190846443]","[0.9832248687744141, 0.7754367589950562, 0.9462308883666992, -0.6572079062461853]",False,"[0.624177873134613, 0.08931133896112442, 0.029999999329447746]","[[0.5855218768119812, 0.07340478152036667, 0.02464037947356701, 0.05707927420735359, 0.5755344033241272, 0.06154610589146614, 0.030900033190846443, -0.030814839527010918, -7.962200470501557e-06, -0.021562600508332253]]","[-0.054426513612270355, -1.1019604206085205, 1.745334506034851, 3.0967800617218018, -0.9330728054046631, 0.6335406303405762]","[[0.04902290180325508, 0.03897600620985031, 0.04745383560657501]]","[2, 30]",24.87459405,-0.056017011404037476,24,9186,1748251737.3403854,21
"[[0.04953653737902641, 0.04313506931066513, 0.04603952169418335]]",9247,"[0.5096945762634277, -0.12969377636909485, 0.030631043016910553]","[0.9909703731536865, 0.8663816452026367, 0.9243109226226807, -0.9584619998931885]",False,"[0.6248016357421875, -0.09653053432703018, 0.029999999329447746]","[[0.5065211653709412, -0.11888036131858826, 0.023822419345378876, 0.05763060227036476, 0.5096945762634277, -0.12969377636909485, 0.030631043016910553, -0.021643981337547302, 5.123881055624224e-05, -0.06332297623157501]]","[-0.06389614194631577, -1.3658196926116943, 2.4697039127349854, 3.5022830963134766, 0.11171247810125351, 0.4942430853843689]","[[0.049504708498716354, 0.04322382062673569, 0.046099331229925156]]","[2, 30]",25.021484744,-0.11979079991579056,25,9247,1748251737.5064342,32
"[[0.04946830868721008, 0.04316190257668495, 0.04531877487897873]]",9248,"[0.509704053401947, -0.12957526743412018, 0.030741805210709572]","[0.9895557165145874, 0.8656082153320312, 0.9085906744003296, -0.9703816771507263]",False,"[0.6248016357421875, -0.09653053432703018, 0.029999999329447746]","[[0.5065831542015076, -0.11862248927354813, 0.02389424294233322, 0.05759691819548607, 0.509704053401947, -0.12957526743412018, 0.030741805210709572, -0.02541031874716282, 3.758489401661791e-05, -0.06328381597995758]]","[-0.11495216935873032, -1.4180828332901, 2.5765488147735596, 3.7137234210968018, 0.21878841519355774, 0.493549108505249]","[[0.049415796995162964, 0.04302253946661949, 0.04535771161317825]]","[2, 30]",25.024756622,-0.11974957585334778,25,9248,1748251737.5097356,33
"[[0.028324205428361893, -0.0482262559235096, 0.03382866084575653]]",9282,"[0.47825178503990173, 0.112693190574646, 0.03117026388645172]","[0.5665967464447021, -0.9649955034255981, 0.6769297122955322, -0.6322486400604248]",False,"[0.46923914551734924, -0.01855786144733429, 0.029999999329447746]","[[0.47618818283081055, 0.09484733641147614, 0.027162164449691772, 0.0476212203502655, 0.47825178503990173, 0.112693190574646, 0.03117026388645172, 0.040159232914447784, -3.0161766062519746e-06, 0.06175018846988678]]","[-0.04674964398145676, 0.2945544123649597, -0.028598520904779434, 0.4139680862426758, -1.2744895219802856, 0.5380482077598572]","[[0.027992237359285355, -0.04454386606812477, 0.03393613547086716]]","[2, 30]",25.122752383,-0.13156533241271973,26,9282,1748251737.5913258,17
"[[0.040638066828250885, -0.04898448660969734, 0.033947400748729706]]",9302,"[0.4773230254650116, 0.10767935961484909, 0.030758559703826904]","[0.8130223751068115, -0.9813801050186157, 0.6804187297821045, -0.9271711707115173]",False,"[0.46923914551734924, -0.01855786144733429, 0.029999999329447746]","[[0.47499510645866394, 0.09655940532684326, 0.026998287066817284, 0.05746174976229668, 0.4773230254650116, 0.10767935961484909, 0.030758559703826904, 0.02594786137342453, -6.318369287328096e-06, 0.07658228278160095]]","[-0.1439555436372757, -1.9334337711334229, 2.7325806617736816, 5.127729415893555, 0.7723875641822815, 0.3506934642791748]","[[0.040614642202854156, -0.04894362762570381, 0.0340212807059288]]","[2, 30]",25.186636119,-0.1264980584383011,26,9302,1748251737.6559315,37
"[[0.006409138441085815, -0.027072232216596603, 0.02951199933886528]]",9322,"[0.6101055145263672, -0.02372894063591957, 0.029938625171780586]","[0.11046707630157471, -0.5000889301300049, 0.5622870922088623, -0.8273624181747437]",False,"[0.589975893497467, -0.1485922783613205, 0.029999999329447746]","[[0.6135855317115784, -0.024437671527266502, 0.027686968445777893, 0.05204229801893234, 0.6101055145263672, -0.02372894063591957, 0.029938625171780586, 0.002840509405359626, -0.001132792909629643, 0.036947909742593765]]","[0.2076101303100586, 0.17048949003219604, -0.23087076842784882, 0.15676510334014893, -0.10838019102811813, 0.053041040897369385]","[[0.008275359869003296, -0.010549735277891159, 0.02738967537879944]]","[2, 30]",25.235006877,-0.1264755129814148,27,9322,1748251737.7051198,7
"[[0.008976805955171585, 0.04050265625119209, 0.03233695775270462]]",9386,"[0.6882457733154297, -0.062474824488162994, 0.031085068359971046]","[0.15505647659301758, 0.8450577259063721, 0.6686462163925171, -0.394466757774353]",False,"[0.5435326099395752, 0.2046097069978714, 0.029999999329447746]","[[0.6873657703399658, -0.04644540697336197, 0.026012560352683067, 0.05117364227771759, 0.6882457733154297, -0.062474824488162994, 0.031085068359971046, -0.03719962015748024, -2.413995161987259e-06, -0.023285983130335808]]","[0.4344213604927063, -0.9448127746582031, 1.380849003791809, 2.7393765449523926, -0.5940243601799011, 0.6166391968727112]","[[0.016864586621522903, 0.03923317417502403, 0.03266433626413345]]","[2, 30]",25.391210381,-0.3037716746330261,28,9386,1748251737.8711693,21
"[[-0.02341747097671032, -0.04505777359008789, 0.03888028487563133]]",9431,"[0.6790962815284729, 0.06205083057284355, 0.030497927218675613]","[-0.47272080183029175, -0.9165461659431458, 0.7878134250640869, -0.7284555435180664]",False,"[0.42017504572868347, 0.02899797447025776, 0.029999999329447746]","[[0.6749807000160217, 0.044928982853889465, 0.02671271376311779, 0.05154731869697571, 0.6790962815284729, 0.06205083057284355, 0.030497927218675613, 0.017075814306735992, -3.0246649203036213e-06, 0.10067375749349594]]","[0.1560094952583313, -0.3441634774208069, -0.20805448293685913, 1.9643173217773438, -1.4515297412872314, 0.46984416246414185]","[[-0.0016478877514600754, -0.04023643210530281, 0.035469841212034225]]","[2, 30]",25.50648013,-0.2610228955745697,29,9431,1748251737.991179,16
"[[0.047726988792419434, -0.0499686524271965, 0.05001084506511688]]",9465,"[0.5858264565467834, -0.1637125462293625, 0.029989156872034073]","[0.9545135498046875, -0.9993849396705627, 1, 0.9923973083496094]",False,"[0.44594359397888184, -0.042750339955091476, 0.029999999329447746]","[[0.655176043510437, -0.02289643883705139, 0.20912620425224304, 0.07027388364076614, 0.5858264565467834, -0.1637125462293625, 0.029989156872034073, -6.186130121932365e-06, -3.70309098798316e-05, 3.4462946132407524e-06]]","[0.03122689574956894, -0.03596717119216919, -0.04086534306406975, -0.03559320420026779, 0.07731862366199493, 0.2006399929523468]","[[0.03098928928375244, -0.027072809636592865, 0.03827393427491188]]","[2, 30]",25.606691524,-0.18492992222309113,30,9465,1748251738.0825183,0
"[[0.013567698188126087, 0.03887184336781502, 0.03758600726723671]]",9472,"[0.578650951385498, -0.152190163731575, 0.030634839087724686]","[0.16989970207214355, 0.9316942691802979, 0.7447140216827393, -0.8608619570732117]",False,"[0.44594359397888184, -0.042750339955091476, 0.029999999329447746]","[[0.5795201063156128, -0.13556648790836334, 0.0246075838804245, 0.04872051626443863, 0.578650951385498, -0.152190163731575, 0.030634839087724686, -0.02173188142478466, 9.287683155889681e-07, -0.04443610832095146]]","[0.21476931869983673, 0.1812708079814911, -0.26027530431747437, 0.15659880638122559, -0.08763537555932999, 0.03858722746372223]","[[0.01909000799059868, 0.03591141477227211, 0.03624539449810982]]","[2, 30]",25.654533828,-0.17201372981071472,30,9472,1748251738.0979264,7
"[[0.021310288459062576, 0.046283744275569916, 0.027538781985640526]]",9496,"[0.545194149017334, -0.09844303131103516, 0.029989784583449364]","[0.4262617826461792, 0.9256702661514282, 0.550774097442627, -0.8353636264801025]",False,"[0.44594359397888184, -0.042750339955091476, 0.029999999329447746]","[[0.5353751182556152, -0.0836082175374031, 0.026362640783190727, 0.05159061402082443, 0.545194149017334, -0.09844303131103516, 0.029989784583449364, -7.676238055864815e-06, -1.2583512898345361e-06, -0.08031900227069855]]","[0.0283000860363245, -1.4849443435668945, 2.5227928161621094, 3.838557004928589, 0.22220221161842346, 0.49027127027511597]","[[0.02120562270283699, 0.04647500813007355, 0.027424946427345276]]","[2, 30]",25.7026408,-0.11380840092897415,30,9496,1748251738.1634064,31
"[[-0.01551172137260437, 0.03462183475494385, -0.006269627250730991]]",9505,"[0.5333936810493469, -0.07555370032787323, 0.02998996339738369]","[-0.3102332353591919, 0.692439079284668, -0.12538933753967285, 0.6984571218490601]",False,"[0.44594359397888184, -0.042750339955091476, 0.029999999329447746]","[[0.4557792842388153, 0.036261748522520065, 0.024492010474205017, 0.07998689264059067, 0.5333936810493469, -0.07555370032787323, 0.02998996339738369, 9.852881248662015e-07, 2.5972022399400885e-07, -0.6521410942077637]]","[-0.026162346825003624, -2.5440332889556885, 2.7548725605010986, 6.774691581726074, 1.653458595275879, 0.18107061088085175]","[[-0.003633171319961548, 0.007633715867996216, 0.00028768274933099747]]","[2, 30]",25.702989645,-0.09340011328458786,30,9505,1748251738.185944,40
"[[-0.01378206629306078, 0.046020638197660446, -0.04057138413190842]]",9518,"[0.6069254279136658, 0.22136454284191132, 0.02998984418809414]","[-0.27563297748565674, 0.9204199314117432, -0.8114265203475952, 0.9775025844573975]",False,"[0.5308789610862732, -0.15010406076908112, 0.029999999329447746]","[[0.6192127466201782, 0.1577805131673813, 0.11258462071418762, 0.07998257130384445, 0.6069254279136658, 0.22136454284191132, 0.02998984418809414, -5.767102720710682e-06, 2.6073391836689552e-06, 2.136750663339626e-05]]","[0.056613944470882416, -0.027743354439735413, 0.0066011324524879456, -0.020958654582500458, -0.017223604023456573, -0.004980504512786865]","[[-0.00044922251254320145, 0.005563337355852127, 0.0036305077373981476]]","[2, 30]",25.746910822,-0.37917277216911316,31,9518,1748251738.2144604,3
"[[0.040004946291446686, -0.012852365151047707, 0.037591107189655304]]",9527,"[0.6068934202194214, 0.2213374674320221, 0.029987668618559837]","[0.8000905513763428, -0.2570604085922241, 0.7518365383148193, -0.9579980969429016]",False,"[0.5308789610862732, -0.15010406076908112, 0.029999999329447746]","[[0.6062143445014954, 0.20429696142673492, 0.024495495483279228, 0.048687346279621124, 0.6068934202194214, 0.2213374674320221, 0.029987668618559837, 0.00010295760876033455, 1.0967368325509597e-05, 0.00047862480278126895]]","[-0.20674176514148712, 0.3277030885219574, 0.16623538732528687, -0.00878121703863144, 0.033006034791469574, 0.14155715703964233]","[[0.03947124630212784, -0.01269870437681675, 0.03769902139902115]]","[2, 30]",25.790456342,-0.37913981080055237,31,9527,1748251738.2359824,12
"[[0.03131913021206856, -0.04640854522585869, 0.03640526533126831]]",9554,"[0.5959154963493347, 0.21151693165302277, 0.029988927766680717]","[0.6263659000396729, -0.9281730055809021, 0.7281053066253662, -0.19633632898330688]",False,"[0.5308789610862732, -0.15010406076908112, 0.029999999329447746]","[[0.6383900046348572, -0.18969835340976715, 0.37516477704048157, 0.0003307152073830366, 0.5959154963493347, 0.21151693165302277, 0.029988927766680717, 4.466429163585417e-05, 6.167730134620797e-06, 0.06438031792640686]]","[-0.1666535884141922, -2.3208248615264893, 2.7678163051605225, 6.169325828552246, 1.2588309049606323, 0.25817012786865234]","[[0.02176772430539131, -0.013139244168996811, 0.013776957988739014]]","[2, 30]",25.811132733,-0.36742275953292847,31,9554,1748251738.2975497,39
"[[0.019394798204302788, -0.012235474772751331, 0.029073158279061317]]",9630,"[0.6050710082054138, 0.18610727787017822, 0.029989928007125854]","[0.387898325920105, -0.24471038579940796, 0.5814639329910278, -0.7881544232368469]",False,"[0.4631837010383606, -0.26941385865211487, 0.029999999329447746]","[[0.6118072867393494, 0.16850651800632477, 0.023463325574994087, 0.04802880436182022, 0.6050710082054138, 0.18610727787017822, 0.029989928007125854, 3.343338221384329e-06, -1.9956743813054345e-07, 0.001501986407674849]]","[-0.304762065410614, 0.3487584888935089, 0.3142058849334717, -0.1374383270740509, -0.36035817861557007, 0.2968655228614807]","[[0.018464071676135063, -0.012195554561913013, 0.028965605422854424]]","[2, 30]",26.038467678,-0.477107435464859,34,9630,1748251738.481952,14
"[[0.009527498856186867, -0.023050738498568535, 0.025610439479351044]]",9632,"[0.5976396799087524, 0.17646346986293793, 0.029979899525642395]","[0.08682358264923096, -0.6008281707763672, 0.49442076683044434, -0.8720646500587463]",False,"[0.4631837010383606, -0.26941385865211487, 0.029999999329447746]","[[0.5976585149765015, 0.158763587474823, 0.026069417595863342, 0.04902920499444008, 0.5976396799087524, 0.17646346986293793, 0.029979899525642395, -0.00031052681151777506, 2.6949761377181858e-05, 0.028204523026943207]]","[-0.2632243037223816, 0.3381872773170471, 0.43185940384864807, -0.11728443950414658, -0.8871450424194336, 0.4425118565559387]","[[0.012448007240891457, -0.021635575219988823, 0.024376394227147102]]","[2, 30]",26.038514376,-0.4657091498374939,34,9632,1748251738.4874935,16
"[[0.016067255288362503, -0.03748289868235588, 0.0074983024969697]]",9633,"[0.5975515842437744, 0.1747715175151825, 0.03012310341000557]","[0.3195831775665283, -0.7834970355033875, 0.1528301239013672, -0.8881766200065613]",False,"[0.4631837010383606, -0.26941385865211487, 0.029999999329447746]","[[0.5980802774429321, 0.15656611323356628, 0.025933224707841873, 0.049630969762802124, 0.5975515842437744, 0.1747715175151825, 0.03012310341000557, 0.004454548005014658, 5.9631120166159235e-06, 0.038714054971933365]]","[-0.26416775584220886, 0.28276360034942627, 0.5437402725219727, -0.03142567723989487, -1.0666788816452026, 0.5367133617401123]","[[0.015557397156953812, -0.0369773767888546, 0.007777699269354343]]","[2, 30]",26.038536558,-0.46406400203704834,34,9633,1748251738.4904068,17
"[[0.04936879873275757, -0.04858044907450676, 0.04615286737680435]]",9699,"[0.5471910834312439, 0.1689862161874771, 0.03047339804470539]","[0.9875059127807617, -0.9722878336906433, 0.9236626625061035, -0.9397399425506592]",False,"[0.5902813076972961, 0.11328718811273575, 0.029999999329447746]","[[0.553638219833374, 0.15070076286792755, 0.027246015146374702, 0.04690173268318176, 0.5471910834312439, 0.1689862161874771, 0.03047339804470539, 0.016248656436800957, 2.865078613467631e-06, 0.06130318343639374]]","[-0.07307549566030502, -1.6926543712615967, 2.533895969390869, 4.501834869384766, 0.45441797375679016, 0.4438723921775818]","[[0.049364686012268066, -0.04852275177836418, 0.046180326491594315]]","[2, 30]",26.198339083,-0.07042282819747925,35,9699,1748251738.6411064,33
"[[0.03973888233304024, -0.04905768856406212, 0.012872300110757351]]",9712,"[0.5474764704704285, 0.16919167339801788, 0.029989976435899734]","[0.7947788238525391, -0.9811543822288513, 0.25744688510894775, 0.308255672454834]",False,"[0.5902813076972961, 0.11328718811273575, 0.029999999329447746]","[[0.6358656883239746, 0.09712766855955124, 0.05629388242959976, 0.07976949214935303, 0.5474764704704285, 0.16919167339801788, 0.029989976435899734, 5.044787485530833e-07, 2.620515715534566e-07, 0.05200209096074104]]","[0.056735195219516754, -4.119096755981445, 2.794078826904297, 11.279471397399902, 3.5087480545043945, -0.07646690309047699]","[[0.01017390564084053, -0.0026936717331409454, 0.0013350164517760277]]","[2, 30]",26.198840565,-0.07040999829769135,35,9712,1748251738.6730883,46
"[[0.014572763815522194, 0.04262733832001686, 0.03742874413728714]]",9724,"[0.6769394278526306, -0.1853930950164795, 0.03213554620742798]","[0.25931406021118164, 0.9495804309844971, 0.7756661176681519, -0.885758101940155]",False,"[0.6801455020904541, 0.17286317050457, 0.029999999329447746]","[[0.6701518297195435, -0.16867870092391968, 0.02636568248271942, 0.04955770820379257, 0.6769394278526306, -0.1853930950164795, 0.03213554620742798, -0.07434927672147751, 4.920042556477711e-06, -0.010127397254109383]]","[0.22081027925014496, 0.22951117157936096, -0.453620970249176, 0.2720166742801666, -0.11921311169862747, 0.05884194374084473]","[[0.01839473284780979, 0.04170623794198036, 0.0376315601170063]]","[2, 30]",26.242536878,-0.35827696323394775,36,9724,1748251738.6971936,8
"[[-0.011777877807617188, 0.046252064406871796, 0.03670798987150192]]",9735,"[0.6758871674537659, -0.18193991482257843, 0.031462039798498154]","[-0.25975942611694336, 0.9362180233001709, 0.7600390911102295, -0.8751962780952454]",False,"[0.6801455020904541, 0.17286317050457, 0.029999999329447746]","[[0.6817492842674255, -0.1652202606201172, 0.02789255604147911, 0.049472223967313766, 0.6758871674537659, -0.18193991482257843, 0.031462039798498154, -0.05013435333967209, -0.0002044839784502983, -0.029135307297110558]]","[0.6662502288818359, -0.46013253927230835, 2.0798468589782715, 1.6062313318252563, -1.7153898477554321, 0.9579887986183167]","[[-0.002665579319000244, 0.043686382472515106, 0.03567808121442795]]","[2, 30]",26.24292081,-0.35483163595199585,36,9735,1748251738.726453,19
"[[-0.04838510975241661, 0.04740641638636589, -0.038314469158649445]]",9739,"[0.6735344529151917, -0.17394499480724335, 0.031952597200870514]","[-0.9755234718322754, 0.9732391834259033, -0.7530038952827454, -0.9848976135253906]",False,"[0.6801455020904541, 0.17286317050457, 0.029999999329447746]","[[0.6741161346435547, -0.15738552808761597, 0.026633713394403458, 0.049164317548274994, 0.6735344529151917, -0.17394499480724335, 0.031952597200870514, -0.0677625834941864, -1.1872091221221126e-07, 0.0260668583214283]]","[0.5103211402893066, -0.6183316111564636, 2.135603427886963, 1.5987998247146606, -0.7125786542892456, 0.8280762434005737]","[[-0.043183233588933945, 0.045795198529958725, -0.038484979420900345]]","[2, 30]",26.251405092,-0.34687668085098267,36,9739,1748251738.7370677,23
"[[0.006911098957061768, 0.04995093494653702, 0.04027213156223297]]",9816,"[0.5475834012031555, 0.14707328379154205, 0.0299898199737072]","[0.13821959495544434, 0.999018669128418, 0.8052390813827515, 0.9648833274841309]",False,"[0.5679205060005188, -0.27099254727363586, 0.029999999329447746]","[[0.6380175352096558, 0.02438831888139248, 0.2101173847913742, 0.07027389109134674, 0.5475834012031555, 0.14707328379154205, 0.0299898199737072, -3.3503115446364973e-06, -1.0719993042584974e-05, -3.5290004234411754e-06]]","[0.031228283420205116, -0.036004483699798584, -0.040873315185308456, -0.0356299951672554, 0.07730570435523987, 0.20066535472869873]","[[0.007333099842071533, 0.02556261606514454, 0.02754470705986023]]","[2, 30]",26.430189182,-0.4185602068901062,38,9816,1748251738.9167159,0
"[[0.02080719545483589, -0.04260652884840965, 0.03201515972614288]]",9830,"[0.5399484634399414, 0.12900353968143463, 0.03106936626136303]","[0.3934953212738037, -0.8972741961479187, 0.6423192024230957, -0.9394847750663757]",False,"[0.5679205060005188, -0.27099254727363586, 0.029999999329447746]","[[0.5371076464653015, 0.11635091155767441, 0.02528407610952854, 0.05307928845286369, 0.5399484634399414, 0.12900353968143463, 0.03106936626136303, 0.03665589168667793, -6.056538381926657e-07, 0.09081738442182541]]","[-0.13545919954776764, 0.3373439908027649, -0.03539080172777176, 0.07838426530361176, -0.5908584594726562, 0.3297030031681061]","[[0.021442163735628128, -0.04090695455670357, 0.03179887682199478]]","[2, 30]",26.466446408,-0.4009743630886078,38,9830,1748251738.9519427,14
"[[0.02402365766465664, -0.04680633544921875, 0.046158380806446075]]",9844,"[0.5446672439575195, 0.1189829558134079, 0.03211437538266182]","[0.48024308681488037, -0.9695343375205994, 0.9508781433105469, -0.8606722354888916]",False,"[0.5679205060005188, -0.27099254727363586, 0.029999999329447746]","[[0.5771308541297913, 0.0978124812245369, 0.03961910307407379, 0.043660007417201996, 0.5446672439575195, 0.1189829558134079, 0.03211437538266182, 0.0320235937833786, -0.04018796235322952, -0.13241377472877502]]","[-0.023437997326254845, -1.3088746070861816, 2.1123640537261963, 3.4972832202911377, 0.05487992614507675, 0.48830723762512207]","[[0.02334929071366787, -0.04574481397867203, 0.04514825716614723]]","[2, 30]",26.518766446,-0.3906738758087158,38,9844,1748251738.9882715,28
"[[0.045772310346364975, 0.04635082557797432, 0.04652019590139389]]",9879,"[0.5258533358573914, -0.05487005412578583, 0.030723685398697853]","[0.9156547784805298, 0.929394006729126, 0.9326167106628418, -0.8973779678344727]",False,"[0.5376037955284119, 0.2237481027841568, 0.029999999329447746]","[[0.5277014970779419, -0.03551585227251053, 0.033030759543180466, 0.04640495404601097, 0.5258533358573914, -0.05487005412578583, 0.030723685398697853, -0.024772170931100845, 1.5206507669063285e-05, -0.046127498149871826]]","[0.0702754408121109, 0.2698439359664917, -0.9494327902793884, 0.7742535471916199, -1.3008641004562378, 0.4467869997024536]","[[0.04570138081908226, 0.04618704319000244, 0.04657499119639397]]","[2, 30]",26.614536855,-0.2788667678833008,39,9879,1748251739.058389,13
"[[0.047869861125946045, 0.048521772027015686, 0.048485059291124344]]",9881,"[0.5258637070655823, -0.05468405783176422, 0.030885711312294006]","[0.9575164318084717, 0.9725265502929688, 0.9715309143066406, -0.8805833458900452]",False,"[0.5376037955284119, 0.2237481027841568, 0.029999999329447746]","[[0.5277413129806519, -0.035175811499357224, 0.03314526751637459, 0.04623043164610863, 0.5258637070655823, -0.05468405783176422, 0.030885711312294006, -0.030330562964081764, 1.7806634787120856e-05, -0.04651137813925743]]","[-0.024388512596488, -0.02227441966533661, -0.7750017642974854, 1.344748854637146, -1.6673692464828491, 0.5775668621063232]","[[0.04784959554672241, 0.04849589988589287, 0.048505961894989014]]","[2, 30]",26.614609351,-0.2786809802055359,39,9881,1748251739.0632734,15
"[[0.04562758281826973, 0.039972592145204544, -0.002339867874979973]]",9912,"[0.5299143195152283, -0.05071417987346649, 0.029989412054419518]","[0.9125432968139648, 0.7994515895843506, -0.04679739475250244, 0.6160131692886353]",False,"[0.5376037955284119, 0.2237481027841568, 0.029999999329447746]","[[0.715630292892456, 0.14316712319850922, 0.10052181780338287, 0.08000000566244125, 0.5299143195152283, -0.05071417987346649, 0.029989412054419518, -2.4460203349008225e-05, 3.0497369607473956e-06, 0.08705347031354904]]","[-0.32918867468833923, -4.552857875823975, 2.379143714904785, 12.543274879455566, 4.570731163024902, -0.38492125272750854]","[[0.027769137173891068, 0.010302916169166565, -0.00031317025423049927]]","[2, 30]",26.666947643,-0.2745699882507324,39,9912,1748251739.1340506,46
"[[0.029741555452346802, 0.044374484568834305, 0.015996908769011497]]",10003,"[0.5067745447158813, -0.28691476583480835, 0.030124107375741005]","[0.5987590551376343, 0.885374903678894, 0.31956756114959717, -0.8451129198074341]",False,"[0.5195872783660889, -0.20999255776405334, 0.029999999329447746]","[[0.5122160315513611, -0.27376246452331543, 0.0325767919421196, 0.054862529039382935, 0.5067745447158813, -0.28691476583480835, 0.030124107375741005, -0.004482107236981392, 1.1793796147685498e-05, -0.07342327386140823]]","[-0.17847640812397003, -2.0183138847351074, 2.9338674545288086, 5.34182596206665, 0.9079207181930542, 0.3494676947593689]","[[0.02956363558769226, 0.04485611990094185, 0.016028786078095436]]","[2, 30]",26.871128281,-0.0779821053147316,41,10003,1748251739.3565173,37
"[[0.03392084315419197, 0.024547848850488663, 0.025741882622241974]]",10024,"[0.6558621525764465, 0.14135770499706268, 0.02999003790318966]","[0.6785122156143188, 0.4909358024597168, 0.5148391723632812, -0.7412595748901367]",False,"[0.6531561613082886, 0.08494962006807327, 0.029999999329447746]","[[0.6636298894882202, 0.14999033510684967, 0.022288842126727104, 0.054614465683698654, 0.6558621525764465, 0.14135770499706268, 0.02999003790318966, -1.619794056750834e-05, 1.1639462172752246e-05, 9.185943781631067e-05]]","[0.10268078744411469, 0.20460592210292816, 0.06794555485248566, 0.012983370572328568, 0.09764446318149567, 0.017330646514892578]","[[0.027451355010271072, 0.018930498510599136, 0.025291264057159424]]","[2, 30]",26.94638771,-0.056472957134246826,42,10024,1748251739.398502,8
"[[-0.005730730481445789, -0.04121365025639534, -0.0004389837267808616]]",10027,"[0.6568854451179504, 0.13912685215473175, 0.030554387718439102]","[-0.10368192195892334, -0.8516690731048584, -0.002755582332611084, -0.20658355951309204]",False,"[0.6531561613082886, 0.08494962006807327, 0.029999999329447746]","[[0.6638484597206116, 0.13094179332256317, 0.02500755526125431, 0.05987793207168579, 0.6568854451179504, 0.13912685215473175, 0.030554387718439102, 0.018994679674506187, 4.699010958120198e-07, -0.03515090048313141]]","[-0.08743461221456528, 0.3113429546356201, -0.019587192684412003, 0.08276508748531342, 0.04616139829158783, 0.10786687582731247]","[[0.0005638180300593376, -0.045551035553216934, -0.0005223482730798423]]","[2, 30]",26.946501795,-0.05430826544761658,42,10027,1748251739.4053347,11
"[[0.0337030254304409, -0.0451555959880352, 0.025466078892350197]]",10090,"[0.4290182590484619, 0.08121654391288757, 0.03178439661860466]","[0.6808023452758789, -0.9121631383895874, 0.5124015808105469, -0.11143004894256592]",False,"[0.4302041530609131, -0.22314272820949554, 0.029999999329447746]","[[0.43454068899154663, 0.06737826019525528, 0.03603394329547882, 0.06627894192934036, 0.4290182590484619, 0.08121654391288757, 0.03178439661860466, 0.06176431104540825, 5.622492608381435e-06, 0.06644316762685776]]","[-0.17473633587360382, -4.436619758605957, 2.2991364002227783, 12.208577156066895, 4.136026859283447, -0.27502715587615967]","[[0.02273520454764366, -0.04479677602648735, 0.02318372018635273]]","[2, 30]",27.130551809,-0.3043668270111084,43,10090,1748251739.5820432,48
"[[-0.03030969761312008, 0.04901078715920448, -0.04658849164843559]]",10093,"[0.5966923236846924, 0.09707527607679367, 0.029989775270223618]","[-0.6061891913414001, 0.9802124500274658, -0.9317705631256104, 0.9592266082763672]",False,"[0.5463535785675049, -0.1491457223892212, 0.029999999329447746]","[[0.5999962091445923, -0.0481436513364315, 0.11475739628076553, 0.07881753891706467, 0.5966923236846924, 0.09707527607679367, 0.029989775270223618, -3.3503213217045413e-06, -1.2256618902029004e-05, -7.013421054580249e-06]]","[0.03140172362327576, -0.02591877430677414, -0.019042853266000748, -0.028398938477039337, 0.05355603247880936, 0.1317916214466095]","[[-0.004362603649497032, 0.07246416807174683, 0.0044179148972034454]]","[2, 30]",27.130666103,-0.25131407380104065,44,10093,1748251739.5880914,1
"[[0.010552400723099709, -0.04954385384917259, -0.01313666719943285]]",10147,"[0.5369266867637634, -0.24432778358459473, 0.029989412054419518]","[0.21104800701141357, -0.9908859729766846, -0.2627333402633667, 0.7881659269332886]",False,"[0.6510646343231201, 0.07438111305236816, 0.029999999329447746]","[[0.5467743873596191, -0.11055359244346619, 0.13569465279579163, 0.07999783754348755, 0.5369266867637634, -0.24432778358459473, 0.029989412054419518, -3.006728547916282e-06, 2.4508202841388993e-05, -1.2280654118512757e-05]]","[0.15961362421512604, 0.0541376918554306, 0.04071967676281929, -0.012326516211032867, 0.005054585635662079, -0.031547486782073975]","[[0.004799121990799904, -0.00836879387497902, -0.0019990475848317146]]","[2, 30]",27.21921323,-0.33853042125701904,45,10147,1748251739.7031484,5
"[[0.04927656799554825, 0.048679329454898834, 0.04727838933467865]]",10167,"[0.5348989367485046, -0.2418074756860733, 0.029989691451191902]","[0.9855241775512695, 0.9735829830169678, 0.9455639123916626, -0.9445990324020386]",False,"[0.6510646343231201, 0.07438111305236816, 0.029999999329447746]","[[0.5212137699127197, -0.22731053829193115, 0.02931850403547287, 0.05222873017191887, 0.5348989367485046, -0.2418074756860733, 0.029989691451191902, 2.982498472192674e-06, -1.0791068234539125e-05, -0.07864489406347275]]","[0.32006242871284485, -0.41744935512542725, 1.724841833114624, 1.4441944360733032, -0.494871586561203, 0.6180393695831299]","[[0.04925975948572159, 0.048825912177562714, 0.047274399548769]]","[2, 30]",27.265896847,-0.33685263991355896,45,10167,1748251739.751418,25
"[[0.04938073083758354, 0.04616082087159157, 0.04965599998831749]]",10230,"[0.5360335111618042, 0.08517023921012878, 0.03131178393959999]","[0.9876611232757568, 0.9233734607696533, 0.9932191371917725, -0.7638716101646423]",False,"[0.6606153249740601, 0.25660791993141174, 0.029999999329447746]","[[0.5381574034690857, 0.09955720603466034, 0.030135227367281914, 0.05389611795544624, 0.5360335111618042, 0.08517023921012878, 0.03131178393959999, -0.045088790357112885, 7.03066575624689e-07, -0.047808464616537094]]","[-0.041324906051158905, -0.04711427539587021, 0.7225424647331238, 0.9552516937255859, -1.4258157014846802, 0.6715394258499146]","[[0.04938514158129692, 0.04615616425871849, 0.049661241471767426]]","[2, 30]",27.4231021,-0.2119274139404297,47,10230,1748251739.908678,20
"[[0.03894415125250816, 0.04048324376344681, 0.006828723009675741]]",10257,"[0.5359037518501282, 0.0840141773223877, 0.029989978298544884]","[0.7788829803466797, 0.809664249420166, 0.13657617568969727, 0.657555341720581]",False,"[0.6606153249740601, 0.25660791993141174, 0.029999999329447746]","[[0.6098594069480896, 0.14321324229240417, 0.03260572627186775, 0.07999996095895767, 0.5359037518501282, 0.0840141773223877, 0.029989978298544884, -3.5032556411351834e-07, 3.9615346736354695e-07, -0.0506865419447422]]","[-0.10517760366201401, -4.353375434875488, 2.773730754852295, 11.954619407653809, 4.020768165588379, -0.17914171516895294]","[[0.015061464160680771, 0.008322656154632568, 0.0012278049252927303]]","[2, 30]",27.534412618,-0.21293561160564423,47,10257,1748251739.9769287,47
"[[0.029211413115262985, -0.04053867980837822, 0.025065694004297256]]",10274,"[0.4395374059677124, 0.08533555269241333, 0.03071466274559498]","[0.6520684957504272, -0.9189202189445496, 0.502352237701416, -0.9638459086418152]",False,"[0.46929848194122314, 0.007866623811423779, 0.029999999329447746]","[[0.439965158700943, 0.07283984124660492, 0.036495719105005264, 0.05693081393837929, 0.4395374059677124, 0.08533555269241333, 0.03071466274559498, 0.02446802705526352, -1.3976455193187576e-05, 0.07232397794723511]]","[-0.1752709448337555, 0.34318938851356506, -0.14863237738609314, 0.12584853172302246, -0.689369797706604, 0.36111605167388916]","[[0.028965067118406296, -0.04065384343266487, 0.025033628568053246]]","[2, 30]",27.535087045,-0.08299197256565094,48,10274,1748251740.0154002,14
"[[0.026584578678011894, 0.04705961048603058, -0.04372723773121834]]",10318,"[0.5460330843925476, -0.16604624688625336, 0.02998996153473854]","[0.5316963195800781, 0.9411907196044922, -0.8745448589324951, 0.8649729490280151]",False,"[0.6025323867797852, 0.24848705530166626, 0.029999999329447746]","[[0.5438526272773743, -0.16672779619693756, 0.022012237459421158, 0.07981076091527939, 0.5460330843925476, -0.16604624688625336, 0.02998996153473854, 3.8106016120309505e-08, 1.3894330095354235e-06, -1.4735992408532184e-05]]","[0.10269144177436829, 0.2046176791191101, 0.06785888969898224, 0.013024721294641495, 0.09761463105678558, 0.017332911491394043]","[[0.012510133907198906, 0.04233558475971222, -0.017042674124240875]]","[2, 30]",27.682465523,-0.4183658957481384,49,10318,1748251740.1247084,8
"[[0.03970245271921158, 0.03913500905036926, 0.029704352840781212]]",10347,"[0.54093998670578, -0.14380252361297607, 0.030125191435217857]","[0.7943863868713379, 0.782386064529419, 0.5937557220458984, -0.5222135186195374]",False,"[0.6025323867797852, 0.24848705530166626, 0.029999999329447746]","[[0.5521491765975952, -0.1255456805229187, 0.029474414885044098, 0.047058116644620895, 0.54093998670578, -0.14380252361297607, 0.030125191435217857, -0.004520812071859837, 1.12919906314346e-05, -0.03802113980054855]]","[-0.17783887684345245, -2.179500102996826, 2.6366562843322754, 5.8189377784729, 1.183097004890442, 0.23670300841331482]","[[0.03973839432001114, 0.03912660479545593, 0.0297060739248991]]","[2, 30]",27.734807982,-0.3970954120159149,49,10347,1748251740.2167866,37
"[[-0.015678565949201584, 0.0012935250997543335, 0.014216987416148186]]",10380,"[0.5970444083213806, 0.09418857097625732, 0.07408749312162399]","[-0.9216388463973999, -0.9917762875556946, 0.5804057121276855, -0.9860674142837524]",False,"[0.597497284412384, -0.2296716570854187, 0.029999999329447746]","[[0.5924312472343445, 0.10662448406219482, 0.06924805045127869, 0.05550646409392357, 0.5970444083213806, 0.09418857097625732, 0.07408749312162399, -0.0005168120842427015, 0.1766330599784851, -0.004779999144375324]]","[0.17570047080516815, 0.027890242636203766, -3.060866355895996, 1.8616292476654053, -1.4845035076141357, 0.225619837641716]","[[-0.01448104903101921, -0.011592477560043335, 0.013553021475672722]]","[2, 5]",27.963148645,-0.3268476128578186,2,10380,1748251740.4457479,11
"[[-0.03661063313484192, -0.0027210803236812353, -0.042763851583004]]",10395,"[0.43812307715415955, -0.011468448676168919, 0.029989950358867645]","[-0.7322084903717041, -0.05442160367965698, -0.8552727699279785, 0.7783498764038086]",False,"[0.6772355437278748, -0.1377018541097641, 0.029999999329447746]","[[0.45457348227500916, -0.009967703372240067, 0.0793817788362503, 0.07827938348054886, 0.43812307715415955, -0.011468448676168919, 0.029989950358867645, -8.854465494145813e-10, -1.6504710629305919e-06, -1.2584098840306979e-05]]","[0.15961961448192596, 0.05415569990873337, 0.040711965411901474, -0.012313850224018097, 0.005067460238933563, -0.03154163062572479]","[[-0.013779819011688232, -0.0007126040291041136, -0.015215303748846054]]","[2, 5]",28.010975529,-0.2703879475593567,3,10395,1748251740.4810328,5
"[[0.027228832244873047, -0.012478616088628769, 0.023773571476340294]]",10425,"[0.6152052283287048, 0.011908944696187973, 0.03160388395190239]","[0.9419417381286621, -0.881890058517456, 0.5135661363601685, -0.9397456049919128]",False,"[0.6659972667694092, -0.006044826935976744, 0.029999999329447746]","[[0.6158349514007568, 0.0013114208122715354, 0.02408699318766594, 0.0558977834880352, 0.6152052283287048, 0.011908944696187973, 0.03160388395190239, -0.0003332569031044841, 0.005368310026824474, 0.01640649139881134]]","[0.21867720782756805, -0.288357675075531, -1.393491506576538, 1.6319562196731567, -1.3922480344772339, 0.31048327684402466]","[[0.02790248394012451, -0.01616942323744297, 0.02381155639886856]]","[2, 5]",28.069983893,-0.053895674645900726,4,10425,1748251740.5552154,15
"[[0.07886797189712524, 0.16642864048480988, -0.004991351626813412]]",10426,"[0.5840389728546143, -0.16376027464866638, 0.029999999329447746]","[0.9540342092514038, -0.18481159210205078, -0.1319047212600708, -0.8362939357757568]",True,"[0.43407925963401794, -0.18699273467063904, 0.029999999329447746]","[[0.6384396553039551, -2.194472251484947e-12, 0.19740013778209686, 0, 0.5840389728546143, -0.16376027464866638, 0.029999999329447746, 0, 0, 0]]","[0.689203143119812, -0.49049699306488037, -1.424178957939148, 1.8926234245300293, -1.6633378267288208, 0.499627947807312]","[[0.025097008794546127, -0.007929159328341484, -0.1799083799123764]]","[2, 5]",28.071852123,-0.02741117589175701,4,10426,1748251740.5582035,16
"[[-0.006364166736602783, 0.046992719173431396, 0.036791764199733734]]",10429,"[0.4071061909198761, 0.2944408357143402, 0.029989857226610184]","[-0.12727558612823486, 0.9398627281188965, 0.7358353137969971, -0.5735544562339783]",False,"[0.6022017598152161, -0.0838826522231102, 0.029999999329447746]","[[0.5819026231765747, -0.013578609563410282, 0.12931501865386963, 0.00299622374586761, 0.4071061909198761, 0.2944408357143402, 0.029989857226610184, -5.292566584103042e-06, 2.645578888404998e-06, 2.2415373678086326e-05]]","[0.017394060268998146, -0.02829214185476303, -0.013018053025007248, -0.02028406411409378, 0.02110850065946579, 0.05703943967819214]","[[0.005216628313064575, 0.016748007386922836, 0.04239584133028984]]","[2, 5]",28.076999475,-0.4256652891635895,5,10429,1748251740.5635502,2
"[[-0.022777868434786797, 0.045434918254613876, -0.033071160316467285]]",10434,"[0.4071080684661865, 0.2944429814815521, 0.029989857226610184]","[-0.45554959774017334, 0.9087066650390625, -0.6614232063293457, 0.03849327564239502]",False,"[0.6022017598152161, -0.0838826522231102, 0.029999999329447746]","[[0.4739060699939728, 0.18595539033412933, 0.11025433987379074, 0.003382029477506876, 0.4071080684661865, 0.2944429814815521, 0.029989857226610184, -5.2615123422583565e-06, 2.6590278139337897e-06, 5.9240694099571556e-05]]","[0.14388827979564667, 0.16044458746910095, 0.06496930122375488, 0.0006812289357185364, 0.06637942790985107, -0.002585291862487793]","[[-0.004058940336108208, 0.008115824311971664, -0.008212082087993622]]","[2, 5]",28.085769844,-0.42566633224487305,5,10434,1748251740.5722563,7
"[[-0.004844013601541519, -0.007634937763214111, 0.014542235061526299]]",10462,"[0.5492401719093323, 0.16292209923267365, 0.06536203622817993]","[-0.6995213627815247, -0.0663447380065918, 0.6102161407470703, -0.961851954460144]",False,"[0.43405982851982117, 0.07378003746271133, 0.029999999329447746]","[[0.5558297634124756, 0.15091665089130402, 0.06356576085090637, 0.05473237484693527, 0.5492401719093323, 0.16292209923267365, 0.06536203622817993, 0.0057029929012060165, -0.18602782487869263, 0.008093689568340778]]","[0.5630310773849487, 0.21438419818878174, -3.2211196422576904, 1.7556411027908325, -1.4745103120803833, 0.30769050121307373]","[[-0.004873160272836685, -0.010072484612464905, 0.014320014044642448]]","[2, 5]",28.190311043,-0.14987759292125702,6,10462,1748251740.6396787,7
"[[-0.038328737020492554, -0.02243332751095295, -0.04639167711138725]]",10508,"[0.4466419816017151, -0.04175329580903053, 0.03746742382645607]","[-0.73508620262146, -0.2666388750076294, -0.8258760571479797, 0.7315616607666016]",False,"[0.5844681859016418, -0.29313480854034424, 0.029999999329447746]","[[0.4617074728012085, -0.044594407081604004, 0.04170719534158707, 0.07991987466812134, 0.4466419816017151, -0.04175329580903053, 0.03746742382645607, -0.2975560128688812, 2.9188669941504486e-05, 0.026735756546258926]]","[0.5029072761535645, 0.27856525778770447, -1.7004272937774658, 0.9148955941200256, -0.6045043468475342, 0.13992592692375183]","[[-0.04452592134475708, -0.009444030001759529, -0.04307651147246361]]","[2, 5]",28.27876789,-0.28678300976753235,10,10508,1748251740.7431939,8
"[[0.0181487575173378, -0.0032623372972011566, 0.012117680162191391]]",10512,"[0.500312328338623, -0.14233516156673431, 0.07105212658643723]","[0.8578087091445923, -0.9493353366851807, 0.6000003814697266, -0.9917019009590149]",False,"[0.5844681859016418, -0.29313480854034424, 0.029999999329447746]","[[0.509881854057312, -0.1391473263502121, 0.06502848863601685, 0.05405816435813904, 0.500312328338623, -0.14233516156673431, 0.07105212658643723, 0.0012768232263624668, -0.11445663869380951, 0.011377944611012936]]","[0.4130301773548126, 0.07770927250385284, -2.6128735542297363, 1.520168423652649, -1.3358234167099, 0.2849390506744385]","[[0.016524888575077057, -0.011577803641557693, 0.01052229106426239]]","[2, 5]",28.278924194,-0.1775049865245819,10,10512,1748251740.753147,12
"[[0.0166255421936512, -0.040487032383680344, -0.01578354835510254]]",10521,"[0.5031613707542419, -0.26083603501319885, 0.02998998761177063]","[0.3325108289718628, -0.8097412586212158, -0.31567060947418213, 0.8644617795944214]",False,"[0.5895280838012695, 0.22230982780456543, 0.029999999329447746]","[[0.49411121010780334, -0.2292236089706421, 0.08333869278430939, 0.07999755442142487, 0.5031613707542419, -0.26083603501319885, 0.02998998761177063, 1.346271005786548e-07, -2.909087299940438e-07, -2.5924817236955278e-05]]","[0.15960876643657684, 0.05415302515029907, 0.040687788277864456, -0.012294240295886993, 0.0050659626722335815, -0.03153581917285919]","[[0.007979441434144974, -0.009415533393621445, -0.004056757315993309]]","[2, 5]",28.322445889,-0.4908045828342438,11,10521,1748251740.7725654,5
"[[-0.005317717790603638, 0.045914895832538605, -0.037366826087236404]]",10546,"[0.5479772686958313, 0.28195449709892273, 0.029989412054419518]","[-0.10635435581207275, 0.918306827545166, -0.7473365068435669, 0.36996471881866455]",False,"[0.6520280241966248, 0.2306327521800995, 0.029999999329447746]","[[0.5671187043190002, 0.1414509266614914, 0.14271120727062225, 0.06343989819288254, 0.5479772686958313, 0.28195449709892273, 0.029989412054419518, 3.0067328680161154e-06, -2.4509246941306628e-05, -2.2600850570597686e-05]]","[0.14390043914318085, 0.1604502648115158, 0.06500869989395142, 0.0006542876362800598, 0.06638482213020325, -0.002594679594039917]","[[0.0003605782985687256, 0.007820375263690948, -0.0034721679985523224]]","[2, 5]",28.366812882,-0.11601932346820831,12,10546,1748251740.8316126,7
"[[-0.03477969393134117, 0.008311688899993896, -0.04353588819503784]]",10582,"[0.4454861283302307, 0.04289247468113899, 0.02998998388648033]","[-0.6955920457839966, 0.16623377799987793, -0.8707165122032166, 0.869896411895752]",False,"[0.600130021572113, 0.12382770329713821, 0.029999999329447746]","[[0.451500803232193, 0.04016005992889404, 0.05508551001548767, 0.0799250602722168, 0.4454861283302307, 0.04289247468113899, 0.02998998388648033, -4.2990455639824177e-10, -5.521472417058249e-07, -1.0646836017258465e-05]]","[0.15961532294750214, 0.05415377765893936, 0.04070209339261055, -0.012306325137615204, 0.005067206919193268, -0.031538739800453186]","[[-0.00804826244711876, 0.00188475102186203, -0.00965411588549614]]","[2, 5]",28.432882274,-0.17454297840595245,14,10582,1748251740.9189885,5
"[[0.005685979034751654, 0.04147674888372421, -0.046257130801677704]]",10660,"[0.6273436546325684, 0.1260489523410797, 0.03302386403083801]","[0.11733877658843994, 0.9566916227340698, -0.8857844471931458, 0.9267544746398926]",False,"[0.5006028413772583, -0.16639231145381927, 0.029999999329447746]","[[0.6406401991844177, 0.1380002796649933, 0.043304361402988434, 0.07999709248542786, 0.6273436546325684, 0.1260489523410797, 0.03302386403083801, -0.10700104385614395, -2.756856702035293e-05, 0.02608383633196354]]","[0.3091941177845001, 0.13926692306995392, -0.6110588312149048, 0.3377887010574341, -0.21436050534248352, 0.024848774075508118]","[[-0.0037407339550554752, 0.016233541071414948, -0.0231005921959877]]","[2, 5]",28.658434234,-0.31873854994773865,19,10660,1748251741.1098218,6
"[[0.04185498505830765, -0.006046263501048088, 0.04989323019981384]]",10672,"[0.5372458696365356, 0.0019919041078537703, 0.02998952753841877]","[0.83708655834198, -0.12091779708862305, 0.9976551532745361, 0.9868097305297852]",False,"[0.6044285893440247, -0.06893442571163177, 0.029999999329447746]","[[0.6517450213432312, -0.004927273839712143, 0.21281935274600983, 0.07027361541986465, 0.5372458696365356, 0.0019919041078537703, 0.02998952753841877, 3.005894996022107e-06, -2.0607802071026526e-05, -2.8306608328421135e-06]]","[0.031227683648467064, -0.03598801791667938, -0.04086983576416969, -0.03561374545097351, 0.07731138169765472, 0.20065416395664215]","[[0.028548963367938995, -0.0011186162009835243, 0.0344635434448719]]","[2, 5]",28.658887656,-0.09769372642040253,20,10672,1748251741.1418245,0
"[[0.027652468532323837, -0.016758188605308533, 0.028597969561815262]]",10681,"[0.5855938792228699, -0.02267521619796753, 0.03334513306617737]","[0.8979587554931641, -0.832836389541626, 0.636904239654541, -0.9585146307945251]",False,"[0.6044285893440247, -0.06893442571163177, 0.029999999329447746]","[[0.5832645893096924, -0.03170418739318848, 0.025225218385457993, 0.05634653568267822, 0.5855938792228699, -0.02267521619796753, 0.03334513306617737, 0.0035131690092384815, 0.02726168930530548, 0.013018068857491016]]","[0.38421282172203064, 0.2119382917881012, -1.6718686819076538, 0.992613673210144, -0.8659753799438477, 0.24314619600772858]","[[0.028017427772283554, -0.012480396777391434, 0.029498659074306488]]","[2, 5]",28.702694287,-0.050058480352163315,20,10681,1748251741.1624737,9
"[[-0.03184204176068306, -0.010366149246692657, -0.04118896648287773]]",10686,"[0.5190870761871338, 0.039930664002895355, 0.029989635571837425]","[-0.636833667755127, -0.2073153853416443, -0.8237749338150024, 0.6620056629180908]",False,"[0.5136780738830566, -0.04662014916539192, 0.029999999329447746]","[[0.5440725088119507, 0.03385740891098976, 0.09981326013803482, 0.07998234778642654, 0.5190870761871338, 0.039930664002895355, 0.029989635571837425, 8.001640799601417e-13, -1.2162563507445157e-05, -1.0315938197891228e-05]]","[0.056652288883924484, -0.027740783989429474, 0.006631761789321899, -0.020955249667167664, -0.017230801284313202, -0.005013749003410339]","[[-0.009068120270967484, -0.0018645413219928741, -0.0025210753083229065]]","[2, 5]",28.702879174,-0.08671966940164566,21,10686,1748251741.1727726,3
"[[0.030081726610660553, -0.038123391568660736, 0.03203918784856796]]",10710,"[0.6205716729164124, -0.14185787737369537, 0.031040245667099953]","[0.7189137935638428, -0.9187964797019958, 0.5012271404266357, -0.9969963431358337]",False,"[0.6819176077842712, -0.26861026883125305, 0.029999999329447746]","[[0.6375254988670349, -0.1532137542963028, 0.036985043436288834, 0.053389158099889755, 0.6205716729164124, -0.14185787737369537, 0.031040245667099953, -0.005966262426227331, -0.031843237578868866, 0.10229501873254776]]","[0.32088759541511536, 0.20835453271865845, -1.6713322401046753, 1.0979007482528687, -1.1781092882156372, 0.3306773602962494]","[[0.028718270361423492, -0.019401364028453827, 0.02509070560336113]]","[2, 5]",28.747085786,-0.14082106947898865,22,10710,1748251741.2282107,12
"[[-0.005779662635177374, -0.049668777734041214, 0.028998462483286858]]",10746,"[0.6060976982116699, -0.11792866885662079, 0.029989449307322502]","[-0.11559087038040161, -0.9933657050132751, 0.5799695253372192, 0.8962514400482178]",False,"[0.4680944085121155, -0.1496598720550537, 0.029999999329447746]","[[0.5807521939277649, 0.020193448290228844, 0.0902295783162117, 0.07985617965459824, 0.6060976982116699, -0.11792866885662079, 0.029989449307322502, 3.967213757505306e-08, -1.83774100150913e-05, -8.197959687095135e-06]]","[0.017382709309458733, -0.028290532529354095, -0.012967277318239212, -0.020308934152126312, 0.02113530784845352, 0.05704303830862045]","[[0.015984555706381798, -0.02203386090695858, 0.056370824575424194]]","[2, 5]",28.834802321,-0.14160430431365967,25,10746,1748251741.3103402,2
"[[-0.05056510493159294, 0.044071536511182785, -0.041811734437942505]]",10760,"[0.5798115730285645, -0.1827881783246994, 0.029920466244220734]","[-0.9970899820327759, 0.860826849937439, -0.8600893616676331, -0.8892287611961365]",False,"[0.4680944085121155, -0.1496598720550537, 0.029999999329447746]","[[0.47596263885498047, -0.0908694937825203, 0.007612241432070732, 0.0046969265677034855, 0.5798115730285645, -0.1827881783246994, 0.029920466244220734, 0.002314741723239422, -3.776621326778695e-07, 0.5942313075065613]]","[-0.15932364761829376, -1.0605697631835938, 0.19668835401535034, 3.727173089981079, -0.8201703429222107, 0.35452717542648315]","[[-0.027185510843992233, 0.011701654642820358, -0.04326730594038963]]","[2, 5]",28.879296343,-0.11652560532093048,25,10760,1748251741.3424025,16
"[[0.0159941203892231, 0.021742207929491997, -0.03061550296843052]]",10790,"[0.5797744393348694, -0.1827259063720703, 0.029989855363965034]","[0.3198835849761963, 0.4348471164703369, -0.6123100519180298, 0.8441627025604248]",False,"[0.4680944085121155, -0.1496598720550537, 0.029999999329447746]","[[0.27287039160728455, 0.26326388120651245, 0.003494192846119404, 0.07967627048492432, 0.5797744393348694, -0.1827259063720703, 0.029989855363965034, -1.6136044678205508e-06, 6.549360023200279e-06, 0.5941004157066345]]","[-0.2724214494228363, -4.498425483703613, 2.6364314556121826, 12.330456733703613, 4.384749412536621, -0.3184494376182556]","[[0.01601554825901985, 0.022381199523806572, -0.031150463968515396]]","[2, 5]",28.923202541,-0.1164722815155983,25,10790,1748251741.4086823,46
"[[-0.025932198390364647, 0.036958660930395126, -0.010967893525958061]]",10810,"[0.4770517349243164, 0.23255008459091187, 0.030631328001618385]","[-0.5975515842437744, 0.8156596422195435, -0.25018125772476196, -0.8429988622665405]",False,"[0.4271163046360016, 0.2628520131111145, 0.029999999329447746]","[[0.46866104006767273, 0.2484528124332428, 0.022001784294843674, 0.050526171922683716, 0.4770517349243164, 0.23255008459091187, 0.030631328001618385, -0.017633266746997833, -0.014482846483588219, -0.06622304767370224]]","[0.22372087836265564, -0.2834555506706238, -1.158073902130127, 1.6129356622695923, -1.1763180494308472, 0.2724471688270569]","[[-0.02553153596818447, 0.034980084747076035, -0.008613552898168564]]","[2, 5]",28.971833456,-0.05841362103819847,26,10810,1748251741.4568717,16
"[[-0.037770312279462814, 0.007984131574630737, -0.015078791417181492]]",10834,"[0.5568572878837585, -0.2713871896266937, 0.031442735344171524]","[-0.7547088861465454, -0.025702714920043945, -0.27933043241500854, -0.9482895135879517]",False,"[0.4807932674884796, -0.2797996997833252, 0.029999999329447746]","[[0.5287851691246033, -0.284135103225708, 0.022210096940398216, 0.051654838025569916, 0.5568572878837585, -0.2713871896266937, 0.031442735344171524, -0.003628265345469117, -0.050789233297109604, -0.01659463346004486]]","[0.35223469138145447, -0.7062582969665527, 0.5326692461967468, 2.2988507747650146, -1.514255166053772, 0.615044116973877]","[[-0.029971223324537277, 0.007050544023513794, -0.014298207126557827]]","[2, 5]",29.070526796,-0.07654139399528503,27,10834,1748251741.5152893,19
"[[-0.03078552708029747, 0.014696670696139336, 0.007267470471560955]]",10836,"[0.5429291129112244, -0.2718052268028259, 0.032412074506282806]","[-0.9367709159851074, 0.317484974861145, 0.1985795497894287, -0.9293328523635864]",False,"[0.4807932674884796, -0.2797996997833252, 0.029999999329447746]","[[0.5223190784454346, -0.27594560384750366, 0.027523037046194077, 0.051663365215063095, 0.5429291129112244, -0.2718052268028259, 0.032412074506282806, -0.007194275502115488, 0.07892009615898132, 0.018803395330905914]]","[0.015443990007042885, -1.0695561170578003, 0.9966130256652832, 3.2007744312286377, -1.2880295515060425, 0.6362648606300354]","[[-0.02259054407477379, 0.0052526723593473434, 0.004903036169707775]]","[2, 5]",29.07061423,-0.06269443035125732,27,10836,1748251741.5203028,21
"[[0.010169458575546741, -0.030436856672167778, -0.03251105919480324]]",10843,"[0.6457952857017517, -0.2266726791858673, 0.029989970847964287]","[0.20348334312438965, -0.6087070107460022, -0.6502183675765991, 0.9254279136657715]",False,"[0.4905322194099426, -0.10392118990421295, 0.029999999329447746]","[[0.6618376970291138, -0.19711452722549438, 0.060473330318927765, 0.0796189084649086, 0.6457952857017517, -0.2266726791858673, 0.029989970847964287, 4.607114533428103e-06, 6.5341059780621435e-06, -9.502822649665177e-05]]","[0.15960924327373505, 0.05413220822811127, 0.04070478305220604, -0.01231566071510315, 0.0050559863448143005, -0.031544461846351624]","[[-0.0035796044394373894, -0.0048752110451459885, -0.028944451361894608]]","[2, 5]",29.070891721,-0.1979256123304367,28,10843,1748251741.534806,5
"[[-0.006448069121688604, 0.01949845813214779, -0.049079056829214096]]",10859,"[0.5514417886734009, -0.15729328989982605, 0.02998952753841877]","[-0.12897449731826782, 0.3899766206741333, -0.9817905426025391, 0.9932374954223633]",False,"[0.5565359592437744, 0.20506058633327484, 0.029999999329447746]","[[0.6393336057662964, 0.014878731220960617, 0.17024113237857819, 0.0702744573354721, 0.5514417886734009, -0.15729328989982605, 0.02998952753841877, 3.005894996022107e-06, -2.0607802071026526e-05, -2.8306608328421135e-06]]","[0.031227683648467064, -0.03598801791667938, -0.04086983576416969, -0.03561374545097351, 0.07731138169765472, 0.20065416395664215]","[[-0.007342675235122442, 0.004620099440217018, -0.021930523216724396]]","[2, 5]",29.118708036,-0.3623896837234497,29,10859,1748251741.576903,0
"[[0.007796347141265869, 0.03828800842165947, -0.030564354732632637]]",10865,"[0.5505306124687195, -0.15569481253623962, 0.030371295288205147]","[0.13767004013061523, 0.7977005243301392, -0.6036500930786133, 0.2457665205001831]",False,"[0.5565359592437744, 0.20506058633327484, 0.029999999329447746]","[[0.5390666723251343, -0.14337901771068573, 0.02208511345088482, 0.08004578948020935, 0.5505306124687195, -0.15569481253623962, 0.030371295288205147, -0.01279803179204464, 1.4806082617724314e-05, -0.03464316204190254]]","[0.1959082931280136, 0.11609982699155807, -0.08214041590690613, 0.0709470808506012, -0.011124648153781891, -0.01315540075302124]","[[0.008920431137084961, 0.03781021758913994, -0.006834939122200012]]","[2, 5]",29.118948317,-0.36080557107925415,29,10865,1748251741.5889957,6
"[[0.07629603147506714, 0.19448448717594147, -0.010908819735050201]]",10880,"[0.4710145592689514, 0.016148468479514122, 0.029999999329447746]","[-0.9575092196464539, 0.9533703327178955, -0.41445058584213257, -0.910603940486908]",True,"[0.6411324739456177, -0.12603160738945007, 0.029999999329447746]","[[0.6384396553039551, -2.194472251484947e-12, 0.19740013778209686, 0, 0.4710145592689514, 0.016148468479514122, 0.029999999329447746, 0, 0, 0]]","[0.41357478499412537, -1.1956219673156738, 1.5253385305404663, 3.2705881595611572, -0.6981896758079529, 0.5936705470085144]","[[-0.10917538404464722, 0.22239497303962708, -0.179308220744133]]","[2, 5]",29.145436247,-0.021559737622737885,29,10880,1748251741.6317005,21
"[[0.018146133050322533, 0.008487880229949951, 0.037377599626779556]]",10902,"[0.5154172778129578, -0.19840869307518005, 0.04323075711727142]","[0.5927355289459229, 0.9853506088256836, 0.9244906902313232, -0.986144483089447]",False,"[0.6801028847694397, 0.2909905016422272, 0.029999999329447746]","[[0.5126704573631287, -0.19023460149765015, 0.035147007554769516, 0.055552877485752106, 0.5154172778129578, -0.19840869307518005, 0.04323075711727142, -0.002031527692452073, 0.0887095183134079, -0.07519996166229248]]","[0.5986210107803345, 0.3708031177520752, -2.7505602836608887, 1.509645938873291, -1.21297287940979, 0.31565845012664795]","[[0.019327616319060326, 0.010518386960029602, 0.03713364899158478]]","[2, 5]",29.193458418,-0.5165345668792725,31,10902,1748251741.6789956,13
"[[-0.007143368944525719, -0.037313058972358704, 0.030354918912053108]]",10947,"[0.4166784882545471, -0.11293324828147888, 0.04159914329648018]","[-0.47453027963638306, -0.9595492482185364, 0.8263294696807861, -0.9045296907424927]",False,"[0.5361522436141968, -0.2617686986923218, 0.029999999329447746]","[[0.4378833472728729, -0.1252232789993286, 0.032488852739334106, 0.05262655019760132, 0.4166784882545471, -0.11293324828147888, 0.04159914329648018, 0.03003452531993389, 0.039020031690597534, 0.05075349658727646]]","[0.446709543466568, 0.1482149064540863, -2.0995781421661377, 1.3156204223632812, -1.9625693559646606, 0.5292223691940308]","[[-0.00849880836904049, -0.04007589817047119, 0.030862893909215927]]","[2, 5]",29.342445316,-0.19120803475379944,33,10947,1748251741.7903063,12
"[[-0.22661572694778442, -0.23110443353652954, -0.005158211570233107]]",11001,"[0.688631534576416, 0.10496923327445984, 0.029999999329447746]","[-0.7593488693237305, -0.7672022581100464, -0.12790775299072266, -0.9481074810028076]",True,"[0.486934632062912, -0.12769408524036407, 0.029999999329447746]","[[0.6384396553039551, -2.194472251484947e-12, 0.19740013778209686, 0, 0.688631534576416, 0.10496923327445984, 0.029999999329447746, 0, 0, 0]]","[1.089493751525879, -0.5795404314994812, -1.9125577211380005, 3.907073736190796, -2.2791714668273926, 0.7262534499168396]","[[-0.1844187080860138, -0.1389881819486618, -0.18087740242481232]]","[2, 5]",29.478489546,-0.046277839690446854,34,11001,1748251741.9245567,16
"[[0.010832023806869984, 0.04767736420035362, 0.0076291984878480434]]",11007,"[0.5439755320549011, -0.03782948479056358, 0.030401868745684624]","[0.2409830093383789, 0.9362716674804688, 0.1477125883102417, -0.45427918434143066]",False,"[0.46568700671195984, -0.10163339972496033, 0.029999999329447746]","[[0.545509934425354, -0.030267460271716118, 0.03055519424378872, 0.058358389884233475, 0.5439755320549011, -0.03782948479056358, 0.030401868745684624, -0.013821238651871681, 2.6048917334264843e-06, -0.004675192292779684]]","[0.1845199018716812, 0.06067788600921631, -0.09936454892158508, 0.056846052408218384, -0.05480847507715225, -0.013830453157424927]","[[0.012409460730850697, 0.028857512399554253, 0.018277721479535103]]","[2, 5]",29.478738584,-0.10099601000547409,35,11007,1748251741.9363925,5
"[[-0.008954599499702454, -0.04380936175584793, -0.010980773717164993]]",11047,"[0.6333423256874084, -0.02997989021241665, 0.03098904900252819]","[-0.18729954957962036, -0.9024969935417175, -0.20518243312835693, -0.8855947256088257]",False,"[0.6212114095687866, -0.11223077774047852, 0.029999999329447746]","[[0.6258985996246338, -0.043124616146087646, 0.022391196340322495, 0.053839657455682755, 0.6333423256874084, -0.02997989021241665, 0.03098904900252819, 0.0343707874417305, 8.602196430729236e-07, 0.008981619961559772]]","[0.3371642529964447, -0.4591304659843445, -1.1343501806259155, 1.5891647338867188, -1.4903942346572876, 0.39771533012390137]","[[-0.010049119591712952, -0.0447600819170475, -0.01104220561683178]]","[2, 5]",29.566734174,-0.08314654231071472,37,11047,1748251742.0336092,16
"[[-0.03211378678679466, 0.016500169411301613, -0.005088488105684519]]",11063,"[0.4163443446159363, 0.2532433867454529, 0.029840819537639618]","[-0.6430201530456543, 0.28757739067077637, -0.09700250625610352, -0.22926181554794312]",False,"[0.6440800428390503, 0.24721388518810272, 0.029999999329447746]","[[0.41940024495124817, 0.25710782408714294, 0.02183658257126808, 0.06462083011865616, 0.4163443446159363, 0.2532433867454529, 0.029840819537639618, 0.0004919919301755726, 0.0008132486836984754, 0.07389511913061142]]","[0.2581823170185089, 0.41414737701416016, -1.0187244415283203, 0.6399596333503723, -1.0869613885879517, 0.43105757236480713]","[[-0.013491716235876083, 0.004689076915383339, -0.006334275472909212]]","[2, 5]",29.610561633,-0.22781558334827423,38,11063,1748251742.06813,12
"[[-0.0217336006462574, 0.0024277158081531525, 0.0019287019968032837]]",11112,"[0.6193605065345764, -0.029731014743447304, 0.062019407749176025]","[-0.9853366613388062, 0.7697885036468506, 0.0009590387344360352, -0.9265328645706177]",False,"[0.5400974750518799, -0.025318672880530357, 0.029999999329447746]","[[0.6165764331817627, -0.02220374159514904, 0.05704473331570625, 0.054569777101278305, 0.6193605065345764, -0.029731014743447304, 0.062019407749176025, -0.0030194444116204977, 0.08509884774684906, 0.003076207125559449]]","[-0.21120049059391022, -1.6444361209869385, 0.9828552007675171, 4.587954521179199, -0.1316743791103363, 0.3131183087825775]","[[-0.022286850959062576, 0.006651248782873154, 0.0013049021363258362]]","[2, 5]",29.734660037,-0.085599884390831,40,11112,1748251742.197804,25
"[[-0.040156323462724686, -0.037197310477495193, -0.041377343237400055]]",11177,"[0.48034876585006714, -0.13673898577690125, 0.029989415779709816]","[-0.8031258583068848, -0.743955135345459, -0.8275472521781921, 0.8987960815429688]",False,"[0.4306415915489197, -0.10179250687360764, 0.029999999329447746]","[[0.5573723316192627, -0.03478577733039856, 0.14360909163951874, 0.07410044968128204, 0.48034876585006714, -0.13673898577690125, 0.029989415779709816, -3.0066985345911235e-06, 2.4374097847612575e-05, -8.54971403896343e-06]]","[0.01738169975578785, -0.02829059213399887, -0.01296328753232956, -0.02031094580888748, 0.021136686205863953, 0.05704285204410553]","[[-0.010792363435029984, -0.0006593018770217896, -0.0036092810332775116]]","[2, 5]",29.906442255,-0.06076230853796005,46,11177,1748251742.3481889,2
"[[0.022720642387866974, -0.020995929837226868, 0.027631226927042007]]",11202,"[0.5185083746910095, 0.17175696790218353, 0.03680570796132088]","[0.9769411087036133, 0.06841838359832764, 0.6693662405014038, -0.9669749140739441]",False,"[0.6163768172264099, 0.11185341328382492, 0.029999999329447746]","[[0.5095925331115723, 0.15938255190849304, 0.029250863939523697, 0.056398969143629074, 0.5185083746910095, 0.17175696790218353, 0.03680570796132088, -0.011045613326132298, 0.08654146641492844, 0.0026574984658509493]]","[0.3072553277015686, 0.20806486904621124, -1.787757158279419, 0.9468128681182861, -1.124850869178772, 0.3359711766242981]","[[0.023756928741931915, 0.0027689337730407715, 0.026958776637911797]]","[2, 5]",29.950654297,-0.11494772881269455,48,11202,1748251742.4071636,10
