{"test/reward":-0.013665690086781979,"_timestamp":1.7455778538054464e+09,"test/env_info":[1,1],"global_step":13,"_step":13,"test/done":false,"test/causal_embedding":[0.024683594703674316,0.0616271048784256,-0.12856152653694153,-0.05115256458520889,0.03190181404352188,-0.011830514296889305],"test/achieved_goal":[0.5875895619392395,0.025243816897273064,0.032287903130054474],"test/desired_goal":[0.6000000238418579,0.019999999552965164,0.029999999329447746],"test/episode":1,"test/action":[-0.1514681577682495,-0.10494279861450195,-0.9580022096633911,0.5812000036239624],"test/steps":2,"_wandb":{"runtime":87},"test/observations":[[0.6177836060523987,0.010012948885560036,0.06629215180873871,0.07999907433986664,0.5875895619392395,0.025243816897273064,0.032287903130054474,0.08283551037311554,-0.045921698212623596,-0.10976210236549377]],"_runtime":87.730797055}