{"test/done":false,"test/reward":-0.13928374648094177,"test/env_info":[1,1],"test/steps":3,"test/achieved_goal":[0.5422343611717224,-0.10673175007104874,0.03146840259432793],"global_step":9,"_wandb":{"runtime":62},"test/episode":1,"test/observations":[[0.5499321818351746,-0.11640716344118118,0.056090790778398514,0.07999776303768158,0.5422343611717224,-0.10673175007104874,0.03146840259432793,0.07280546426773071,-0.06556079536676407,-0.05035592243075371]],"test/action":[0.0892481803894043,-0.6619711518287659,-0.957812488079071,0.560810923576355],"test/desired_goal":[0.6000000238418579,0.019999999552965164,0.029999999329447746],"_timestamp":1.745670277458508e+09,"test/causal_embedding":[0.033948324620723724,0.09991730749607086,-0.029984556138515472,-0.06363662332296371,0.02457413077354431,-0.05301692336797714],"_step":9,"_runtime":62.029260603}