{"test/episode":1,"test/action":[0.7474250793457031,0.9613305330276489,0.720599889755249,-0.650266170501709],"test/reward":-0.27351057529449463,"_step":14,"_wandb":{"runtime":75},"_runtime":75.163254148,"test/done":true,"test/observations":[[0.5996749401092529,0.01977481320500374,0.059757065027952194,0.07974494248628616,0.5009992718696594,-0.23496019840240479,0.028518734499812126,0.06792262196540833,-0.042227234691381454,-0.11142773181200027]],"test/env_info":[1,1],"_timestamp":1.7455735496353462e+09,"test/steps":8,"global_step":14,"test/achieved_goal":[0.5009992718696594,-0.23496019840240479,0.028518734499812126],"test/causal_embedding":[0.05347659811377525,0.0016751885414123535,0.21387642621994019,-0.30041584372520447,-0.46874934434890747,-0.027558133006095886],"test/desired_goal":[0.6000000238418579,0.019999999552965164,0.029999999329447746]}