pybullet build time: Jan 29 2025 23:20:52
pybullet build time: Jan 29 2025 23:20:52
/home/xi/anaconda3/envs/torch39/lib/python3.9/site-packages/gymnasium/envs/registration.py:694: UserWarning: [33mWARN: Overriding environment PandaPush-v3 already in registry.[0m
  logger.warn(f"Overriding environment {new_spec.id} already in registry.")
/home/xi/anaconda3/envs/torch39/lib/python3.9/site-packages/gymnasium/envs/registration.py:694: UserWarning: [33mWARN: Overriding environment PandaPickAndPlace-v3 already in registry.[0m
  logger.warn(f"Overriding environment {new_spec.id} already in registry.")
/home/xi/anaconda3/envs/torch39/lib/python3.9/site-packages/gymnasium/envs/registration.py:694: UserWarning: [33mWARN: Overriding environment PandaPush-v3 already in registry.[0m
  logger.warn(f"Overriding environment {new_spec.id} already in registry.")
/home/xi/anaconda3/envs/torch39/lib/python3.9/site-packages/gymnasium/envs/registration.py:694: UserWarning: [33mWARN: Overriding environment PandaPickAndPlace-v3 already in registry.[0m
  logger.warn(f"Overriding environment {new_spec.id} already in registry.")
pybullet build time: Jan 29 2025 23:20:52
/home/xi/anaconda3/envs/torch39/lib/python3.9/site-packages/gymnasium/envs/registration.py:694: UserWarning: [33mWARN: Overriding environment PandaPush-v3 already in registry.[0m
  logger.warn(f"Overriding environment {new_spec.id} already in registry.")
/home/xi/anaconda3/envs/torch39/lib/python3.9/site-packages/gymnasium/envs/registration.py:694: UserWarning: [33mWARN: Overriding environment PandaPickAndPlace-v3 already in registry.[0m
  logger.warn(f"Overriding environment {new_spec.id} already in registry.")
pybullet build time: Jan 29 2025 23:20:52
/home/xi/anaconda3/envs/torch39/lib/python3.9/site-packages/gymnasium/envs/registration.py:694: UserWarning: [33mWARN: Overriding environment PandaPush-v3 already in registry.[0m
  logger.warn(f"Overriding environment {new_spec.id} already in registry.")
/home/xi/anaconda3/envs/torch39/lib/python3.9/site-packages/gymnasium/envs/registration.py:694: UserWarning: [33mWARN: Overriding environment PandaPickAndPlace-v3 already in registry.[0m
  logger.warn(f"Overriding environment {new_spec.id} already in registry.")
/home/xi/anaconda3/envs/torch39/lib/python3.9/site-packages/gymnasium/core.py:311: UserWarning: [33mWARN: env.task to get variables from other wrappers is deprecated and will be removed in v1.0, to get this variable you can do `env.unwrapped.task` for environment variables or `env.get_wrapper_attr('task')` that will search the reminding wrappers.[0m
  logger.warn(
/home/xi/anaconda3/envs/torch39/lib/python3.9/site-packages/gymnasium/core.py:311: UserWarning: [33mWARN: env.set_obs_friction_mass to get variables from other wrappers is deprecated and will be removed in v1.0, to get this variable you can do `env.unwrapped.set_obs_friction_mass` for environment variables or `env.get_wrapper_attr('set_obs_friction_mass')` that will search the reminding wrappers.[0m
  logger.warn(
/home/xi/anaconda3/envs/torch39/lib/python3.9/site-packages/gymnasium/utils/passive_env_checker.py:135: UserWarning: [33mWARN: The obs returned by the `reset()` method was expecting numpy array dtype to be float32, actual type: float64[0m
  logger.warn(
/home/xi/anaconda3/envs/torch39/lib/python3.9/site-packages/gymnasium/utils/passive_env_checker.py:159: UserWarning: [33mWARN: The obs returned by the `reset()` method is not within the observation space.[0m
  logger.warn(f"{pre} is not within the observation space.")
/home/xi/anaconda3/envs/torch39/lib/python3.9/site-packages/gymnasium/core.py:311: UserWarning: [33mWARN: env.task to get variables from other wrappers is deprecated and will be removed in v1.0, to get this variable you can do `env.unwrapped.task` for environment variables or `env.get_wrapper_attr('task')` that will search the reminding wrappers.[0m
  logger.warn(
/home/xi/anaconda3/envs/torch39/lib/python3.9/site-packages/gymnasium/core.py:311: UserWarning: [33mWARN: env.set_obs_friction_mass to get variables from other wrappers is deprecated and will be removed in v1.0, to get this variable you can do `env.unwrapped.set_obs_friction_mass` for environment variables or `env.get_wrapper_attr('set_obs_friction_mass')` that will search the reminding wrappers.[0m
  logger.warn(
/home/xi/anaconda3/envs/torch39/lib/python3.9/site-packages/gymnasium/utils/passive_env_checker.py:135: UserWarning: [33mWARN: The obs returned by the `reset()` method was expecting numpy array dtype to be float32, actual type: float64[0m
  logger.warn(
/home/xi/anaconda3/envs/torch39/lib/python3.9/site-packages/gymnasium/utils/passive_env_checker.py:159: UserWarning: [33mWARN: The obs returned by the `reset()` method is not within the observation space.[0m
  logger.warn(f"{pre} is not within the observation space.")
/home/xi/anaconda3/envs/torch39/lib/python3.9/site-packages/gymnasium/core.py:311: UserWarning: [33mWARN: env.task to get variables from other wrappers is deprecated and will be removed in v1.0, to get this variable you can do `env.unwrapped.task` for environment variables or `env.get_wrapper_attr('task')` that will search the reminding wrappers.[0m
  logger.warn(
/home/xi/anaconda3/envs/torch39/lib/python3.9/site-packages/gymnasium/core.py:311: UserWarning: [33mWARN: env.set_obs_friction_mass to get variables from other wrappers is deprecated and will be removed in v1.0, to get this variable you can do `env.unwrapped.set_obs_friction_mass` for environment variables or `env.get_wrapper_attr('set_obs_friction_mass')` that will search the reminding wrappers.[0m
  logger.warn(
/home/xi/anaconda3/envs/torch39/lib/python3.9/site-packages/gymnasium/utils/passive_env_checker.py:135: UserWarning: [33mWARN: The obs returned by the `reset()` method was expecting numpy array dtype to be float32, actual type: float64[0m
  logger.warn(
/home/xi/anaconda3/envs/torch39/lib/python3.9/site-packages/gymnasium/utils/passive_env_checker.py:159: UserWarning: [33mWARN: The obs returned by the `reset()` method is not within the observation space.[0m
  logger.warn(f"{pre} is not within the observation space.")
/home/xi/anaconda3/envs/torch39/lib/python3.9/site-packages/gymnasium/core.py:311: UserWarning: [33mWARN: env.task to get variables from other wrappers is deprecated and will be removed in v1.0, to get this variable you can do `env.unwrapped.task` for environment variables or `env.get_wrapper_attr('task')` that will search the reminding wrappers.[0m
  logger.warn(
/home/xi/anaconda3/envs/torch39/lib/python3.9/site-packages/gymnasium/core.py:311: UserWarning: [33mWARN: env.set_obs_friction_mass to get variables from other wrappers is deprecated and will be removed in v1.0, to get this variable you can do `env.unwrapped.set_obs_friction_mass` for environment variables or `env.get_wrapper_attr('set_obs_friction_mass')` that will search the reminding wrappers.[0m
  logger.warn(
/home/xi/anaconda3/envs/torch39/lib/python3.9/site-packages/gymnasium/utils/passive_env_checker.py:135: UserWarning: [33mWARN: The obs returned by the `reset()` method was expecting numpy array dtype to be float32, actual type: float64[0m
  logger.warn(
/home/xi/anaconda3/envs/torch39/lib/python3.9/site-packages/gymnasium/utils/passive_env_checker.py:159: UserWarning: [33mWARN: The obs returned by the `reset()` method is not within the observation space.[0m
  logger.warn(f"{pre} is not within the observation space.")
/home/xi/anaconda3/envs/torch39/lib/python3.9/site-packages/gymnasium/utils/passive_env_checker.py:135: UserWarning: [33mWARN: The obs returned by the `step()` method was expecting numpy array dtype to be float32, actual type: float64[0m
  logger.warn(
/home/xi/anaconda3/envs/torch39/lib/python3.9/site-packages/gymnasium/utils/passive_env_checker.py:135: UserWarning: [33mWARN: The obs returned by the `step()` method was expecting numpy array dtype to be float32, actual type: float64[0m
  logger.warn(
/home/xi/anaconda3/envs/torch39/lib/python3.9/site-packages/gymnasium/utils/passive_env_checker.py:159: UserWarning: [33mWARN: The obs returned by the `step()` method is not within the observation space.[0m
  logger.warn(f"{pre} is not within the observation space.")
/home/xi/anaconda3/envs/torch39/lib/python3.9/site-packages/gymnasium/utils/passive_env_checker.py:159: UserWarning: [33mWARN: The obs returned by the `step()` method is not within the observation space.[0m
  logger.warn(f"{pre} is not within the observation space.")
/home/xi/anaconda3/envs/torch39/lib/python3.9/site-packages/gymnasium/utils/passive_env_checker.py:135: UserWarning: [33mWARN: The obs returned by the `step()` method was expecting numpy array dtype to be float32, actual type: float64[0m
  logger.warn(
/home/xi/anaconda3/envs/torch39/lib/python3.9/site-packages/gymnasium/utils/passive_env_checker.py:159: UserWarning: [33mWARN: The obs returned by the `step()` method is not within the observation space.[0m
  logger.warn(f"{pre} is not within the observation space.")
/home/xi/anaconda3/envs/torch39/lib/python3.9/site-packages/gymnasium/utils/passive_env_checker.py:135: UserWarning: [33mWARN: The obs returned by the `step()` method was expecting numpy array dtype to be float32, actual type: float64[0m
  logger.warn(
/home/xi/anaconda3/envs/torch39/lib/python3.9/site-packages/gymnasium/utils/passive_env_checker.py:159: UserWarning: [33mWARN: The obs returned by the `step()` method is not within the observation space.[0m
  logger.warn(f"{pre} is not within the observation space.")
0it [00:00, ?it/s]/home/xi/anaconda3/envs/torch39/lib/python3.9/site-packages/gymnasium/core.py:311: UserWarning: [33mWARN: env.task to get variables from other wrappers is deprecated and will be removed in v1.0, to get this variable you can do `env.unwrapped.task` for environment variables or `env.get_wrapper_attr('task')` that will search the reminding wrappers.[0m
  logger.warn(
/home/xi/anaconda3/envs/torch39/lib/python3.9/site-packages/gymnasium/core.py:311: UserWarning: [33mWARN: env.set_obs_friction_mass to get variables from other wrappers is deprecated and will be removed in v1.0, to get this variable you can do `env.unwrapped.set_obs_friction_mass` for environment variables or `env.get_wrapper_attr('set_obs_friction_mass')` that will search the reminding wrappers.[0m
  logger.warn(
/home/xi/anaconda3/envs/torch39/lib/python3.9/site-packages/gymnasium/utils/passive_env_checker.py:135: UserWarning: [33mWARN: The obs returned by the `reset()` method was expecting numpy array dtype to be float32, actual type: float64[0m
  logger.warn(
/home/xi/anaconda3/envs/torch39/lib/python3.9/site-packages/gymnasium/utils/passive_env_checker.py:159: UserWarning: [33mWARN: The obs returned by the `reset()` method is not within the observation space.[0m
  logger.warn(f"{pre} is not within the observation space.")
/home/xi/anaconda3/envs/torch39/lib/python3.9/site-packages/gymnasium/utils/passive_env_checker.py:135: UserWarning: [33mWARN: The obs returned by the `step()` method was expecting numpy array dtype to be float32, actual type: float64[0m
  logger.warn(
/home/xi/anaconda3/envs/torch39/lib/python3.9/site-packages/gymnasium/utils/passive_env_checker.py:159: UserWarning: [33mWARN: The obs returned by the `step()` method is not within the observation space.[0m
  logger.warn(f"{pre} is not within the observation space.")
1it [01:09, 69.43s/it]2it [02:10, 64.73s/it]3it [04:10, 89.83s/it]4it [06:35, 111.44s/it]4it [06:35, 98.78s/it] 
{'model_parameters': {'method': 'SaSAC', 'adversarial_loss_coef': 0.01, 'batch_size': 256, 'contrast_batch_size': 256, 'contrast_buffer_type': 'fine_grained', 'contrast_training_interval': 1, 'time_step': 5000000, 'causal_dim': 6, 'causal_hidden_dim': 128, 'buffer_size': 1000, 'use_weighted_info_nce': False, 'use_reward_norm': False, 'learning_rate': 0.001, 'train_freq': 128, 'gradient_steps': 16, 'encoder_tau': 0.05, 'neg_radio': 0.5, 'env_name': 'PandaPush-v3', 'env_hook': 'PandaHook', 'train_envs': '[(0, 1), (0, 5), (1, 1),(1, 5),(1, 10),(1, 2),(1, 3), (1, 1)]', 'test_envs': '[(0, 10), (1, 10), (10, 10), (30, 10)]', 'use_continue_train': False, 'save_video': False, 'seed': 100, 'config_path': '', 'test_eps_num_per_env': 50, 'use_wandb': False, 'wandb_project_name': 'skill-aware-rl', 'wandb_team_name': 'skill-aware-rl'}, 'save_path': '/home/xi/yxh_space/SaMI/SaMI/output', 'sub_save_path': '/home/xi/yxh_space/SaMI/SaMI/output/2025-04-09-10:52:41-641537', 'save_model_path': '/home/xi/yxh_space/SaMI/SaMI/output/2025-04-09-10:52:41-641537/model.zip', 'log_path': '/home/xi/yxh_space/SaMI/SaMI/output/2025-04-09-10:52:41-641537/log.txt', 'code_path': '/home/xi/yxh_space/SaMI/SaMI/output/2025-04-09-10:52:41-641537/code.zip', 'config_path': '/home/xi/yxh_space/SaMI/SaMI/output/2025-04-09-10:52:41-641537/config.yaml', 'test_path': '/home/xi/yxh_space/SaMI/SaMI/output/2025-04-09-10:52:41-641537/test_result.yaml', 'test_tsne_path': '/home/xi/yxh_space/SaMI/SaMI/output/2025-04-09-10:52:41-641537/tsne.jpg', 'test_table_path': '/home/xi/yxh_space/SaMI/SaMI/output/2025-04-09-10:52:41-641537/tables', 'test_image_path': '/home/xi/yxh_space/SaMI/SaMI/output/2025-04-09-10:52:41-641537/images', 'test_video_path': '/home/xi/yxh_space/SaMI/SaMI/output/2025-04-09-10:52:41-641537/videos'}
argv[0]=--background_color_red=0.8745098114013672
argv[1]=--background_color_green=0.21176470816135406
argv[2]=--background_color_blue=0.1764705926179886
argv[0]=--background_color_red=0.8745098114013672
argv[1]=--background_color_green=0.21176470816135406
argv[2]=--background_color_blue=0.1764705926179886
argv[0]=--background_color_red=0.8745098114013672
argv[1]=--background_color_green=0.21176470816135406
argv[2]=--background_color_blue=0.1764705926179886
argv[0]=--background_color_red=0.8745098114013672
argv[1]=--background_color_green=0.21176470816135406
argv[2]=--background_color_blue=0.1764705926179886
argv[0]=--background_color_red=0.8745098114013672
argv[1]=--background_color_green=0.21176470816135406
argv[2]=--background_color_blue=0.1764705926179886
argv[0]=--background_color_red=0.8745098114013672
argv[1]=--background_color_green=0.21176470816135406
argv[2]=--background_color_blue=0.1764705926179886
argv[0]=--background_color_red=0.8745098114013672
argv[1]=--background_color_green=0.21176470816135406
argv[2]=--background_color_blue=0.1764705926179886
argv[0]=--background_color_red=0.8745098114013672
argv[1]=--background_color_green=0.21176470816135406
argv[2]=--background_color_blue=0.1764705926179886
argv[0]=--background_color_red=0.8745098114013672
argv[1]=--background_color_green=0.21176470816135406
argv[2]=--background_color_blue=0.1764705926179886
argv[0]=--background_color_red=0.8745098114013672
argv[1]=--background_color_green=0.21176470816135406
argv[2]=--background_color_blue=0.1764705926179886
argv[0]=--background_color_red=0.8745098114013672
argv[1]=--background_color_green=0.21176470816135406
argv[2]=--background_color_blue=0.1764705926179886
argv[0]=--background_color_red=0.8745098114013672
argv[1]=--background_color_green=0.21176470816135406
argv[2]=--background_color_blue=0.1764705926179886
0it [00:00, ?it/s]/home/xi/anaconda3/envs/torch39/lib/python3.9/site-packages/gymnasium/core.py:311: UserWarning: [33mWARN: env.task to get variables from other wrappers is deprecated and will be removed in v1.0, to get this variable you can do `env.unwrapped.task` for environment variables or `env.get_wrapper_attr('task')` that will search the reminding wrappers.[0m
  logger.warn(
/home/xi/anaconda3/envs/torch39/lib/python3.9/site-packages/gymnasium/core.py:311: UserWarning: [33mWARN: env.set_obs_friction_mass to get variables from other wrappers is deprecated and will be removed in v1.0, to get this variable you can do `env.unwrapped.set_obs_friction_mass` for environment variables or `env.get_wrapper_attr('set_obs_friction_mass')` that will search the reminding wrappers.[0m
  logger.warn(
/home/xi/anaconda3/envs/torch39/lib/python3.9/site-packages/gymnasium/utils/passive_env_checker.py:135: UserWarning: [33mWARN: The obs returned by the `reset()` method was expecting numpy array dtype to be float32, actual type: float64[0m
  logger.warn(
/home/xi/anaconda3/envs/torch39/lib/python3.9/site-packages/gymnasium/utils/passive_env_checker.py:159: UserWarning: [33mWARN: The obs returned by the `reset()` method is not within the observation space.[0m
  logger.warn(f"{pre} is not within the observation space.")
/home/xi/anaconda3/envs/torch39/lib/python3.9/site-packages/gymnasium/utils/passive_env_checker.py:135: UserWarning: [33mWARN: The obs returned by the `step()` method was expecting numpy array dtype to be float32, actual type: float64[0m
  logger.warn(
/home/xi/anaconda3/envs/torch39/lib/python3.9/site-packages/gymnasium/utils/passive_env_checker.py:159: UserWarning: [33mWARN: The obs returned by the `step()` method is not within the observation space.[0m
  logger.warn(f"{pre} is not within the observation space.")
1it [00:55, 55.24s/it]2it [02:44, 86.94s/it]3it [06:03, 138.09s/it]4it [08:49, 149.23s/it]4it [08:49, 132.41s/it]
{'model_parameters': {'method': 'SaCCM', 'adversarial_loss_coef': 0.01, 'batch_size': 256, 'contrast_batch_size': 256, 'contrast_buffer_type': 'fine_grained', 'contrast_training_interval': 1, 'time_step': 5000000, 'causal_dim': 6, 'causal_hidden_dim': 128, 'buffer_size': 1000, 'use_weighted_info_nce': False, 'use_reward_norm': False, 'learning_rate': 0.001, 'train_freq': 128, 'gradient_steps': 16, 'encoder_tau': 0.05, 'neg_radio': 0.5, 'env_name': 'PandaPush-v3', 'env_hook': 'PandaHook', 'train_envs': '[(0, 1), (0, 5), (1, 1),(1, 5),(1, 10),(1, 2),(1, 3), (1, 1)]', 'test_envs': '[(0, 10), (1, 10), (10, 10), (30, 10)]', 'use_continue_train': False, 'save_video': False, 'seed': 100, 'config_path': '', 'test_eps_num_per_env': 50, 'use_wandb': False, 'wandb_project_name': 'skill-aware-rl', 'wandb_team_name': 'skill-aware-rl'}, 'save_path': '/home/xi/yxh_space/SaMI/SaMI/output', 'sub_save_path': '/home/xi/yxh_space/SaMI/SaMI/output/2025-04-09-10:52:41-770771', 'save_model_path': '/home/xi/yxh_space/SaMI/SaMI/output/2025-04-09-10:52:41-770771/model.zip', 'log_path': '/home/xi/yxh_space/SaMI/SaMI/output/2025-04-09-10:52:41-770771/log.txt', 'code_path': '/home/xi/yxh_space/SaMI/SaMI/output/2025-04-09-10:52:41-770771/code.zip', 'config_path': '/home/xi/yxh_space/SaMI/SaMI/output/2025-04-09-10:52:41-770771/config.yaml', 'test_path': '/home/xi/yxh_space/SaMI/SaMI/output/2025-04-09-10:52:41-770771/test_result.yaml', 'test_tsne_path': '/home/xi/yxh_space/SaMI/SaMI/output/2025-04-09-10:52:41-770771/tsne.jpg', 'test_table_path': '/home/xi/yxh_space/SaMI/SaMI/output/2025-04-09-10:52:41-770771/tables', 'test_image_path': '/home/xi/yxh_space/SaMI/SaMI/output/2025-04-09-10:52:41-770771/images', 'test_video_path': '/home/xi/yxh_space/SaMI/SaMI/output/2025-04-09-10:52:41-770771/videos'}
argv[0]=--background_color_red=0.8745098114013672
argv[1]=--background_color_green=0.21176470816135406
argv[2]=--background_color_blue=0.1764705926179886
argv[0]=--background_color_red=0.8745098114013672
argv[1]=--background_color_green=0.21176470816135406
argv[2]=--background_color_blue=0.1764705926179886
argv[0]=--background_color_red=0.8745098114013672
argv[1]=--background_color_green=0.21176470816135406
argv[2]=--background_color_blue=0.1764705926179886
argv[0]=--background_color_red=0.8745098114013672
argv[1]=--background_color_green=0.21176470816135406
argv[2]=--background_color_blue=0.1764705926179886
argv[0]=--background_color_red=0.8745098114013672
argv[1]=--background_color_green=0.21176470816135406
argv[2]=--background_color_blue=0.1764705926179886
argv[0]=--background_color_red=0.8745098114013672
argv[1]=--background_color_green=0.21176470816135406
argv[2]=--background_color_blue=0.1764705926179886
argv[0]=--background_color_red=0.8745098114013672
argv[1]=--background_color_green=0.21176470816135406
argv[2]=--background_color_blue=0.1764705926179886
argv[0]=--background_color_red=0.8745098114013672
argv[1]=--background_color_green=0.21176470816135406
argv[2]=--background_color_blue=0.1764705926179886
argv[0]=--background_color_red=0.8745098114013672
argv[1]=--background_color_green=0.21176470816135406
argv[2]=--background_color_blue=0.1764705926179886
argv[0]=--background_color_red=0.8745098114013672
argv[1]=--background_color_green=0.21176470816135406
argv[2]=--background_color_blue=0.1764705926179886
argv[0]=--background_color_red=0.8745098114013672
argv[1]=--background_color_green=0.21176470816135406
argv[2]=--background_color_blue=0.1764705926179886
argv[0]=--background_color_red=0.8745098114013672
argv[1]=--background_color_green=0.21176470816135406
argv[2]=--background_color_blue=0.1764705926179886
pybullet build time: Jan 29 2025 23:16:28
/home/xi/anaconda3/envs/franky-sami/lib/python3.10/site-packages/gymnasium/envs/registration.py:694: UserWarning: [33mWARN: Overriding environment PandaPush-v3 already in registry.[0m
  logger.warn(f"Overriding environment {new_spec.id} already in registry.")
/home/xi/anaconda3/envs/franky-sami/lib/python3.10/site-packages/gymnasium/envs/registration.py:694: UserWarning: [33mWARN: Overriding environment PandaPickAndPlace-v3 already in registry.[0m
  logger.warn(f"Overriding environment {new_spec.id} already in registry.")
pybullet build time: Jan 29 2025 23:16:28
/home/xi/anaconda3/envs/franky-sami/lib/python3.10/site-packages/gymnasium/envs/registration.py:694: UserWarning: [33mWARN: Overriding environment PandaPush-v3 already in registry.[0m
  logger.warn(f"Overriding environment {new_spec.id} already in registry.")
/home/xi/anaconda3/envs/franky-sami/lib/python3.10/site-packages/gymnasium/envs/registration.py:694: UserWarning: [33mWARN: Overriding environment PandaPickAndPlace-v3 already in registry.[0m
  logger.warn(f"Overriding environment {new_spec.id} already in registry.")
pybullet build time: Jan 29 2025 23:16:28
pybullet build time: Jan 29 2025 23:16:28
/home/xi/anaconda3/envs/franky-sami/lib/python3.10/site-packages/gymnasium/envs/registration.py:694: UserWarning: [33mWARN: Overriding environment PandaPush-v3 already in registry.[0m
  logger.warn(f"Overriding environment {new_spec.id} already in registry.")
/home/xi/anaconda3/envs/franky-sami/lib/python3.10/site-packages/gymnasium/envs/registration.py:694: UserWarning: [33mWARN: Overriding environment PandaPush-v3 already in registry.[0m
  logger.warn(f"Overriding environment {new_spec.id} already in registry.")
/home/xi/anaconda3/envs/franky-sami/lib/python3.10/site-packages/gymnasium/envs/registration.py:694: UserWarning: [33mWARN: Overriding environment PandaPickAndPlace-v3 already in registry.[0m
  logger.warn(f"Overriding environment {new_spec.id} already in registry.")
/home/xi/anaconda3/envs/franky-sami/lib/python3.10/site-packages/gymnasium/envs/registration.py:694: UserWarning: [33mWARN: Overriding environment PandaPickAndPlace-v3 already in registry.[0m
  logger.warn(f"Overriding environment {new_spec.id} already in registry.")
/home/xi/anaconda3/envs/franky-sami/lib/python3.10/site-packages/gymnasium/core.py:311: UserWarning: [33mWARN: env.task to get variables from other wrappers is deprecated and will be removed in v1.0, to get this variable you can do `env.unwrapped.task` for environment variables or `env.get_wrapper_attr('task')` that will search the reminding wrappers.[0m
  logger.warn(
/home/xi/anaconda3/envs/franky-sami/lib/python3.10/site-packages/gymnasium/core.py:311: UserWarning: [33mWARN: env.set_obs_friction_mass to get variables from other wrappers is deprecated and will be removed in v1.0, to get this variable you can do `env.unwrapped.set_obs_friction_mass` for environment variables or `env.get_wrapper_attr('set_obs_friction_mass')` that will search the reminding wrappers.[0m
  logger.warn(
/home/xi/anaconda3/envs/franky-sami/lib/python3.10/site-packages/gymnasium/utils/passive_env_checker.py:135: UserWarning: [33mWARN: The obs returned by the `reset()` method was expecting numpy array dtype to be float32, actual type: float64[0m
  logger.warn(
/home/xi/anaconda3/envs/franky-sami/lib/python3.10/site-packages/gymnasium/utils/passive_env_checker.py:159: UserWarning: [33mWARN: The obs returned by the `reset()` method is not within the observation space.[0m
  logger.warn(f"{pre} is not within the observation space.")
/home/xi/anaconda3/envs/franky-sami/lib/python3.10/site-packages/gymnasium/core.py:311: UserWarning: [33mWARN: env.task to get variables from other wrappers is deprecated and will be removed in v1.0, to get this variable you can do `env.unwrapped.task` for environment variables or `env.get_wrapper_attr('task')` that will search the reminding wrappers.[0m
  logger.warn(
/home/xi/anaconda3/envs/franky-sami/lib/python3.10/site-packages/gymnasium/core.py:311: UserWarning: [33mWARN: env.set_obs_friction_mass to get variables from other wrappers is deprecated and will be removed in v1.0, to get this variable you can do `env.unwrapped.set_obs_friction_mass` for environment variables or `env.get_wrapper_attr('set_obs_friction_mass')` that will search the reminding wrappers.[0m
  logger.warn(
/home/xi/anaconda3/envs/franky-sami/lib/python3.10/site-packages/gymnasium/utils/passive_env_checker.py:135: UserWarning: [33mWARN: The obs returned by the `reset()` method was expecting numpy array dtype to be float32, actual type: float64[0m
  logger.warn(
/home/xi/anaconda3/envs/franky-sami/lib/python3.10/site-packages/gymnasium/utils/passive_env_checker.py:159: UserWarning: [33mWARN: The obs returned by the `reset()` method is not within the observation space.[0m
  logger.warn(f"{pre} is not within the observation space.")
/home/xi/anaconda3/envs/franky-sami/lib/python3.10/site-packages/gymnasium/core.py:311: UserWarning: [33mWARN: env.task to get variables from other wrappers is deprecated and will be removed in v1.0, to get this variable you can do `env.unwrapped.task` for environment variables or `env.get_wrapper_attr('task')` that will search the reminding wrappers.[0m
  logger.warn(
/home/xi/anaconda3/envs/franky-sami/lib/python3.10/site-packages/gymnasium/core.py:311: UserWarning: [33mWARN: env.set_obs_friction_mass to get variables from other wrappers is deprecated and will be removed in v1.0, to get this variable you can do `env.unwrapped.set_obs_friction_mass` for environment variables or `env.get_wrapper_attr('set_obs_friction_mass')` that will search the reminding wrappers.[0m
  logger.warn(
/home/xi/anaconda3/envs/franky-sami/lib/python3.10/site-packages/gymnasium/core.py:311: UserWarning: [33mWARN: env.task to get variables from other wrappers is deprecated and will be removed in v1.0, to get this variable you can do `env.unwrapped.task` for environment variables or `env.get_wrapper_attr('task')` that will search the reminding wrappers.[0m
  logger.warn(
/home/xi/anaconda3/envs/franky-sami/lib/python3.10/site-packages/gymnasium/core.py:311: UserWarning: [33mWARN: env.set_obs_friction_mass to get variables from other wrappers is deprecated and will be removed in v1.0, to get this variable you can do `env.unwrapped.set_obs_friction_mass` for environment variables or `env.get_wrapper_attr('set_obs_friction_mass')` that will search the reminding wrappers.[0m
  logger.warn(
/home/xi/anaconda3/envs/franky-sami/lib/python3.10/site-packages/gymnasium/utils/passive_env_checker.py:135: UserWarning: [33mWARN: The obs returned by the `reset()` method was expecting numpy array dtype to be float32, actual type: float64[0m
  logger.warn(
/home/xi/anaconda3/envs/franky-sami/lib/python3.10/site-packages/gymnasium/utils/passive_env_checker.py:159: UserWarning: [33mWARN: The obs returned by the `reset()` method is not within the observation space.[0m
  logger.warn(f"{pre} is not within the observation space.")
/home/xi/anaconda3/envs/franky-sami/lib/python3.10/site-packages/gymnasium/utils/passive_env_checker.py:135: UserWarning: [33mWARN: The obs returned by the `reset()` method was expecting numpy array dtype to be float32, actual type: float64[0m
  logger.warn(
/home/xi/anaconda3/envs/franky-sami/lib/python3.10/site-packages/gymnasium/utils/passive_env_checker.py:159: UserWarning: [33mWARN: The obs returned by the `reset()` method is not within the observation space.[0m
  logger.warn(f"{pre} is not within the observation space.")
/home/xi/anaconda3/envs/franky-sami/lib/python3.10/site-packages/gymnasium/utils/passive_env_checker.py:135: UserWarning: [33mWARN: The obs returned by the `step()` method was expecting numpy array dtype to be float32, actual type: float64[0m
  logger.warn(
/home/xi/anaconda3/envs/franky-sami/lib/python3.10/site-packages/gymnasium/utils/passive_env_checker.py:159: UserWarning: [33mWARN: The obs returned by the `step()` method is not within the observation space.[0m
  logger.warn(f"{pre} is not within the observation space.")
/home/xi/anaconda3/envs/franky-sami/lib/python3.10/site-packages/gymnasium/utils/passive_env_checker.py:135: UserWarning: [33mWARN: The obs returned by the `step()` method was expecting numpy array dtype to be float32, actual type: float64[0m
  logger.warn(
/home/xi/anaconda3/envs/franky-sami/lib/python3.10/site-packages/gymnasium/utils/passive_env_checker.py:159: UserWarning: [33mWARN: The obs returned by the `step()` method is not within the observation space.[0m
  logger.warn(f"{pre} is not within the observation space.")
/home/xi/anaconda3/envs/franky-sami/lib/python3.10/site-packages/gymnasium/utils/passive_env_checker.py:135: UserWarning: [33mWARN: The obs returned by the `step()` method was expecting numpy array dtype to be float32, actual type: float64[0m
  logger.warn(
/home/xi/anaconda3/envs/franky-sami/lib/python3.10/site-packages/gymnasium/utils/passive_env_checker.py:159: UserWarning: [33mWARN: The obs returned by the `step()` method is not within the observation space.[0m
  logger.warn(f"{pre} is not within the observation space.")
/home/xi/anaconda3/envs/franky-sami/lib/python3.10/site-packages/gymnasium/utils/passive_env_checker.py:135: UserWarning: [33mWARN: The obs returned by the `step()` method was expecting numpy array dtype to be float32, actual type: float64[0m
  logger.warn(
/home/xi/anaconda3/envs/franky-sami/lib/python3.10/site-packages/gymnasium/utils/passive_env_checker.py:159: UserWarning: [33mWARN: The obs returned by the `step()` method is not within the observation space.[0m
  logger.warn(f"{pre} is not within the observation space.")
pybullet build time: Jan 29 2025 23:16:28
pybullet build time: Jan 29 2025 23:16:28
/home/xi/anaconda3/envs/franky-sami/lib/python3.10/site-packages/gymnasium/envs/registration.py:694: UserWarning: [33mWARN: Overriding environment PandaPush-v3 already in registry.[0m
  logger.warn(f"Overriding environment {new_spec.id} already in registry.")
/home/xi/anaconda3/envs/franky-sami/lib/python3.10/site-packages/gymnasium/envs/registration.py:694: UserWarning: [33mWARN: Overriding environment PandaPickAndPlace-v3 already in registry.[0m
  logger.warn(f"Overriding environment {new_spec.id} already in registry.")
/home/xi/anaconda3/envs/franky-sami/lib/python3.10/site-packages/gymnasium/envs/registration.py:694: UserWarning: [33mWARN: Overriding environment PandaPush-v3 already in registry.[0m
  logger.warn(f"Overriding environment {new_spec.id} already in registry.")
/home/xi/anaconda3/envs/franky-sami/lib/python3.10/site-packages/gymnasium/envs/registration.py:694: UserWarning: [33mWARN: Overriding environment PandaPickAndPlace-v3 already in registry.[0m
  logger.warn(f"Overriding environment {new_spec.id} already in registry.")
pybullet build time: Jan 29 2025 23:16:28
pybullet build time: Jan 29 2025 23:16:28
/home/xi/anaconda3/envs/franky-sami/lib/python3.10/site-packages/gymnasium/envs/registration.py:694: UserWarning: [33mWARN: Overriding environment PandaPush-v3 already in registry.[0m
  logger.warn(f"Overriding environment {new_spec.id} already in registry.")
/home/xi/anaconda3/envs/franky-sami/lib/python3.10/site-packages/gymnasium/envs/registration.py:694: UserWarning: [33mWARN: Overriding environment PandaPickAndPlace-v3 already in registry.[0m
  logger.warn(f"Overriding environment {new_spec.id} already in registry.")
/home/xi/anaconda3/envs/franky-sami/lib/python3.10/site-packages/gymnasium/envs/registration.py:694: UserWarning: [33mWARN: Overriding environment PandaPush-v3 already in registry.[0m
  logger.warn(f"Overriding environment {new_spec.id} already in registry.")
/home/xi/anaconda3/envs/franky-sami/lib/python3.10/site-packages/gymnasium/envs/registration.py:694: UserWarning: [33mWARN: Overriding environment PandaPickAndPlace-v3 already in registry.[0m
  logger.warn(f"Overriding environment {new_spec.id} already in registry.")
/home/xi/anaconda3/envs/franky-sami/lib/python3.10/site-packages/gymnasium/core.py:311: UserWarning: [33mWARN: env.task to get variables from other wrappers is deprecated and will be removed in v1.0, to get this variable you can do `env.unwrapped.task` for environment variables or `env.get_wrapper_attr('task')` that will search the reminding wrappers.[0m
  logger.warn(
/home/xi/anaconda3/envs/franky-sami/lib/python3.10/site-packages/gymnasium/core.py:311: UserWarning: [33mWARN: env.set_obs_friction_mass to get variables from other wrappers is deprecated and will be removed in v1.0, to get this variable you can do `env.unwrapped.set_obs_friction_mass` for environment variables or `env.get_wrapper_attr('set_obs_friction_mass')` that will search the reminding wrappers.[0m
  logger.warn(
/home/xi/anaconda3/envs/franky-sami/lib/python3.10/site-packages/gymnasium/utils/passive_env_checker.py:135: UserWarning: [33mWARN: The obs returned by the `reset()` method was expecting numpy array dtype to be float32, actual type: float64[0m
  logger.warn(
/home/xi/anaconda3/envs/franky-sami/lib/python3.10/site-packages/gymnasium/utils/passive_env_checker.py:159: UserWarning: [33mWARN: The obs returned by the `reset()` method is not within the observation space.[0m
  logger.warn(f"{pre} is not within the observation space.")
/home/xi/anaconda3/envs/franky-sami/lib/python3.10/site-packages/gymnasium/core.py:311: UserWarning: [33mWARN: env.task to get variables from other wrappers is deprecated and will be removed in v1.0, to get this variable you can do `env.unwrapped.task` for environment variables or `env.get_wrapper_attr('task')` that will search the reminding wrappers.[0m
  logger.warn(
/home/xi/anaconda3/envs/franky-sami/lib/python3.10/site-packages/gymnasium/core.py:311: UserWarning: [33mWARN: env.set_obs_friction_mass to get variables from other wrappers is deprecated and will be removed in v1.0, to get this variable you can do `env.unwrapped.set_obs_friction_mass` for environment variables or `env.get_wrapper_attr('set_obs_friction_mass')` that will search the reminding wrappers.[0m
  logger.warn(
/home/xi/anaconda3/envs/franky-sami/lib/python3.10/site-packages/gymnasium/utils/passive_env_checker.py:135: UserWarning: [33mWARN: The obs returned by the `reset()` method was expecting numpy array dtype to be float32, actual type: float64[0m
  logger.warn(
/home/xi/anaconda3/envs/franky-sami/lib/python3.10/site-packages/gymnasium/utils/passive_env_checker.py:159: UserWarning: [33mWARN: The obs returned by the `reset()` method is not within the observation space.[0m
  logger.warn(f"{pre} is not within the observation space.")
/home/xi/anaconda3/envs/franky-sami/lib/python3.10/site-packages/gymnasium/core.py:311: UserWarning: [33mWARN: env.task to get variables from other wrappers is deprecated and will be removed in v1.0, to get this variable you can do `env.unwrapped.task` for environment variables or `env.get_wrapper_attr('task')` that will search the reminding wrappers.[0m
  logger.warn(
/home/xi/anaconda3/envs/franky-sami/lib/python3.10/site-packages/gymnasium/core.py:311: UserWarning: [33mWARN: env.set_obs_friction_mass to get variables from other wrappers is deprecated and will be removed in v1.0, to get this variable you can do `env.unwrapped.set_obs_friction_mass` for environment variables or `env.get_wrapper_attr('set_obs_friction_mass')` that will search the reminding wrappers.[0m
  logger.warn(
/home/xi/anaconda3/envs/franky-sami/lib/python3.10/site-packages/gymnasium/utils/passive_env_checker.py:135: UserWarning: [33mWARN: The obs returned by the `reset()` method was expecting numpy array dtype to be float32, actual type: float64[0m
  logger.warn(
/home/xi/anaconda3/envs/franky-sami/lib/python3.10/site-packages/gymnasium/utils/passive_env_checker.py:159: UserWarning: [33mWARN: The obs returned by the `reset()` method is not within the observation space.[0m
  logger.warn(f"{pre} is not within the observation space.")
/home/xi/anaconda3/envs/franky-sami/lib/python3.10/site-packages/gymnasium/core.py:311: UserWarning: [33mWARN: env.task to get variables from other wrappers is deprecated and will be removed in v1.0, to get this variable you can do `env.unwrapped.task` for environment variables or `env.get_wrapper_attr('task')` that will search the reminding wrappers.[0m
  logger.warn(
/home/xi/anaconda3/envs/franky-sami/lib/python3.10/site-packages/gymnasium/core.py:311: UserWarning: [33mWARN: env.set_obs_friction_mass to get variables from other wrappers is deprecated and will be removed in v1.0, to get this variable you can do `env.unwrapped.set_obs_friction_mass` for environment variables or `env.get_wrapper_attr('set_obs_friction_mass')` that will search the reminding wrappers.[0m
  logger.warn(
/home/xi/anaconda3/envs/franky-sami/lib/python3.10/site-packages/gymnasium/utils/passive_env_checker.py:135: UserWarning: [33mWARN: The obs returned by the `reset()` method was expecting numpy array dtype to be float32, actual type: float64[0m
  logger.warn(
/home/xi/anaconda3/envs/franky-sami/lib/python3.10/site-packages/gymnasium/utils/passive_env_checker.py:159: UserWarning: [33mWARN: The obs returned by the `reset()` method is not within the observation space.[0m
  logger.warn(f"{pre} is not within the observation space.")
/home/xi/anaconda3/envs/franky-sami/lib/python3.10/site-packages/gymnasium/utils/passive_env_checker.py:135: UserWarning: [33mWARN: The obs returned by the `step()` method was expecting numpy array dtype to be float32, actual type: float64[0m
  logger.warn(
/home/xi/anaconda3/envs/franky-sami/lib/python3.10/site-packages/gymnasium/utils/passive_env_checker.py:159: UserWarning: [33mWARN: The obs returned by the `step()` method is not within the observation space.[0m
  logger.warn(f"{pre} is not within the observation space.")
/home/xi/anaconda3/envs/franky-sami/lib/python3.10/site-packages/gymnasium/utils/passive_env_checker.py:135: UserWarning: [33mWARN: The obs returned by the `step()` method was expecting numpy array dtype to be float32, actual type: float64[0m
  logger.warn(
/home/xi/anaconda3/envs/franky-sami/lib/python3.10/site-packages/gymnasium/utils/passive_env_checker.py:159: UserWarning: [33mWARN: The obs returned by the `step()` method is not within the observation space.[0m
  logger.warn(f"{pre} is not within the observation space.")
/home/xi/anaconda3/envs/franky-sami/lib/python3.10/site-packages/gymnasium/utils/passive_env_checker.py:135: UserWarning: [33mWARN: The obs returned by the `step()` method was expecting numpy array dtype to be float32, actual type: float64[0m
  logger.warn(
/home/xi/anaconda3/envs/franky-sami/lib/python3.10/site-packages/gymnasium/utils/passive_env_checker.py:159: UserWarning: [33mWARN: The obs returned by the `step()` method is not within the observation space.[0m
  logger.warn(f"{pre} is not within the observation space.")
/home/xi/anaconda3/envs/franky-sami/lib/python3.10/site-packages/gymnasium/utils/passive_env_checker.py:135: UserWarning: [33mWARN: The obs returned by the `step()` method was expecting numpy array dtype to be float32, actual type: float64[0m
  logger.warn(
/home/xi/anaconda3/envs/franky-sami/lib/python3.10/site-packages/gymnasium/utils/passive_env_checker.py:159: UserWarning: [33mWARN: The obs returned by the `step()` method is not within the observation space.[0m
  logger.warn(f"{pre} is not within the observation space.")
Traceback (most recent call last):
  File "/home/xi/yxh_space/SaMI/SaMI/configs/../main.py", line 15, in <module>
    from envs import PandaHook,BaseHook,ENV_MAX_STEP
  File "/home/xi/yxh_space/SaMI/SaMI/envs/__init__.py", line 6, in <module>
    from .PandaPickAndPlace import PandaPickAndPlaceEnv
  File "/home/xi/yxh_space/SaMI/SaMI/envs/PandaPickAndPlace.py", line 14, in <module>
    from panda_gym.envs.core import RobotTaskEnv
ModuleNotFoundError: No module named 'panda_gym'
pybullet build time: Jan 29 2025 23:16:28
/home/xi/anaconda3/envs/franky-sami/lib/python3.10/site-packages/gymnasium/envs/registration.py:694: UserWarning: [33mWARN: Overriding environment PandaPush-v3 already in registry.[0m
  logger.warn(f"Overriding environment {new_spec.id} already in registry.")
/home/xi/anaconda3/envs/franky-sami/lib/python3.10/site-packages/gymnasium/envs/registration.py:694: UserWarning: [33mWARN: Overriding environment PandaPickAndPlace-v3 already in registry.[0m
  logger.warn(f"Overriding environment {new_spec.id} already in registry.")
/home/xi/anaconda3/envs/franky-sami/lib/python3.10/site-packages/gymnasium/core.py:311: UserWarning: [33mWARN: env.task to get variables from other wrappers is deprecated and will be removed in v1.0, to get this variable you can do `env.unwrapped.task` for environment variables or `env.get_wrapper_attr('task')` that will search the reminding wrappers.[0m
  logger.warn(
/home/xi/anaconda3/envs/franky-sami/lib/python3.10/site-packages/gymnasium/core.py:311: UserWarning: [33mWARN: env.set_obs_friction_mass to get variables from other wrappers is deprecated and will be removed in v1.0, to get this variable you can do `env.unwrapped.set_obs_friction_mass` for environment variables or `env.get_wrapper_attr('set_obs_friction_mass')` that will search the reminding wrappers.[0m
  logger.warn(
/home/xi/anaconda3/envs/franky-sami/lib/python3.10/site-packages/gymnasium/utils/passive_env_checker.py:135: UserWarning: [33mWARN: The obs returned by the `reset()` method was expecting numpy array dtype to be float32, actual type: float64[0m
  logger.warn(
/home/xi/anaconda3/envs/franky-sami/lib/python3.10/site-packages/gymnasium/utils/passive_env_checker.py:159: UserWarning: [33mWARN: The obs returned by the `reset()` method is not within the observation space.[0m
  logger.warn(f"{pre} is not within the observation space.")
/home/xi/anaconda3/envs/franky-sami/lib/python3.10/site-packages/gymnasium/utils/passive_env_checker.py:135: UserWarning: [33mWARN: The obs returned by the `step()` method was expecting numpy array dtype to be float32, actual type: float64[0m
  logger.warn(
/home/xi/anaconda3/envs/franky-sami/lib/python3.10/site-packages/gymnasium/utils/passive_env_checker.py:159: UserWarning: [33mWARN: The obs returned by the `step()` method is not within the observation space.[0m
  logger.warn(f"{pre} is not within the observation space.")
pybullet build time: Jan 29 2025 23:16:28
/home/xi/anaconda3/envs/franky-sami/lib/python3.10/site-packages/gymnasium/envs/registration.py:694: UserWarning: [33mWARN: Overriding environment PandaPush-v3 already in registry.[0m
  logger.warn(f"Overriding environment {new_spec.id} already in registry.")
/home/xi/anaconda3/envs/franky-sami/lib/python3.10/site-packages/gymnasium/envs/registration.py:694: UserWarning: [33mWARN: Overriding environment PandaPickAndPlace-v3 already in registry.[0m
  logger.warn(f"Overriding environment {new_spec.id} already in registry.")
/home/xi/anaconda3/envs/franky-sami/lib/python3.10/site-packages/gymnasium/core.py:311: UserWarning: [33mWARN: env.task to get variables from other wrappers is deprecated and will be removed in v1.0, to get this variable you can do `env.unwrapped.task` for environment variables or `env.get_wrapper_attr('task')` that will search the reminding wrappers.[0m
  logger.warn(
/home/xi/anaconda3/envs/franky-sami/lib/python3.10/site-packages/gymnasium/core.py:311: UserWarning: [33mWARN: env.set_obs_friction_mass to get variables from other wrappers is deprecated and will be removed in v1.0, to get this variable you can do `env.unwrapped.set_obs_friction_mass` for environment variables or `env.get_wrapper_attr('set_obs_friction_mass')` that will search the reminding wrappers.[0m
  logger.warn(
/home/xi/anaconda3/envs/franky-sami/lib/python3.10/site-packages/gymnasium/utils/passive_env_checker.py:135: UserWarning: [33mWARN: The obs returned by the `reset()` method was expecting numpy array dtype to be float32, actual type: float64[0m
  logger.warn(
/home/xi/anaconda3/envs/franky-sami/lib/python3.10/site-packages/gymnasium/utils/passive_env_checker.py:159: UserWarning: [33mWARN: The obs returned by the `reset()` method is not within the observation space.[0m
  logger.warn(f"{pre} is not within the observation space.")
/home/xi/anaconda3/envs/franky-sami/lib/python3.10/site-packages/gymnasium/utils/passive_env_checker.py:135: UserWarning: [33mWARN: The obs returned by the `step()` method was expecting numpy array dtype to be float32, actual type: float64[0m
  logger.warn(
/home/xi/anaconda3/envs/franky-sami/lib/python3.10/site-packages/gymnasium/utils/passive_env_checker.py:159: UserWarning: [33mWARN: The obs returned by the `step()` method is not within the observation space.[0m
  logger.warn(f"{pre} is not within the observation space.")
pybullet build time: Jan 29 2025 23:16:28
/home/xi/anaconda3/envs/franky-sami/lib/python3.10/site-packages/gymnasium/envs/registration.py:694: UserWarning: [33mWARN: Overriding environment PandaPush-v3 already in registry.[0m
  logger.warn(f"Overriding environment {new_spec.id} already in registry.")
/home/xi/anaconda3/envs/franky-sami/lib/python3.10/site-packages/gymnasium/envs/registration.py:694: UserWarning: [33mWARN: Overriding environment PandaPickAndPlace-v3 already in registry.[0m
  logger.warn(f"Overriding environment {new_spec.id} already in registry.")
/home/xi/anaconda3/envs/franky-sami/lib/python3.10/site-packages/gymnasium/core.py:311: UserWarning: [33mWARN: env.task to get variables from other wrappers is deprecated and will be removed in v1.0, to get this variable you can do `env.unwrapped.task` for environment variables or `env.get_wrapper_attr('task')` that will search the reminding wrappers.[0m
  logger.warn(
/home/xi/anaconda3/envs/franky-sami/lib/python3.10/site-packages/gymnasium/core.py:311: UserWarning: [33mWARN: env.set_obs_friction_mass to get variables from other wrappers is deprecated and will be removed in v1.0, to get this variable you can do `env.unwrapped.set_obs_friction_mass` for environment variables or `env.get_wrapper_attr('set_obs_friction_mass')` that will search the reminding wrappers.[0m
  logger.warn(
/home/xi/anaconda3/envs/franky-sami/lib/python3.10/site-packages/gymnasium/utils/passive_env_checker.py:135: UserWarning: [33mWARN: The obs returned by the `reset()` method was expecting numpy array dtype to be float32, actual type: float64[0m
  logger.warn(
/home/xi/anaconda3/envs/franky-sami/lib/python3.10/site-packages/gymnasium/utils/passive_env_checker.py:159: UserWarning: [33mWARN: The obs returned by the `reset()` method is not within the observation space.[0m
  logger.warn(f"{pre} is not within the observation space.")
/home/xi/anaconda3/envs/franky-sami/lib/python3.10/site-packages/gymnasium/utils/passive_env_checker.py:135: UserWarning: [33mWARN: The obs returned by the `step()` method was expecting numpy array dtype to be float32, actual type: float64[0m
  logger.warn(
/home/xi/anaconda3/envs/franky-sami/lib/python3.10/site-packages/gymnasium/utils/passive_env_checker.py:159: UserWarning: [33mWARN: The obs returned by the `step()` method is not within the observation space.[0m
  logger.warn(f"{pre} is not within the observation space.")
pybullet build time: Jan 29 2025 23:16:28
/home/xi/anaconda3/envs/franky-sami/lib/python3.10/site-packages/gymnasium/envs/registration.py:694: UserWarning: [33mWARN: Overriding environment PandaPush-v3 already in registry.[0m
  logger.warn(f"Overriding environment {new_spec.id} already in registry.")
/home/xi/anaconda3/envs/franky-sami/lib/python3.10/site-packages/gymnasium/envs/registration.py:694: UserWarning: [33mWARN: Overriding environment PandaPickAndPlace-v3 already in registry.[0m
  logger.warn(f"Overriding environment {new_spec.id} already in registry.")
/home/xi/anaconda3/envs/franky-sami/lib/python3.10/site-packages/gymnasium/core.py:311: UserWarning: [33mWARN: env.task to get variables from other wrappers is deprecated and will be removed in v1.0, to get this variable you can do `env.unwrapped.task` for environment variables or `env.get_wrapper_attr('task')` that will search the reminding wrappers.[0m
  logger.warn(
/home/xi/anaconda3/envs/franky-sami/lib/python3.10/site-packages/gymnasium/core.py:311: UserWarning: [33mWARN: env.set_obs_friction_mass to get variables from other wrappers is deprecated and will be removed in v1.0, to get this variable you can do `env.unwrapped.set_obs_friction_mass` for environment variables or `env.get_wrapper_attr('set_obs_friction_mass')` that will search the reminding wrappers.[0m
  logger.warn(
/home/xi/anaconda3/envs/franky-sami/lib/python3.10/site-packages/gymnasium/utils/passive_env_checker.py:135: UserWarning: [33mWARN: The obs returned by the `reset()` method was expecting numpy array dtype to be float32, actual type: float64[0m
  logger.warn(
/home/xi/anaconda3/envs/franky-sami/lib/python3.10/site-packages/gymnasium/utils/passive_env_checker.py:159: UserWarning: [33mWARN: The obs returned by the `reset()` method is not within the observation space.[0m
  logger.warn(f"{pre} is not within the observation space.")
/home/xi/anaconda3/envs/franky-sami/lib/python3.10/site-packages/gymnasium/utils/passive_env_checker.py:135: UserWarning: [33mWARN: The obs returned by the `step()` method was expecting numpy array dtype to be float32, actual type: float64[0m
  logger.warn(
/home/xi/anaconda3/envs/franky-sami/lib/python3.10/site-packages/gymnasium/utils/passive_env_checker.py:159: UserWarning: [33mWARN: The obs returned by the `step()` method is not within the observation space.[0m
  logger.warn(f"{pre} is not within the observation space.")
pybullet build time: Jan 29 2025 23:16:28
/home/xi/anaconda3/envs/franky-sami/lib/python3.10/site-packages/gymnasium/envs/registration.py:694: UserWarning: [33mWARN: Overriding environment PandaPush-v3 already in registry.[0m
  logger.warn(f"Overriding environment {new_spec.id} already in registry.")
/home/xi/anaconda3/envs/franky-sami/lib/python3.10/site-packages/gymnasium/envs/registration.py:694: UserWarning: [33mWARN: Overriding environment PandaPickAndPlace-v3 already in registry.[0m
  logger.warn(f"Overriding environment {new_spec.id} already in registry.")
/home/xi/anaconda3/envs/franky-sami/lib/python3.10/site-packages/gymnasium/core.py:311: UserWarning: [33mWARN: env.task to get variables from other wrappers is deprecated and will be removed in v1.0, to get this variable you can do `env.unwrapped.task` for environment variables or `env.get_wrapper_attr('task')` that will search the reminding wrappers.[0m
  logger.warn(
/home/xi/anaconda3/envs/franky-sami/lib/python3.10/site-packages/gymnasium/core.py:311: UserWarning: [33mWARN: env.set_obs_friction_mass to get variables from other wrappers is deprecated and will be removed in v1.0, to get this variable you can do `env.unwrapped.set_obs_friction_mass` for environment variables or `env.get_wrapper_attr('set_obs_friction_mass')` that will search the reminding wrappers.[0m
  logger.warn(
/home/xi/anaconda3/envs/franky-sami/lib/python3.10/site-packages/gymnasium/utils/passive_env_checker.py:135: UserWarning: [33mWARN: The obs returned by the `reset()` method was expecting numpy array dtype to be float32, actual type: float64[0m
  logger.warn(
/home/xi/anaconda3/envs/franky-sami/lib/python3.10/site-packages/gymnasium/utils/passive_env_checker.py:159: UserWarning: [33mWARN: The obs returned by the `reset()` method is not within the observation space.[0m
  logger.warn(f"{pre} is not within the observation space.")
/home/xi/anaconda3/envs/franky-sami/lib/python3.10/site-packages/gymnasium/utils/passive_env_checker.py:135: UserWarning: [33mWARN: The obs returned by the `step()` method was expecting numpy array dtype to be float32, actual type: float64[0m
  logger.warn(
/home/xi/anaconda3/envs/franky-sami/lib/python3.10/site-packages/gymnasium/utils/passive_env_checker.py:159: UserWarning: [33mWARN: The obs returned by the `step()` method is not within the observation space.[0m
  logger.warn(f"{pre} is not within the observation space.")
pybullet build time: Jan 29 2025 23:16:28
/home/xi/anaconda3/envs/franky-sami/lib/python3.10/site-packages/gymnasium/envs/registration.py:694: UserWarning: [33mWARN: Overriding environment PandaPush-v3 already in registry.[0m
  logger.warn(f"Overriding environment {new_spec.id} already in registry.")
/home/xi/anaconda3/envs/franky-sami/lib/python3.10/site-packages/gymnasium/envs/registration.py:694: UserWarning: [33mWARN: Overriding environment PandaPickAndPlace-v3 already in registry.[0m
  logger.warn(f"Overriding environment {new_spec.id} already in registry.")
/home/xi/anaconda3/envs/franky-sami/lib/python3.10/site-packages/gymnasium/core.py:311: UserWarning: [33mWARN: env.task to get variables from other wrappers is deprecated and will be removed in v1.0, to get this variable you can do `env.unwrapped.task` for environment variables or `env.get_wrapper_attr('task')` that will search the reminding wrappers.[0m
  logger.warn(
/home/xi/anaconda3/envs/franky-sami/lib/python3.10/site-packages/gymnasium/core.py:311: UserWarning: [33mWARN: env.set_obs_friction_mass to get variables from other wrappers is deprecated and will be removed in v1.0, to get this variable you can do `env.unwrapped.set_obs_friction_mass` for environment variables or `env.get_wrapper_attr('set_obs_friction_mass')` that will search the reminding wrappers.[0m
  logger.warn(
/home/xi/anaconda3/envs/franky-sami/lib/python3.10/site-packages/gymnasium/utils/passive_env_checker.py:135: UserWarning: [33mWARN: The obs returned by the `reset()` method was expecting numpy array dtype to be float32, actual type: float64[0m
  logger.warn(
/home/xi/anaconda3/envs/franky-sami/lib/python3.10/site-packages/gymnasium/utils/passive_env_checker.py:159: UserWarning: [33mWARN: The obs returned by the `reset()` method is not within the observation space.[0m
  logger.warn(f"{pre} is not within the observation space.")
/home/xi/anaconda3/envs/franky-sami/lib/python3.10/site-packages/gymnasium/utils/passive_env_checker.py:135: UserWarning: [33mWARN: The obs returned by the `step()` method was expecting numpy array dtype to be float32, actual type: float64[0m
  logger.warn(
/home/xi/anaconda3/envs/franky-sami/lib/python3.10/site-packages/gymnasium/utils/passive_env_checker.py:159: UserWarning: [33mWARN: The obs returned by the `step()` method is not within the observation space.[0m
  logger.warn(f"{pre} is not within the observation space.")
pybullet build time: Jan 29 2025 23:16:28
/home/xi/anaconda3/envs/franky-sami/lib/python3.10/site-packages/gymnasium/envs/registration.py:694: UserWarning: [33mWARN: Overriding environment PandaPush-v3 already in registry.[0m
  logger.warn(f"Overriding environment {new_spec.id} already in registry.")
/home/xi/anaconda3/envs/franky-sami/lib/python3.10/site-packages/gymnasium/envs/registration.py:694: UserWarning: [33mWARN: Overriding environment PandaPickAndPlace-v3 already in registry.[0m
  logger.warn(f"Overriding environment {new_spec.id} already in registry.")
pybullet build time: Jan 29 2025 23:16:28
/home/xi/anaconda3/envs/franky-sami/lib/python3.10/site-packages/gymnasium/envs/registration.py:694: UserWarning: [33mWARN: Overriding environment PandaPush-v3 already in registry.[0m
  logger.warn(f"Overriding environment {new_spec.id} already in registry.")
/home/xi/anaconda3/envs/franky-sami/lib/python3.10/site-packages/gymnasium/envs/registration.py:694: UserWarning: [33mWARN: Overriding environment PandaPickAndPlace-v3 already in registry.[0m
  logger.warn(f"Overriding environment {new_spec.id} already in registry.")
/home/xi/anaconda3/envs/franky-sami/lib/python3.10/site-packages/gymnasium/core.py:311: UserWarning: [33mWARN: env.task to get variables from other wrappers is deprecated and will be removed in v1.0, to get this variable you can do `env.unwrapped.task` for environment variables or `env.get_wrapper_attr('task')` that will search the reminding wrappers.[0m
  logger.warn(
/home/xi/anaconda3/envs/franky-sami/lib/python3.10/site-packages/gymnasium/core.py:311: UserWarning: [33mWARN: env.set_obs_friction_mass to get variables from other wrappers is deprecated and will be removed in v1.0, to get this variable you can do `env.unwrapped.set_obs_friction_mass` for environment variables or `env.get_wrapper_attr('set_obs_friction_mass')` that will search the reminding wrappers.[0m
  logger.warn(
/home/xi/anaconda3/envs/franky-sami/lib/python3.10/site-packages/gymnasium/utils/passive_env_checker.py:135: UserWarning: [33mWARN: The obs returned by the `reset()` method was expecting numpy array dtype to be float32, actual type: float64[0m
  logger.warn(
/home/xi/anaconda3/envs/franky-sami/lib/python3.10/site-packages/gymnasium/utils/passive_env_checker.py:159: UserWarning: [33mWARN: The obs returned by the `reset()` method is not within the observation space.[0m
  logger.warn(f"{pre} is not within the observation space.")
/home/xi/anaconda3/envs/franky-sami/lib/python3.10/site-packages/gymnasium/core.py:311: UserWarning: [33mWARN: env.task to get variables from other wrappers is deprecated and will be removed in v1.0, to get this variable you can do `env.unwrapped.task` for environment variables or `env.get_wrapper_attr('task')` that will search the reminding wrappers.[0m
  logger.warn(
/home/xi/anaconda3/envs/franky-sami/lib/python3.10/site-packages/gymnasium/core.py:311: UserWarning: [33mWARN: env.set_obs_friction_mass to get variables from other wrappers is deprecated and will be removed in v1.0, to get this variable you can do `env.unwrapped.set_obs_friction_mass` for environment variables or `env.get_wrapper_attr('set_obs_friction_mass')` that will search the reminding wrappers.[0m
  logger.warn(
/home/xi/anaconda3/envs/franky-sami/lib/python3.10/site-packages/gymnasium/utils/passive_env_checker.py:135: UserWarning: [33mWARN: The obs returned by the `reset()` method was expecting numpy array dtype to be float32, actual type: float64[0m
  logger.warn(
/home/xi/anaconda3/envs/franky-sami/lib/python3.10/site-packages/gymnasium/utils/passive_env_checker.py:159: UserWarning: [33mWARN: The obs returned by the `reset()` method is not within the observation space.[0m
  logger.warn(f"{pre} is not within the observation space.")
/home/xi/anaconda3/envs/franky-sami/lib/python3.10/site-packages/gymnasium/utils/passive_env_checker.py:135: UserWarning: [33mWARN: The obs returned by the `step()` method was expecting numpy array dtype to be float32, actual type: float64[0m
  logger.warn(
/home/xi/anaconda3/envs/franky-sami/lib/python3.10/site-packages/gymnasium/utils/passive_env_checker.py:159: UserWarning: [33mWARN: The obs returned by the `step()` method is not within the observation space.[0m
  logger.warn(f"{pre} is not within the observation space.")
/home/xi/anaconda3/envs/franky-sami/lib/python3.10/site-packages/gymnasium/utils/passive_env_checker.py:135: UserWarning: [33mWARN: The obs returned by the `step()` method was expecting numpy array dtype to be float32, actual type: float64[0m
  logger.warn(
/home/xi/anaconda3/envs/franky-sami/lib/python3.10/site-packages/gymnasium/utils/passive_env_checker.py:159: UserWarning: [33mWARN: The obs returned by the `step()` method is not within the observation space.[0m
  logger.warn(f"{pre} is not within the observation space.")
Traceback (most recent call last):
  File "/home/xi/yxh_space/SaMI/SaMI/configs/../main.py", line 15, in <module>
    from envs import PandaHook,BaseHook,ENV_MAX_STEP
  File "/home/xi/yxh_space/SaMI/SaMI/envs/__init__.py", line 6, in <module>
    from .PandaPickAndPlace import PandaPickAndPlaceEnv
  File "/home/xi/yxh_space/SaMI/SaMI/envs/PandaPickAndPlace.py", line 14, in <module>
    from panda_gym.envs.core import RobotTaskEnv
ModuleNotFoundError: No module named 'panda_gym'
Traceback (most recent call last):
  File "/home/xi/yxh_space/SaMI/SaMI/configs/../main.py", line 15, in <module>
    from envs import PandaHook,BaseHook,ENV_MAX_STEP
  File "/home/xi/yxh_space/SaMI/SaMI/envs/__init__.py", line 6, in <module>
    from .PandaPickAndPlace import PandaPickAndPlaceEnv
  File "/home/xi/yxh_space/SaMI/SaMI/envs/PandaPickAndPlace.py", line 14, in <module>
    from panda_gym.envs.core import RobotTaskEnv
ModuleNotFoundError: No module named 'panda_gym'
Traceback (most recent call last):
  File "/home/xi/yxh_space/SaMI/SaMI/configs/../main.py", line 15, in <module>
    from envs import PandaHook,BaseHook,ENV_MAX_STEP
  File "/home/xi/yxh_space/SaMI/SaMI/envs/__init__.py", line 6, in <module>
    from .PandaPickAndPlace import PandaPickAndPlaceEnv
  File "/home/xi/yxh_space/SaMI/SaMI/envs/PandaPickAndPlace.py", line 14, in <module>
    from panda_gym.envs.core import RobotTaskEnv
ModuleNotFoundError: No module named 'panda_gym'
Traceback (most recent call last):
  File "/home/xi/yxh_space/SaMI/SaMI/configs/../main.py", line 15, in <module>
    from envs import PandaHook,BaseHook,ENV_MAX_STEP
  File "/home/xi/yxh_space/SaMI/SaMI/envs/__init__.py", line 6, in <module>
    from .PandaPickAndPlace import PandaPickAndPlaceEnv
  File "/home/xi/yxh_space/SaMI/SaMI/envs/PandaPickAndPlace.py", line 14, in <module>
    from panda_gym.envs.core import RobotTaskEnv
ModuleNotFoundError: No module named 'panda_gym'
pybullet build time: Jan 29 2025 23:16:28
/home/xi/anaconda3/envs/franky-sami/lib/python3.10/site-packages/gymnasium/envs/registration.py:694: UserWarning: [33mWARN: Overriding environment PandaPush-v3 already in registry.[0m
  logger.warn(f"Overriding environment {new_spec.id} already in registry.")
/home/xi/anaconda3/envs/franky-sami/lib/python3.10/site-packages/gymnasium/envs/registration.py:694: UserWarning: [33mWARN: Overriding environment PandaPickAndPlace-v3 already in registry.[0m
  logger.warn(f"Overriding environment {new_spec.id} already in registry.")
pybullet build time: Jan 29 2025 23:16:28
/home/xi/anaconda3/envs/franky-sami/lib/python3.10/site-packages/gymnasium/envs/registration.py:694: UserWarning: [33mWARN: Overriding environment PandaPush-v3 already in registry.[0m
  logger.warn(f"Overriding environment {new_spec.id} already in registry.")
/home/xi/anaconda3/envs/franky-sami/lib/python3.10/site-packages/gymnasium/envs/registration.py:694: UserWarning: [33mWARN: Overriding environment PandaPickAndPlace-v3 already in registry.[0m
  logger.warn(f"Overriding environment {new_spec.id} already in registry.")
pybullet build time: Jan 29 2025 23:16:28
pybullet build time: Jan 29 2025 23:16:28
/home/xi/anaconda3/envs/franky-sami/lib/python3.10/site-packages/gymnasium/envs/registration.py:694: UserWarning: [33mWARN: Overriding environment PandaPush-v3 already in registry.[0m
  logger.warn(f"Overriding environment {new_spec.id} already in registry.")
/home/xi/anaconda3/envs/franky-sami/lib/python3.10/site-packages/gymnasium/envs/registration.py:694: UserWarning: [33mWARN: Overriding environment PandaPickAndPlace-v3 already in registry.[0m
  logger.warn(f"Overriding environment {new_spec.id} already in registry.")
/home/xi/anaconda3/envs/franky-sami/lib/python3.10/site-packages/gymnasium/envs/registration.py:694: UserWarning: [33mWARN: Overriding environment PandaPush-v3 already in registry.[0m
  logger.warn(f"Overriding environment {new_spec.id} already in registry.")
/home/xi/anaconda3/envs/franky-sami/lib/python3.10/site-packages/gymnasium/envs/registration.py:694: UserWarning: [33mWARN: Overriding environment PandaPickAndPlace-v3 already in registry.[0m
  logger.warn(f"Overriding environment {new_spec.id} already in registry.")
{'model_parameters': {'method': 'SaCCM', 'adversarial_loss_coef': 0.01, 'batch_size': 256, 'contrast_batch_size': 256, 'contrast_buffer_type': 'fine_grained', 'contrast_training_interval': 1, 'time_step': 5000000, 'causal_dim': 6, 'causal_hidden_dim': 128, 'buffer_size': 1000, 'use_weighted_info_nce': False, 'use_reward_norm': False, 'learning_rate': 0.001, 'train_freq': 128, 'gradient_steps': 16, 'encoder_tau': 0.05, 'neg_radio': 0.5, 'env_name': 'PandaPush-v3', 'env_hook': 'PandaHook', 'train_envs': '[(0, 1), (0, 5), (1, 1),(1, 5),(1, 10),(1, 2),(1, 3), (1, 1)]', 'test_envs': '[(0, 10), (1, 10), (10, 10), (30, 10)]', 'use_continue_train': False, 'save_video': False, 'seed': 100, 'config_path': '', 'test_eps_num_per_env': 50, 'use_wandb': False, 'wandb_project_name': 'skill-aware-rl', 'wandb_team_name': 'skill-aware-rl'}, 'save_path': '/home/xi/yxh_space/SaMI/SaMI/output', 'sub_save_path': '/home/xi/yxh_space/SaMI/SaMI/output/2025-04-15-11:23:48-085235', 'save_model_path': '/home/xi/yxh_space/SaMI/SaMI/output/2025-04-15-11:23:48-085235/model.zip', 'log_path': '/home/xi/yxh_space/SaMI/SaMI/output/2025-04-15-11:23:48-085235/log.txt', 'code_path': '/home/xi/yxh_space/SaMI/SaMI/output/2025-04-15-11:23:48-085235/code.zip', 'config_path': '/home/xi/yxh_space/SaMI/SaMI/output/2025-04-15-11:23:48-085235/config.yaml', 'test_path': '/home/xi/yxh_space/SaMI/SaMI/output/2025-04-15-11:23:48-085235/test_result.yaml', 'test_tsne_path': '/home/xi/yxh_space/SaMI/SaMI/output/2025-04-15-11:23:48-085235/tsne.jpg', 'test_table_path': '/home/xi/yxh_space/SaMI/SaMI/output/2025-04-15-11:23:48-085235/tables', 'test_image_path': '/home/xi/yxh_space/SaMI/SaMI/output/2025-04-15-11:23:48-085235/images', 'test_video_path': '/home/xi/yxh_space/SaMI/SaMI/output/2025-04-15-11:23:48-085235/videos'}
argv[0]=--background_color_red=0.8745098114013672
argv[1]=--background_color_green=0.21176470816135406
argv[2]=--background_color_blue=0.1764705926179886
Traceback (most recent call last):
  File "/home/xi/anaconda3/envs/franky-sami/lib/python3.10/site-packages/gymnasium/envs/registration.py", line 802, in make
    env = env_creator(**env_spec_kwargs)
  File "/home/xi/yxh_space/SaMI/SaMI/envs/PandaPush.py", line 75, in __init__
    task = PushWrapper(sim, reward_type=reward_type,object_height=object_height,goal_z_range=0.0)
TypeError: Can't instantiate abstract class PushWrapper with abstract method _sample_object

During handling of the above exception, another exception occurred:

Traceback (most recent call last):
  File "/home/xi/yxh_space/SaMI/SaMI/configs/../main.py", line 68, in <module>
    raise e
  File "/home/xi/yxh_space/SaMI/SaMI/configs/../main.py", line 43, in <module>
    train_env = DummyVecEnv(envs)
  File "/home/xi/anaconda3/envs/franky-sami/lib/python3.10/site-packages/stable_baselines3/common/vec_env/dummy_vec_env.py", line 31, in __init__
    self.envs = [_patch_env(fn()) for fn in env_fns]
  File "/home/xi/anaconda3/envs/franky-sami/lib/python3.10/site-packages/stable_baselines3/common/vec_env/dummy_vec_env.py", line 31, in <listcomp>
    self.envs = [_patch_env(fn()) for fn in env_fns]
  File "/home/xi/yxh_space/SaMI/SaMI/envs/utils/make_env.py", line 20, in _init
    env = gymnasium.make(f'PandaPush-v3',
  File "/home/xi/anaconda3/envs/franky-sami/lib/python3.10/site-packages/gymnasium/envs/registration.py", line 814, in make
    raise type(e)(
TypeError: Can't instantiate abstract class PushWrapper with abstract method _sample_object was raised from the environment creator for PandaPush-v3 with kwargs ({'reward_type': 'dense', 'control_type': 'ee', 'object_height': 1.0, 'causal_dim': 6, 'causal_hidden_dim': 128})
{'model_parameters': {'method': 'SaCCM', 'adversarial_loss_coef': 0.01, 'batch_size': 256, 'contrast_batch_size': 256, 'contrast_buffer_type': 'fine_grained', 'contrast_training_interval': 1, 'time_step': 6000000, 'causal_dim': 6, 'causal_hidden_dim': 128, 'buffer_size': 1000, 'use_weighted_info_nce': False, 'use_reward_norm': False, 'learning_rate': 0.001, 'train_freq': 128, 'gradient_steps': 16, 'encoder_tau': 0.05, 'neg_radio': 0.5, 'env_name': 'PandaPush-v3', 'env_hook': 'PandaHook', 'train_envs': '[(1, 1),(1, 2),(1, 3),(1, 4),(1, 5),(1, 6),(1, 1),(1, 10)]', 'test_envs': '[(0, 10), (1, 10), (10, 10), (30, 10)]', 'use_continue_train': False, 'save_video': False, 'seed': 100, 'config_path': '', 'test_eps_num_per_env': 50, 'use_wandb': False, 'wandb_project_name': 'skill-aware-rl', 'wandb_team_name': 'skill-aware-rl'}, 'save_path': '/home/xi/yxh_space/SaMI/SaMI/output', 'sub_save_path': '/home/xi/yxh_space/SaMI/SaMI/output/2025-04-15-11:23:48-116213', 'save_model_path': '/home/xi/yxh_space/SaMI/SaMI/output/2025-04-15-11:23:48-116213/model.zip', 'log_path': '/home/xi/yxh_space/SaMI/SaMI/output/2025-04-15-11:23:48-116213/log.txt', 'code_path': '/home/xi/yxh_space/SaMI/SaMI/output/2025-04-15-11:23:48-116213/code.zip', 'config_path': '/home/xi/yxh_space/SaMI/SaMI/output/2025-04-15-11:23:48-116213/config.yaml', 'test_path': '/home/xi/yxh_space/SaMI/SaMI/output/2025-04-15-11:23:48-116213/test_result.yaml', 'test_tsne_path': '/home/xi/yxh_space/SaMI/SaMI/output/2025-04-15-11:23:48-116213/tsne.jpg', 'test_table_path': '/home/xi/yxh_space/SaMI/SaMI/output/2025-04-15-11:23:48-116213/tables', 'test_image_path': '/home/xi/yxh_space/SaMI/SaMI/output/2025-04-15-11:23:48-116213/images', 'test_video_path': '/home/xi/yxh_space/SaMI/SaMI/output/2025-04-15-11:23:48-116213/videos'}
argv[0]=--background_color_red=0.8745098114013672
argv[1]=--background_color_green=0.21176470816135406
argv[2]=--background_color_blue=0.1764705926179886
Traceback (most recent call last):
  File "/home/xi/anaconda3/envs/franky-sami/lib/python3.10/site-packages/gymnasium/envs/registration.py", line 802, in make
    env = env_creator(**env_spec_kwargs)
  File "/home/xi/yxh_space/SaMI/SaMI/envs/PandaPush.py", line 75, in __init__
    task = PushWrapper(sim, reward_type=reward_type,object_height=object_height,goal_z_range=0.0)
TypeError: Can't instantiate abstract class PushWrapper with abstract method _sample_object

During handling of the above exception, another exception occurred:

Traceback (most recent call last):
  File "/home/xi/yxh_space/SaMI/SaMI/configs/../main.py", line 68, in <module>
    raise e
  File "/home/xi/yxh_space/SaMI/SaMI/configs/../main.py", line 43, in <module>
    train_env = DummyVecEnv(envs)
  File "/home/xi/anaconda3/envs/franky-sami/lib/python3.10/site-packages/stable_baselines3/common/vec_env/dummy_vec_env.py", line 31, in __init__
    self.envs = [_patch_env(fn()) for fn in env_fns]
  File "/home/xi/anaconda3/envs/franky-sami/lib/python3.10/site-packages/stable_baselines3/common/vec_env/dummy_vec_env.py", line 31, in <listcomp>
    self.envs = [_patch_env(fn()) for fn in env_fns]
  File "/home/xi/yxh_space/SaMI/SaMI/envs/utils/make_env.py", line 20, in _init
    env = gymnasium.make(f'PandaPush-v3',
  File "/home/xi/anaconda3/envs/franky-sami/lib/python3.10/site-packages/gymnasium/envs/registration.py", line 814, in make
    raise type(e)(
TypeError: Can't instantiate abstract class PushWrapper with abstract method _sample_object was raised from the environment creator for PandaPush-v3 with kwargs ({'reward_type': 'dense', 'control_type': 'ee', 'object_height': 1.0, 'causal_dim': 6, 'causal_hidden_dim': 128})
{'model_parameters': {'method': 'SaSAC', 'adversarial_loss_coef': 0.01, 'batch_size': 256, 'contrast_batch_size': 256, 'contrast_buffer_type': 'fine_grained', 'contrast_training_interval': 1, 'time_step': 6000000, 'causal_dim': 6, 'causal_hidden_dim': 128, 'buffer_size': 1000, 'use_weighted_info_nce': False, 'use_reward_norm': False, 'learning_rate': 0.001, 'train_freq': 128, 'gradient_steps': 16, 'encoder_tau': 0.05, 'neg_radio': 0.5, 'env_name': 'PandaPush-v3', 'env_hook': 'PandaHook', 'train_envs': '[(1, 1),(1, 2),(1, 3),(1, 4),(1, 5),(1, 6),(1, 1),(1, 10)]', 'test_envs': '[(0, 10), (1, 10), (10, 10), (30, 10)]', 'use_continue_train': False, 'save_video': False, 'seed': 100, 'config_path': '', 'test_eps_num_per_env': 50, 'use_wandb': False, 'wandb_project_name': 'skill-aware-rl', 'wandb_team_name': 'skill-aware-rl'}, 'save_path': '/home/xi/yxh_space/SaMI/SaMI/output', 'sub_save_path': '/home/xi/yxh_space/SaMI/SaMI/output/2025-04-15-11:23:48-171683', 'save_model_path': '/home/xi/yxh_space/SaMI/SaMI/output/2025-04-15-11:23:48-171683/model.zip', 'log_path': '/home/xi/yxh_space/SaMI/SaMI/output/2025-04-15-11:23:48-171683/log.txt', 'code_path': '/home/xi/yxh_space/SaMI/SaMI/output/2025-04-15-11:23:48-171683/code.zip', 'config_path': '/home/xi/yxh_space/SaMI/SaMI/output/2025-04-15-11:23:48-171683/config.yaml', 'test_path': '/home/xi/yxh_space/SaMI/SaMI/output/2025-04-15-11:23:48-171683/test_result.yaml', 'test_tsne_path': '/home/xi/yxh_space/SaMI/SaMI/output/2025-04-15-11:23:48-171683/tsne.jpg', 'test_table_path': '/home/xi/yxh_space/SaMI/SaMI/output/2025-04-15-11:23:48-171683/tables', 'test_image_path': '/home/xi/yxh_space/SaMI/SaMI/output/2025-04-15-11:23:48-171683/images', 'test_video_path': '/home/xi/yxh_space/SaMI/SaMI/output/2025-04-15-11:23:48-171683/videos'}
argv[0]=--background_color_red=0.8745098114013672
argv[1]=--background_color_green=0.21176470816135406
argv[2]=--background_color_blue=0.1764705926179886
Traceback (most recent call last):
  File "/home/xi/anaconda3/envs/franky-sami/lib/python3.10/site-packages/gymnasium/envs/registration.py", line 802, in make
    env = env_creator(**env_spec_kwargs)
  File "/home/xi/yxh_space/SaMI/SaMI/envs/PandaPush.py", line 75, in __init__
    task = PushWrapper(sim, reward_type=reward_type,object_height=object_height,goal_z_range=0.0)
TypeError: Can't instantiate abstract class PushWrapper with abstract method _sample_object

During handling of the above exception, another exception occurred:

Traceback (most recent call last):
  File "/home/xi/yxh_space/SaMI/SaMI/configs/../main.py", line 68, in <module>
    raise e
  File "/home/xi/yxh_space/SaMI/SaMI/configs/../main.py", line 43, in <module>
    train_env = DummyVecEnv(envs)
  File "/home/xi/anaconda3/envs/franky-sami/lib/python3.10/site-packages/stable_baselines3/common/vec_env/dummy_vec_env.py", line 31, in __init__
    self.envs = [_patch_env(fn()) for fn in env_fns]
  File "/home/xi/anaconda3/envs/franky-sami/lib/python3.10/site-packages/stable_baselines3/common/vec_env/dummy_vec_env.py", line 31, in <listcomp>
    self.envs = [_patch_env(fn()) for fn in env_fns]
  File "/home/xi/yxh_space/SaMI/SaMI/envs/utils/make_env.py", line 20, in _init
    env = gymnasium.make(f'PandaPush-v3',
  File "/home/xi/anaconda3/envs/franky-sami/lib/python3.10/site-packages/gymnasium/envs/registration.py", line 814, in make
    raise type(e)(
TypeError: Can't instantiate abstract class PushWrapper with abstract method _sample_object was raised from the environment creator for PandaPush-v3 with kwargs ({'reward_type': 'dense', 'control_type': 'ee', 'object_height': 1.0, 'causal_dim': 6, 'causal_hidden_dim': 128})
{'model_parameters': {'method': 'SaSAC', 'adversarial_loss_coef': 0.01, 'batch_size': 256, 'contrast_batch_size': 256, 'contrast_buffer_type': 'fine_grained', 'contrast_training_interval': 1, 'time_step': 5000000, 'causal_dim': 6, 'causal_hidden_dim': 128, 'buffer_size': 1000, 'use_weighted_info_nce': False, 'use_reward_norm': False, 'learning_rate': 0.001, 'train_freq': 128, 'gradient_steps': 16, 'encoder_tau': 0.05, 'neg_radio': 0.5, 'env_name': 'PandaPush-v3', 'env_hook': 'PandaHook', 'train_envs': '[(0, 1), (0, 5), (1, 1),(1, 5),(1, 10),(1, 2),(1, 3), (1, 1)]', 'test_envs': '[(0, 10), (1, 10), (10, 10), (30, 10)]', 'use_continue_train': False, 'save_video': False, 'seed': 100, 'config_path': '', 'test_eps_num_per_env': 50, 'use_wandb': False, 'wandb_project_name': 'skill-aware-rl', 'wandb_team_name': 'skill-aware-rl'}, 'save_path': '/home/xi/yxh_space/SaMI/SaMI/output', 'sub_save_path': '/home/xi/yxh_space/SaMI/SaMI/output/2025-04-15-11:23:48-180151', 'save_model_path': '/home/xi/yxh_space/SaMI/SaMI/output/2025-04-15-11:23:48-180151/model.zip', 'log_path': '/home/xi/yxh_space/SaMI/SaMI/output/2025-04-15-11:23:48-180151/log.txt', 'code_path': '/home/xi/yxh_space/SaMI/SaMI/output/2025-04-15-11:23:48-180151/code.zip', 'config_path': '/home/xi/yxh_space/SaMI/SaMI/output/2025-04-15-11:23:48-180151/config.yaml', 'test_path': '/home/xi/yxh_space/SaMI/SaMI/output/2025-04-15-11:23:48-180151/test_result.yaml', 'test_tsne_path': '/home/xi/yxh_space/SaMI/SaMI/output/2025-04-15-11:23:48-180151/tsne.jpg', 'test_table_path': '/home/xi/yxh_space/SaMI/SaMI/output/2025-04-15-11:23:48-180151/tables', 'test_image_path': '/home/xi/yxh_space/SaMI/SaMI/output/2025-04-15-11:23:48-180151/images', 'test_video_path': '/home/xi/yxh_space/SaMI/SaMI/output/2025-04-15-11:23:48-180151/videos'}
argv[0]=--background_color_red=0.8745098114013672
argv[1]=--background_color_green=0.21176470816135406
argv[2]=--background_color_blue=0.1764705926179886
Traceback (most recent call last):
  File "/home/xi/anaconda3/envs/franky-sami/lib/python3.10/site-packages/gymnasium/envs/registration.py", line 802, in make
    env = env_creator(**env_spec_kwargs)
  File "/home/xi/yxh_space/SaMI/SaMI/envs/PandaPush.py", line 75, in __init__
    task = PushWrapper(sim, reward_type=reward_type,object_height=object_height,goal_z_range=0.0)
TypeError: Can't instantiate abstract class PushWrapper with abstract method _sample_object

During handling of the above exception, another exception occurred:

Traceback (most recent call last):
  File "/home/xi/yxh_space/SaMI/SaMI/configs/../main.py", line 68, in <module>
    raise e
  File "/home/xi/yxh_space/SaMI/SaMI/configs/../main.py", line 43, in <module>
    train_env = DummyVecEnv(envs)
  File "/home/xi/anaconda3/envs/franky-sami/lib/python3.10/site-packages/stable_baselines3/common/vec_env/dummy_vec_env.py", line 31, in __init__
    self.envs = [_patch_env(fn()) for fn in env_fns]
  File "/home/xi/anaconda3/envs/franky-sami/lib/python3.10/site-packages/stable_baselines3/common/vec_env/dummy_vec_env.py", line 31, in <listcomp>
    self.envs = [_patch_env(fn()) for fn in env_fns]
  File "/home/xi/yxh_space/SaMI/SaMI/envs/utils/make_env.py", line 20, in _init
    env = gymnasium.make(f'PandaPush-v3',
  File "/home/xi/anaconda3/envs/franky-sami/lib/python3.10/site-packages/gymnasium/envs/registration.py", line 814, in make
    raise type(e)(
TypeError: Can't instantiate abstract class PushWrapper with abstract method _sample_object was raised from the environment creator for PandaPush-v3 with kwargs ({'reward_type': 'dense', 'control_type': 'ee', 'object_height': 1.0, 'causal_dim': 6, 'causal_hidden_dim': 128})
pybullet build time: Jan 29 2025 23:16:28
/home/xi/anaconda3/envs/franky-sami/lib/python3.10/site-packages/gymnasium/envs/registration.py:694: UserWarning: [33mWARN: Overriding environment PandaPush-v3 already in registry.[0m
  logger.warn(f"Overriding environment {new_spec.id} already in registry.")
/home/xi/anaconda3/envs/franky-sami/lib/python3.10/site-packages/gymnasium/envs/registration.py:694: UserWarning: [33mWARN: Overriding environment PandaPickAndPlace-v3 already in registry.[0m
  logger.warn(f"Overriding environment {new_spec.id} already in registry.")
pybullet build time: Jan 29 2025 23:16:28
pybullet build time: Jan 29 2025 23:16:28
pybullet build time: Jan 29 2025 23:16:28
/home/xi/anaconda3/envs/franky-sami/lib/python3.10/site-packages/gymnasium/envs/registration.py:694: UserWarning: [33mWARN: Overriding environment PandaPush-v3 already in registry.[0m
  logger.warn(f"Overriding environment {new_spec.id} already in registry.")
/home/xi/anaconda3/envs/franky-sami/lib/python3.10/site-packages/gymnasium/envs/registration.py:694: UserWarning: [33mWARN: Overriding environment PandaPickAndPlace-v3 already in registry.[0m
  logger.warn(f"Overriding environment {new_spec.id} already in registry.")
/home/xi/anaconda3/envs/franky-sami/lib/python3.10/site-packages/gymnasium/envs/registration.py:694: UserWarning: [33mWARN: Overriding environment PandaPush-v3 already in registry.[0m
  logger.warn(f"Overriding environment {new_spec.id} already in registry.")
/home/xi/anaconda3/envs/franky-sami/lib/python3.10/site-packages/gymnasium/envs/registration.py:694: UserWarning: [33mWARN: Overriding environment PandaPickAndPlace-v3 already in registry.[0m
  logger.warn(f"Overriding environment {new_spec.id} already in registry.")
/home/xi/anaconda3/envs/franky-sami/lib/python3.10/site-packages/gymnasium/envs/registration.py:694: UserWarning: [33mWARN: Overriding environment PandaPush-v3 already in registry.[0m
  logger.warn(f"Overriding environment {new_spec.id} already in registry.")
/home/xi/anaconda3/envs/franky-sami/lib/python3.10/site-packages/gymnasium/envs/registration.py:694: UserWarning: [33mWARN: Overriding environment PandaPickAndPlace-v3 already in registry.[0m
  logger.warn(f"Overriding environment {new_spec.id} already in registry.")
/home/xi/anaconda3/envs/franky-sami/lib/python3.10/site-packages/gymnasium/core.py:311: UserWarning: [33mWARN: env.task to get variables from other wrappers is deprecated and will be removed in v1.0, to get this variable you can do `env.unwrapped.task` for environment variables or `env.get_wrapper_attr('task')` that will search the reminding wrappers.[0m
  logger.warn(
/home/xi/anaconda3/envs/franky-sami/lib/python3.10/site-packages/gymnasium/core.py:311: UserWarning: [33mWARN: env.set_obs_friction_mass to get variables from other wrappers is deprecated and will be removed in v1.0, to get this variable you can do `env.unwrapped.set_obs_friction_mass` for environment variables or `env.get_wrapper_attr('set_obs_friction_mass')` that will search the reminding wrappers.[0m
  logger.warn(
/home/xi/anaconda3/envs/franky-sami/lib/python3.10/site-packages/gymnasium/utils/passive_env_checker.py:135: UserWarning: [33mWARN: The obs returned by the `reset()` method was expecting numpy array dtype to be float32, actual type: float64[0m
  logger.warn(
/home/xi/anaconda3/envs/franky-sami/lib/python3.10/site-packages/gymnasium/utils/passive_env_checker.py:159: UserWarning: [33mWARN: The obs returned by the `reset()` method is not within the observation space.[0m
  logger.warn(f"{pre} is not within the observation space.")
/home/xi/anaconda3/envs/franky-sami/lib/python3.10/site-packages/gymnasium/core.py:311: UserWarning: [33mWARN: env.task to get variables from other wrappers is deprecated and will be removed in v1.0, to get this variable you can do `env.unwrapped.task` for environment variables or `env.get_wrapper_attr('task')` that will search the reminding wrappers.[0m
  logger.warn(
/home/xi/anaconda3/envs/franky-sami/lib/python3.10/site-packages/gymnasium/core.py:311: UserWarning: [33mWARN: env.set_obs_friction_mass to get variables from other wrappers is deprecated and will be removed in v1.0, to get this variable you can do `env.unwrapped.set_obs_friction_mass` for environment variables or `env.get_wrapper_attr('set_obs_friction_mass')` that will search the reminding wrappers.[0m
  logger.warn(
/home/xi/anaconda3/envs/franky-sami/lib/python3.10/site-packages/gymnasium/utils/passive_env_checker.py:135: UserWarning: [33mWARN: The obs returned by the `reset()` method was expecting numpy array dtype to be float32, actual type: float64[0m
  logger.warn(
/home/xi/anaconda3/envs/franky-sami/lib/python3.10/site-packages/gymnasium/utils/passive_env_checker.py:159: UserWarning: [33mWARN: The obs returned by the `reset()` method is not within the observation space.[0m
  logger.warn(f"{pre} is not within the observation space.")
/home/xi/anaconda3/envs/franky-sami/lib/python3.10/site-packages/gymnasium/core.py:311: UserWarning: [33mWARN: env.task to get variables from other wrappers is deprecated and will be removed in v1.0, to get this variable you can do `env.unwrapped.task` for environment variables or `env.get_wrapper_attr('task')` that will search the reminding wrappers.[0m
  logger.warn(
/home/xi/anaconda3/envs/franky-sami/lib/python3.10/site-packages/gymnasium/core.py:311: UserWarning: [33mWARN: env.set_obs_friction_mass to get variables from other wrappers is deprecated and will be removed in v1.0, to get this variable you can do `env.unwrapped.set_obs_friction_mass` for environment variables or `env.get_wrapper_attr('set_obs_friction_mass')` that will search the reminding wrappers.[0m
  logger.warn(
/home/xi/anaconda3/envs/franky-sami/lib/python3.10/site-packages/gymnasium/utils/passive_env_checker.py:135: UserWarning: [33mWARN: The obs returned by the `reset()` method was expecting numpy array dtype to be float32, actual type: float64[0m
  logger.warn(
/home/xi/anaconda3/envs/franky-sami/lib/python3.10/site-packages/gymnasium/utils/passive_env_checker.py:159: UserWarning: [33mWARN: The obs returned by the `reset()` method is not within the observation space.[0m
  logger.warn(f"{pre} is not within the observation space.")
/home/xi/anaconda3/envs/franky-sami/lib/python3.10/site-packages/gymnasium/core.py:311: UserWarning: [33mWARN: env.task to get variables from other wrappers is deprecated and will be removed in v1.0, to get this variable you can do `env.unwrapped.task` for environment variables or `env.get_wrapper_attr('task')` that will search the reminding wrappers.[0m
  logger.warn(
/home/xi/anaconda3/envs/franky-sami/lib/python3.10/site-packages/gymnasium/core.py:311: UserWarning: [33mWARN: env.set_obs_friction_mass to get variables from other wrappers is deprecated and will be removed in v1.0, to get this variable you can do `env.unwrapped.set_obs_friction_mass` for environment variables or `env.get_wrapper_attr('set_obs_friction_mass')` that will search the reminding wrappers.[0m
  logger.warn(
/home/xi/anaconda3/envs/franky-sami/lib/python3.10/site-packages/gymnasium/utils/passive_env_checker.py:135: UserWarning: [33mWARN: The obs returned by the `reset()` method was expecting numpy array dtype to be float32, actual type: float64[0m
  logger.warn(
/home/xi/anaconda3/envs/franky-sami/lib/python3.10/site-packages/gymnasium/utils/passive_env_checker.py:159: UserWarning: [33mWARN: The obs returned by the `reset()` method is not within the observation space.[0m
  logger.warn(f"{pre} is not within the observation space.")
/home/xi/anaconda3/envs/franky-sami/lib/python3.10/site-packages/gymnasium/utils/passive_env_checker.py:135: UserWarning: [33mWARN: The obs returned by the `step()` method was expecting numpy array dtype to be float32, actual type: float64[0m
  logger.warn(
/home/xi/anaconda3/envs/franky-sami/lib/python3.10/site-packages/gymnasium/utils/passive_env_checker.py:159: UserWarning: [33mWARN: The obs returned by the `step()` method is not within the observation space.[0m
  logger.warn(f"{pre} is not within the observation space.")
/home/xi/anaconda3/envs/franky-sami/lib/python3.10/site-packages/gymnasium/utils/passive_env_checker.py:135: UserWarning: [33mWARN: The obs returned by the `step()` method was expecting numpy array dtype to be float32, actual type: float64[0m
  logger.warn(
/home/xi/anaconda3/envs/franky-sami/lib/python3.10/site-packages/gymnasium/utils/passive_env_checker.py:159: UserWarning: [33mWARN: The obs returned by the `step()` method is not within the observation space.[0m
  logger.warn(f"{pre} is not within the observation space.")
/home/xi/anaconda3/envs/franky-sami/lib/python3.10/site-packages/gymnasium/utils/passive_env_checker.py:135: UserWarning: [33mWARN: The obs returned by the `step()` method was expecting numpy array dtype to be float32, actual type: float64[0m
  logger.warn(
/home/xi/anaconda3/envs/franky-sami/lib/python3.10/site-packages/gymnasium/utils/passive_env_checker.py:159: UserWarning: [33mWARN: The obs returned by the `step()` method is not within the observation space.[0m
  logger.warn(f"{pre} is not within the observation space.")
/home/xi/anaconda3/envs/franky-sami/lib/python3.10/site-packages/gymnasium/utils/passive_env_checker.py:135: UserWarning: [33mWARN: The obs returned by the `step()` method was expecting numpy array dtype to be float32, actual type: float64[0m
  logger.warn(
/home/xi/anaconda3/envs/franky-sami/lib/python3.10/site-packages/gymnasium/utils/passive_env_checker.py:159: UserWarning: [33mWARN: The obs returned by the `step()` method is not within the observation space.[0m
  logger.warn(f"{pre} is not within the observation space.")
pybullet build time: Jan 29 2025 23:16:28
/home/xi/anaconda3/envs/franky-sami/lib/python3.10/site-packages/gymnasium/envs/registration.py:694: UserWarning: [33mWARN: Overriding environment PandaPush-v3 already in registry.[0m
  logger.warn(f"Overriding environment {new_spec.id} already in registry.")
/home/xi/anaconda3/envs/franky-sami/lib/python3.10/site-packages/gymnasium/envs/registration.py:694: UserWarning: [33mWARN: Overriding environment PandaPickAndPlace-v3 already in registry.[0m
  logger.warn(f"Overriding environment {new_spec.id} already in registry.")
pybullet build time: Jan 29 2025 23:16:28
/home/xi/anaconda3/envs/franky-sami/lib/python3.10/site-packages/gymnasium/envs/registration.py:694: UserWarning: [33mWARN: Overriding environment PandaPush-v3 already in registry.[0m
  logger.warn(f"Overriding environment {new_spec.id} already in registry.")
/home/xi/anaconda3/envs/franky-sami/lib/python3.10/site-packages/gymnasium/envs/registration.py:694: UserWarning: [33mWARN: Overriding environment PandaPickAndPlace-v3 already in registry.[0m
  logger.warn(f"Overriding environment {new_spec.id} already in registry.")
/home/xi/anaconda3/envs/franky-sami/lib/python3.10/site-packages/gymnasium/core.py:311: UserWarning: [33mWARN: env.task to get variables from other wrappers is deprecated and will be removed in v1.0, to get this variable you can do `env.unwrapped.task` for environment variables or `env.get_wrapper_attr('task')` that will search the reminding wrappers.[0m
  logger.warn(
/home/xi/anaconda3/envs/franky-sami/lib/python3.10/site-packages/gymnasium/core.py:311: UserWarning: [33mWARN: env.set_obs_friction_mass to get variables from other wrappers is deprecated and will be removed in v1.0, to get this variable you can do `env.unwrapped.set_obs_friction_mass` for environment variables or `env.get_wrapper_attr('set_obs_friction_mass')` that will search the reminding wrappers.[0m
  logger.warn(
/home/xi/anaconda3/envs/franky-sami/lib/python3.10/site-packages/gymnasium/utils/passive_env_checker.py:135: UserWarning: [33mWARN: The obs returned by the `reset()` method was expecting numpy array dtype to be float32, actual type: float64[0m
  logger.warn(
/home/xi/anaconda3/envs/franky-sami/lib/python3.10/site-packages/gymnasium/utils/passive_env_checker.py:159: UserWarning: [33mWARN: The obs returned by the `reset()` method is not within the observation space.[0m
  logger.warn(f"{pre} is not within the observation space.")
/home/xi/anaconda3/envs/franky-sami/lib/python3.10/site-packages/gymnasium/core.py:311: UserWarning: [33mWARN: env.task to get variables from other wrappers is deprecated and will be removed in v1.0, to get this variable you can do `env.unwrapped.task` for environment variables or `env.get_wrapper_attr('task')` that will search the reminding wrappers.[0m
  logger.warn(
/home/xi/anaconda3/envs/franky-sami/lib/python3.10/site-packages/gymnasium/core.py:311: UserWarning: [33mWARN: env.set_obs_friction_mass to get variables from other wrappers is deprecated and will be removed in v1.0, to get this variable you can do `env.unwrapped.set_obs_friction_mass` for environment variables or `env.get_wrapper_attr('set_obs_friction_mass')` that will search the reminding wrappers.[0m
  logger.warn(
/home/xi/anaconda3/envs/franky-sami/lib/python3.10/site-packages/gymnasium/utils/passive_env_checker.py:135: UserWarning: [33mWARN: The obs returned by the `reset()` method was expecting numpy array dtype to be float32, actual type: float64[0m
  logger.warn(
/home/xi/anaconda3/envs/franky-sami/lib/python3.10/site-packages/gymnasium/utils/passive_env_checker.py:159: UserWarning: [33mWARN: The obs returned by the `reset()` method is not within the observation space.[0m
  logger.warn(f"{pre} is not within the observation space.")
/home/xi/anaconda3/envs/franky-sami/lib/python3.10/site-packages/gymnasium/utils/passive_env_checker.py:135: UserWarning: [33mWARN: The obs returned by the `step()` method was expecting numpy array dtype to be float32, actual type: float64[0m
  logger.warn(
/home/xi/anaconda3/envs/franky-sami/lib/python3.10/site-packages/gymnasium/utils/passive_env_checker.py:159: UserWarning: [33mWARN: The obs returned by the `step()` method is not within the observation space.[0m
  logger.warn(f"{pre} is not within the observation space.")
/home/xi/anaconda3/envs/franky-sami/lib/python3.10/site-packages/gymnasium/utils/passive_env_checker.py:135: UserWarning: [33mWARN: The obs returned by the `step()` method was expecting numpy array dtype to be float32, actual type: float64[0m
  logger.warn(
/home/xi/anaconda3/envs/franky-sami/lib/python3.10/site-packages/gymnasium/utils/passive_env_checker.py:159: UserWarning: [33mWARN: The obs returned by the `step()` method is not within the observation space.[0m
  logger.warn(f"{pre} is not within the observation space.")
pybullet build time: Jan 29 2025 23:16:28
/home/xi/anaconda3/envs/franky-sami/lib/python3.10/site-packages/gymnasium/envs/registration.py:694: UserWarning: [33mWARN: Overriding environment PandaPush-v3 already in registry.[0m
  logger.warn(f"Overriding environment {new_spec.id} already in registry.")
/home/xi/anaconda3/envs/franky-sami/lib/python3.10/site-packages/gymnasium/envs/registration.py:694: UserWarning: [33mWARN: Overriding environment PandaPickAndPlace-v3 already in registry.[0m
  logger.warn(f"Overriding environment {new_spec.id} already in registry.")
pybullet build time: Jan 29 2025 23:16:28
/home/xi/anaconda3/envs/franky-sami/lib/python3.10/site-packages/gymnasium/envs/registration.py:694: UserWarning: [33mWARN: Overriding environment PandaPush-v3 already in registry.[0m
  logger.warn(f"Overriding environment {new_spec.id} already in registry.")
/home/xi/anaconda3/envs/franky-sami/lib/python3.10/site-packages/gymnasium/envs/registration.py:694: UserWarning: [33mWARN: Overriding environment PandaPickAndPlace-v3 already in registry.[0m
  logger.warn(f"Overriding environment {new_spec.id} already in registry.")
/home/xi/anaconda3/envs/franky-sami/lib/python3.10/site-packages/gymnasium/core.py:311: UserWarning: [33mWARN: env.task to get variables from other wrappers is deprecated and will be removed in v1.0, to get this variable you can do `env.unwrapped.task` for environment variables or `env.get_wrapper_attr('task')` that will search the reminding wrappers.[0m
  logger.warn(
/home/xi/anaconda3/envs/franky-sami/lib/python3.10/site-packages/gymnasium/core.py:311: UserWarning: [33mWARN: env.set_obs_friction_mass to get variables from other wrappers is deprecated and will be removed in v1.0, to get this variable you can do `env.unwrapped.set_obs_friction_mass` for environment variables or `env.get_wrapper_attr('set_obs_friction_mass')` that will search the reminding wrappers.[0m
  logger.warn(
/home/xi/anaconda3/envs/franky-sami/lib/python3.10/site-packages/gymnasium/utils/passive_env_checker.py:135: UserWarning: [33mWARN: The obs returned by the `reset()` method was expecting numpy array dtype to be float32, actual type: float64[0m
  logger.warn(
/home/xi/anaconda3/envs/franky-sami/lib/python3.10/site-packages/gymnasium/utils/passive_env_checker.py:159: UserWarning: [33mWARN: The obs returned by the `reset()` method is not within the observation space.[0m
  logger.warn(f"{pre} is not within the observation space.")
/home/xi/anaconda3/envs/franky-sami/lib/python3.10/site-packages/gymnasium/core.py:311: UserWarning: [33mWARN: env.task to get variables from other wrappers is deprecated and will be removed in v1.0, to get this variable you can do `env.unwrapped.task` for environment variables or `env.get_wrapper_attr('task')` that will search the reminding wrappers.[0m
  logger.warn(
/home/xi/anaconda3/envs/franky-sami/lib/python3.10/site-packages/gymnasium/core.py:311: UserWarning: [33mWARN: env.set_obs_friction_mass to get variables from other wrappers is deprecated and will be removed in v1.0, to get this variable you can do `env.unwrapped.set_obs_friction_mass` for environment variables or `env.get_wrapper_attr('set_obs_friction_mass')` that will search the reminding wrappers.[0m
  logger.warn(
/home/xi/anaconda3/envs/franky-sami/lib/python3.10/site-packages/gymnasium/utils/passive_env_checker.py:135: UserWarning: [33mWARN: The obs returned by the `reset()` method was expecting numpy array dtype to be float32, actual type: float64[0m
  logger.warn(
/home/xi/anaconda3/envs/franky-sami/lib/python3.10/site-packages/gymnasium/utils/passive_env_checker.py:159: UserWarning: [33mWARN: The obs returned by the `reset()` method is not within the observation space.[0m
  logger.warn(f"{pre} is not within the observation space.")
/home/xi/anaconda3/envs/franky-sami/lib/python3.10/site-packages/gymnasium/utils/passive_env_checker.py:135: UserWarning: [33mWARN: The obs returned by the `step()` method was expecting numpy array dtype to be float32, actual type: float64[0m
  logger.warn(
/home/xi/anaconda3/envs/franky-sami/lib/python3.10/site-packages/gymnasium/utils/passive_env_checker.py:159: UserWarning: [33mWARN: The obs returned by the `step()` method is not within the observation space.[0m
  logger.warn(f"{pre} is not within the observation space.")
/home/xi/anaconda3/envs/franky-sami/lib/python3.10/site-packages/gymnasium/utils/passive_env_checker.py:135: UserWarning: [33mWARN: The obs returned by the `step()` method was expecting numpy array dtype to be float32, actual type: float64[0m
  logger.warn(
/home/xi/anaconda3/envs/franky-sami/lib/python3.10/site-packages/gymnasium/utils/passive_env_checker.py:159: UserWarning: [33mWARN: The obs returned by the `step()` method is not within the observation space.[0m
  logger.warn(f"{pre} is not within the observation space.")
pybullet build time: Jan 29 2025 23:16:28
pybullet build time: Jan 29 2025 23:16:28
/home/xi/anaconda3/envs/franky-sami/lib/python3.10/site-packages/gymnasium/envs/registration.py:694: UserWarning: [33mWARN: Overriding environment PandaPush-v3 already in registry.[0m
  logger.warn(f"Overriding environment {new_spec.id} already in registry.")
/home/xi/anaconda3/envs/franky-sami/lib/python3.10/site-packages/gymnasium/envs/registration.py:694: UserWarning: [33mWARN: Overriding environment PandaPush-v3 already in registry.[0m
  logger.warn(f"Overriding environment {new_spec.id} already in registry.")
/home/xi/anaconda3/envs/franky-sami/lib/python3.10/site-packages/gymnasium/envs/registration.py:694: UserWarning: [33mWARN: Overriding environment PandaPickAndPlace-v3 already in registry.[0m
  logger.warn(f"Overriding environment {new_spec.id} already in registry.")
/home/xi/anaconda3/envs/franky-sami/lib/python3.10/site-packages/gymnasium/envs/registration.py:694: UserWarning: [33mWARN: Overriding environment PandaPickAndPlace-v3 already in registry.[0m
  logger.warn(f"Overriding environment {new_spec.id} already in registry.")
/home/xi/anaconda3/envs/franky-sami/lib/python3.10/site-packages/gymnasium/core.py:311: UserWarning: [33mWARN: env.task to get variables from other wrappers is deprecated and will be removed in v1.0, to get this variable you can do `env.unwrapped.task` for environment variables or `env.get_wrapper_attr('task')` that will search the reminding wrappers.[0m
  logger.warn(
/home/xi/anaconda3/envs/franky-sami/lib/python3.10/site-packages/gymnasium/core.py:311: UserWarning: [33mWARN: env.set_obs_friction_mass to get variables from other wrappers is deprecated and will be removed in v1.0, to get this variable you can do `env.unwrapped.set_obs_friction_mass` for environment variables or `env.get_wrapper_attr('set_obs_friction_mass')` that will search the reminding wrappers.[0m
  logger.warn(
/home/xi/anaconda3/envs/franky-sami/lib/python3.10/site-packages/gymnasium/utils/passive_env_checker.py:135: UserWarning: [33mWARN: The obs returned by the `reset()` method was expecting numpy array dtype to be float32, actual type: float64[0m
  logger.warn(
/home/xi/anaconda3/envs/franky-sami/lib/python3.10/site-packages/gymnasium/utils/passive_env_checker.py:159: UserWarning: [33mWARN: The obs returned by the `reset()` method is not within the observation space.[0m
  logger.warn(f"{pre} is not within the observation space.")
/home/xi/anaconda3/envs/franky-sami/lib/python3.10/site-packages/gymnasium/core.py:311: UserWarning: [33mWARN: env.task to get variables from other wrappers is deprecated and will be removed in v1.0, to get this variable you can do `env.unwrapped.task` for environment variables or `env.get_wrapper_attr('task')` that will search the reminding wrappers.[0m
  logger.warn(
/home/xi/anaconda3/envs/franky-sami/lib/python3.10/site-packages/gymnasium/core.py:311: UserWarning: [33mWARN: env.set_obs_friction_mass to get variables from other wrappers is deprecated and will be removed in v1.0, to get this variable you can do `env.unwrapped.set_obs_friction_mass` for environment variables or `env.get_wrapper_attr('set_obs_friction_mass')` that will search the reminding wrappers.[0m
  logger.warn(
/home/xi/anaconda3/envs/franky-sami/lib/python3.10/site-packages/gymnasium/utils/passive_env_checker.py:135: UserWarning: [33mWARN: The obs returned by the `reset()` method was expecting numpy array dtype to be float32, actual type: float64[0m
  logger.warn(
/home/xi/anaconda3/envs/franky-sami/lib/python3.10/site-packages/gymnasium/utils/passive_env_checker.py:159: UserWarning: [33mWARN: The obs returned by the `reset()` method is not within the observation space.[0m
  logger.warn(f"{pre} is not within the observation space.")
/home/xi/anaconda3/envs/franky-sami/lib/python3.10/site-packages/gymnasium/utils/passive_env_checker.py:135: UserWarning: [33mWARN: The obs returned by the `step()` method was expecting numpy array dtype to be float32, actual type: float64[0m
  logger.warn(
/home/xi/anaconda3/envs/franky-sami/lib/python3.10/site-packages/gymnasium/utils/passive_env_checker.py:159: UserWarning: [33mWARN: The obs returned by the `step()` method is not within the observation space.[0m
  logger.warn(f"{pre} is not within the observation space.")
/home/xi/anaconda3/envs/franky-sami/lib/python3.10/site-packages/gymnasium/utils/passive_env_checker.py:135: UserWarning: [33mWARN: The obs returned by the `step()` method was expecting numpy array dtype to be float32, actual type: float64[0m
  logger.warn(
/home/xi/anaconda3/envs/franky-sami/lib/python3.10/site-packages/gymnasium/utils/passive_env_checker.py:159: UserWarning: [33mWARN: The obs returned by the `step()` method is not within the observation space.[0m
  logger.warn(f"{pre} is not within the observation space.")
pybullet build time: Jan 29 2025 23:16:28
/home/xi/anaconda3/envs/franky-sami/lib/python3.10/site-packages/gymnasium/envs/registration.py:694: UserWarning: [33mWARN: Overriding environment PandaPush-v3 already in registry.[0m
  logger.warn(f"Overriding environment {new_spec.id} already in registry.")
/home/xi/anaconda3/envs/franky-sami/lib/python3.10/site-packages/gymnasium/envs/registration.py:694: UserWarning: [33mWARN: Overriding environment PandaPickAndPlace-v3 already in registry.[0m
  logger.warn(f"Overriding environment {new_spec.id} already in registry.")
pybullet build time: Jan 29 2025 23:16:28
pybullet build time: Jan 29 2025 23:16:28
/home/xi/anaconda3/envs/franky-sami/lib/python3.10/site-packages/gymnasium/envs/registration.py:694: UserWarning: [33mWARN: Overriding environment PandaPush-v3 already in registry.[0m
  logger.warn(f"Overriding environment {new_spec.id} already in registry.")
/home/xi/anaconda3/envs/franky-sami/lib/python3.10/site-packages/gymnasium/envs/registration.py:694: UserWarning: [33mWARN: Overriding environment PandaPickAndPlace-v3 already in registry.[0m
  logger.warn(f"Overriding environment {new_spec.id} already in registry.")
pybullet build time: Jan 29 2025 23:16:28
/home/xi/anaconda3/envs/franky-sami/lib/python3.10/site-packages/gymnasium/envs/registration.py:694: UserWarning: [33mWARN: Overriding environment PandaPush-v3 already in registry.[0m
  logger.warn(f"Overriding environment {new_spec.id} already in registry.")
/home/xi/anaconda3/envs/franky-sami/lib/python3.10/site-packages/gymnasium/envs/registration.py:694: UserWarning: [33mWARN: Overriding environment PandaPickAndPlace-v3 already in registry.[0m
  logger.warn(f"Overriding environment {new_spec.id} already in registry.")
/home/xi/anaconda3/envs/franky-sami/lib/python3.10/site-packages/gymnasium/envs/registration.py:694: UserWarning: [33mWARN: Overriding environment PandaPush-v3 already in registry.[0m
  logger.warn(f"Overriding environment {new_spec.id} already in registry.")
/home/xi/anaconda3/envs/franky-sami/lib/python3.10/site-packages/gymnasium/envs/registration.py:694: UserWarning: [33mWARN: Overriding environment PandaPickAndPlace-v3 already in registry.[0m
  logger.warn(f"Overriding environment {new_spec.id} already in registry.")
/home/xi/anaconda3/envs/franky-sami/lib/python3.10/site-packages/gymnasium/core.py:311: UserWarning: [33mWARN: env.task to get variables from other wrappers is deprecated and will be removed in v1.0, to get this variable you can do `env.unwrapped.task` for environment variables or `env.get_wrapper_attr('task')` that will search the reminding wrappers.[0m
  logger.warn(
/home/xi/anaconda3/envs/franky-sami/lib/python3.10/site-packages/gymnasium/core.py:311: UserWarning: [33mWARN: env.set_obs_friction_mass to get variables from other wrappers is deprecated and will be removed in v1.0, to get this variable you can do `env.unwrapped.set_obs_friction_mass` for environment variables or `env.get_wrapper_attr('set_obs_friction_mass')` that will search the reminding wrappers.[0m
  logger.warn(
/home/xi/anaconda3/envs/franky-sami/lib/python3.10/site-packages/gymnasium/utils/passive_env_checker.py:135: UserWarning: [33mWARN: The obs returned by the `reset()` method was expecting numpy array dtype to be float32, actual type: float64[0m
  logger.warn(
/home/xi/anaconda3/envs/franky-sami/lib/python3.10/site-packages/gymnasium/utils/passive_env_checker.py:159: UserWarning: [33mWARN: The obs returned by the `reset()` method is not within the observation space.[0m
  logger.warn(f"{pre} is not within the observation space.")
/home/xi/anaconda3/envs/franky-sami/lib/python3.10/site-packages/gymnasium/core.py:311: UserWarning: [33mWARN: env.task to get variables from other wrappers is deprecated and will be removed in v1.0, to get this variable you can do `env.unwrapped.task` for environment variables or `env.get_wrapper_attr('task')` that will search the reminding wrappers.[0m
  logger.warn(
/home/xi/anaconda3/envs/franky-sami/lib/python3.10/site-packages/gymnasium/core.py:311: UserWarning: [33mWARN: env.set_obs_friction_mass to get variables from other wrappers is deprecated and will be removed in v1.0, to get this variable you can do `env.unwrapped.set_obs_friction_mass` for environment variables or `env.get_wrapper_attr('set_obs_friction_mass')` that will search the reminding wrappers.[0m
  logger.warn(
/home/xi/anaconda3/envs/franky-sami/lib/python3.10/site-packages/gymnasium/utils/passive_env_checker.py:135: UserWarning: [33mWARN: The obs returned by the `reset()` method was expecting numpy array dtype to be float32, actual type: float64[0m
  logger.warn(
/home/xi/anaconda3/envs/franky-sami/lib/python3.10/site-packages/gymnasium/utils/passive_env_checker.py:159: UserWarning: [33mWARN: The obs returned by the `reset()` method is not within the observation space.[0m
  logger.warn(f"{pre} is not within the observation space.")
/home/xi/anaconda3/envs/franky-sami/lib/python3.10/site-packages/gymnasium/core.py:311: UserWarning: [33mWARN: env.task to get variables from other wrappers is deprecated and will be removed in v1.0, to get this variable you can do `env.unwrapped.task` for environment variables or `env.get_wrapper_attr('task')` that will search the reminding wrappers.[0m
  logger.warn(
/home/xi/anaconda3/envs/franky-sami/lib/python3.10/site-packages/gymnasium/core.py:311: UserWarning: [33mWARN: env.set_obs_friction_mass to get variables from other wrappers is deprecated and will be removed in v1.0, to get this variable you can do `env.unwrapped.set_obs_friction_mass` for environment variables or `env.get_wrapper_attr('set_obs_friction_mass')` that will search the reminding wrappers.[0m
  logger.warn(
/home/xi/anaconda3/envs/franky-sami/lib/python3.10/site-packages/gymnasium/utils/passive_env_checker.py:135: UserWarning: [33mWARN: The obs returned by the `reset()` method was expecting numpy array dtype to be float32, actual type: float64[0m
  logger.warn(
/home/xi/anaconda3/envs/franky-sami/lib/python3.10/site-packages/gymnasium/utils/passive_env_checker.py:159: UserWarning: [33mWARN: The obs returned by the `reset()` method is not within the observation space.[0m
  logger.warn(f"{pre} is not within the observation space.")
/home/xi/anaconda3/envs/franky-sami/lib/python3.10/site-packages/gymnasium/core.py:311: UserWarning: [33mWARN: env.task to get variables from other wrappers is deprecated and will be removed in v1.0, to get this variable you can do `env.unwrapped.task` for environment variables or `env.get_wrapper_attr('task')` that will search the reminding wrappers.[0m
  logger.warn(
/home/xi/anaconda3/envs/franky-sami/lib/python3.10/site-packages/gymnasium/core.py:311: UserWarning: [33mWARN: env.set_obs_friction_mass to get variables from other wrappers is deprecated and will be removed in v1.0, to get this variable you can do `env.unwrapped.set_obs_friction_mass` for environment variables or `env.get_wrapper_attr('set_obs_friction_mass')` that will search the reminding wrappers.[0m
  logger.warn(
/home/xi/anaconda3/envs/franky-sami/lib/python3.10/site-packages/gymnasium/utils/passive_env_checker.py:135: UserWarning: [33mWARN: The obs returned by the `reset()` method was expecting numpy array dtype to be float32, actual type: float64[0m
  logger.warn(
/home/xi/anaconda3/envs/franky-sami/lib/python3.10/site-packages/gymnasium/utils/passive_env_checker.py:159: UserWarning: [33mWARN: The obs returned by the `reset()` method is not within the observation space.[0m
  logger.warn(f"{pre} is not within the observation space.")
/home/xi/anaconda3/envs/franky-sami/lib/python3.10/site-packages/gymnasium/utils/passive_env_checker.py:135: UserWarning: [33mWARN: The obs returned by the `step()` method was expecting numpy array dtype to be float32, actual type: float64[0m
  logger.warn(
/home/xi/anaconda3/envs/franky-sami/lib/python3.10/site-packages/gymnasium/utils/passive_env_checker.py:159: UserWarning: [33mWARN: The obs returned by the `step()` method is not within the observation space.[0m
  logger.warn(f"{pre} is not within the observation space.")
/home/xi/anaconda3/envs/franky-sami/lib/python3.10/site-packages/gymnasium/utils/passive_env_checker.py:135: UserWarning: [33mWARN: The obs returned by the `step()` method was expecting numpy array dtype to be float32, actual type: float64[0m
  logger.warn(
/home/xi/anaconda3/envs/franky-sami/lib/python3.10/site-packages/gymnasium/utils/passive_env_checker.py:159: UserWarning: [33mWARN: The obs returned by the `step()` method is not within the observation space.[0m
  logger.warn(f"{pre} is not within the observation space.")
/home/xi/anaconda3/envs/franky-sami/lib/python3.10/site-packages/gymnasium/utils/passive_env_checker.py:135: UserWarning: [33mWARN: The obs returned by the `step()` method was expecting numpy array dtype to be float32, actual type: float64[0m
  logger.warn(
/home/xi/anaconda3/envs/franky-sami/lib/python3.10/site-packages/gymnasium/utils/passive_env_checker.py:159: UserWarning: [33mWARN: The obs returned by the `step()` method is not within the observation space.[0m
  logger.warn(f"{pre} is not within the observation space.")
/home/xi/anaconda3/envs/franky-sami/lib/python3.10/site-packages/gymnasium/utils/passive_env_checker.py:135: UserWarning: [33mWARN: The obs returned by the `step()` method was expecting numpy array dtype to be float32, actual type: float64[0m
  logger.warn(
/home/xi/anaconda3/envs/franky-sami/lib/python3.10/site-packages/gymnasium/utils/passive_env_checker.py:159: UserWarning: [33mWARN: The obs returned by the `step()` method is not within the observation space.[0m
  logger.warn(f"{pre} is not within the observation space.")
pybullet build time: Jan 29 2025 23:16:28
pybullet build time: Jan 29 2025 23:16:28
/home/xi/anaconda3/envs/franky-sami/lib/python3.10/site-packages/gymnasium/envs/registration.py:694: UserWarning: [33mWARN: Overriding environment PandaPush-v3 already in registry.[0m
  logger.warn(f"Overriding environment {new_spec.id} already in registry.")
/home/xi/anaconda3/envs/franky-sami/lib/python3.10/site-packages/gymnasium/envs/registration.py:694: UserWarning: [33mWARN: Overriding environment PandaPickAndPlace-v3 already in registry.[0m
  logger.warn(f"Overriding environment {new_spec.id} already in registry.")
/home/xi/anaconda3/envs/franky-sami/lib/python3.10/site-packages/gymnasium/envs/registration.py:694: UserWarning: [33mWARN: Overriding environment PandaPush-v3 already in registry.[0m
  logger.warn(f"Overriding environment {new_spec.id} already in registry.")
/home/xi/anaconda3/envs/franky-sami/lib/python3.10/site-packages/gymnasium/envs/registration.py:694: UserWarning: [33mWARN: Overriding environment PandaPickAndPlace-v3 already in registry.[0m
  logger.warn(f"Overriding environment {new_spec.id} already in registry.")
/home/xi/anaconda3/envs/franky-sami/lib/python3.10/site-packages/gymnasium/core.py:311: UserWarning: [33mWARN: env.task to get variables from other wrappers is deprecated and will be removed in v1.0, to get this variable you can do `env.unwrapped.task` for environment variables or `env.get_wrapper_attr('task')` that will search the reminding wrappers.[0m
  logger.warn(
/home/xi/anaconda3/envs/franky-sami/lib/python3.10/site-packages/gymnasium/core.py:311: UserWarning: [33mWARN: env.set_obs_friction_mass to get variables from other wrappers is deprecated and will be removed in v1.0, to get this variable you can do `env.unwrapped.set_obs_friction_mass` for environment variables or `env.get_wrapper_attr('set_obs_friction_mass')` that will search the reminding wrappers.[0m
  logger.warn(
/home/xi/anaconda3/envs/franky-sami/lib/python3.10/site-packages/gymnasium/utils/passive_env_checker.py:135: UserWarning: [33mWARN: The obs returned by the `reset()` method was expecting numpy array dtype to be float32, actual type: float64[0m
  logger.warn(
/home/xi/anaconda3/envs/franky-sami/lib/python3.10/site-packages/gymnasium/utils/passive_env_checker.py:159: UserWarning: [33mWARN: The obs returned by the `reset()` method is not within the observation space.[0m
  logger.warn(f"{pre} is not within the observation space.")
/home/xi/anaconda3/envs/franky-sami/lib/python3.10/site-packages/gymnasium/core.py:311: UserWarning: [33mWARN: env.task to get variables from other wrappers is deprecated and will be removed in v1.0, to get this variable you can do `env.unwrapped.task` for environment variables or `env.get_wrapper_attr('task')` that will search the reminding wrappers.[0m
  logger.warn(
/home/xi/anaconda3/envs/franky-sami/lib/python3.10/site-packages/gymnasium/core.py:311: UserWarning: [33mWARN: env.set_obs_friction_mass to get variables from other wrappers is deprecated and will be removed in v1.0, to get this variable you can do `env.unwrapped.set_obs_friction_mass` for environment variables or `env.get_wrapper_attr('set_obs_friction_mass')` that will search the reminding wrappers.[0m
  logger.warn(
/home/xi/anaconda3/envs/franky-sami/lib/python3.10/site-packages/gymnasium/utils/passive_env_checker.py:135: UserWarning: [33mWARN: The obs returned by the `reset()` method was expecting numpy array dtype to be float32, actual type: float64[0m
  logger.warn(
/home/xi/anaconda3/envs/franky-sami/lib/python3.10/site-packages/gymnasium/utils/passive_env_checker.py:159: UserWarning: [33mWARN: The obs returned by the `reset()` method is not within the observation space.[0m
  logger.warn(f"{pre} is not within the observation space.")
/home/xi/anaconda3/envs/franky-sami/lib/python3.10/site-packages/gymnasium/utils/passive_env_checker.py:135: UserWarning: [33mWARN: The obs returned by the `step()` method was expecting numpy array dtype to be float32, actual type: float64[0m
  logger.warn(
/home/xi/anaconda3/envs/franky-sami/lib/python3.10/site-packages/gymnasium/utils/passive_env_checker.py:159: UserWarning: [33mWARN: The obs returned by the `step()` method is not within the observation space.[0m
  logger.warn(f"{pre} is not within the observation space.")
/home/xi/anaconda3/envs/franky-sami/lib/python3.10/site-packages/gymnasium/utils/passive_env_checker.py:135: UserWarning: [33mWARN: The obs returned by the `step()` method was expecting numpy array dtype to be float32, actual type: float64[0m
  logger.warn(
/home/xi/anaconda3/envs/franky-sami/lib/python3.10/site-packages/gymnasium/utils/passive_env_checker.py:159: UserWarning: [33mWARN: The obs returned by the `step()` method is not within the observation space.[0m
  logger.warn(f"{pre} is not within the observation space.")
{'model_parameters': {'method': 'SaCCM', 'adversarial_loss_coef': 0.01, 'batch_size': 256, 'contrast_batch_size': 256, 'contrast_buffer_type': 'fine_grained', 'contrast_training_interval': 1, 'time_step': 5000000, 'causal_dim': 6, 'causal_hidden_dim': 128, 'buffer_size': 1000, 'use_weighted_info_nce': False, 'use_reward_norm': False, 'learning_rate': 0.001, 'train_freq': 128, 'gradient_steps': 16, 'encoder_tau': 0.05, 'neg_radio': 0.5, 'env_name': 'PandaPush-v3', 'env_hook': 'PandaHook', 'train_envs': '[(0, 1), (0, 5), (1, 1),(1, 5),(1, 10),(1, 2),(1, 3), (1, 1)]', 'test_envs': '[(0, 10), (1, 10), (10, 10), (30, 10)]', 'use_continue_train': False, 'save_video': False, 'seed': 100, 'config_path': '', 'test_eps_num_per_env': 50, 'use_wandb': False, 'wandb_project_name': 'franky-sami', 'wandb_team_name': 'skill-aware-rl'}, 'save_path': '/home/xi/yxh_space/SaMI/SaMI/output', 'sub_save_path': '/home/xi/yxh_space/SaMI/SaMI/output/2025-04-29-14:48:37-901195', 'save_model_path': '/home/xi/yxh_space/SaMI/SaMI/output/2025-04-29-14:48:37-901195/model.zip', 'log_path': '/home/xi/yxh_space/SaMI/SaMI/output/2025-04-29-14:48:37-901195/log.txt', 'code_path': '/home/xi/yxh_space/SaMI/SaMI/output/2025-04-29-14:48:37-901195/code.zip', 'config_path': '/home/xi/yxh_space/SaMI/SaMI/output/2025-04-29-14:48:37-901195/config.yaml', 'test_path': '/home/xi/yxh_space/SaMI/SaMI/output/2025-04-29-14:48:37-901195/test_result.yaml', 'test_tsne_path': '/home/xi/yxh_space/SaMI/SaMI/output/2025-04-29-14:48:37-901195/tsne.jpg', 'test_table_path': '/home/xi/yxh_space/SaMI/SaMI/output/2025-04-29-14:48:37-901195/tables', 'test_image_path': '/home/xi/yxh_space/SaMI/SaMI/output/2025-04-29-14:48:37-901195/images', 'test_video_path': '/home/xi/yxh_space/SaMI/SaMI/output/2025-04-29-14:48:37-901195/videos'}
argv[0]=--background_color_red=0.8745098114013672
argv[1]=--background_color_green=0.21176470816135406
argv[2]=--background_color_blue=0.1764705926179886
argv[0]=--background_color_red=0.8745098114013672
argv[1]=--background_color_green=0.21176470816135406
argv[2]=--background_color_blue=0.1764705926179886
argv[0]=--background_color_red=0.8745098114013672
argv[1]=--background_color_green=0.21176470816135406
argv[2]=--background_color_blue=0.1764705926179886
argv[0]=--background_color_red=0.8745098114013672
argv[1]=--background_color_green=0.21176470816135406
argv[2]=--background_color_blue=0.1764705926179886
argv[0]=--background_color_red=0.8745098114013672
argv[1]=--background_color_green=0.21176470816135406
argv[2]=--background_color_blue=0.1764705926179886
argv[0]=--background_color_red=0.8745098114013672
argv[1]=--background_color_green=0.21176470816135406
argv[2]=--background_color_blue=0.1764705926179886
argv[0]=--background_color_red=0.8745098114013672
argv[1]=--background_color_green=0.21176470816135406
argv[2]=--background_color_blue=0.1764705926179886
argv[0]=--background_color_red=0.8745098114013672
argv[1]=--background_color_green=0.21176470816135406
argv[2]=--background_color_blue=0.1764705926179886
Traceback (most recent call last):
  File "/home/xi/yxh_space/SaMI/SaMI/configs/../main.py", line 75, in <module>
    raise e
  File "/home/xi/yxh_space/SaMI/SaMI/configs/../main.py", line 57, in <module>
    model.learn(total_timesteps=1_00_000,
  File "/home/xi/yxh_space/SaMI/SaMI/algorithm/method_traj/sac.py", line 638, in learn
    return super().learn(
  File "/home/xi/yxh_space/SaMI/SaMI/algorithm/method_traj/off_policy_algorithm.py", line 637, in learn
    self.train(batch_size=self.batch_size, gradient_steps=gradient_steps)
  File "/home/xi/yxh_space/SaMI/SaMI/algorithm/method_traj/sac.py", line 616, in train
    self._train_add_actor_loss_to_encoder(gradient_step,batch_size)
  File "/home/xi/yxh_space/SaMI/SaMI/algorithm/method_traj/sac.py", line 471, in _train_add_actor_loss_to_encoder
    current_q_values = self.critic(observations, replay_data.actions)
UnboundLocalError: local variable 'observations' referenced before assignment
{'model_parameters': {'method': 'SaSAC', 'adversarial_loss_coef': 0.01, 'batch_size': 256, 'contrast_batch_size': 256, 'contrast_buffer_type': 'fine_grained', 'contrast_training_interval': 1, 'time_step': 5000000, 'causal_dim': 6, 'causal_hidden_dim': 128, 'buffer_size': 1000, 'use_weighted_info_nce': False, 'use_reward_norm': False, 'learning_rate': 0.001, 'train_freq': 128, 'gradient_steps': 16, 'encoder_tau': 0.05, 'neg_radio': 0.5, 'env_name': 'PandaPush-v3', 'env_hook': 'PandaHook', 'train_envs': '[(0, 1), (0, 5), (1, 1),(1, 5),(1, 10),(1, 2),(1, 3), (1, 1)]', 'test_envs': '[(0, 10), (1, 10), (10, 10), (30, 10)]', 'use_continue_train': False, 'save_video': False, 'seed': 100, 'config_path': '', 'test_eps_num_per_env': 50, 'use_wandb': False, 'wandb_project_name': 'franky-sami', 'wandb_team_name': 'skill-aware-rl'}, 'save_path': '/home/xi/yxh_space/SaMI/SaMI/output', 'sub_save_path': '/home/xi/yxh_space/SaMI/SaMI/output/2025-04-29-14:48:37-774612', 'save_model_path': '/home/xi/yxh_space/SaMI/SaMI/output/2025-04-29-14:48:37-774612/model.zip', 'log_path': '/home/xi/yxh_space/SaMI/SaMI/output/2025-04-29-14:48:37-774612/log.txt', 'code_path': '/home/xi/yxh_space/SaMI/SaMI/output/2025-04-29-14:48:37-774612/code.zip', 'config_path': '/home/xi/yxh_space/SaMI/SaMI/output/2025-04-29-14:48:37-774612/config.yaml', 'test_path': '/home/xi/yxh_space/SaMI/SaMI/output/2025-04-29-14:48:37-774612/test_result.yaml', 'test_tsne_path': '/home/xi/yxh_space/SaMI/SaMI/output/2025-04-29-14:48:37-774612/tsne.jpg', 'test_table_path': '/home/xi/yxh_space/SaMI/SaMI/output/2025-04-29-14:48:37-774612/tables', 'test_image_path': '/home/xi/yxh_space/SaMI/SaMI/output/2025-04-29-14:48:37-774612/images', 'test_video_path': '/home/xi/yxh_space/SaMI/SaMI/output/2025-04-29-14:48:37-774612/videos'}
argv[0]=--background_color_red=0.8745098114013672
argv[1]=--background_color_green=0.21176470816135406
argv[2]=--background_color_blue=0.1764705926179886
argv[0]=--background_color_red=0.8745098114013672
argv[1]=--background_color_green=0.21176470816135406
argv[2]=--background_color_blue=0.1764705926179886
argv[0]=--background_color_red=0.8745098114013672
argv[1]=--background_color_green=0.21176470816135406
argv[2]=--background_color_blue=0.1764705926179886
argv[0]=--background_color_red=0.8745098114013672
argv[1]=--background_color_green=0.21176470816135406
argv[2]=--background_color_blue=0.1764705926179886
argv[0]=--background_color_red=0.8745098114013672
argv[1]=--background_color_green=0.21176470816135406
argv[2]=--background_color_blue=0.1764705926179886
argv[0]=--background_color_red=0.8745098114013672
argv[1]=--background_color_green=0.21176470816135406
argv[2]=--background_color_blue=0.1764705926179886
argv[0]=--background_color_red=0.8745098114013672
argv[1]=--background_color_green=0.21176470816135406
argv[2]=--background_color_blue=0.1764705926179886
argv[0]=--background_color_red=0.8745098114013672
argv[1]=--background_color_green=0.21176470816135406
argv[2]=--background_color_blue=0.1764705926179886
Traceback (most recent call last):
  File "/home/xi/yxh_space/SaMI/SaMI/configs/../main.py", line 75, in <module>
    raise e
  File "/home/xi/yxh_space/SaMI/SaMI/configs/../main.py", line 57, in <module>
    model.learn(total_timesteps=1_00_000,
  File "/home/xi/yxh_space/SaMI/SaMI/algorithm/method_traj/sac.py", line 638, in learn
    return super().learn(
  File "/home/xi/yxh_space/SaMI/SaMI/algorithm/method_traj/off_policy_algorithm.py", line 637, in learn
    self.train(batch_size=self.batch_size, gradient_steps=gradient_steps)
  File "/home/xi/yxh_space/SaMI/SaMI/algorithm/method_traj/sac.py", line 616, in train
    self._train_add_actor_loss_to_encoder(gradient_step,batch_size)
  File "/home/xi/yxh_space/SaMI/SaMI/algorithm/method_traj/sac.py", line 471, in _train_add_actor_loss_to_encoder
    current_q_values = self.critic(observations, replay_data.actions)
UnboundLocalError: local variable 'observations' referenced before assignment
Exception ignored in: <function tqdm.__del__ at 0x7fea8201c1f0>
Traceback (most recent call last):
  File "/home/xi/anaconda3/envs/franky-sami/lib/python3.10/site-packages/tqdm/std.py", line 1148, in __del__
  File "/home/xi/anaconda3/envs/franky-sami/lib/python3.10/site-packages/tqdm/rich.py", line 121, in close
  File "/home/xi/anaconda3/envs/franky-sami/lib/python3.10/site-packages/rich/progress.py", line 1191, in __exit__
  File "/home/xi/anaconda3/envs/franky-sami/lib/python3.10/site-packages/rich/progress.py", line 1177, in stop
  File "/home/xi/anaconda3/envs/franky-sami/lib/python3.10/site-packages/rich/live.py", line 150, in stop
  File "/home/xi/anaconda3/envs/franky-sami/lib/python3.10/site-packages/rich/live.py", line 247, in refresh
  File "/home/xi/anaconda3/envs/franky-sami/lib/python3.10/site-packages/rich/console.py", line 1693, in print
  File "/home/xi/anaconda3/envs/franky-sami/lib/python3.10/site-packages/rich/console.py", line 1550, in _collect_renderables
  File "/home/xi/anaconda3/envs/franky-sami/lib/python3.10/site-packages/rich/protocol.py", line 28, in rich_cast
ImportError: sys.meta_path is None, Python is likely shutting down
Exception ignored in: <function tqdm.__del__ at 0x7f9a9f2881f0>
Traceback (most recent call last):
  File "/home/xi/anaconda3/envs/franky-sami/lib/python3.10/site-packages/tqdm/std.py", line 1148, in __del__
  File "/home/xi/anaconda3/envs/franky-sami/lib/python3.10/site-packages/tqdm/rich.py", line 121, in close
  File "/home/xi/anaconda3/envs/franky-sami/lib/python3.10/site-packages/rich/progress.py", line 1191, in __exit__
  File "/home/xi/anaconda3/envs/franky-sami/lib/python3.10/site-packages/rich/progress.py", line 1177, in stop
  File "/home/xi/anaconda3/envs/franky-sami/lib/python3.10/site-packages/rich/live.py", line 150, in stop
  File "/home/xi/anaconda3/envs/franky-sami/lib/python3.10/site-packages/rich/live.py", line 247, in refresh
  File "/home/xi/anaconda3/envs/franky-sami/lib/python3.10/site-packages/rich/console.py", line 1693, in print
  File "/home/xi/anaconda3/envs/franky-sami/lib/python3.10/site-packages/rich/console.py", line 1550, in _collect_renderables
  File "/home/xi/anaconda3/envs/franky-sami/lib/python3.10/site-packages/rich/protocol.py", line 28, in rich_cast
ImportError: sys.meta_path is None, Python is likely shutting down
pybullet build time: Jan 29 2025 23:16:28
pybullet build time: Jan 29 2025 23:16:28
/home/xi/anaconda3/envs/franky-sami/lib/python3.10/site-packages/gymnasium/envs/registration.py:694: UserWarning: [33mWARN: Overriding environment PandaPush-v3 already in registry.[0m
  logger.warn(f"Overriding environment {new_spec.id} already in registry.")
/home/xi/anaconda3/envs/franky-sami/lib/python3.10/site-packages/gymnasium/envs/registration.py:694: UserWarning: [33mWARN: Overriding environment PandaPickAndPlace-v3 already in registry.[0m
  logger.warn(f"Overriding environment {new_spec.id} already in registry.")
/home/xi/anaconda3/envs/franky-sami/lib/python3.10/site-packages/gymnasium/envs/registration.py:694: UserWarning: [33mWARN: Overriding environment PandaPush-v3 already in registry.[0m
  logger.warn(f"Overriding environment {new_spec.id} already in registry.")
/home/xi/anaconda3/envs/franky-sami/lib/python3.10/site-packages/gymnasium/envs/registration.py:694: UserWarning: [33mWARN: Overriding environment PandaPickAndPlace-v3 already in registry.[0m
  logger.warn(f"Overriding environment {new_spec.id} already in registry.")
/home/xi/anaconda3/envs/franky-sami/lib/python3.10/site-packages/gymnasium/core.py:311: UserWarning: [33mWARN: env.task to get variables from other wrappers is deprecated and will be removed in v1.0, to get this variable you can do `env.unwrapped.task` for environment variables or `env.get_wrapper_attr('task')` that will search the reminding wrappers.[0m
  logger.warn(
/home/xi/anaconda3/envs/franky-sami/lib/python3.10/site-packages/gymnasium/core.py:311: UserWarning: [33mWARN: env.set_obs_friction_mass to get variables from other wrappers is deprecated and will be removed in v1.0, to get this variable you can do `env.unwrapped.set_obs_friction_mass` for environment variables or `env.get_wrapper_attr('set_obs_friction_mass')` that will search the reminding wrappers.[0m
  logger.warn(
/home/xi/anaconda3/envs/franky-sami/lib/python3.10/site-packages/gymnasium/utils/passive_env_checker.py:135: UserWarning: [33mWARN: The obs returned by the `reset()` method was expecting numpy array dtype to be float32, actual type: float64[0m
  logger.warn(
/home/xi/anaconda3/envs/franky-sami/lib/python3.10/site-packages/gymnasium/utils/passive_env_checker.py:159: UserWarning: [33mWARN: The obs returned by the `reset()` method is not within the observation space.[0m
  logger.warn(f"{pre} is not within the observation space.")
/home/xi/anaconda3/envs/franky-sami/lib/python3.10/site-packages/gymnasium/core.py:311: UserWarning: [33mWARN: env.task to get variables from other wrappers is deprecated and will be removed in v1.0, to get this variable you can do `env.unwrapped.task` for environment variables or `env.get_wrapper_attr('task')` that will search the reminding wrappers.[0m
  logger.warn(
/home/xi/anaconda3/envs/franky-sami/lib/python3.10/site-packages/gymnasium/core.py:311: UserWarning: [33mWARN: env.set_obs_friction_mass to get variables from other wrappers is deprecated and will be removed in v1.0, to get this variable you can do `env.unwrapped.set_obs_friction_mass` for environment variables or `env.get_wrapper_attr('set_obs_friction_mass')` that will search the reminding wrappers.[0m
  logger.warn(
/home/xi/anaconda3/envs/franky-sami/lib/python3.10/site-packages/gymnasium/utils/passive_env_checker.py:135: UserWarning: [33mWARN: The obs returned by the `reset()` method was expecting numpy array dtype to be float32, actual type: float64[0m
  logger.warn(
/home/xi/anaconda3/envs/franky-sami/lib/python3.10/site-packages/gymnasium/utils/passive_env_checker.py:159: UserWarning: [33mWARN: The obs returned by the `reset()` method is not within the observation space.[0m
  logger.warn(f"{pre} is not within the observation space.")
/home/xi/anaconda3/envs/franky-sami/lib/python3.10/site-packages/gymnasium/utils/passive_env_checker.py:135: UserWarning: [33mWARN: The obs returned by the `step()` method was expecting numpy array dtype to be float32, actual type: float64[0m
  logger.warn(
/home/xi/anaconda3/envs/franky-sami/lib/python3.10/site-packages/gymnasium/utils/passive_env_checker.py:159: UserWarning: [33mWARN: The obs returned by the `step()` method is not within the observation space.[0m
  logger.warn(f"{pre} is not within the observation space.")
/home/xi/anaconda3/envs/franky-sami/lib/python3.10/site-packages/gymnasium/utils/passive_env_checker.py:135: UserWarning: [33mWARN: The obs returned by the `step()` method was expecting numpy array dtype to be float32, actual type: float64[0m
  logger.warn(
/home/xi/anaconda3/envs/franky-sami/lib/python3.10/site-packages/gymnasium/utils/passive_env_checker.py:159: UserWarning: [33mWARN: The obs returned by the `step()` method is not within the observation space.[0m
  logger.warn(f"{pre} is not within the observation space.")
{'model_parameters': {'method': 'SaSAC', 'adversarial_loss_coef': 0.01, 'batch_size': 256, 'contrast_batch_size': 256, 'contrast_buffer_type': 'fine_grained', 'contrast_training_interval': 1, 'time_step': 5000000, 'causal_dim': 6, 'causal_hidden_dim': 128, 'buffer_size': 1000, 'use_weighted_info_nce': False, 'use_reward_norm': False, 'learning_rate': 0.001, 'train_freq': 128, 'gradient_steps': 16, 'encoder_tau': 0.05, 'neg_radio': 0.5, 'env_name': 'PandaPush-v3', 'env_hook': 'PandaHook', 'train_envs': '[(0, 1), (0, 5), (1, 1),(1, 5),(1, 10),(1, 2),(1, 3), (1, 1)]', 'test_envs': '[(0, 10), (1, 10), (10, 10), (30, 10)]', 'use_continue_train': False, 'save_video': False, 'seed': 100, 'config_path': '', 'test_eps_num_per_env': 50, 'use_wandb': False, 'wandb_project_name': 'franky-sami', 'wandb_team_name': 'skill-aware-rl'}, 'save_path': '/home/xi/yxh_space/SaMI/SaMI/output', 'sub_save_path': '/home/xi/yxh_space/SaMI/SaMI/output/2025-04-29-14:58:56-822113', 'save_model_path': '/home/xi/yxh_space/SaMI/SaMI/output/2025-04-29-14:58:56-822113/model.zip', 'log_path': '/home/xi/yxh_space/SaMI/SaMI/output/2025-04-29-14:58:56-822113/log.txt', 'code_path': '/home/xi/yxh_space/SaMI/SaMI/output/2025-04-29-14:58:56-822113/code.zip', 'config_path': '/home/xi/yxh_space/SaMI/SaMI/output/2025-04-29-14:58:56-822113/config.yaml', 'test_path': '/home/xi/yxh_space/SaMI/SaMI/output/2025-04-29-14:58:56-822113/test_result.yaml', 'test_tsne_path': '/home/xi/yxh_space/SaMI/SaMI/output/2025-04-29-14:58:56-822113/tsne.jpg', 'test_table_path': '/home/xi/yxh_space/SaMI/SaMI/output/2025-04-29-14:58:56-822113/tables', 'test_image_path': '/home/xi/yxh_space/SaMI/SaMI/output/2025-04-29-14:58:56-822113/images', 'test_video_path': '/home/xi/yxh_space/SaMI/SaMI/output/2025-04-29-14:58:56-822113/videos'}
argv[0]=--background_color_red=0.8745098114013672
argv[1]=--background_color_green=0.21176470816135406
argv[2]=--background_color_blue=0.1764705926179886
argv[0]=--background_color_red=0.8745098114013672
argv[1]=--background_color_green=0.21176470816135406
argv[2]=--background_color_blue=0.1764705926179886
argv[0]=--background_color_red=0.8745098114013672
argv[1]=--background_color_green=0.21176470816135406
argv[2]=--background_color_blue=0.1764705926179886
argv[0]=--background_color_red=0.8745098114013672
argv[1]=--background_color_green=0.21176470816135406
argv[2]=--background_color_blue=0.1764705926179886
argv[0]=--background_color_red=0.8745098114013672
argv[1]=--background_color_green=0.21176470816135406
argv[2]=--background_color_blue=0.1764705926179886
argv[0]=--background_color_red=0.8745098114013672
argv[1]=--background_color_green=0.21176470816135406
argv[2]=--background_color_blue=0.1764705926179886
argv[0]=--background_color_red=0.8745098114013672
argv[1]=--background_color_green=0.21176470816135406
argv[2]=--background_color_blue=0.1764705926179886
argv[0]=--background_color_red=0.8745098114013672
argv[1]=--background_color_green=0.21176470816135406
argv[2]=--background_color_blue=0.1764705926179886
Traceback (most recent call last):
  File "/home/xi/yxh_space/SaMI/SaMI/configs/../main.py", line 75, in <module>
    raise e
  File "/home/xi/yxh_space/SaMI/SaMI/configs/../main.py", line 57, in <module>
    model.learn(total_timesteps=1_00_000,
  File "/home/xi/yxh_space/SaMI/SaMI/algorithm/method_traj/sac.py", line 824, in learn
    return super().learn(
  File "/home/xi/yxh_space/SaMI/SaMI/algorithm/method_traj/off_policy_algorithm.py", line 637, in learn
    self.train(batch_size=self.batch_size, gradient_steps=gradient_steps)
  File "/home/xi/yxh_space/SaMI/SaMI/algorithm/method_traj/sac.py", line 801, in train
    self._train_add_actor_loss_to_encoder(gradient_step,batch_size)
  File "/home/xi/yxh_space/SaMI/SaMI/algorithm/method_traj/sac.py", line 477, in _train_add_actor_loss_to_encoder
    current_q_values = self.critic(observations, replay_data.actions)
  File "/home/xi/anaconda3/envs/franky-sami/lib/python3.10/site-packages/torch/nn/modules/module.py", line 1739, in _wrapped_call_impl
    return self._call_impl(*args, **kwargs)
  File "/home/xi/anaconda3/envs/franky-sami/lib/python3.10/site-packages/torch/nn/modules/module.py", line 1750, in _call_impl
    return forward_call(*args, **kwargs)
  File "/home/xi/anaconda3/envs/franky-sami/lib/python3.10/site-packages/stable_baselines3/common/policies.py", line 977, in forward
    features = self.extract_features(obs, self.features_extractor)
  File "/home/xi/anaconda3/envs/franky-sami/lib/python3.10/site-packages/stable_baselines3/common/policies.py", line 131, in extract_features
    return features_extractor(preprocessed_obs)
  File "/home/xi/anaconda3/envs/franky-sami/lib/python3.10/site-packages/torch/nn/modules/module.py", line 1739, in _wrapped_call_impl
    return self._call_impl(*args, **kwargs)
  File "/home/xi/anaconda3/envs/franky-sami/lib/python3.10/site-packages/torch/nn/modules/module.py", line 1750, in _call_impl
    return forward_call(*args, **kwargs)
  File "/home/xi/anaconda3/envs/franky-sami/lib/python3.10/site-packages/stable_baselines3/common/torch_layers.py", line 312, in forward
    encoded_tensor_list.append(extractor(observations[key]))
KeyError: 'causal'
{'model_parameters': {'method': 'SaCCM', 'adversarial_loss_coef': 0.01, 'batch_size': 256, 'contrast_batch_size': 256, 'contrast_buffer_type': 'fine_grained', 'contrast_training_interval': 1, 'time_step': 5000000, 'causal_dim': 6, 'causal_hidden_dim': 128, 'buffer_size': 1000, 'use_weighted_info_nce': False, 'use_reward_norm': False, 'learning_rate': 0.001, 'train_freq': 128, 'gradient_steps': 16, 'encoder_tau': 0.05, 'neg_radio': 0.5, 'env_name': 'PandaPush-v3', 'env_hook': 'PandaHook', 'train_envs': '[(0, 1), (0, 5), (1, 1),(1, 5),(1, 10),(1, 2),(1, 3), (1, 1)]', 'test_envs': '[(0, 10), (1, 10), (10, 10), (30, 10)]', 'use_continue_train': False, 'save_video': False, 'seed': 100, 'config_path': '', 'test_eps_num_per_env': 50, 'use_wandb': False, 'wandb_project_name': 'franky-sami', 'wandb_team_name': 'skill-aware-rl'}, 'save_path': '/home/xi/yxh_space/SaMI/SaMI/output', 'sub_save_path': '/home/xi/yxh_space/SaMI/SaMI/output/2025-04-29-14:58:56-916341', 'save_model_path': '/home/xi/yxh_space/SaMI/SaMI/output/2025-04-29-14:58:56-916341/model.zip', 'log_path': '/home/xi/yxh_space/SaMI/SaMI/output/2025-04-29-14:58:56-916341/log.txt', 'code_path': '/home/xi/yxh_space/SaMI/SaMI/output/2025-04-29-14:58:56-916341/code.zip', 'config_path': '/home/xi/yxh_space/SaMI/SaMI/output/2025-04-29-14:58:56-916341/config.yaml', 'test_path': '/home/xi/yxh_space/SaMI/SaMI/output/2025-04-29-14:58:56-916341/test_result.yaml', 'test_tsne_path': '/home/xi/yxh_space/SaMI/SaMI/output/2025-04-29-14:58:56-916341/tsne.jpg', 'test_table_path': '/home/xi/yxh_space/SaMI/SaMI/output/2025-04-29-14:58:56-916341/tables', 'test_image_path': '/home/xi/yxh_space/SaMI/SaMI/output/2025-04-29-14:58:56-916341/images', 'test_video_path': '/home/xi/yxh_space/SaMI/SaMI/output/2025-04-29-14:58:56-916341/videos'}
argv[0]=--background_color_red=0.8745098114013672
argv[1]=--background_color_green=0.21176470816135406
argv[2]=--background_color_blue=0.1764705926179886
argv[0]=--background_color_red=0.8745098114013672
argv[1]=--background_color_green=0.21176470816135406
argv[2]=--background_color_blue=0.1764705926179886
argv[0]=--background_color_red=0.8745098114013672
argv[1]=--background_color_green=0.21176470816135406
argv[2]=--background_color_blue=0.1764705926179886
argv[0]=--background_color_red=0.8745098114013672
argv[1]=--background_color_green=0.21176470816135406
argv[2]=--background_color_blue=0.1764705926179886
argv[0]=--background_color_red=0.8745098114013672
argv[1]=--background_color_green=0.21176470816135406
argv[2]=--background_color_blue=0.1764705926179886
argv[0]=--background_color_red=0.8745098114013672
argv[1]=--background_color_green=0.21176470816135406
argv[2]=--background_color_blue=0.1764705926179886
argv[0]=--background_color_red=0.8745098114013672
argv[1]=--background_color_green=0.21176470816135406
argv[2]=--background_color_blue=0.1764705926179886
argv[0]=--background_color_red=0.8745098114013672
argv[1]=--background_color_green=0.21176470816135406
argv[2]=--background_color_blue=0.1764705926179886
Traceback (most recent call last):
  File "/home/xi/yxh_space/SaMI/SaMI/configs/../main.py", line 75, in <module>
    raise e
  File "/home/xi/yxh_space/SaMI/SaMI/configs/../main.py", line 57, in <module>
    model.learn(total_timesteps=1_00_000,
  File "/home/xi/yxh_space/SaMI/SaMI/algorithm/method_traj/sac.py", line 824, in learn
    return super().learn(
  File "/home/xi/yxh_space/SaMI/SaMI/algorithm/method_traj/off_policy_algorithm.py", line 637, in learn
    self.train(batch_size=self.batch_size, gradient_steps=gradient_steps)
  File "/home/xi/yxh_space/SaMI/SaMI/algorithm/method_traj/sac.py", line 801, in train
    self._train_add_actor_loss_to_encoder(gradient_step,batch_size)
  File "/home/xi/yxh_space/SaMI/SaMI/algorithm/method_traj/sac.py", line 477, in _train_add_actor_loss_to_encoder
    current_q_values = self.critic(observations, replay_data.actions)
  File "/home/xi/anaconda3/envs/franky-sami/lib/python3.10/site-packages/torch/nn/modules/module.py", line 1739, in _wrapped_call_impl
    return self._call_impl(*args, **kwargs)
  File "/home/xi/anaconda3/envs/franky-sami/lib/python3.10/site-packages/torch/nn/modules/module.py", line 1750, in _call_impl
    return forward_call(*args, **kwargs)
  File "/home/xi/anaconda3/envs/franky-sami/lib/python3.10/site-packages/stable_baselines3/common/policies.py", line 977, in forward
    features = self.extract_features(obs, self.features_extractor)
  File "/home/xi/anaconda3/envs/franky-sami/lib/python3.10/site-packages/stable_baselines3/common/policies.py", line 131, in extract_features
    return features_extractor(preprocessed_obs)
  File "/home/xi/anaconda3/envs/franky-sami/lib/python3.10/site-packages/torch/nn/modules/module.py", line 1739, in _wrapped_call_impl
    return self._call_impl(*args, **kwargs)
  File "/home/xi/anaconda3/envs/franky-sami/lib/python3.10/site-packages/torch/nn/modules/module.py", line 1750, in _call_impl
    return forward_call(*args, **kwargs)
  File "/home/xi/anaconda3/envs/franky-sami/lib/python3.10/site-packages/stable_baselines3/common/torch_layers.py", line 312, in forward
    encoded_tensor_list.append(extractor(observations[key]))
KeyError: 'causal'
Exception ignored in: <function tqdm.__del__ at 0x7fb2af6c41f0>
Traceback (most recent call last):
  File "/home/xi/anaconda3/envs/franky-sami/lib/python3.10/site-packages/tqdm/std.py", line 1148, in __del__
  File "/home/xi/anaconda3/envs/franky-sami/lib/python3.10/site-packages/tqdm/rich.py", line 121, in close
  File "/home/xi/anaconda3/envs/franky-sami/lib/python3.10/site-packages/rich/progress.py", line 1191, in __exit__
  File "/home/xi/anaconda3/envs/franky-sami/lib/python3.10/site-packages/rich/progress.py", line 1177, in stop
  File "/home/xi/anaconda3/envs/franky-sami/lib/python3.10/site-packages/rich/live.py", line 150, in stop
  File "/home/xi/anaconda3/envs/franky-sami/lib/python3.10/site-packages/rich/live.py", line 247, in refresh
  File "/home/xi/anaconda3/envs/franky-sami/lib/python3.10/site-packages/rich/console.py", line 1693, in print
  File "/home/xi/anaconda3/envs/franky-sami/lib/python3.10/site-packages/rich/console.py", line 1550, in _collect_renderables
  File "/home/xi/anaconda3/envs/franky-sami/lib/python3.10/site-packages/rich/protocol.py", line 28, in rich_cast
ImportError: sys.meta_path is None, Python is likely shutting down
Exception ignored in: <function tqdm.__del__ at 0x7f3f9486c1f0>
Traceback (most recent call last):
  File "/home/xi/anaconda3/envs/franky-sami/lib/python3.10/site-packages/tqdm/std.py", line 1148, in __del__
  File "/home/xi/anaconda3/envs/franky-sami/lib/python3.10/site-packages/tqdm/rich.py", line 121, in close
  File "/home/xi/anaconda3/envs/franky-sami/lib/python3.10/site-packages/rich/progress.py", line 1191, in __exit__
  File "/home/xi/anaconda3/envs/franky-sami/lib/python3.10/site-packages/rich/progress.py", line 1177, in stop
  File "/home/xi/anaconda3/envs/franky-sami/lib/python3.10/site-packages/rich/live.py", line 150, in stop
  File "/home/xi/anaconda3/envs/franky-sami/lib/python3.10/site-packages/rich/live.py", line 247, in refresh
  File "/home/xi/anaconda3/envs/franky-sami/lib/python3.10/site-packages/rich/console.py", line 1693, in print
  File "/home/xi/anaconda3/envs/franky-sami/lib/python3.10/site-packages/rich/console.py", line 1550, in _collect_renderables
  File "/home/xi/anaconda3/envs/franky-sami/lib/python3.10/site-packages/rich/protocol.py", line 28, in rich_cast
ImportError: sys.meta_path is None, Python is likely shutting down
pybullet build time: Jan 29 2025 23:16:28
pybullet build time: Jan 29 2025 23:16:28
/home/xi/anaconda3/envs/franky-sami/lib/python3.10/site-packages/gymnasium/envs/registration.py:694: UserWarning: [33mWARN: Overriding environment PandaPush-v3 already in registry.[0m
  logger.warn(f"Overriding environment {new_spec.id} already in registry.")
/home/xi/anaconda3/envs/franky-sami/lib/python3.10/site-packages/gymnasium/envs/registration.py:694: UserWarning: [33mWARN: Overriding environment PandaPickAndPlace-v3 already in registry.[0m
  logger.warn(f"Overriding environment {new_spec.id} already in registry.")
/home/xi/anaconda3/envs/franky-sami/lib/python3.10/site-packages/gymnasium/envs/registration.py:694: UserWarning: [33mWARN: Overriding environment PandaPush-v3 already in registry.[0m
  logger.warn(f"Overriding environment {new_spec.id} already in registry.")
/home/xi/anaconda3/envs/franky-sami/lib/python3.10/site-packages/gymnasium/envs/registration.py:694: UserWarning: [33mWARN: Overriding environment PandaPickAndPlace-v3 already in registry.[0m
  logger.warn(f"Overriding environment {new_spec.id} already in registry.")
/home/xi/anaconda3/envs/franky-sami/lib/python3.10/site-packages/gymnasium/core.py:311: UserWarning: [33mWARN: env.task to get variables from other wrappers is deprecated and will be removed in v1.0, to get this variable you can do `env.unwrapped.task` for environment variables or `env.get_wrapper_attr('task')` that will search the reminding wrappers.[0m
  logger.warn(
/home/xi/anaconda3/envs/franky-sami/lib/python3.10/site-packages/gymnasium/core.py:311: UserWarning: [33mWARN: env.set_obs_friction_mass to get variables from other wrappers is deprecated and will be removed in v1.0, to get this variable you can do `env.unwrapped.set_obs_friction_mass` for environment variables or `env.get_wrapper_attr('set_obs_friction_mass')` that will search the reminding wrappers.[0m
  logger.warn(
/home/xi/anaconda3/envs/franky-sami/lib/python3.10/site-packages/gymnasium/utils/passive_env_checker.py:135: UserWarning: [33mWARN: The obs returned by the `reset()` method was expecting numpy array dtype to be float32, actual type: float64[0m
  logger.warn(
/home/xi/anaconda3/envs/franky-sami/lib/python3.10/site-packages/gymnasium/utils/passive_env_checker.py:159: UserWarning: [33mWARN: The obs returned by the `reset()` method is not within the observation space.[0m
  logger.warn(f"{pre} is not within the observation space.")
/home/xi/anaconda3/envs/franky-sami/lib/python3.10/site-packages/gymnasium/core.py:311: UserWarning: [33mWARN: env.task to get variables from other wrappers is deprecated and will be removed in v1.0, to get this variable you can do `env.unwrapped.task` for environment variables or `env.get_wrapper_attr('task')` that will search the reminding wrappers.[0m
  logger.warn(
/home/xi/anaconda3/envs/franky-sami/lib/python3.10/site-packages/gymnasium/core.py:311: UserWarning: [33mWARN: env.set_obs_friction_mass to get variables from other wrappers is deprecated and will be removed in v1.0, to get this variable you can do `env.unwrapped.set_obs_friction_mass` for environment variables or `env.get_wrapper_attr('set_obs_friction_mass')` that will search the reminding wrappers.[0m
  logger.warn(
/home/xi/anaconda3/envs/franky-sami/lib/python3.10/site-packages/gymnasium/utils/passive_env_checker.py:135: UserWarning: [33mWARN: The obs returned by the `reset()` method was expecting numpy array dtype to be float32, actual type: float64[0m
  logger.warn(
/home/xi/anaconda3/envs/franky-sami/lib/python3.10/site-packages/gymnasium/utils/passive_env_checker.py:159: UserWarning: [33mWARN: The obs returned by the `reset()` method is not within the observation space.[0m
  logger.warn(f"{pre} is not within the observation space.")
/home/xi/anaconda3/envs/franky-sami/lib/python3.10/site-packages/gymnasium/utils/passive_env_checker.py:135: UserWarning: [33mWARN: The obs returned by the `step()` method was expecting numpy array dtype to be float32, actual type: float64[0m
  logger.warn(
/home/xi/anaconda3/envs/franky-sami/lib/python3.10/site-packages/gymnasium/utils/passive_env_checker.py:159: UserWarning: [33mWARN: The obs returned by the `step()` method is not within the observation space.[0m
  logger.warn(f"{pre} is not within the observation space.")
/home/xi/anaconda3/envs/franky-sami/lib/python3.10/site-packages/gymnasium/utils/passive_env_checker.py:135: UserWarning: [33mWARN: The obs returned by the `step()` method was expecting numpy array dtype to be float32, actual type: float64[0m
  logger.warn(
/home/xi/anaconda3/envs/franky-sami/lib/python3.10/site-packages/gymnasium/utils/passive_env_checker.py:159: UserWarning: [33mWARN: The obs returned by the `step()` method is not within the observation space.[0m
  logger.warn(f"{pre} is not within the observation space.")
{'model_parameters': {'method': 'SaSAC', 'adversarial_loss_coef': 0.01, 'batch_size': 256, 'contrast_batch_size': 256, 'contrast_buffer_type': 'fine_grained', 'contrast_training_interval': 1, 'time_step': 5000000, 'causal_dim': 6, 'causal_hidden_dim': 128, 'buffer_size': 1000, 'use_weighted_info_nce': False, 'use_reward_norm': False, 'learning_rate': 0.001, 'train_freq': 128, 'gradient_steps': 16, 'encoder_tau': 0.05, 'neg_radio': 0.5, 'env_name': 'PandaPush-v3', 'env_hook': 'PandaHook', 'train_envs': '[(0, 1), (0, 5), (1, 1),(1, 5),(1, 10),(1, 2),(1, 3), (1, 1)]', 'test_envs': '[(0, 10), (1, 10), (10, 10), (30, 10)]', 'use_continue_train': False, 'save_video': False, 'seed': 100, 'config_path': '', 'test_eps_num_per_env': 50, 'use_wandb': False, 'wandb_project_name': 'franky-sami', 'wandb_team_name': 'skill-aware-rl'}, 'save_path': '/home/xi/yxh_space/SaMI/SaMI/output', 'sub_save_path': '/home/xi/yxh_space/SaMI/SaMI/output/2025-04-29-15:09:39-304635', 'save_model_path': '/home/xi/yxh_space/SaMI/SaMI/output/2025-04-29-15:09:39-304635/model.zip', 'log_path': '/home/xi/yxh_space/SaMI/SaMI/output/2025-04-29-15:09:39-304635/log.txt', 'code_path': '/home/xi/yxh_space/SaMI/SaMI/output/2025-04-29-15:09:39-304635/code.zip', 'config_path': '/home/xi/yxh_space/SaMI/SaMI/output/2025-04-29-15:09:39-304635/config.yaml', 'test_path': '/home/xi/yxh_space/SaMI/SaMI/output/2025-04-29-15:09:39-304635/test_result.yaml', 'test_tsne_path': '/home/xi/yxh_space/SaMI/SaMI/output/2025-04-29-15:09:39-304635/tsne.jpg', 'test_table_path': '/home/xi/yxh_space/SaMI/SaMI/output/2025-04-29-15:09:39-304635/tables', 'test_image_path': '/home/xi/yxh_space/SaMI/SaMI/output/2025-04-29-15:09:39-304635/images', 'test_video_path': '/home/xi/yxh_space/SaMI/SaMI/output/2025-04-29-15:09:39-304635/videos'}
argv[0]=--background_color_red=0.8745098114013672
argv[1]=--background_color_green=0.21176470816135406
argv[2]=--background_color_blue=0.1764705926179886
argv[0]=--background_color_red=0.8745098114013672
argv[1]=--background_color_green=0.21176470816135406
argv[2]=--background_color_blue=0.1764705926179886
argv[0]=--background_color_red=0.8745098114013672
argv[1]=--background_color_green=0.21176470816135406
argv[2]=--background_color_blue=0.1764705926179886
argv[0]=--background_color_red=0.8745098114013672
argv[1]=--background_color_green=0.21176470816135406
argv[2]=--background_color_blue=0.1764705926179886
argv[0]=--background_color_red=0.8745098114013672
argv[1]=--background_color_green=0.21176470816135406
argv[2]=--background_color_blue=0.1764705926179886
argv[0]=--background_color_red=0.8745098114013672
argv[1]=--background_color_green=0.21176470816135406
argv[2]=--background_color_blue=0.1764705926179886
argv[0]=--background_color_red=0.8745098114013672
argv[1]=--background_color_green=0.21176470816135406
argv[2]=--background_color_blue=0.1764705926179886
argv[0]=--background_color_red=0.8745098114013672
argv[1]=--background_color_green=0.21176470816135406
argv[2]=--background_color_blue=0.1764705926179886
Traceback (most recent call last):
  File "/home/xi/yxh_space/SaMI/SaMI/configs/../main.py", line 57, in <module>
    model.learn(total_timesteps=1_00_000,
  File "/home/xi/yxh_space/SaMI/SaMI/algorithm/method_traj/sac.py", line 757, in learn
    return super().learn(
  File "/home/xi/yxh_space/SaMI/SaMI/algorithm/method_traj/off_policy_algorithm.py", line 618, in learn
    rollout = self.collect_rollouts(
  File "/home/xi/yxh_space/SaMI/SaMI/algorithm/method_traj/off_policy_algorithm.py", line 592, in collect_rollouts
    self._dump_logs()
  File "/home/xi/yxh_space/SaMI/SaMI/algorithm/method_traj/off_policy_algorithm.py", line 403, in _dump_logs
    self.logger.dump(step=self.num_timesteps)
  File "/home/xi/yxh_space/SaMI/SaMI/logger.py", line 198, in dump
    self.plot_loss(name_to_value, step)
  File "/home/xi/yxh_space/SaMI/SaMI/logger.py", line 246, in plot_loss
    self._plot_loss(self.success_rate, path, 'time_steps', 'success_rate')
  File "/home/xi/yxh_space/SaMI/SaMI/logger.py", line 274, in _plot_loss
    plt.savefig(path)
  File "/home/xi/anaconda3/envs/franky-sami/lib/python3.10/site-packages/matplotlib/pyplot.py", line 1243, in savefig
    res = fig.savefig(*args, **kwargs)  # type: ignore[func-returns-value]
  File "/home/xi/anaconda3/envs/franky-sami/lib/python3.10/site-packages/matplotlib/figure.py", line 3490, in savefig
    self.canvas.print_figure(fname, **kwargs)
  File "/home/xi/anaconda3/envs/franky-sami/lib/python3.10/site-packages/matplotlib/backend_bases.py", line 2184, in print_figure
    result = print_method(
  File "/home/xi/anaconda3/envs/franky-sami/lib/python3.10/site-packages/matplotlib/backend_bases.py", line 2040, in <lambda>
    print_method = functools.wraps(meth)(lambda *args, **kwargs: meth(
  File "/home/xi/anaconda3/envs/franky-sami/lib/python3.10/site-packages/matplotlib/backends/backend_agg.py", line 498, in print_jpg
    self._print_pil(filename_or_obj, "jpeg", pil_kwargs, metadata)
  File "/home/xi/anaconda3/envs/franky-sami/lib/python3.10/site-packages/matplotlib/backends/backend_agg.py", line 429, in _print_pil
    FigureCanvasAgg.draw(self)
  File "/home/xi/anaconda3/envs/franky-sami/lib/python3.10/site-packages/matplotlib/backends/backend_agg.py", line 382, in draw
    self.figure.draw(self.renderer)
  File "/home/xi/anaconda3/envs/franky-sami/lib/python3.10/site-packages/matplotlib/artist.py", line 94, in draw_wrapper
    result = draw(artist, renderer, *args, **kwargs)
  File "/home/xi/anaconda3/envs/franky-sami/lib/python3.10/site-packages/matplotlib/artist.py", line 71, in draw_wrapper
    return draw(artist, renderer)
  File "/home/xi/anaconda3/envs/franky-sami/lib/python3.10/site-packages/matplotlib/figure.py", line 3257, in draw
    mimage._draw_list_compositing_images(
  File "/home/xi/anaconda3/envs/franky-sami/lib/python3.10/site-packages/matplotlib/image.py", line 134, in _draw_list_compositing_images
    a.draw(renderer)
  File "/home/xi/anaconda3/envs/franky-sami/lib/python3.10/site-packages/matplotlib/artist.py", line 71, in draw_wrapper
    return draw(artist, renderer)
  File "/home/xi/anaconda3/envs/franky-sami/lib/python3.10/site-packages/matplotlib/axes/_base.py", line 3210, in draw
    mimage._draw_list_compositing_images(
  File "/home/xi/anaconda3/envs/franky-sami/lib/python3.10/site-packages/matplotlib/image.py", line 134, in _draw_list_compositing_images
    a.draw(renderer)
  File "/home/xi/anaconda3/envs/franky-sami/lib/python3.10/site-packages/matplotlib/artist.py", line 71, in draw_wrapper
    return draw(artist, renderer)
  File "/home/xi/anaconda3/envs/franky-sami/lib/python3.10/site-packages/matplotlib/axis.py", line 1408, in draw
    tick.draw(renderer)
  File "/home/xi/anaconda3/envs/franky-sami/lib/python3.10/site-packages/matplotlib/artist.py", line 71, in draw_wrapper
    return draw(artist, renderer)
  File "/home/xi/anaconda3/envs/franky-sami/lib/python3.10/site-packages/matplotlib/axis.py", line 276, in draw
    artist.draw(renderer)
  File "/home/xi/anaconda3/envs/franky-sami/lib/python3.10/site-packages/matplotlib/artist.py", line 71, in draw_wrapper
    return draw(artist, renderer)
  File "/home/xi/anaconda3/envs/franky-sami/lib/python3.10/site-packages/matplotlib/text.py", line 752, in draw
    bbox, info, descent = self._get_layout(renderer)
  File "/home/xi/anaconda3/envs/franky-sami/lib/python3.10/site-packages/matplotlib/text.py", line 445, in _get_layout
    ymin = corners_rotated[:, 1].min()
  File "/home/xi/anaconda3/envs/franky-sami/lib/python3.10/site-packages/numpy/_core/_methods.py", line 47, in _amin
    def _amin(a, axis=None, out=None, keepdims=False,
KeyboardInterrupt
Exception ignored in: <function tqdm.__del__ at 0x7f5ba22ec1f0>
Traceback (most recent call last):
  File "/home/xi/anaconda3/envs/franky-sami/lib/python3.10/site-packages/tqdm/std.py", line 1148, in __del__
  File "/home/xi/anaconda3/envs/franky-sami/lib/python3.10/site-packages/tqdm/rich.py", line 121, in close
  File "/home/xi/anaconda3/envs/franky-sami/lib/python3.10/site-packages/rich/progress.py", line 1191, in __exit__
  File "/home/xi/anaconda3/envs/franky-sami/lib/python3.10/site-packages/rich/progress.py", line 1177, in stop
  File "/home/xi/anaconda3/envs/franky-sami/lib/python3.10/site-packages/rich/live.py", line 150, in stop
  File "/home/xi/anaconda3/envs/franky-sami/lib/python3.10/site-packages/rich/live.py", line 247, in refresh
  File "/home/xi/anaconda3/envs/franky-sami/lib/python3.10/site-packages/rich/console.py", line 1693, in print
  File "/home/xi/anaconda3/envs/franky-sami/lib/python3.10/site-packages/rich/console.py", line 1550, in _collect_renderables
  File "/home/xi/anaconda3/envs/franky-sami/lib/python3.10/site-packages/rich/protocol.py", line 28, in rich_cast
ImportError: sys.meta_path is None, Python is likely shutting down
pybullet build time: Jan 29 2025 23:16:28
pybullet build time: Jan 29 2025 23:16:28
/home/xi/anaconda3/envs/franky-sami/lib/python3.10/site-packages/gymnasium/envs/registration.py:694: UserWarning: [33mWARN: Overriding environment PandaPush-v3 already in registry.[0m
  logger.warn(f"Overriding environment {new_spec.id} already in registry.")
/home/xi/anaconda3/envs/franky-sami/lib/python3.10/site-packages/gymnasium/envs/registration.py:694: UserWarning: [33mWARN: Overriding environment PandaPickAndPlace-v3 already in registry.[0m
  logger.warn(f"Overriding environment {new_spec.id} already in registry.")
/home/xi/anaconda3/envs/franky-sami/lib/python3.10/site-packages/gymnasium/envs/registration.py:694: UserWarning: [33mWARN: Overriding environment PandaPush-v3 already in registry.[0m
  logger.warn(f"Overriding environment {new_spec.id} already in registry.")
/home/xi/anaconda3/envs/franky-sami/lib/python3.10/site-packages/gymnasium/envs/registration.py:694: UserWarning: [33mWARN: Overriding environment PandaPickAndPlace-v3 already in registry.[0m
  logger.warn(f"Overriding environment {new_spec.id} already in registry.")
/home/xi/anaconda3/envs/franky-sami/lib/python3.10/site-packages/gymnasium/core.py:311: UserWarning: [33mWARN: env.task to get variables from other wrappers is deprecated and will be removed in v1.0, to get this variable you can do `env.unwrapped.task` for environment variables or `env.get_wrapper_attr('task')` that will search the reminding wrappers.[0m
  logger.warn(
/home/xi/anaconda3/envs/franky-sami/lib/python3.10/site-packages/gymnasium/core.py:311: UserWarning: [33mWARN: env.set_obs_friction_mass to get variables from other wrappers is deprecated and will be removed in v1.0, to get this variable you can do `env.unwrapped.set_obs_friction_mass` for environment variables or `env.get_wrapper_attr('set_obs_friction_mass')` that will search the reminding wrappers.[0m
  logger.warn(
/home/xi/anaconda3/envs/franky-sami/lib/python3.10/site-packages/gymnasium/utils/passive_env_checker.py:135: UserWarning: [33mWARN: The obs returned by the `reset()` method was expecting numpy array dtype to be float32, actual type: float64[0m
  logger.warn(
/home/xi/anaconda3/envs/franky-sami/lib/python3.10/site-packages/gymnasium/utils/passive_env_checker.py:159: UserWarning: [33mWARN: The obs returned by the `reset()` method is not within the observation space.[0m
  logger.warn(f"{pre} is not within the observation space.")
/home/xi/anaconda3/envs/franky-sami/lib/python3.10/site-packages/gymnasium/core.py:311: UserWarning: [33mWARN: env.task to get variables from other wrappers is deprecated and will be removed in v1.0, to get this variable you can do `env.unwrapped.task` for environment variables or `env.get_wrapper_attr('task')` that will search the reminding wrappers.[0m
  logger.warn(
/home/xi/anaconda3/envs/franky-sami/lib/python3.10/site-packages/gymnasium/core.py:311: UserWarning: [33mWARN: env.set_obs_friction_mass to get variables from other wrappers is deprecated and will be removed in v1.0, to get this variable you can do `env.unwrapped.set_obs_friction_mass` for environment variables or `env.get_wrapper_attr('set_obs_friction_mass')` that will search the reminding wrappers.[0m
  logger.warn(
/home/xi/anaconda3/envs/franky-sami/lib/python3.10/site-packages/gymnasium/utils/passive_env_checker.py:135: UserWarning: [33mWARN: The obs returned by the `reset()` method was expecting numpy array dtype to be float32, actual type: float64[0m
  logger.warn(
/home/xi/anaconda3/envs/franky-sami/lib/python3.10/site-packages/gymnasium/utils/passive_env_checker.py:159: UserWarning: [33mWARN: The obs returned by the `reset()` method is not within the observation space.[0m
  logger.warn(f"{pre} is not within the observation space.")
/home/xi/anaconda3/envs/franky-sami/lib/python3.10/site-packages/gymnasium/utils/passive_env_checker.py:135: UserWarning: [33mWARN: The obs returned by the `step()` method was expecting numpy array dtype to be float32, actual type: float64[0m
  logger.warn(
/home/xi/anaconda3/envs/franky-sami/lib/python3.10/site-packages/gymnasium/utils/passive_env_checker.py:159: UserWarning: [33mWARN: The obs returned by the `step()` method is not within the observation space.[0m
  logger.warn(f"{pre} is not within the observation space.")
/home/xi/anaconda3/envs/franky-sami/lib/python3.10/site-packages/gymnasium/utils/passive_env_checker.py:135: UserWarning: [33mWARN: The obs returned by the `step()` method was expecting numpy array dtype to be float32, actual type: float64[0m
  logger.warn(
/home/xi/anaconda3/envs/franky-sami/lib/python3.10/site-packages/gymnasium/utils/passive_env_checker.py:159: UserWarning: [33mWARN: The obs returned by the `step()` method is not within the observation space.[0m
  logger.warn(f"{pre} is not within the observation space.")
pybullet build time: Jan 29 2025 23:16:28
pybullet build time: Jan 29 2025 23:16:28
/home/xi/anaconda3/envs/franky-sami/lib/python3.10/site-packages/gymnasium/envs/registration.py:694: UserWarning: [33mWARN: Overriding environment PandaPush-v3 already in registry.[0m
  logger.warn(f"Overriding environment {new_spec.id} already in registry.")
/home/xi/anaconda3/envs/franky-sami/lib/python3.10/site-packages/gymnasium/envs/registration.py:694: UserWarning: [33mWARN: Overriding environment PandaPickAndPlace-v3 already in registry.[0m
  logger.warn(f"Overriding environment {new_spec.id} already in registry.")
/home/xi/anaconda3/envs/franky-sami/lib/python3.10/site-packages/gymnasium/envs/registration.py:694: UserWarning: [33mWARN: Overriding environment PandaPush-v3 already in registry.[0m
  logger.warn(f"Overriding environment {new_spec.id} already in registry.")
/home/xi/anaconda3/envs/franky-sami/lib/python3.10/site-packages/gymnasium/envs/registration.py:694: UserWarning: [33mWARN: Overriding environment PandaPickAndPlace-v3 already in registry.[0m
  logger.warn(f"Overriding environment {new_spec.id} already in registry.")
/home/xi/anaconda3/envs/franky-sami/lib/python3.10/site-packages/gymnasium/core.py:311: UserWarning: [33mWARN: env.task to get variables from other wrappers is deprecated and will be removed in v1.0, to get this variable you can do `env.unwrapped.task` for environment variables or `env.get_wrapper_attr('task')` that will search the reminding wrappers.[0m
  logger.warn(
/home/xi/anaconda3/envs/franky-sami/lib/python3.10/site-packages/gymnasium/core.py:311: UserWarning: [33mWARN: env.set_obs_friction_mass to get variables from other wrappers is deprecated and will be removed in v1.0, to get this variable you can do `env.unwrapped.set_obs_friction_mass` for environment variables or `env.get_wrapper_attr('set_obs_friction_mass')` that will search the reminding wrappers.[0m
  logger.warn(
/home/xi/anaconda3/envs/franky-sami/lib/python3.10/site-packages/gymnasium/utils/passive_env_checker.py:135: UserWarning: [33mWARN: The obs returned by the `reset()` method was expecting numpy array dtype to be float32, actual type: float64[0m
  logger.warn(
/home/xi/anaconda3/envs/franky-sami/lib/python3.10/site-packages/gymnasium/utils/passive_env_checker.py:159: UserWarning: [33mWARN: The obs returned by the `reset()` method is not within the observation space.[0m
  logger.warn(f"{pre} is not within the observation space.")
/home/xi/anaconda3/envs/franky-sami/lib/python3.10/site-packages/gymnasium/core.py:311: UserWarning: [33mWARN: env.task to get variables from other wrappers is deprecated and will be removed in v1.0, to get this variable you can do `env.unwrapped.task` for environment variables or `env.get_wrapper_attr('task')` that will search the reminding wrappers.[0m
  logger.warn(
/home/xi/anaconda3/envs/franky-sami/lib/python3.10/site-packages/gymnasium/core.py:311: UserWarning: [33mWARN: env.set_obs_friction_mass to get variables from other wrappers is deprecated and will be removed in v1.0, to get this variable you can do `env.unwrapped.set_obs_friction_mass` for environment variables or `env.get_wrapper_attr('set_obs_friction_mass')` that will search the reminding wrappers.[0m
  logger.warn(
/home/xi/anaconda3/envs/franky-sami/lib/python3.10/site-packages/gymnasium/utils/passive_env_checker.py:135: UserWarning: [33mWARN: The obs returned by the `reset()` method was expecting numpy array dtype to be float32, actual type: float64[0m
  logger.warn(
/home/xi/anaconda3/envs/franky-sami/lib/python3.10/site-packages/gymnasium/utils/passive_env_checker.py:159: UserWarning: [33mWARN: The obs returned by the `reset()` method is not within the observation space.[0m
  logger.warn(f"{pre} is not within the observation space.")
/home/xi/anaconda3/envs/franky-sami/lib/python3.10/site-packages/gymnasium/utils/passive_env_checker.py:135: UserWarning: [33mWARN: The obs returned by the `step()` method was expecting numpy array dtype to be float32, actual type: float64[0m
  logger.warn(
/home/xi/anaconda3/envs/franky-sami/lib/python3.10/site-packages/gymnasium/utils/passive_env_checker.py:159: UserWarning: [33mWARN: The obs returned by the `step()` method is not within the observation space.[0m
  logger.warn(f"{pre} is not within the observation space.")
/home/xi/anaconda3/envs/franky-sami/lib/python3.10/site-packages/gymnasium/utils/passive_env_checker.py:135: UserWarning: [33mWARN: The obs returned by the `step()` method was expecting numpy array dtype to be float32, actual type: float64[0m
  logger.warn(
/home/xi/anaconda3/envs/franky-sami/lib/python3.10/site-packages/gymnasium/utils/passive_env_checker.py:159: UserWarning: [33mWARN: The obs returned by the `step()` method is not within the observation space.[0m
  logger.warn(f"{pre} is not within the observation space.")
pybullet build time: Jan 29 2025 23:16:28
/home/xi/anaconda3/envs/franky-sami/lib/python3.10/site-packages/gymnasium/envs/registration.py:694: UserWarning: [33mWARN: Overriding environment PandaPush-v3 already in registry.[0m
  logger.warn(f"Overriding environment {new_spec.id} already in registry.")
/home/xi/anaconda3/envs/franky-sami/lib/python3.10/site-packages/gymnasium/envs/registration.py:694: UserWarning: [33mWARN: Overriding environment PandaPickAndPlace-v3 already in registry.[0m
  logger.warn(f"Overriding environment {new_spec.id} already in registry.")
/home/xi/anaconda3/envs/franky-sami/lib/python3.10/site-packages/gymnasium/core.py:311: UserWarning: [33mWARN: env.task to get variables from other wrappers is deprecated and will be removed in v1.0, to get this variable you can do `env.unwrapped.task` for environment variables or `env.get_wrapper_attr('task')` that will search the reminding wrappers.[0m
  logger.warn(
/home/xi/anaconda3/envs/franky-sami/lib/python3.10/site-packages/gymnasium/core.py:311: UserWarning: [33mWARN: env.set_obs_friction_mass to get variables from other wrappers is deprecated and will be removed in v1.0, to get this variable you can do `env.unwrapped.set_obs_friction_mass` for environment variables or `env.get_wrapper_attr('set_obs_friction_mass')` that will search the reminding wrappers.[0m
  logger.warn(
/home/xi/anaconda3/envs/franky-sami/lib/python3.10/site-packages/gymnasium/utils/passive_env_checker.py:135: UserWarning: [33mWARN: The obs returned by the `reset()` method was expecting numpy array dtype to be float32, actual type: float64[0m
  logger.warn(
/home/xi/anaconda3/envs/franky-sami/lib/python3.10/site-packages/gymnasium/utils/passive_env_checker.py:159: UserWarning: [33mWARN: The obs returned by the `reset()` method is not within the observation space.[0m
  logger.warn(f"{pre} is not within the observation space.")
pybullet build time: Jan 29 2025 23:16:28
pybullet build time: Jan 29 2025 23:16:28
pybullet build time: Jan 29 2025 23:16:28
/home/xi/anaconda3/envs/franky-sami/lib/python3.10/site-packages/gymnasium/envs/registration.py:694: UserWarning: [33mWARN: Overriding environment PandaPush-v3 already in registry.[0m
  logger.warn(f"Overriding environment {new_spec.id} already in registry.")
/home/xi/anaconda3/envs/franky-sami/lib/python3.10/site-packages/gymnasium/envs/registration.py:694: UserWarning: [33mWARN: Overriding environment PandaPickAndPlace-v3 already in registry.[0m
  logger.warn(f"Overriding environment {new_spec.id} already in registry.")
/home/xi/anaconda3/envs/franky-sami/lib/python3.10/site-packages/gymnasium/envs/registration.py:694: UserWarning: [33mWARN: Overriding environment PandaPush-v3 already in registry.[0m
  logger.warn(f"Overriding environment {new_spec.id} already in registry.")
/home/xi/anaconda3/envs/franky-sami/lib/python3.10/site-packages/gymnasium/envs/registration.py:694: UserWarning: [33mWARN: Overriding environment PandaPickAndPlace-v3 already in registry.[0m
  logger.warn(f"Overriding environment {new_spec.id} already in registry.")
/home/xi/anaconda3/envs/franky-sami/lib/python3.10/site-packages/gymnasium/envs/registration.py:694: UserWarning: [33mWARN: Overriding environment PandaPush-v3 already in registry.[0m
  logger.warn(f"Overriding environment {new_spec.id} already in registry.")
/home/xi/anaconda3/envs/franky-sami/lib/python3.10/site-packages/gymnasium/envs/registration.py:694: UserWarning: [33mWARN: Overriding environment PandaPickAndPlace-v3 already in registry.[0m
  logger.warn(f"Overriding environment {new_spec.id} already in registry.")
/home/xi/anaconda3/envs/franky-sami/lib/python3.10/site-packages/gymnasium/core.py:311: UserWarning: [33mWARN: env.task to get variables from other wrappers is deprecated and will be removed in v1.0, to get this variable you can do `env.unwrapped.task` for environment variables or `env.get_wrapper_attr('task')` that will search the reminding wrappers.[0m
  logger.warn(
/home/xi/anaconda3/envs/franky-sami/lib/python3.10/site-packages/gymnasium/core.py:311: UserWarning: [33mWARN: env.set_obs_friction_mass to get variables from other wrappers is deprecated and will be removed in v1.0, to get this variable you can do `env.unwrapped.set_obs_friction_mass` for environment variables or `env.get_wrapper_attr('set_obs_friction_mass')` that will search the reminding wrappers.[0m
  logger.warn(
/home/xi/anaconda3/envs/franky-sami/lib/python3.10/site-packages/gymnasium/utils/passive_env_checker.py:135: UserWarning: [33mWARN: The obs returned by the `reset()` method was expecting numpy array dtype to be float32, actual type: float64[0m
  logger.warn(
/home/xi/anaconda3/envs/franky-sami/lib/python3.10/site-packages/gymnasium/utils/passive_env_checker.py:159: UserWarning: [33mWARN: The obs returned by the `reset()` method is not within the observation space.[0m
  logger.warn(f"{pre} is not within the observation space.")
/home/xi/anaconda3/envs/franky-sami/lib/python3.10/site-packages/gymnasium/core.py:311: UserWarning: [33mWARN: env.task to get variables from other wrappers is deprecated and will be removed in v1.0, to get this variable you can do `env.unwrapped.task` for environment variables or `env.get_wrapper_attr('task')` that will search the reminding wrappers.[0m
  logger.warn(
/home/xi/anaconda3/envs/franky-sami/lib/python3.10/site-packages/gymnasium/core.py:311: UserWarning: [33mWARN: env.set_obs_friction_mass to get variables from other wrappers is deprecated and will be removed in v1.0, to get this variable you can do `env.unwrapped.set_obs_friction_mass` for environment variables or `env.get_wrapper_attr('set_obs_friction_mass')` that will search the reminding wrappers.[0m
  logger.warn(
/home/xi/anaconda3/envs/franky-sami/lib/python3.10/site-packages/gymnasium/utils/passive_env_checker.py:135: UserWarning: [33mWARN: The obs returned by the `reset()` method was expecting numpy array dtype to be float32, actual type: float64[0m
  logger.warn(
/home/xi/anaconda3/envs/franky-sami/lib/python3.10/site-packages/gymnasium/utils/passive_env_checker.py:159: UserWarning: [33mWARN: The obs returned by the `reset()` method is not within the observation space.[0m
  logger.warn(f"{pre} is not within the observation space.")
/home/xi/anaconda3/envs/franky-sami/lib/python3.10/site-packages/gymnasium/core.py:311: UserWarning: [33mWARN: env.task to get variables from other wrappers is deprecated and will be removed in v1.0, to get this variable you can do `env.unwrapped.task` for environment variables or `env.get_wrapper_attr('task')` that will search the reminding wrappers.[0m
  logger.warn(
/home/xi/anaconda3/envs/franky-sami/lib/python3.10/site-packages/gymnasium/core.py:311: UserWarning: [33mWARN: env.set_obs_friction_mass to get variables from other wrappers is deprecated and will be removed in v1.0, to get this variable you can do `env.unwrapped.set_obs_friction_mass` for environment variables or `env.get_wrapper_attr('set_obs_friction_mass')` that will search the reminding wrappers.[0m
  logger.warn(
/home/xi/anaconda3/envs/franky-sami/lib/python3.10/site-packages/gymnasium/utils/passive_env_checker.py:135: UserWarning: [33mWARN: The obs returned by the `reset()` method was expecting numpy array dtype to be float32, actual type: float64[0m
  logger.warn(
/home/xi/anaconda3/envs/franky-sami/lib/python3.10/site-packages/gymnasium/utils/passive_env_checker.py:159: UserWarning: [33mWARN: The obs returned by the `reset()` method is not within the observation space.[0m
  logger.warn(f"{pre} is not within the observation space.")
/home/xi/anaconda3/envs/franky-sami/lib/python3.10/site-packages/gymnasium/utils/passive_env_checker.py:135: UserWarning: [33mWARN: The obs returned by the `step()` method was expecting numpy array dtype to be float32, actual type: float64[0m
  logger.warn(
/home/xi/anaconda3/envs/franky-sami/lib/python3.10/site-packages/gymnasium/utils/passive_env_checker.py:159: UserWarning: [33mWARN: The obs returned by the `step()` method is not within the observation space.[0m
  logger.warn(f"{pre} is not within the observation space.")
/home/xi/anaconda3/envs/franky-sami/lib/python3.10/site-packages/gymnasium/utils/passive_env_checker.py:135: UserWarning: [33mWARN: The obs returned by the `step()` method was expecting numpy array dtype to be float32, actual type: float64[0m
  logger.warn(
/home/xi/anaconda3/envs/franky-sami/lib/python3.10/site-packages/gymnasium/utils/passive_env_checker.py:159: UserWarning: [33mWARN: The obs returned by the `step()` method is not within the observation space.[0m
  logger.warn(f"{pre} is not within the observation space.")
/home/xi/anaconda3/envs/franky-sami/lib/python3.10/site-packages/gymnasium/utils/passive_env_checker.py:135: UserWarning: [33mWARN: The obs returned by the `step()` method was expecting numpy array dtype to be float32, actual type: float64[0m
  logger.warn(
/home/xi/anaconda3/envs/franky-sami/lib/python3.10/site-packages/gymnasium/utils/passive_env_checker.py:159: UserWarning: [33mWARN: The obs returned by the `step()` method is not within the observation space.[0m
  logger.warn(f"{pre} is not within the observation space.")
/home/xi/anaconda3/envs/franky-sami/lib/python3.10/site-packages/gymnasium/utils/passive_env_checker.py:135: UserWarning: [33mWARN: The obs returned by the `step()` method was expecting numpy array dtype to be float32, actual type: float64[0m
  logger.warn(
/home/xi/anaconda3/envs/franky-sami/lib/python3.10/site-packages/gymnasium/utils/passive_env_checker.py:159: UserWarning: [33mWARN: The obs returned by the `step()` method is not within the observation space.[0m
  logger.warn(f"{pre} is not within the observation space.")
0it [00:00, ?it/s]/home/xi/anaconda3/envs/franky-sami/lib/python3.10/site-packages/gymnasium/core.py:311: UserWarning: [33mWARN: env.task to get variables from other wrappers is deprecated and will be removed in v1.0, to get this variable you can do `env.unwrapped.task` for environment variables or `env.get_wrapper_attr('task')` that will search the reminding wrappers.[0m
  logger.warn(
/home/xi/anaconda3/envs/franky-sami/lib/python3.10/site-packages/gymnasium/core.py:311: UserWarning: [33mWARN: env.set_obs_friction_mass to get variables from other wrappers is deprecated and will be removed in v1.0, to get this variable you can do `env.unwrapped.set_obs_friction_mass` for environment variables or `env.get_wrapper_attr('set_obs_friction_mass')` that will search the reminding wrappers.[0m
  logger.warn(
/home/xi/anaconda3/envs/franky-sami/lib/python3.10/site-packages/gymnasium/utils/passive_env_checker.py:135: UserWarning: [33mWARN: The obs returned by the `reset()` method was expecting numpy array dtype to be float32, actual type: float64[0m
  logger.warn(
/home/xi/anaconda3/envs/franky-sami/lib/python3.10/site-packages/gymnasium/utils/passive_env_checker.py:159: UserWarning: [33mWARN: The obs returned by the `reset()` method is not within the observation space.[0m
  logger.warn(f"{pre} is not within the observation space.")
/home/xi/anaconda3/envs/franky-sami/lib/python3.10/site-packages/gymnasium/utils/passive_env_checker.py:135: UserWarning: [33mWARN: The obs returned by the `step()` method was expecting numpy array dtype to be float32, actual type: float64[0m
  logger.warn(
/home/xi/anaconda3/envs/franky-sami/lib/python3.10/site-packages/gymnasium/utils/passive_env_checker.py:159: UserWarning: [33mWARN: The obs returned by the `step()` method is not within the observation space.[0m
  logger.warn(f"{pre} is not within the observation space.")
1it [00:04,  4.41s/it]2it [00:08,  4.29s/it]3it [00:13,  4.44s/it]4it [00:18,  4.66s/it]4it [00:18,  4.56s/it]
{'model_parameters': {'method': 'SaSAC', 'adversarial_loss_coef': 0.01, 'batch_size': 256, 'contrast_batch_size': 256, 'contrast_buffer_type': 'fine_grained', 'contrast_training_interval': 1, 'time_step': 5000000, 'causal_dim': 6, 'causal_hidden_dim': 128, 'buffer_size': 1000, 'use_weighted_info_nce': False, 'use_reward_norm': False, 'learning_rate': 0.001, 'train_freq': 128, 'gradient_steps': 16, 'encoder_tau': 0.05, 'neg_radio': 0.5, 'env_name': 'PandaPush-v3', 'env_hook': 'PandaHook', 'train_envs': '[(0, 1), (0, 5), (1, 1),(1, 5),(1, 10),(1, 2),(1, 3), (1, 1)]', 'test_envs': '[(0, 10), (1, 10), (10, 10), (30, 10)]', 'use_continue_train': False, 'save_video': False, 'seed': 100, 'config_path': '', 'test_eps_num_per_env': 50, 'use_wandb': False, 'wandb_project_name': 'franky-sami', 'wandb_team_name': 'skill-aware-rl'}, 'save_path': '/home/xi/yxh_space/SaMI/SaMI/output', 'sub_save_path': '/home/xi/yxh_space/SaMI/SaMI/output/2025-04-29-15:20:08-035101', 'save_model_path': '/home/xi/yxh_space/SaMI/SaMI/output/2025-04-29-15:20:08-035101/model.zip', 'log_path': '/home/xi/yxh_space/SaMI/SaMI/output/2025-04-29-15:20:08-035101/log.txt', 'code_path': '/home/xi/yxh_space/SaMI/SaMI/output/2025-04-29-15:20:08-035101/code.zip', 'config_path': '/home/xi/yxh_space/SaMI/SaMI/output/2025-04-29-15:20:08-035101/config.yaml', 'test_path': '/home/xi/yxh_space/SaMI/SaMI/output/2025-04-29-15:20:08-035101/test_result.yaml', 'test_tsne_path': '/home/xi/yxh_space/SaMI/SaMI/output/2025-04-29-15:20:08-035101/tsne.jpg', 'test_table_path': '/home/xi/yxh_space/SaMI/SaMI/output/2025-04-29-15:20:08-035101/tables', 'test_image_path': '/home/xi/yxh_space/SaMI/SaMI/output/2025-04-29-15:20:08-035101/images', 'test_video_path': '/home/xi/yxh_space/SaMI/SaMI/output/2025-04-29-15:20:08-035101/videos'}
argv[0]=--background_color_red=0.8745098114013672
argv[1]=--background_color_green=0.21176470816135406
argv[2]=--background_color_blue=0.1764705926179886
argv[0]=--background_color_red=0.8745098114013672
argv[1]=--background_color_green=0.21176470816135406
argv[2]=--background_color_blue=0.1764705926179886
argv[0]=--background_color_red=0.8745098114013672
argv[1]=--background_color_green=0.21176470816135406
argv[2]=--background_color_blue=0.1764705926179886
argv[0]=--background_color_red=0.8745098114013672
argv[1]=--background_color_green=0.21176470816135406
argv[2]=--background_color_blue=0.1764705926179886
argv[0]=--background_color_red=0.8745098114013672
argv[1]=--background_color_green=0.21176470816135406
argv[2]=--background_color_blue=0.1764705926179886
argv[0]=--background_color_red=0.8745098114013672
argv[1]=--background_color_green=0.21176470816135406
argv[2]=--background_color_blue=0.1764705926179886
argv[0]=--background_color_red=0.8745098114013672
argv[1]=--background_color_green=0.21176470816135406
argv[2]=--background_color_blue=0.1764705926179886
argv[0]=--background_color_red=0.8745098114013672
argv[1]=--background_color_green=0.21176470816135406
argv[2]=--background_color_blue=0.1764705926179886
argv[0]=--background_color_red=0.8745098114013672
argv[1]=--background_color_green=0.21176470816135406
argv[2]=--background_color_blue=0.1764705926179886
argv[0]=--background_color_red=0.8745098114013672
argv[1]=--background_color_green=0.21176470816135406
argv[2]=--background_color_blue=0.1764705926179886
argv[0]=--background_color_red=0.8745098114013672
argv[1]=--background_color_green=0.21176470816135406
argv[2]=--background_color_blue=0.1764705926179886
argv[0]=--background_color_red=0.8745098114013672
argv[1]=--background_color_green=0.21176470816135406
argv[2]=--background_color_blue=0.1764705926179886
0it [00:00, ?it/s]/home/xi/anaconda3/envs/franky-sami/lib/python3.10/site-packages/gymnasium/core.py:311: UserWarning: [33mWARN: env.task to get variables from other wrappers is deprecated and will be removed in v1.0, to get this variable you can do `env.unwrapped.task` for environment variables or `env.get_wrapper_attr('task')` that will search the reminding wrappers.[0m
  logger.warn(
/home/xi/anaconda3/envs/franky-sami/lib/python3.10/site-packages/gymnasium/core.py:311: UserWarning: [33mWARN: env.set_obs_friction_mass to get variables from other wrappers is deprecated and will be removed in v1.0, to get this variable you can do `env.unwrapped.set_obs_friction_mass` for environment variables or `env.get_wrapper_attr('set_obs_friction_mass')` that will search the reminding wrappers.[0m
  logger.warn(
/home/xi/anaconda3/envs/franky-sami/lib/python3.10/site-packages/gymnasium/utils/passive_env_checker.py:135: UserWarning: [33mWARN: The obs returned by the `reset()` method was expecting numpy array dtype to be float32, actual type: float64[0m
  logger.warn(
/home/xi/anaconda3/envs/franky-sami/lib/python3.10/site-packages/gymnasium/utils/passive_env_checker.py:159: UserWarning: [33mWARN: The obs returned by the `reset()` method is not within the observation space.[0m
  logger.warn(f"{pre} is not within the observation space.")
/home/xi/anaconda3/envs/franky-sami/lib/python3.10/site-packages/gymnasium/utils/passive_env_checker.py:135: UserWarning: [33mWARN: The obs returned by the `step()` method was expecting numpy array dtype to be float32, actual type: float64[0m
  logger.warn(
/home/xi/anaconda3/envs/franky-sami/lib/python3.10/site-packages/gymnasium/utils/passive_env_checker.py:159: UserWarning: [33mWARN: The obs returned by the `step()` method is not within the observation space.[0m
  logger.warn(f"{pre} is not within the observation space.")
1it [00:04,  4.18s/it]2it [00:08,  4.10s/it]3it [00:12,  4.20s/it]4it [00:16,  4.24s/it]4it [00:16,  4.21s/it]
{'model_parameters': {'method': 'SaCCM', 'adversarial_loss_coef': 0.01, 'batch_size': 256, 'contrast_batch_size': 256, 'contrast_buffer_type': 'fine_grained', 'contrast_training_interval': 1, 'time_step': 5000000, 'causal_dim': 6, 'causal_hidden_dim': 128, 'buffer_size': 1000, 'use_weighted_info_nce': False, 'use_reward_norm': False, 'learning_rate': 0.001, 'train_freq': 128, 'gradient_steps': 16, 'encoder_tau': 0.05, 'neg_radio': 0.5, 'env_name': 'PandaPush-v3', 'env_hook': 'PandaHook', 'train_envs': '[(0, 1), (0, 5), (1, 1),(1, 5),(1, 10),(1, 2),(1, 3), (1, 1)]', 'test_envs': '[(0, 10), (1, 10), (10, 10), (30, 10)]', 'use_continue_train': False, 'save_video': False, 'seed': 100, 'config_path': '', 'test_eps_num_per_env': 50, 'use_wandb': False, 'wandb_project_name': 'franky-sami', 'wandb_team_name': 'skill-aware-rl'}, 'save_path': '/home/xi/yxh_space/SaMI/SaMI/output', 'sub_save_path': '/home/xi/yxh_space/SaMI/SaMI/output/2025-04-29-15:20:08-410747', 'save_model_path': '/home/xi/yxh_space/SaMI/SaMI/output/2025-04-29-15:20:08-410747/model.zip', 'log_path': '/home/xi/yxh_space/SaMI/SaMI/output/2025-04-29-15:20:08-410747/log.txt', 'code_path': '/home/xi/yxh_space/SaMI/SaMI/output/2025-04-29-15:20:08-410747/code.zip', 'config_path': '/home/xi/yxh_space/SaMI/SaMI/output/2025-04-29-15:20:08-410747/config.yaml', 'test_path': '/home/xi/yxh_space/SaMI/SaMI/output/2025-04-29-15:20:08-410747/test_result.yaml', 'test_tsne_path': '/home/xi/yxh_space/SaMI/SaMI/output/2025-04-29-15:20:08-410747/tsne.jpg', 'test_table_path': '/home/xi/yxh_space/SaMI/SaMI/output/2025-04-29-15:20:08-410747/tables', 'test_image_path': '/home/xi/yxh_space/SaMI/SaMI/output/2025-04-29-15:20:08-410747/images', 'test_video_path': '/home/xi/yxh_space/SaMI/SaMI/output/2025-04-29-15:20:08-410747/videos'}
argv[0]=--background_color_red=0.8745098114013672
argv[1]=--background_color_green=0.21176470816135406
argv[2]=--background_color_blue=0.1764705926179886
argv[0]=--background_color_red=0.8745098114013672
argv[1]=--background_color_green=0.21176470816135406
argv[2]=--background_color_blue=0.1764705926179886
argv[0]=--background_color_red=0.8745098114013672
argv[1]=--background_color_green=0.21176470816135406
argv[2]=--background_color_blue=0.1764705926179886
argv[0]=--background_color_red=0.8745098114013672
argv[1]=--background_color_green=0.21176470816135406
argv[2]=--background_color_blue=0.1764705926179886
argv[0]=--background_color_red=0.8745098114013672
argv[1]=--background_color_green=0.21176470816135406
argv[2]=--background_color_blue=0.1764705926179886
argv[0]=--background_color_red=0.8745098114013672
argv[1]=--background_color_green=0.21176470816135406
argv[2]=--background_color_blue=0.1764705926179886
argv[0]=--background_color_red=0.8745098114013672
argv[1]=--background_color_green=0.21176470816135406
argv[2]=--background_color_blue=0.1764705926179886
argv[0]=--background_color_red=0.8745098114013672
argv[1]=--background_color_green=0.21176470816135406
argv[2]=--background_color_blue=0.1764705926179886
argv[0]=--background_color_red=0.8745098114013672
argv[1]=--background_color_green=0.21176470816135406
argv[2]=--background_color_blue=0.1764705926179886
argv[0]=--background_color_red=0.8745098114013672
argv[1]=--background_color_green=0.21176470816135406
argv[2]=--background_color_blue=0.1764705926179886
argv[0]=--background_color_red=0.8745098114013672
argv[1]=--background_color_green=0.21176470816135406
argv[2]=--background_color_blue=0.1764705926179886
argv[0]=--background_color_red=0.8745098114013672
argv[1]=--background_color_green=0.21176470816135406
argv[2]=--background_color_blue=0.1764705926179886
0it [00:00, ?it/s]/home/xi/anaconda3/envs/franky-sami/lib/python3.10/site-packages/gymnasium/core.py:311: UserWarning: [33mWARN: env.task to get variables from other wrappers is deprecated and will be removed in v1.0, to get this variable you can do `env.unwrapped.task` for environment variables or `env.get_wrapper_attr('task')` that will search the reminding wrappers.[0m
  logger.warn(
/home/xi/anaconda3/envs/franky-sami/lib/python3.10/site-packages/gymnasium/core.py:311: UserWarning: [33mWARN: env.set_obs_friction_mass to get variables from other wrappers is deprecated and will be removed in v1.0, to get this variable you can do `env.unwrapped.set_obs_friction_mass` for environment variables or `env.get_wrapper_attr('set_obs_friction_mass')` that will search the reminding wrappers.[0m
  logger.warn(
/home/xi/anaconda3/envs/franky-sami/lib/python3.10/site-packages/gymnasium/utils/passive_env_checker.py:135: UserWarning: [33mWARN: The obs returned by the `reset()` method was expecting numpy array dtype to be float32, actual type: float64[0m
  logger.warn(
/home/xi/anaconda3/envs/franky-sami/lib/python3.10/site-packages/gymnasium/utils/passive_env_checker.py:159: UserWarning: [33mWARN: The obs returned by the `reset()` method is not within the observation space.[0m
  logger.warn(f"{pre} is not within the observation space.")
/home/xi/anaconda3/envs/franky-sami/lib/python3.10/site-packages/gymnasium/utils/passive_env_checker.py:135: UserWarning: [33mWARN: The obs returned by the `step()` method was expecting numpy array dtype to be float32, actual type: float64[0m
  logger.warn(
/home/xi/anaconda3/envs/franky-sami/lib/python3.10/site-packages/gymnasium/utils/passive_env_checker.py:159: UserWarning: [33mWARN: The obs returned by the `step()` method is not within the observation space.[0m
  logger.warn(f"{pre} is not within the observation space.")
1it [00:05,  5.74s/it]2it [00:11,  5.99s/it]3it [00:18,  6.17s/it]4it [00:25,  6.39s/it]4it [00:25,  6.25s/it]
{'model_parameters': {'method': 'SaCCM', 'adversarial_loss_coef': 0.01, 'batch_size': 256, 'contrast_batch_size': 256, 'contrast_buffer_type': 'fine_grained', 'contrast_training_interval': 1, 'time_step': 5000000, 'causal_dim': 6, 'causal_hidden_dim': 128, 'buffer_size': 1000, 'use_weighted_info_nce': False, 'use_reward_norm': False, 'learning_rate': 0.001, 'train_freq': 128, 'gradient_steps': 16, 'encoder_tau': 0.05, 'neg_radio': 0.5, 'env_name': 'PandaPush-v3', 'env_hook': 'PandaHook', 'train_envs': '[(0, 1), (0, 5), (1, 1),(1, 5),(1, 10),(1, 2),(1, 3), (1, 1)]', 'test_envs': '[(0, 10), (1, 10), (10, 10), (30, 10)]', 'use_continue_train': False, 'save_video': False, 'seed': 100, 'config_path': '', 'test_eps_num_per_env': 50, 'use_wandb': False, 'wandb_project_name': 'franky-sami', 'wandb_team_name': 'skill-aware-rl'}, 'save_path': '/home/xi/yxh_space/SaMI/SaMI/output', 'sub_save_path': '/home/xi/yxh_space/SaMI/SaMI/output/2025-04-29-15:13:55-852701', 'save_model_path': '/home/xi/yxh_space/SaMI/SaMI/output/2025-04-29-15:13:55-852701/model.zip', 'log_path': '/home/xi/yxh_space/SaMI/SaMI/output/2025-04-29-15:13:55-852701/log.txt', 'code_path': '/home/xi/yxh_space/SaMI/SaMI/output/2025-04-29-15:13:55-852701/code.zip', 'config_path': '/home/xi/yxh_space/SaMI/SaMI/output/2025-04-29-15:13:55-852701/config.yaml', 'test_path': '/home/xi/yxh_space/SaMI/SaMI/output/2025-04-29-15:13:55-852701/test_result.yaml', 'test_tsne_path': '/home/xi/yxh_space/SaMI/SaMI/output/2025-04-29-15:13:55-852701/tsne.jpg', 'test_table_path': '/home/xi/yxh_space/SaMI/SaMI/output/2025-04-29-15:13:55-852701/tables', 'test_image_path': '/home/xi/yxh_space/SaMI/SaMI/output/2025-04-29-15:13:55-852701/images', 'test_video_path': '/home/xi/yxh_space/SaMI/SaMI/output/2025-04-29-15:13:55-852701/videos'}
argv[0]=--background_color_red=0.8745098114013672
argv[1]=--background_color_green=0.21176470816135406
argv[2]=--background_color_blue=0.1764705926179886
argv[0]=--background_color_red=0.8745098114013672
argv[1]=--background_color_green=0.21176470816135406
argv[2]=--background_color_blue=0.1764705926179886
argv[0]=--background_color_red=0.8745098114013672
argv[1]=--background_color_green=0.21176470816135406
argv[2]=--background_color_blue=0.1764705926179886
argv[0]=--background_color_red=0.8745098114013672
argv[1]=--background_color_green=0.21176470816135406
argv[2]=--background_color_blue=0.1764705926179886
argv[0]=--background_color_red=0.8745098114013672
argv[1]=--background_color_green=0.21176470816135406
argv[2]=--background_color_blue=0.1764705926179886
argv[0]=--background_color_red=0.8745098114013672
argv[1]=--background_color_green=0.21176470816135406
argv[2]=--background_color_blue=0.1764705926179886
argv[0]=--background_color_red=0.8745098114013672
argv[1]=--background_color_green=0.21176470816135406
argv[2]=--background_color_blue=0.1764705926179886
argv[0]=--background_color_red=0.8745098114013672
argv[1]=--background_color_green=0.21176470816135406
argv[2]=--background_color_blue=0.1764705926179886
argv[0]=--background_color_red=0.8745098114013672
argv[1]=--background_color_green=0.21176470816135406
argv[2]=--background_color_blue=0.1764705926179886
argv[0]=--background_color_red=0.8745098114013672
argv[1]=--background_color_green=0.21176470816135406
argv[2]=--background_color_blue=0.1764705926179886
argv[0]=--background_color_red=0.8745098114013672
argv[1]=--background_color_green=0.21176470816135406
argv[2]=--background_color_blue=0.1764705926179886
argv[0]=--background_color_red=0.8745098114013672
argv[1]=--background_color_green=0.21176470816135406
argv[2]=--background_color_blue=0.1764705926179886
0it [00:00, ?it/s]/home/xi/anaconda3/envs/franky-sami/lib/python3.10/site-packages/gymnasium/core.py:311: UserWarning: [33mWARN: env.task to get variables from other wrappers is deprecated and will be removed in v1.0, to get this variable you can do `env.unwrapped.task` for environment variables or `env.get_wrapper_attr('task')` that will search the reminding wrappers.[0m
  logger.warn(
/home/xi/anaconda3/envs/franky-sami/lib/python3.10/site-packages/gymnasium/core.py:311: UserWarning: [33mWARN: env.set_obs_friction_mass to get variables from other wrappers is deprecated and will be removed in v1.0, to get this variable you can do `env.unwrapped.set_obs_friction_mass` for environment variables or `env.get_wrapper_attr('set_obs_friction_mass')` that will search the reminding wrappers.[0m
  logger.warn(
/home/xi/anaconda3/envs/franky-sami/lib/python3.10/site-packages/gymnasium/utils/passive_env_checker.py:135: UserWarning: [33mWARN: The obs returned by the `reset()` method was expecting numpy array dtype to be float32, actual type: float64[0m
  logger.warn(
/home/xi/anaconda3/envs/franky-sami/lib/python3.10/site-packages/gymnasium/utils/passive_env_checker.py:159: UserWarning: [33mWARN: The obs returned by the `reset()` method is not within the observation space.[0m
  logger.warn(f"{pre} is not within the observation space.")
/home/xi/anaconda3/envs/franky-sami/lib/python3.10/site-packages/gymnasium/utils/passive_env_checker.py:135: UserWarning: [33mWARN: The obs returned by the `step()` method was expecting numpy array dtype to be float32, actual type: float64[0m
  logger.warn(
/home/xi/anaconda3/envs/franky-sami/lib/python3.10/site-packages/gymnasium/utils/passive_env_checker.py:159: UserWarning: [33mWARN: The obs returned by the `step()` method is not within the observation space.[0m
  logger.warn(f"{pre} is not within the observation space.")
1it [00:05,  5.11s/it]2it [00:10,  5.30s/it]3it [00:15,  5.32s/it]4it [00:21,  5.47s/it]4it [00:21,  5.39s/it]
{'model_parameters': {'method': 'SaSAC', 'adversarial_loss_coef': 0.01, 'batch_size': 256, 'contrast_batch_size': 256, 'contrast_buffer_type': 'fine_grained', 'contrast_training_interval': 1, 'time_step': 5000000, 'causal_dim': 6, 'causal_hidden_dim': 128, 'buffer_size': 1000, 'use_weighted_info_nce': False, 'use_reward_norm': False, 'learning_rate': 0.001, 'train_freq': 128, 'gradient_steps': 16, 'encoder_tau': 0.05, 'neg_radio': 0.5, 'env_name': 'PandaPush-v3', 'env_hook': 'PandaHook', 'train_envs': '[(0, 1), (0, 5), (1, 1),(1, 5),(1, 10),(1, 2),(1, 3), (1, 1)]', 'test_envs': '[(0, 10), (1, 10), (10, 10), (30, 10)]', 'use_continue_train': False, 'save_video': False, 'seed': 100, 'config_path': '', 'test_eps_num_per_env': 50, 'use_wandb': False, 'wandb_project_name': 'franky-sami', 'wandb_team_name': 'skill-aware-rl'}, 'save_path': '/home/xi/yxh_space/SaMI/SaMI/output', 'sub_save_path': '/home/xi/yxh_space/SaMI/SaMI/output/2025-04-29-15:13:55-836807', 'save_model_path': '/home/xi/yxh_space/SaMI/SaMI/output/2025-04-29-15:13:55-836807/model.zip', 'log_path': '/home/xi/yxh_space/SaMI/SaMI/output/2025-04-29-15:13:55-836807/log.txt', 'code_path': '/home/xi/yxh_space/SaMI/SaMI/output/2025-04-29-15:13:55-836807/code.zip', 'config_path': '/home/xi/yxh_space/SaMI/SaMI/output/2025-04-29-15:13:55-836807/config.yaml', 'test_path': '/home/xi/yxh_space/SaMI/SaMI/output/2025-04-29-15:13:55-836807/test_result.yaml', 'test_tsne_path': '/home/xi/yxh_space/SaMI/SaMI/output/2025-04-29-15:13:55-836807/tsne.jpg', 'test_table_path': '/home/xi/yxh_space/SaMI/SaMI/output/2025-04-29-15:13:55-836807/tables', 'test_image_path': '/home/xi/yxh_space/SaMI/SaMI/output/2025-04-29-15:13:55-836807/images', 'test_video_path': '/home/xi/yxh_space/SaMI/SaMI/output/2025-04-29-15:13:55-836807/videos'}
argv[0]=--background_color_red=0.8745098114013672
argv[1]=--background_color_green=0.21176470816135406
argv[2]=--background_color_blue=0.1764705926179886
argv[0]=--background_color_red=0.8745098114013672
argv[1]=--background_color_green=0.21176470816135406
argv[2]=--background_color_blue=0.1764705926179886
argv[0]=--background_color_red=0.8745098114013672
argv[1]=--background_color_green=0.21176470816135406
argv[2]=--background_color_blue=0.1764705926179886
argv[0]=--background_color_red=0.8745098114013672
argv[1]=--background_color_green=0.21176470816135406
argv[2]=--background_color_blue=0.1764705926179886
argv[0]=--background_color_red=0.8745098114013672
argv[1]=--background_color_green=0.21176470816135406
argv[2]=--background_color_blue=0.1764705926179886
argv[0]=--background_color_red=0.8745098114013672
argv[1]=--background_color_green=0.21176470816135406
argv[2]=--background_color_blue=0.1764705926179886
argv[0]=--background_color_red=0.8745098114013672
argv[1]=--background_color_green=0.21176470816135406
argv[2]=--background_color_blue=0.1764705926179886
argv[0]=--background_color_red=0.8745098114013672
argv[1]=--background_color_green=0.21176470816135406
argv[2]=--background_color_blue=0.1764705926179886
argv[0]=--background_color_red=0.8745098114013672
argv[1]=--background_color_green=0.21176470816135406
argv[2]=--background_color_blue=0.1764705926179886
argv[0]=--background_color_red=0.8745098114013672
argv[1]=--background_color_green=0.21176470816135406
argv[2]=--background_color_blue=0.1764705926179886
argv[0]=--background_color_red=0.8745098114013672
argv[1]=--background_color_green=0.21176470816135406
argv[2]=--background_color_blue=0.1764705926179886
argv[0]=--background_color_red=0.8745098114013672
argv[1]=--background_color_green=0.21176470816135406
argv[2]=--background_color_blue=0.1764705926179886
0it [00:00, ?it/s]/home/xi/anaconda3/envs/franky-sami/lib/python3.10/site-packages/gymnasium/core.py:311: UserWarning: [33mWARN: env.task to get variables from other wrappers is deprecated and will be removed in v1.0, to get this variable you can do `env.unwrapped.task` for environment variables or `env.get_wrapper_attr('task')` that will search the reminding wrappers.[0m
  logger.warn(
/home/xi/anaconda3/envs/franky-sami/lib/python3.10/site-packages/gymnasium/core.py:311: UserWarning: [33mWARN: env.set_obs_friction_mass to get variables from other wrappers is deprecated and will be removed in v1.0, to get this variable you can do `env.unwrapped.set_obs_friction_mass` for environment variables or `env.get_wrapper_attr('set_obs_friction_mass')` that will search the reminding wrappers.[0m
  logger.warn(
/home/xi/anaconda3/envs/franky-sami/lib/python3.10/site-packages/gymnasium/utils/passive_env_checker.py:135: UserWarning: [33mWARN: The obs returned by the `reset()` method was expecting numpy array dtype to be float32, actual type: float64[0m
  logger.warn(
/home/xi/anaconda3/envs/franky-sami/lib/python3.10/site-packages/gymnasium/utils/passive_env_checker.py:159: UserWarning: [33mWARN: The obs returned by the `reset()` method is not within the observation space.[0m
  logger.warn(f"{pre} is not within the observation space.")
/home/xi/anaconda3/envs/franky-sami/lib/python3.10/site-packages/gymnasium/utils/passive_env_checker.py:135: UserWarning: [33mWARN: The obs returned by the `step()` method was expecting numpy array dtype to be float32, actual type: float64[0m
  logger.warn(
/home/xi/anaconda3/envs/franky-sami/lib/python3.10/site-packages/gymnasium/utils/passive_env_checker.py:159: UserWarning: [33mWARN: The obs returned by the `step()` method is not within the observation space.[0m
  logger.warn(f"{pre} is not within the observation space.")
1it [00:02,  3.00s/it]2it [00:05,  2.81s/it]3it [00:09,  3.30s/it]4it [00:13,  3.56s/it]4it [00:13,  3.38s/it]
{'model_parameters': {'method': 'SaCCM', 'adversarial_loss_coef': 0.01, 'batch_size': 256, 'contrast_batch_size': 256, 'contrast_buffer_type': 'fine_grained', 'contrast_training_interval': 1, 'time_step': 5000000, 'causal_dim': 6, 'causal_hidden_dim': 128, 'buffer_size': 1000, 'use_weighted_info_nce': False, 'use_reward_norm': False, 'learning_rate': 0.001, 'train_freq': 128, 'gradient_steps': 16, 'encoder_tau': 0.05, 'neg_radio': 0.5, 'env_name': 'PandaPush-v3', 'env_hook': 'PandaHook', 'train_envs': '[(0, 1), (0, 5), (1, 1),(1, 5),(1, 10),(1, 2),(1, 3), (1, 1)]', 'test_envs': '[(0, 10), (1, 10), (10, 10), (30, 10)]', 'use_continue_train': False, 'save_video': False, 'seed': 100, 'config_path': '', 'test_eps_num_per_env': 50, 'use_wandb': False, 'wandb_project_name': 'franky-sami', 'wandb_team_name': 'skill-aware-rl'}, 'save_path': '/home/xi/yxh_space/SaMI/SaMI/output', 'sub_save_path': '/home/xi/yxh_space/SaMI/SaMI/output/2025-04-29-15:12:29-423858', 'save_model_path': '/home/xi/yxh_space/SaMI/SaMI/output/2025-04-29-15:12:29-423858/model.zip', 'log_path': '/home/xi/yxh_space/SaMI/SaMI/output/2025-04-29-15:12:29-423858/log.txt', 'code_path': '/home/xi/yxh_space/SaMI/SaMI/output/2025-04-29-15:12:29-423858/code.zip', 'config_path': '/home/xi/yxh_space/SaMI/SaMI/output/2025-04-29-15:12:29-423858/config.yaml', 'test_path': '/home/xi/yxh_space/SaMI/SaMI/output/2025-04-29-15:12:29-423858/test_result.yaml', 'test_tsne_path': '/home/xi/yxh_space/SaMI/SaMI/output/2025-04-29-15:12:29-423858/tsne.jpg', 'test_table_path': '/home/xi/yxh_space/SaMI/SaMI/output/2025-04-29-15:12:29-423858/tables', 'test_image_path': '/home/xi/yxh_space/SaMI/SaMI/output/2025-04-29-15:12:29-423858/images', 'test_video_path': '/home/xi/yxh_space/SaMI/SaMI/output/2025-04-29-15:12:29-423858/videos'}
argv[0]=--background_color_red=0.8745098114013672
argv[1]=--background_color_green=0.21176470816135406
argv[2]=--background_color_blue=0.1764705926179886
argv[0]=--background_color_red=0.8745098114013672
argv[1]=--background_color_green=0.21176470816135406
argv[2]=--background_color_blue=0.1764705926179886
argv[0]=--background_color_red=0.8745098114013672
argv[1]=--background_color_green=0.21176470816135406
argv[2]=--background_color_blue=0.1764705926179886
argv[0]=--background_color_red=0.8745098114013672
argv[1]=--background_color_green=0.21176470816135406
argv[2]=--background_color_blue=0.1764705926179886
argv[0]=--background_color_red=0.8745098114013672
argv[1]=--background_color_green=0.21176470816135406
argv[2]=--background_color_blue=0.1764705926179886
argv[0]=--background_color_red=0.8745098114013672
argv[1]=--background_color_green=0.21176470816135406
argv[2]=--background_color_blue=0.1764705926179886
argv[0]=--background_color_red=0.8745098114013672
argv[1]=--background_color_green=0.21176470816135406
argv[2]=--background_color_blue=0.1764705926179886
argv[0]=--background_color_red=0.8745098114013672
argv[1]=--background_color_green=0.21176470816135406
argv[2]=--background_color_blue=0.1764705926179886
argv[0]=--background_color_red=0.8745098114013672
argv[1]=--background_color_green=0.21176470816135406
argv[2]=--background_color_blue=0.1764705926179886
argv[0]=--background_color_red=0.8745098114013672
argv[1]=--background_color_green=0.21176470816135406
argv[2]=--background_color_blue=0.1764705926179886
argv[0]=--background_color_red=0.8745098114013672
argv[1]=--background_color_green=0.21176470816135406
argv[2]=--background_color_blue=0.1764705926179886
argv[0]=--background_color_red=0.8745098114013672
argv[1]=--background_color_green=0.21176470816135406
argv[2]=--background_color_blue=0.1764705926179886
0it [00:00, ?it/s]/home/xi/anaconda3/envs/franky-sami/lib/python3.10/site-packages/gymnasium/core.py:311: UserWarning: [33mWARN: env.task to get variables from other wrappers is deprecated and will be removed in v1.0, to get this variable you can do `env.unwrapped.task` for environment variables or `env.get_wrapper_attr('task')` that will search the reminding wrappers.[0m
  logger.warn(
/home/xi/anaconda3/envs/franky-sami/lib/python3.10/site-packages/gymnasium/core.py:311: UserWarning: [33mWARN: env.set_obs_friction_mass to get variables from other wrappers is deprecated and will be removed in v1.0, to get this variable you can do `env.unwrapped.set_obs_friction_mass` for environment variables or `env.get_wrapper_attr('set_obs_friction_mass')` that will search the reminding wrappers.[0m
  logger.warn(
/home/xi/anaconda3/envs/franky-sami/lib/python3.10/site-packages/gymnasium/utils/passive_env_checker.py:135: UserWarning: [33mWARN: The obs returned by the `reset()` method was expecting numpy array dtype to be float32, actual type: float64[0m
  logger.warn(
/home/xi/anaconda3/envs/franky-sami/lib/python3.10/site-packages/gymnasium/utils/passive_env_checker.py:159: UserWarning: [33mWARN: The obs returned by the `reset()` method is not within the observation space.[0m
  logger.warn(f"{pre} is not within the observation space.")
/home/xi/anaconda3/envs/franky-sami/lib/python3.10/site-packages/gymnasium/utils/passive_env_checker.py:135: UserWarning: [33mWARN: The obs returned by the `step()` method was expecting numpy array dtype to be float32, actual type: float64[0m
  logger.warn(
/home/xi/anaconda3/envs/franky-sami/lib/python3.10/site-packages/gymnasium/utils/passive_env_checker.py:159: UserWarning: [33mWARN: The obs returned by the `step()` method is not within the observation space.[0m
  logger.warn(f"{pre} is not within the observation space.")
1it [00:01,  1.48s/it]2it [00:03,  2.01s/it]3it [00:08,  3.16s/it]4it [00:13,  3.86s/it]4it [00:13,  3.33s/it]
{'model_parameters': {'method': 'SaSAC', 'adversarial_loss_coef': 0.01, 'batch_size': 256, 'contrast_batch_size': 256, 'contrast_buffer_type': 'fine_grained', 'contrast_training_interval': 1, 'time_step': 5000000, 'causal_dim': 6, 'causal_hidden_dim': 128, 'buffer_size': 1000, 'use_weighted_info_nce': False, 'use_reward_norm': False, 'learning_rate': 0.001, 'train_freq': 128, 'gradient_steps': 16, 'encoder_tau': 0.05, 'neg_radio': 0.5, 'env_name': 'PandaPush-v3', 'env_hook': 'PandaHook', 'train_envs': '[(0, 1), (0, 5), (1, 1),(1, 5),(1, 10),(1, 2),(1, 3), (1, 1)]', 'test_envs': '[(0, 10), (1, 10), (10, 10), (30, 10)]', 'use_continue_train': False, 'save_video': False, 'seed': 100, 'config_path': '', 'test_eps_num_per_env': 50, 'use_wandb': False, 'wandb_project_name': 'franky-sami', 'wandb_team_name': 'skill-aware-rl'}, 'save_path': '/home/xi/yxh_space/SaMI/SaMI/output', 'sub_save_path': '/home/xi/yxh_space/SaMI/SaMI/output/2025-04-29-15:12:29-312907', 'save_model_path': '/home/xi/yxh_space/SaMI/SaMI/output/2025-04-29-15:12:29-312907/model.zip', 'log_path': '/home/xi/yxh_space/SaMI/SaMI/output/2025-04-29-15:12:29-312907/log.txt', 'code_path': '/home/xi/yxh_space/SaMI/SaMI/output/2025-04-29-15:12:29-312907/code.zip', 'config_path': '/home/xi/yxh_space/SaMI/SaMI/output/2025-04-29-15:12:29-312907/config.yaml', 'test_path': '/home/xi/yxh_space/SaMI/SaMI/output/2025-04-29-15:12:29-312907/test_result.yaml', 'test_tsne_path': '/home/xi/yxh_space/SaMI/SaMI/output/2025-04-29-15:12:29-312907/tsne.jpg', 'test_table_path': '/home/xi/yxh_space/SaMI/SaMI/output/2025-04-29-15:12:29-312907/tables', 'test_image_path': '/home/xi/yxh_space/SaMI/SaMI/output/2025-04-29-15:12:29-312907/images', 'test_video_path': '/home/xi/yxh_space/SaMI/SaMI/output/2025-04-29-15:12:29-312907/videos'}
argv[0]=--background_color_red=0.8745098114013672
argv[1]=--background_color_green=0.21176470816135406
argv[2]=--background_color_blue=0.1764705926179886
argv[0]=--background_color_red=0.8745098114013672
argv[1]=--background_color_green=0.21176470816135406
argv[2]=--background_color_blue=0.1764705926179886
argv[0]=--background_color_red=0.8745098114013672
argv[1]=--background_color_green=0.21176470816135406
argv[2]=--background_color_blue=0.1764705926179886
argv[0]=--background_color_red=0.8745098114013672
argv[1]=--background_color_green=0.21176470816135406
argv[2]=--background_color_blue=0.1764705926179886
argv[0]=--background_color_red=0.8745098114013672
argv[1]=--background_color_green=0.21176470816135406
argv[2]=--background_color_blue=0.1764705926179886
argv[0]=--background_color_red=0.8745098114013672
argv[1]=--background_color_green=0.21176470816135406
argv[2]=--background_color_blue=0.1764705926179886
argv[0]=--background_color_red=0.8745098114013672
argv[1]=--background_color_green=0.21176470816135406
argv[2]=--background_color_blue=0.1764705926179886
argv[0]=--background_color_red=0.8745098114013672
argv[1]=--background_color_green=0.21176470816135406
argv[2]=--background_color_blue=0.1764705926179886
argv[0]=--background_color_red=0.8745098114013672
argv[1]=--background_color_green=0.21176470816135406
argv[2]=--background_color_blue=0.1764705926179886
argv[0]=--background_color_red=0.8745098114013672
argv[1]=--background_color_green=0.21176470816135406
argv[2]=--background_color_blue=0.1764705926179886
argv[0]=--background_color_red=0.8745098114013672
argv[1]=--background_color_green=0.21176470816135406
argv[2]=--background_color_blue=0.1764705926179886
argv[0]=--background_color_red=0.8745098114013672
argv[1]=--background_color_green=0.21176470816135406
argv[2]=--background_color_blue=0.1764705926179886
pybullet build time: Jan 29 2025 23:16:28
pybullet build time: Jan 29 2025 23:16:28
/home/xi/anaconda3/envs/franky-sami/lib/python3.10/site-packages/gymnasium/envs/registration.py:694: UserWarning: [33mWARN: Overriding environment PandaPush-v3 already in registry.[0m
  logger.warn(f"Overriding environment {new_spec.id} already in registry.")
/home/xi/anaconda3/envs/franky-sami/lib/python3.10/site-packages/gymnasium/envs/registration.py:694: UserWarning: [33mWARN: Overriding environment PandaPickAndPlace-v3 already in registry.[0m
  logger.warn(f"Overriding environment {new_spec.id} already in registry.")
/home/xi/anaconda3/envs/franky-sami/lib/python3.10/site-packages/gymnasium/envs/registration.py:694: UserWarning: [33mWARN: Overriding environment PandaPush-v3 already in registry.[0m
  logger.warn(f"Overriding environment {new_spec.id} already in registry.")
/home/xi/anaconda3/envs/franky-sami/lib/python3.10/site-packages/gymnasium/envs/registration.py:694: UserWarning: [33mWARN: Overriding environment PandaPickAndPlace-v3 already in registry.[0m
  logger.warn(f"Overriding environment {new_spec.id} already in registry.")
/home/xi/anaconda3/envs/franky-sami/lib/python3.10/site-packages/gymnasium/core.py:311: UserWarning: [33mWARN: env.task to get variables from other wrappers is deprecated and will be removed in v1.0, to get this variable you can do `env.unwrapped.task` for environment variables or `env.get_wrapper_attr('task')` that will search the reminding wrappers.[0m
  logger.warn(
/home/xi/anaconda3/envs/franky-sami/lib/python3.10/site-packages/gymnasium/core.py:311: UserWarning: [33mWARN: env.set_obs_friction_mass to get variables from other wrappers is deprecated and will be removed in v1.0, to get this variable you can do `env.unwrapped.set_obs_friction_mass` for environment variables or `env.get_wrapper_attr('set_obs_friction_mass')` that will search the reminding wrappers.[0m
  logger.warn(
/home/xi/anaconda3/envs/franky-sami/lib/python3.10/site-packages/gymnasium/utils/passive_env_checker.py:135: UserWarning: [33mWARN: The obs returned by the `reset()` method was expecting numpy array dtype to be float32, actual type: float64[0m
  logger.warn(
/home/xi/anaconda3/envs/franky-sami/lib/python3.10/site-packages/gymnasium/utils/passive_env_checker.py:159: UserWarning: [33mWARN: The obs returned by the `reset()` method is not within the observation space.[0m
  logger.warn(f"{pre} is not within the observation space.")
/home/xi/anaconda3/envs/franky-sami/lib/python3.10/site-packages/gymnasium/core.py:311: UserWarning: [33mWARN: env.task to get variables from other wrappers is deprecated and will be removed in v1.0, to get this variable you can do `env.unwrapped.task` for environment variables or `env.get_wrapper_attr('task')` that will search the reminding wrappers.[0m
  logger.warn(
/home/xi/anaconda3/envs/franky-sami/lib/python3.10/site-packages/gymnasium/core.py:311: UserWarning: [33mWARN: env.set_obs_friction_mass to get variables from other wrappers is deprecated and will be removed in v1.0, to get this variable you can do `env.unwrapped.set_obs_friction_mass` for environment variables or `env.get_wrapper_attr('set_obs_friction_mass')` that will search the reminding wrappers.[0m
  logger.warn(
/home/xi/anaconda3/envs/franky-sami/lib/python3.10/site-packages/gymnasium/utils/passive_env_checker.py:135: UserWarning: [33mWARN: The obs returned by the `reset()` method was expecting numpy array dtype to be float32, actual type: float64[0m
  logger.warn(
/home/xi/anaconda3/envs/franky-sami/lib/python3.10/site-packages/gymnasium/utils/passive_env_checker.py:159: UserWarning: [33mWARN: The obs returned by the `reset()` method is not within the observation space.[0m
  logger.warn(f"{pre} is not within the observation space.")
/home/xi/anaconda3/envs/franky-sami/lib/python3.10/site-packages/gymnasium/utils/passive_env_checker.py:135: UserWarning: [33mWARN: The obs returned by the `step()` method was expecting numpy array dtype to be float32, actual type: float64[0m
  logger.warn(
/home/xi/anaconda3/envs/franky-sami/lib/python3.10/site-packages/gymnasium/utils/passive_env_checker.py:159: UserWarning: [33mWARN: The obs returned by the `step()` method is not within the observation space.[0m
  logger.warn(f"{pre} is not within the observation space.")
/home/xi/anaconda3/envs/franky-sami/lib/python3.10/site-packages/gymnasium/utils/passive_env_checker.py:135: UserWarning: [33mWARN: The obs returned by the `step()` method was expecting numpy array dtype to be float32, actual type: float64[0m
  logger.warn(
/home/xi/anaconda3/envs/franky-sami/lib/python3.10/site-packages/gymnasium/utils/passive_env_checker.py:159: UserWarning: [33mWARN: The obs returned by the `step()` method is not within the observation space.[0m
  logger.warn(f"{pre} is not within the observation space.")
pybullet build time: Jan 29 2025 23:16:28
pybullet build time: Jan 29 2025 23:16:28
/home/xi/anaconda3/envs/franky-sami/lib/python3.10/site-packages/gymnasium/envs/registration.py:694: UserWarning: [33mWARN: Overriding environment PandaPush-v3 already in registry.[0m
  logger.warn(f"Overriding environment {new_spec.id} already in registry.")
/home/xi/anaconda3/envs/franky-sami/lib/python3.10/site-packages/gymnasium/envs/registration.py:694: UserWarning: [33mWARN: Overriding environment PandaPickAndPlace-v3 already in registry.[0m
  logger.warn(f"Overriding environment {new_spec.id} already in registry.")
/home/xi/anaconda3/envs/franky-sami/lib/python3.10/site-packages/gymnasium/core.py:311: UserWarning: [33mWARN: env.task to get variables from other wrappers is deprecated and will be removed in v1.0, to get this variable you can do `env.unwrapped.task` for environment variables or `env.get_wrapper_attr('task')` that will search the reminding wrappers.[0m
  logger.warn(
/home/xi/anaconda3/envs/franky-sami/lib/python3.10/site-packages/gymnasium/core.py:311: UserWarning: [33mWARN: env.set_obs_friction_mass to get variables from other wrappers is deprecated and will be removed in v1.0, to get this variable you can do `env.unwrapped.set_obs_friction_mass` for environment variables or `env.get_wrapper_attr('set_obs_friction_mass')` that will search the reminding wrappers.[0m
  logger.warn(
/home/xi/anaconda3/envs/franky-sami/lib/python3.10/site-packages/gymnasium/utils/passive_env_checker.py:135: UserWarning: [33mWARN: The obs returned by the `reset()` method was expecting numpy array dtype to be float32, actual type: float64[0m
  logger.warn(
/home/xi/anaconda3/envs/franky-sami/lib/python3.10/site-packages/gymnasium/utils/passive_env_checker.py:159: UserWarning: [33mWARN: The obs returned by the `reset()` method is not within the observation space.[0m
  logger.warn(f"{pre} is not within the observation space.")
/home/xi/anaconda3/envs/franky-sami/lib/python3.10/site-packages/gymnasium/envs/registration.py:694: UserWarning: [33mWARN: Overriding environment PandaPush-v3 already in registry.[0m
  logger.warn(f"Overriding environment {new_spec.id} already in registry.")
/home/xi/anaconda3/envs/franky-sami/lib/python3.10/site-packages/gymnasium/envs/registration.py:694: UserWarning: [33mWARN: Overriding environment PandaPickAndPlace-v3 already in registry.[0m
  logger.warn(f"Overriding environment {new_spec.id} already in registry.")
/home/xi/anaconda3/envs/franky-sami/lib/python3.10/site-packages/gymnasium/core.py:311: UserWarning: [33mWARN: env.task to get variables from other wrappers is deprecated and will be removed in v1.0, to get this variable you can do `env.unwrapped.task` for environment variables or `env.get_wrapper_attr('task')` that will search the reminding wrappers.[0m
  logger.warn(
/home/xi/anaconda3/envs/franky-sami/lib/python3.10/site-packages/gymnasium/core.py:311: UserWarning: [33mWARN: env.set_obs_friction_mass to get variables from other wrappers is deprecated and will be removed in v1.0, to get this variable you can do `env.unwrapped.set_obs_friction_mass` for environment variables or `env.get_wrapper_attr('set_obs_friction_mass')` that will search the reminding wrappers.[0m
  logger.warn(
/home/xi/anaconda3/envs/franky-sami/lib/python3.10/site-packages/gymnasium/utils/passive_env_checker.py:135: UserWarning: [33mWARN: The obs returned by the `reset()` method was expecting numpy array dtype to be float32, actual type: float64[0m
  logger.warn(
/home/xi/anaconda3/envs/franky-sami/lib/python3.10/site-packages/gymnasium/utils/passive_env_checker.py:159: UserWarning: [33mWARN: The obs returned by the `reset()` method is not within the observation space.[0m
  logger.warn(f"{pre} is not within the observation space.")
/home/xi/anaconda3/envs/franky-sami/lib/python3.10/site-packages/gymnasium/utils/passive_env_checker.py:135: UserWarning: [33mWARN: The obs returned by the `step()` method was expecting numpy array dtype to be float32, actual type: float64[0m
  logger.warn(
/home/xi/anaconda3/envs/franky-sami/lib/python3.10/site-packages/gymnasium/utils/passive_env_checker.py:159: UserWarning: [33mWARN: The obs returned by the `step()` method is not within the observation space.[0m
  logger.warn(f"{pre} is not within the observation space.")
/home/xi/anaconda3/envs/franky-sami/lib/python3.10/site-packages/gymnasium/utils/passive_env_checker.py:135: UserWarning: [33mWARN: The obs returned by the `step()` method was expecting numpy array dtype to be float32, actual type: float64[0m
  logger.warn(
/home/xi/anaconda3/envs/franky-sami/lib/python3.10/site-packages/gymnasium/utils/passive_env_checker.py:159: UserWarning: [33mWARN: The obs returned by the `step()` method is not within the observation space.[0m
  logger.warn(f"{pre} is not within the observation space.")
pybullet build time: Jan 29 2025 23:16:28
pybullet build time: Jan 29 2025 23:16:28
/home/xi/anaconda3/envs/franky-sami/lib/python3.10/site-packages/gymnasium/envs/registration.py:694: UserWarning: [33mWARN: Overriding environment PandaPush-v3 already in registry.[0m
  logger.warn(f"Overriding environment {new_spec.id} already in registry.")
/home/xi/anaconda3/envs/franky-sami/lib/python3.10/site-packages/gymnasium/envs/registration.py:694: UserWarning: [33mWARN: Overriding environment PandaPickAndPlace-v3 already in registry.[0m
  logger.warn(f"Overriding environment {new_spec.id} already in registry.")
/home/xi/anaconda3/envs/franky-sami/lib/python3.10/site-packages/gymnasium/envs/registration.py:694: UserWarning: [33mWARN: Overriding environment PandaPush-v3 already in registry.[0m
  logger.warn(f"Overriding environment {new_spec.id} already in registry.")
/home/xi/anaconda3/envs/franky-sami/lib/python3.10/site-packages/gymnasium/envs/registration.py:694: UserWarning: [33mWARN: Overriding environment PandaPickAndPlace-v3 already in registry.[0m
  logger.warn(f"Overriding environment {new_spec.id} already in registry.")
/home/xi/anaconda3/envs/franky-sami/lib/python3.10/site-packages/gymnasium/core.py:311: UserWarning: [33mWARN: env.task to get variables from other wrappers is deprecated and will be removed in v1.0, to get this variable you can do `env.unwrapped.task` for environment variables or `env.get_wrapper_attr('task')` that will search the reminding wrappers.[0m
  logger.warn(
/home/xi/anaconda3/envs/franky-sami/lib/python3.10/site-packages/gymnasium/core.py:311: UserWarning: [33mWARN: env.set_obs_friction_mass to get variables from other wrappers is deprecated and will be removed in v1.0, to get this variable you can do `env.unwrapped.set_obs_friction_mass` for environment variables or `env.get_wrapper_attr('set_obs_friction_mass')` that will search the reminding wrappers.[0m
  logger.warn(
/home/xi/anaconda3/envs/franky-sami/lib/python3.10/site-packages/gymnasium/utils/passive_env_checker.py:135: UserWarning: [33mWARN: The obs returned by the `reset()` method was expecting numpy array dtype to be float32, actual type: float64[0m
  logger.warn(
/home/xi/anaconda3/envs/franky-sami/lib/python3.10/site-packages/gymnasium/utils/passive_env_checker.py:159: UserWarning: [33mWARN: The obs returned by the `reset()` method is not within the observation space.[0m
  logger.warn(f"{pre} is not within the observation space.")
/home/xi/anaconda3/envs/franky-sami/lib/python3.10/site-packages/gymnasium/core.py:311: UserWarning: [33mWARN: env.task to get variables from other wrappers is deprecated and will be removed in v1.0, to get this variable you can do `env.unwrapped.task` for environment variables or `env.get_wrapper_attr('task')` that will search the reminding wrappers.[0m
  logger.warn(
/home/xi/anaconda3/envs/franky-sami/lib/python3.10/site-packages/gymnasium/core.py:311: UserWarning: [33mWARN: env.set_obs_friction_mass to get variables from other wrappers is deprecated and will be removed in v1.0, to get this variable you can do `env.unwrapped.set_obs_friction_mass` for environment variables or `env.get_wrapper_attr('set_obs_friction_mass')` that will search the reminding wrappers.[0m
  logger.warn(
/home/xi/anaconda3/envs/franky-sami/lib/python3.10/site-packages/gymnasium/utils/passive_env_checker.py:135: UserWarning: [33mWARN: The obs returned by the `reset()` method was expecting numpy array dtype to be float32, actual type: float64[0m
  logger.warn(
/home/xi/anaconda3/envs/franky-sami/lib/python3.10/site-packages/gymnasium/utils/passive_env_checker.py:159: UserWarning: [33mWARN: The obs returned by the `reset()` method is not within the observation space.[0m
  logger.warn(f"{pre} is not within the observation space.")
/home/xi/anaconda3/envs/franky-sami/lib/python3.10/site-packages/gymnasium/utils/passive_env_checker.py:135: UserWarning: [33mWARN: The obs returned by the `step()` method was expecting numpy array dtype to be float32, actual type: float64[0m
  logger.warn(
/home/xi/anaconda3/envs/franky-sami/lib/python3.10/site-packages/gymnasium/utils/passive_env_checker.py:159: UserWarning: [33mWARN: The obs returned by the `step()` method is not within the observation space.[0m
  logger.warn(f"{pre} is not within the observation space.")
/home/xi/anaconda3/envs/franky-sami/lib/python3.10/site-packages/gymnasium/utils/passive_env_checker.py:135: UserWarning: [33mWARN: The obs returned by the `step()` method was expecting numpy array dtype to be float32, actual type: float64[0m
  logger.warn(
/home/xi/anaconda3/envs/franky-sami/lib/python3.10/site-packages/gymnasium/utils/passive_env_checker.py:159: UserWarning: [33mWARN: The obs returned by the `step()` method is not within the observation space.[0m
  logger.warn(f"{pre} is not within the observation space.")
pybullet build time: Jan 29 2025 23:16:28
/home/xi/anaconda3/envs/franky-sami/lib/python3.10/site-packages/gymnasium/envs/registration.py:694: UserWarning: [33mWARN: Overriding environment PandaPush-v3 already in registry.[0m
  logger.warn(f"Overriding environment {new_spec.id} already in registry.")
/home/xi/anaconda3/envs/franky-sami/lib/python3.10/site-packages/gymnasium/envs/registration.py:694: UserWarning: [33mWARN: Overriding environment PandaPickAndPlace-v3 already in registry.[0m
  logger.warn(f"Overriding environment {new_spec.id} already in registry.")
pybullet build time: Jan 29 2025 23:16:28
/home/xi/anaconda3/envs/franky-sami/lib/python3.10/site-packages/gymnasium/core.py:311: UserWarning: [33mWARN: env.task to get variables from other wrappers is deprecated and will be removed in v1.0, to get this variable you can do `env.unwrapped.task` for environment variables or `env.get_wrapper_attr('task')` that will search the reminding wrappers.[0m
  logger.warn(
/home/xi/anaconda3/envs/franky-sami/lib/python3.10/site-packages/gymnasium/core.py:311: UserWarning: [33mWARN: env.set_obs_friction_mass to get variables from other wrappers is deprecated and will be removed in v1.0, to get this variable you can do `env.unwrapped.set_obs_friction_mass` for environment variables or `env.get_wrapper_attr('set_obs_friction_mass')` that will search the reminding wrappers.[0m
  logger.warn(
/home/xi/anaconda3/envs/franky-sami/lib/python3.10/site-packages/gymnasium/utils/passive_env_checker.py:135: UserWarning: [33mWARN: The obs returned by the `reset()` method was expecting numpy array dtype to be float32, actual type: float64[0m
  logger.warn(
/home/xi/anaconda3/envs/franky-sami/lib/python3.10/site-packages/gymnasium/utils/passive_env_checker.py:159: UserWarning: [33mWARN: The obs returned by the `reset()` method is not within the observation space.[0m
  logger.warn(f"{pre} is not within the observation space.")
pybullet build time: Jan 29 2025 23:16:28
/home/xi/anaconda3/envs/franky-sami/lib/python3.10/site-packages/gymnasium/envs/registration.py:694: UserWarning: [33mWARN: Overriding environment PandaPush-v3 already in registry.[0m
  logger.warn(f"Overriding environment {new_spec.id} already in registry.")
/home/xi/anaconda3/envs/franky-sami/lib/python3.10/site-packages/gymnasium/envs/registration.py:694: UserWarning: [33mWARN: Overriding environment PandaPickAndPlace-v3 already in registry.[0m
  logger.warn(f"Overriding environment {new_spec.id} already in registry.")
/home/xi/anaconda3/envs/franky-sami/lib/python3.10/site-packages/gymnasium/envs/registration.py:694: UserWarning: [33mWARN: Overriding environment PandaPush-v3 already in registry.[0m
  logger.warn(f"Overriding environment {new_spec.id} already in registry.")
/home/xi/anaconda3/envs/franky-sami/lib/python3.10/site-packages/gymnasium/envs/registration.py:694: UserWarning: [33mWARN: Overriding environment PandaPickAndPlace-v3 already in registry.[0m
  logger.warn(f"Overriding environment {new_spec.id} already in registry.")
/home/xi/anaconda3/envs/franky-sami/lib/python3.10/site-packages/gymnasium/core.py:311: UserWarning: [33mWARN: env.task to get variables from other wrappers is deprecated and will be removed in v1.0, to get this variable you can do `env.unwrapped.task` for environment variables or `env.get_wrapper_attr('task')` that will search the reminding wrappers.[0m
  logger.warn(
/home/xi/anaconda3/envs/franky-sami/lib/python3.10/site-packages/gymnasium/core.py:311: UserWarning: [33mWARN: env.set_obs_friction_mass to get variables from other wrappers is deprecated and will be removed in v1.0, to get this variable you can do `env.unwrapped.set_obs_friction_mass` for environment variables or `env.get_wrapper_attr('set_obs_friction_mass')` that will search the reminding wrappers.[0m
  logger.warn(
/home/xi/anaconda3/envs/franky-sami/lib/python3.10/site-packages/gymnasium/utils/passive_env_checker.py:135: UserWarning: [33mWARN: The obs returned by the `reset()` method was expecting numpy array dtype to be float32, actual type: float64[0m
  logger.warn(
/home/xi/anaconda3/envs/franky-sami/lib/python3.10/site-packages/gymnasium/utils/passive_env_checker.py:159: UserWarning: [33mWARN: The obs returned by the `reset()` method is not within the observation space.[0m
  logger.warn(f"{pre} is not within the observation space.")
/home/xi/anaconda3/envs/franky-sami/lib/python3.10/site-packages/gymnasium/core.py:311: UserWarning: [33mWARN: env.task to get variables from other wrappers is deprecated and will be removed in v1.0, to get this variable you can do `env.unwrapped.task` for environment variables or `env.get_wrapper_attr('task')` that will search the reminding wrappers.[0m
  logger.warn(
/home/xi/anaconda3/envs/franky-sami/lib/python3.10/site-packages/gymnasium/core.py:311: UserWarning: [33mWARN: env.set_obs_friction_mass to get variables from other wrappers is deprecated and will be removed in v1.0, to get this variable you can do `env.unwrapped.set_obs_friction_mass` for environment variables or `env.get_wrapper_attr('set_obs_friction_mass')` that will search the reminding wrappers.[0m
  logger.warn(
/home/xi/anaconda3/envs/franky-sami/lib/python3.10/site-packages/gymnasium/utils/passive_env_checker.py:135: UserWarning: [33mWARN: The obs returned by the `reset()` method was expecting numpy array dtype to be float32, actual type: float64[0m
  logger.warn(
/home/xi/anaconda3/envs/franky-sami/lib/python3.10/site-packages/gymnasium/utils/passive_env_checker.py:159: UserWarning: [33mWARN: The obs returned by the `reset()` method is not within the observation space.[0m
  logger.warn(f"{pre} is not within the observation space.")
pybullet build time: Jan 29 2025 23:16:28
/home/xi/anaconda3/envs/franky-sami/lib/python3.10/site-packages/gymnasium/envs/registration.py:694: UserWarning: [33mWARN: Overriding environment PandaPush-v3 already in registry.[0m
  logger.warn(f"Overriding environment {new_spec.id} already in registry.")
/home/xi/anaconda3/envs/franky-sami/lib/python3.10/site-packages/gymnasium/envs/registration.py:694: UserWarning: [33mWARN: Overriding environment PandaPickAndPlace-v3 already in registry.[0m
  logger.warn(f"Overriding environment {new_spec.id} already in registry.")
/home/xi/anaconda3/envs/franky-sami/lib/python3.10/site-packages/gymnasium/core.py:311: UserWarning: [33mWARN: env.task to get variables from other wrappers is deprecated and will be removed in v1.0, to get this variable you can do `env.unwrapped.task` for environment variables or `env.get_wrapper_attr('task')` that will search the reminding wrappers.[0m
  logger.warn(
/home/xi/anaconda3/envs/franky-sami/lib/python3.10/site-packages/gymnasium/core.py:311: UserWarning: [33mWARN: env.set_obs_friction_mass to get variables from other wrappers is deprecated and will be removed in v1.0, to get this variable you can do `env.unwrapped.set_obs_friction_mass` for environment variables or `env.get_wrapper_attr('set_obs_friction_mass')` that will search the reminding wrappers.[0m
  logger.warn(
/home/xi/anaconda3/envs/franky-sami/lib/python3.10/site-packages/gymnasium/utils/passive_env_checker.py:135: UserWarning: [33mWARN: The obs returned by the `reset()` method was expecting numpy array dtype to be float32, actual type: float64[0m
  logger.warn(
/home/xi/anaconda3/envs/franky-sami/lib/python3.10/site-packages/gymnasium/utils/passive_env_checker.py:159: UserWarning: [33mWARN: The obs returned by the `reset()` method is not within the observation space.[0m
  logger.warn(f"{pre} is not within the observation space.")
/home/xi/anaconda3/envs/franky-sami/lib/python3.10/site-packages/gymnasium/utils/passive_env_checker.py:135: UserWarning: [33mWARN: The obs returned by the `step()` method was expecting numpy array dtype to be float32, actual type: float64[0m
  logger.warn(
/home/xi/anaconda3/envs/franky-sami/lib/python3.10/site-packages/gymnasium/utils/passive_env_checker.py:159: UserWarning: [33mWARN: The obs returned by the `step()` method is not within the observation space.[0m
  logger.warn(f"{pre} is not within the observation space.")
/home/xi/anaconda3/envs/franky-sami/lib/python3.10/site-packages/gymnasium/utils/passive_env_checker.py:135: UserWarning: [33mWARN: The obs returned by the `step()` method was expecting numpy array dtype to be float32, actual type: float64[0m
  logger.warn(
/home/xi/anaconda3/envs/franky-sami/lib/python3.10/site-packages/gymnasium/utils/passive_env_checker.py:159: UserWarning: [33mWARN: The obs returned by the `step()` method is not within the observation space.[0m
  logger.warn(f"{pre} is not within the observation space.")
/home/xi/anaconda3/envs/franky-sami/lib/python3.10/site-packages/gymnasium/utils/passive_env_checker.py:135: UserWarning: [33mWARN: The obs returned by the `step()` method was expecting numpy array dtype to be float32, actual type: float64[0m
  logger.warn(
/home/xi/anaconda3/envs/franky-sami/lib/python3.10/site-packages/gymnasium/utils/passive_env_checker.py:159: UserWarning: [33mWARN: The obs returned by the `step()` method is not within the observation space.[0m
  logger.warn(f"{pre} is not within the observation space.")
/home/xi/anaconda3/envs/franky-sami/lib/python3.10/site-packages/gymnasium/utils/passive_env_checker.py:135: UserWarning: [33mWARN: The obs returned by the `step()` method was expecting numpy array dtype to be float32, actual type: float64[0m
  logger.warn(
/home/xi/anaconda3/envs/franky-sami/lib/python3.10/site-packages/gymnasium/utils/passive_env_checker.py:159: UserWarning: [33mWARN: The obs returned by the `step()` method is not within the observation space.[0m
  logger.warn(f"{pre} is not within the observation space.")
Traceback (most recent call last):
  File "/home/xi/yxh_space/SaMI/SaMI/configs/../main.py", line 21, in <module>
    from envs import PandaHook,BaseHook,ENV_MAX_STEP
  File "/home/xi/yxh_space/SaMI/SaMI/envs/__init__.py", line 6, in <module>
    from .PandaPickAndPlace import PandaPickAndPlaceEnv
  File "/home/xi/yxh_space/SaMI/SaMI/envs/PandaPickAndPlace.py", line 14, in <module>
    from panda_gym.envs.core import RobotTaskEnv
ModuleNotFoundError: No module named 'panda_gym'
Traceback (most recent call last):
  File "/home/xi/yxh_space/SaMI/SaMI/configs/../main.py", line 21, in <module>
    from envs import PandaHook,BaseHook,ENV_MAX_STEP
  File "/home/xi/yxh_space/SaMI/SaMI/envs/__init__.py", line 6, in <module>
    from .PandaPickAndPlace import PandaPickAndPlaceEnv
  File "/home/xi/yxh_space/SaMI/SaMI/envs/PandaPickAndPlace.py", line 14, in <module>
    from panda_gym.envs.core import RobotTaskEnv
ModuleNotFoundError: No module named 'panda_gym'
Traceback (most recent call last):
  File "/home/xi/yxh_space/SaMI/SaMI/configs/../main.py", line 21, in <module>
    from envs import PandaHook,BaseHook,ENV_MAX_STEP
  File "/home/xi/yxh_space/SaMI/SaMI/envs/__init__.py", line 6, in <module>
    from .PandaPickAndPlace import PandaPickAndPlaceEnv
  File "/home/xi/yxh_space/SaMI/SaMI/envs/PandaPickAndPlace.py", line 14, in <module>
    from panda_gym.envs.core import RobotTaskEnv
ModuleNotFoundError: No module named 'panda_gym'
Traceback (most recent call last):
  File "/home/xi/yxh_space/SaMI/SaMI/configs/../main.py", line 21, in <module>
    from envs import PandaHook,BaseHook,ENV_MAX_STEP
  File "/home/xi/yxh_space/SaMI/SaMI/envs/__init__.py", line 6, in <module>
    from .PandaPickAndPlace import PandaPickAndPlaceEnv
  File "/home/xi/yxh_space/SaMI/SaMI/envs/PandaPickAndPlace.py", line 14, in <module>
    from panda_gym.envs.core import RobotTaskEnv
ModuleNotFoundError: No module named 'panda_gym'
pybullet build time: Jan 29 2025 23:16:28
/home/xi/anaconda3/envs/franky-sami/lib/python3.10/site-packages/gymnasium/envs/registration.py:694: UserWarning: [33mWARN: Overriding environment PandaPush-v3 already in registry.[0m
  logger.warn(f"Overriding environment {new_spec.id} already in registry.")
/home/xi/anaconda3/envs/franky-sami/lib/python3.10/site-packages/gymnasium/envs/registration.py:694: UserWarning: [33mWARN: Overriding environment PandaPickAndPlace-v3 already in registry.[0m
  logger.warn(f"Overriding environment {new_spec.id} already in registry.")
pybullet build time: Jan 29 2025 23:16:28
/home/xi/anaconda3/envs/franky-sami/lib/python3.10/site-packages/gymnasium/core.py:311: UserWarning: [33mWARN: env.task to get variables from other wrappers is deprecated and will be removed in v1.0, to get this variable you can do `env.unwrapped.task` for environment variables or `env.get_wrapper_attr('task')` that will search the reminding wrappers.[0m
  logger.warn(
/home/xi/anaconda3/envs/franky-sami/lib/python3.10/site-packages/gymnasium/core.py:311: UserWarning: [33mWARN: env.set_obs_friction_mass to get variables from other wrappers is deprecated and will be removed in v1.0, to get this variable you can do `env.unwrapped.set_obs_friction_mass` for environment variables or `env.get_wrapper_attr('set_obs_friction_mass')` that will search the reminding wrappers.[0m
  logger.warn(
/home/xi/anaconda3/envs/franky-sami/lib/python3.10/site-packages/gymnasium/utils/passive_env_checker.py:135: UserWarning: [33mWARN: The obs returned by the `reset()` method was expecting numpy array dtype to be float32, actual type: float64[0m
  logger.warn(
/home/xi/anaconda3/envs/franky-sami/lib/python3.10/site-packages/gymnasium/utils/passive_env_checker.py:159: UserWarning: [33mWARN: The obs returned by the `reset()` method is not within the observation space.[0m
  logger.warn(f"{pre} is not within the observation space.")
/home/xi/anaconda3/envs/franky-sami/lib/python3.10/site-packages/gymnasium/envs/registration.py:694: UserWarning: [33mWARN: Overriding environment PandaPush-v3 already in registry.[0m
  logger.warn(f"Overriding environment {new_spec.id} already in registry.")
/home/xi/anaconda3/envs/franky-sami/lib/python3.10/site-packages/gymnasium/envs/registration.py:694: UserWarning: [33mWARN: Overriding environment PandaPickAndPlace-v3 already in registry.[0m
  logger.warn(f"Overriding environment {new_spec.id} already in registry.")
/home/xi/anaconda3/envs/franky-sami/lib/python3.10/site-packages/gymnasium/core.py:311: UserWarning: [33mWARN: env.task to get variables from other wrappers is deprecated and will be removed in v1.0, to get this variable you can do `env.unwrapped.task` for environment variables or `env.get_wrapper_attr('task')` that will search the reminding wrappers.[0m
  logger.warn(
/home/xi/anaconda3/envs/franky-sami/lib/python3.10/site-packages/gymnasium/core.py:311: UserWarning: [33mWARN: env.set_obs_friction_mass to get variables from other wrappers is deprecated and will be removed in v1.0, to get this variable you can do `env.unwrapped.set_obs_friction_mass` for environment variables or `env.get_wrapper_attr('set_obs_friction_mass')` that will search the reminding wrappers.[0m
  logger.warn(
/home/xi/anaconda3/envs/franky-sami/lib/python3.10/site-packages/gymnasium/utils/passive_env_checker.py:135: UserWarning: [33mWARN: The obs returned by the `reset()` method was expecting numpy array dtype to be float32, actual type: float64[0m
  logger.warn(
/home/xi/anaconda3/envs/franky-sami/lib/python3.10/site-packages/gymnasium/utils/passive_env_checker.py:159: UserWarning: [33mWARN: The obs returned by the `reset()` method is not within the observation space.[0m
  logger.warn(f"{pre} is not within the observation space.")
/home/xi/anaconda3/envs/franky-sami/lib/python3.10/site-packages/gymnasium/utils/passive_env_checker.py:135: UserWarning: [33mWARN: The obs returned by the `step()` method was expecting numpy array dtype to be float32, actual type: float64[0m
  logger.warn(
/home/xi/anaconda3/envs/franky-sami/lib/python3.10/site-packages/gymnasium/utils/passive_env_checker.py:159: UserWarning: [33mWARN: The obs returned by the `step()` method is not within the observation space.[0m
  logger.warn(f"{pre} is not within the observation space.")
/home/xi/anaconda3/envs/franky-sami/lib/python3.10/site-packages/gymnasium/utils/passive_env_checker.py:135: UserWarning: [33mWARN: The obs returned by the `step()` method was expecting numpy array dtype to be float32, actual type: float64[0m
  logger.warn(
/home/xi/anaconda3/envs/franky-sami/lib/python3.10/site-packages/gymnasium/utils/passive_env_checker.py:159: UserWarning: [33mWARN: The obs returned by the `step()` method is not within the observation space.[0m
  logger.warn(f"{pre} is not within the observation space.")
pybullet build time: Jan 29 2025 23:16:28
/home/xi/anaconda3/envs/franky-sami/lib/python3.10/site-packages/gymnasium/envs/registration.py:694: UserWarning: [33mWARN: Overriding environment PandaPush-v3 already in registry.[0m
  logger.warn(f"Overriding environment {new_spec.id} already in registry.")
/home/xi/anaconda3/envs/franky-sami/lib/python3.10/site-packages/gymnasium/envs/registration.py:694: UserWarning: [33mWARN: Overriding environment PandaPickAndPlace-v3 already in registry.[0m
  logger.warn(f"Overriding environment {new_spec.id} already in registry.")
/home/xi/anaconda3/envs/franky-sami/lib/python3.10/site-packages/gymnasium/core.py:311: UserWarning: [33mWARN: env.task to get variables from other wrappers is deprecated and will be removed in v1.0, to get this variable you can do `env.unwrapped.task` for environment variables or `env.get_wrapper_attr('task')` that will search the reminding wrappers.[0m
  logger.warn(
/home/xi/anaconda3/envs/franky-sami/lib/python3.10/site-packages/gymnasium/core.py:311: UserWarning: [33mWARN: env.set_obs_friction_mass to get variables from other wrappers is deprecated and will be removed in v1.0, to get this variable you can do `env.unwrapped.set_obs_friction_mass` for environment variables or `env.get_wrapper_attr('set_obs_friction_mass')` that will search the reminding wrappers.[0m
  logger.warn(
/home/xi/anaconda3/envs/franky-sami/lib/python3.10/site-packages/gymnasium/utils/passive_env_checker.py:135: UserWarning: [33mWARN: The obs returned by the `reset()` method was expecting numpy array dtype to be float32, actual type: float64[0m
  logger.warn(
/home/xi/anaconda3/envs/franky-sami/lib/python3.10/site-packages/gymnasium/utils/passive_env_checker.py:159: UserWarning: [33mWARN: The obs returned by the `reset()` method is not within the observation space.[0m
  logger.warn(f"{pre} is not within the observation space.")
pybullet build time: Jan 29 2025 23:16:28
/home/xi/anaconda3/envs/franky-sami/lib/python3.10/site-packages/gymnasium/envs/registration.py:694: UserWarning: [33mWARN: Overriding environment PandaPush-v3 already in registry.[0m
  logger.warn(f"Overriding environment {new_spec.id} already in registry.")
/home/xi/anaconda3/envs/franky-sami/lib/python3.10/site-packages/gymnasium/envs/registration.py:694: UserWarning: [33mWARN: Overriding environment PandaPickAndPlace-v3 already in registry.[0m
  logger.warn(f"Overriding environment {new_spec.id} already in registry.")
/home/xi/anaconda3/envs/franky-sami/lib/python3.10/site-packages/gymnasium/core.py:311: UserWarning: [33mWARN: env.task to get variables from other wrappers is deprecated and will be removed in v1.0, to get this variable you can do `env.unwrapped.task` for environment variables or `env.get_wrapper_attr('task')` that will search the reminding wrappers.[0m
  logger.warn(
/home/xi/anaconda3/envs/franky-sami/lib/python3.10/site-packages/gymnasium/core.py:311: UserWarning: [33mWARN: env.set_obs_friction_mass to get variables from other wrappers is deprecated and will be removed in v1.0, to get this variable you can do `env.unwrapped.set_obs_friction_mass` for environment variables or `env.get_wrapper_attr('set_obs_friction_mass')` that will search the reminding wrappers.[0m
  logger.warn(
/home/xi/anaconda3/envs/franky-sami/lib/python3.10/site-packages/gymnasium/utils/passive_env_checker.py:135: UserWarning: [33mWARN: The obs returned by the `reset()` method was expecting numpy array dtype to be float32, actual type: float64[0m
  logger.warn(
/home/xi/anaconda3/envs/franky-sami/lib/python3.10/site-packages/gymnasium/utils/passive_env_checker.py:159: UserWarning: [33mWARN: The obs returned by the `reset()` method is not within the observation space.[0m
  logger.warn(f"{pre} is not within the observation space.")
/home/xi/anaconda3/envs/franky-sami/lib/python3.10/site-packages/gymnasium/utils/passive_env_checker.py:135: UserWarning: [33mWARN: The obs returned by the `step()` method was expecting numpy array dtype to be float32, actual type: float64[0m
  logger.warn(
/home/xi/anaconda3/envs/franky-sami/lib/python3.10/site-packages/gymnasium/utils/passive_env_checker.py:159: UserWarning: [33mWARN: The obs returned by the `step()` method is not within the observation space.[0m
  logger.warn(f"{pre} is not within the observation space.")
/home/xi/anaconda3/envs/franky-sami/lib/python3.10/site-packages/gymnasium/utils/passive_env_checker.py:135: UserWarning: [33mWARN: The obs returned by the `step()` method was expecting numpy array dtype to be float32, actual type: float64[0m
  logger.warn(
/home/xi/anaconda3/envs/franky-sami/lib/python3.10/site-packages/gymnasium/utils/passive_env_checker.py:159: UserWarning: [33mWARN: The obs returned by the `step()` method is not within the observation space.[0m
  logger.warn(f"{pre} is not within the observation space.")
pybullet build time: Jan 29 2025 23:16:28
/home/xi/anaconda3/envs/franky-sami/lib/python3.10/site-packages/gymnasium/envs/registration.py:694: UserWarning: [33mWARN: Overriding environment PandaPush-v3 already in registry.[0m
  logger.warn(f"Overriding environment {new_spec.id} already in registry.")
/home/xi/anaconda3/envs/franky-sami/lib/python3.10/site-packages/gymnasium/envs/registration.py:694: UserWarning: [33mWARN: Overriding environment PandaPickAndPlace-v3 already in registry.[0m
  logger.warn(f"Overriding environment {new_spec.id} already in registry.")
/home/xi/anaconda3/envs/franky-sami/lib/python3.10/site-packages/gymnasium/core.py:311: UserWarning: [33mWARN: env.task to get variables from other wrappers is deprecated and will be removed in v1.0, to get this variable you can do `env.unwrapped.task` for environment variables or `env.get_wrapper_attr('task')` that will search the reminding wrappers.[0m
  logger.warn(
/home/xi/anaconda3/envs/franky-sami/lib/python3.10/site-packages/gymnasium/core.py:311: UserWarning: [33mWARN: env.set_obs_friction_mass to get variables from other wrappers is deprecated and will be removed in v1.0, to get this variable you can do `env.unwrapped.set_obs_friction_mass` for environment variables or `env.get_wrapper_attr('set_obs_friction_mass')` that will search the reminding wrappers.[0m
  logger.warn(
/home/xi/anaconda3/envs/franky-sami/lib/python3.10/site-packages/gymnasium/utils/passive_env_checker.py:135: UserWarning: [33mWARN: The obs returned by the `reset()` method was expecting numpy array dtype to be float32, actual type: float64[0m
  logger.warn(
/home/xi/anaconda3/envs/franky-sami/lib/python3.10/site-packages/gymnasium/utils/passive_env_checker.py:159: UserWarning: [33mWARN: The obs returned by the `reset()` method is not within the observation space.[0m
  logger.warn(f"{pre} is not within the observation space.")
pybullet build time: Jan 29 2025 23:16:28
/home/xi/anaconda3/envs/franky-sami/lib/python3.10/site-packages/gymnasium/envs/registration.py:694: UserWarning: [33mWARN: Overriding environment PandaPush-v3 already in registry.[0m
  logger.warn(f"Overriding environment {new_spec.id} already in registry.")
/home/xi/anaconda3/envs/franky-sami/lib/python3.10/site-packages/gymnasium/envs/registration.py:694: UserWarning: [33mWARN: Overriding environment PandaPickAndPlace-v3 already in registry.[0m
  logger.warn(f"Overriding environment {new_spec.id} already in registry.")
/home/xi/anaconda3/envs/franky-sami/lib/python3.10/site-packages/gymnasium/core.py:311: UserWarning: [33mWARN: env.task to get variables from other wrappers is deprecated and will be removed in v1.0, to get this variable you can do `env.unwrapped.task` for environment variables or `env.get_wrapper_attr('task')` that will search the reminding wrappers.[0m
  logger.warn(
/home/xi/anaconda3/envs/franky-sami/lib/python3.10/site-packages/gymnasium/core.py:311: UserWarning: [33mWARN: env.set_obs_friction_mass to get variables from other wrappers is deprecated and will be removed in v1.0, to get this variable you can do `env.unwrapped.set_obs_friction_mass` for environment variables or `env.get_wrapper_attr('set_obs_friction_mass')` that will search the reminding wrappers.[0m
  logger.warn(
/home/xi/anaconda3/envs/franky-sami/lib/python3.10/site-packages/gymnasium/utils/passive_env_checker.py:135: UserWarning: [33mWARN: The obs returned by the `reset()` method was expecting numpy array dtype to be float32, actual type: float64[0m
  logger.warn(
/home/xi/anaconda3/envs/franky-sami/lib/python3.10/site-packages/gymnasium/utils/passive_env_checker.py:159: UserWarning: [33mWARN: The obs returned by the `reset()` method is not within the observation space.[0m
  logger.warn(f"{pre} is not within the observation space.")
/home/xi/anaconda3/envs/franky-sami/lib/python3.10/site-packages/gymnasium/utils/passive_env_checker.py:135: UserWarning: [33mWARN: The obs returned by the `step()` method was expecting numpy array dtype to be float32, actual type: float64[0m
  logger.warn(
/home/xi/anaconda3/envs/franky-sami/lib/python3.10/site-packages/gymnasium/utils/passive_env_checker.py:159: UserWarning: [33mWARN: The obs returned by the `step()` method is not within the observation space.[0m
  logger.warn(f"{pre} is not within the observation space.")
/home/xi/anaconda3/envs/franky-sami/lib/python3.10/site-packages/gymnasium/utils/passive_env_checker.py:135: UserWarning: [33mWARN: The obs returned by the `step()` method was expecting numpy array dtype to be float32, actual type: float64[0m
  logger.warn(
/home/xi/anaconda3/envs/franky-sami/lib/python3.10/site-packages/gymnasium/utils/passive_env_checker.py:159: UserWarning: [33mWARN: The obs returned by the `step()` method is not within the observation space.[0m
  logger.warn(f"{pre} is not within the observation space.")
{'model_parameters': {'method': 'SaSAC', 'adversarial_loss_coef': 0.01, 'batch_size': 256, 'contrast_batch_size': 256, 'contrast_buffer_type': 'fine_grained', 'contrast_training_interval': 1, 'time_step': 5000000, 'causal_dim': 6, 'causal_hidden_dim': 128, 'buffer_size': 1000, 'use_weighted_info_nce': False, 'use_reward_norm': False, 'learning_rate': 0.001, 'train_freq': 128, 'gradient_steps': 16, 'encoder_tau': 0.05, 'neg_radio': 0.5, 'env_name': 'PandaPush-v3', 'env_hook': 'PandaHook', 'train_envs': '[(0, 30), (1, 1), (1, 30), (1, 5)]', 'test_envs': '[(0, 30), (1, 1), (1, 30), (1, 5)]', 'use_continue_train': False, 'save_video': False, 'seed': 100, 'config_path': '', 'test_eps_num_per_env': 50, 'use_wandb': False, 'wandb_project_name': 'franky-sami', 'wandb_team_name': 'skill-aware-rl'}, 'save_path': '/home/xi/yxh_space/SaMI/SaMI/output', 'sub_save_path': '/home/xi/yxh_space/SaMI/SaMI/output/2025-05-23-11:37:54-291767', 'save_model_path': '/home/xi/yxh_space/SaMI/SaMI/output/2025-05-23-11:37:54-291767/model.zip', 'log_path': '/home/xi/yxh_space/SaMI/SaMI/output/2025-05-23-11:37:54-291767/log.txt', 'code_path': '/home/xi/yxh_space/SaMI/SaMI/output/2025-05-23-11:37:54-291767/code.zip', 'config_path': '/home/xi/yxh_space/SaMI/SaMI/output/2025-05-23-11:37:54-291767/config.yaml', 'test_path': '/home/xi/yxh_space/SaMI/SaMI/output/2025-05-23-11:37:54-291767/test_result.yaml', 'test_tsne_path': '/home/xi/yxh_space/SaMI/SaMI/output/2025-05-23-11:37:54-291767/tsne.jpg', 'test_table_path': '/home/xi/yxh_space/SaMI/SaMI/output/2025-05-23-11:37:54-291767/tables', 'test_image_path': '/home/xi/yxh_space/SaMI/SaMI/output/2025-05-23-11:37:54-291767/images', 'test_video_path': '/home/xi/yxh_space/SaMI/SaMI/output/2025-05-23-11:37:54-291767/videos'}
argv[0]=--background_color_red=0.8745098114013672
argv[1]=--background_color_green=0.21176470816135406
argv[2]=--background_color_blue=0.1764705926179886
argv[0]=--background_color_red=0.8745098114013672
argv[1]=--background_color_green=0.21176470816135406
argv[2]=--background_color_blue=0.1764705926179886
argv[0]=--background_color_red=0.8745098114013672
argv[1]=--background_color_green=0.21176470816135406
argv[2]=--background_color_blue=0.1764705926179886
argv[0]=--background_color_red=0.8745098114013672
argv[1]=--background_color_green=0.21176470816135406
argv[2]=--background_color_blue=0.1764705926179886
Traceback (most recent call last):
  File "/home/xi/yxh_space/SaMI/SaMI/configs/../main.py", line 77, in <module>
    raise e
  File "/home/xi/yxh_space/SaMI/SaMI/configs/../main.py", line 57, in <module>
    model.learn(total_timesteps=1_00_000,
  File "/home/xi/yxh_space/SaMI/SaMI/algorithm/method_traj_distance/sac.py", line 916, in learn
    return super().learn(
  File "/home/xi/yxh_space/SaMI/SaMI/algorithm/method_traj_distance/off_policy_algorithm.py", line 637, in learn
    self.train(batch_size=self.batch_size, gradient_steps=gradient_steps)
  File "/home/xi/yxh_space/SaMI/SaMI/algorithm/method_traj_distance/sac.py", line 891, in train
    self._train(gradient_step,batch_size)
  File "/home/xi/yxh_space/SaMI/SaMI/algorithm/method_traj_distance/sac.py", line 254, in _train
    query = self.encoder(positive_traj)
  File "/home/xi/anaconda3/envs/franky-sami/lib/python3.10/site-packages/torch/nn/modules/module.py", line 1739, in _wrapped_call_impl
    return self._call_impl(*args, **kwargs)
  File "/home/xi/anaconda3/envs/franky-sami/lib/python3.10/site-packages/torch/nn/modules/module.py", line 1750, in _call_impl
    return forward_call(*args, **kwargs)
  File "/home/xi/yxh_space/SaMI/SaMI/algorithm/method_traj_distance/policy.py", line 136, in forward
    H, (_, _) = self.lstm(x_slice)
  File "/home/xi/anaconda3/envs/franky-sami/lib/python3.10/site-packages/torch/nn/modules/module.py", line 1739, in _wrapped_call_impl
    return self._call_impl(*args, **kwargs)
  File "/home/xi/anaconda3/envs/franky-sami/lib/python3.10/site-packages/torch/nn/modules/module.py", line 1750, in _call_impl
    return forward_call(*args, **kwargs)
  File "/home/xi/anaconda3/envs/franky-sami/lib/python3.10/site-packages/torch/nn/modules/rnn.py", line 1124, in forward
    result = _VF.lstm(
torch.OutOfMemoryError: CUDA out of memory. Tried to allocate 76.00 MiB. GPU 0 has a total capacity of 23.53 GiB of which 46.00 MiB is free. Process 1634617 has 1.66 GiB memory in use. Process 1634618 has 1.66 GiB memory in use. Process 1635738 has 1.66 GiB memory in use. Process 1635739 has 1.66 GiB memory in use. Process 3852985 has 1.66 GiB memory in use. Process 3852984 has 1.66 GiB memory in use. Process 3852986 has 1.66 GiB memory in use. Process 3852987 has 1.66 GiB memory in use. Process 571234 has 1.65 GiB memory in use. Process 571235 has 1.65 GiB memory in use. Process 666774 has 4.70 GiB memory in use. Including non-PyTorch memory, this process has 492.00 MiB memory in use. Process 674828 has 1.65 GiB memory in use. Of the allocated memory 23.85 MiB is allocated by PyTorch, and 10.15 MiB is reserved by PyTorch but unallocated. If reserved but unallocated memory is large try setting PYTORCH_CUDA_ALLOC_CONF=expandable_segments:True to avoid fragmentation.  See documentation for Memory Management  (https://pytorch.org/docs/stable/notes/cuda.html#environment-variables)
Exception ignored in: <function tqdm.__del__ at 0x7f61d015f130>
Traceback (most recent call last):
  File "/home/xi/anaconda3/envs/franky-sami/lib/python3.10/site-packages/tqdm/std.py", line 1148, in __del__
  File "/home/xi/anaconda3/envs/franky-sami/lib/python3.10/site-packages/tqdm/rich.py", line 121, in close
  File "/home/xi/anaconda3/envs/franky-sami/lib/python3.10/site-packages/rich/progress.py", line 1191, in __exit__
  File "/home/xi/anaconda3/envs/franky-sami/lib/python3.10/site-packages/rich/progress.py", line 1177, in stop
  File "/home/xi/anaconda3/envs/franky-sami/lib/python3.10/site-packages/rich/live.py", line 150, in stop
  File "/home/xi/anaconda3/envs/franky-sami/lib/python3.10/site-packages/rich/live.py", line 247, in refresh
  File "/home/xi/anaconda3/envs/franky-sami/lib/python3.10/site-packages/rich/console.py", line 1693, in print
  File "/home/xi/anaconda3/envs/franky-sami/lib/python3.10/site-packages/rich/console.py", line 1550, in _collect_renderables
  File "/home/xi/anaconda3/envs/franky-sami/lib/python3.10/site-packages/rich/protocol.py", line 28, in rich_cast
ImportError: sys.meta_path is None, Python is likely shutting down
pybullet build time: Jan 29 2025 23:16:28
/home/xi/anaconda3/envs/franky-sami/lib/python3.10/site-packages/gymnasium/envs/registration.py:694: UserWarning: [33mWARN: Overriding environment PandaPush-v3 already in registry.[0m
  logger.warn(f"Overriding environment {new_spec.id} already in registry.")
/home/xi/anaconda3/envs/franky-sami/lib/python3.10/site-packages/gymnasium/envs/registration.py:694: UserWarning: [33mWARN: Overriding environment PandaPickAndPlace-v3 already in registry.[0m
  logger.warn(f"Overriding environment {new_spec.id} already in registry.")
/home/xi/anaconda3/envs/franky-sami/lib/python3.10/site-packages/gymnasium/core.py:311: UserWarning: [33mWARN: env.task to get variables from other wrappers is deprecated and will be removed in v1.0, to get this variable you can do `env.unwrapped.task` for environment variables or `env.get_wrapper_attr('task')` that will search the reminding wrappers.[0m
  logger.warn(
/home/xi/anaconda3/envs/franky-sami/lib/python3.10/site-packages/gymnasium/core.py:311: UserWarning: [33mWARN: env.set_obs_friction_mass to get variables from other wrappers is deprecated and will be removed in v1.0, to get this variable you can do `env.unwrapped.set_obs_friction_mass` for environment variables or `env.get_wrapper_attr('set_obs_friction_mass')` that will search the reminding wrappers.[0m
  logger.warn(
/home/xi/anaconda3/envs/franky-sami/lib/python3.10/site-packages/gymnasium/utils/passive_env_checker.py:135: UserWarning: [33mWARN: The obs returned by the `reset()` method was expecting numpy array dtype to be float32, actual type: float64[0m
  logger.warn(
/home/xi/anaconda3/envs/franky-sami/lib/python3.10/site-packages/gymnasium/utils/passive_env_checker.py:159: UserWarning: [33mWARN: The obs returned by the `reset()` method is not within the observation space.[0m
  logger.warn(f"{pre} is not within the observation space.")
/home/xi/anaconda3/envs/franky-sami/lib/python3.10/site-packages/gymnasium/utils/passive_env_checker.py:135: UserWarning: [33mWARN: The obs returned by the `step()` method was expecting numpy array dtype to be float32, actual type: float64[0m
  logger.warn(
/home/xi/anaconda3/envs/franky-sami/lib/python3.10/site-packages/gymnasium/utils/passive_env_checker.py:159: UserWarning: [33mWARN: The obs returned by the `step()` method is not within the observation space.[0m
  logger.warn(f"{pre} is not within the observation space.")
pybullet build time: Jan 29 2025 23:16:28
/home/xi/anaconda3/envs/franky-sami/lib/python3.10/site-packages/gymnasium/envs/registration.py:694: UserWarning: [33mWARN: Overriding environment PandaPush-v3 already in registry.[0m
  logger.warn(f"Overriding environment {new_spec.id} already in registry.")
/home/xi/anaconda3/envs/franky-sami/lib/python3.10/site-packages/gymnasium/envs/registration.py:694: UserWarning: [33mWARN: Overriding environment PandaPickAndPlace-v3 already in registry.[0m
  logger.warn(f"Overriding environment {new_spec.id} already in registry.")
/home/xi/anaconda3/envs/franky-sami/lib/python3.10/site-packages/gymnasium/core.py:311: UserWarning: [33mWARN: env.task to get variables from other wrappers is deprecated and will be removed in v1.0, to get this variable you can do `env.unwrapped.task` for environment variables or `env.get_wrapper_attr('task')` that will search the reminding wrappers.[0m
  logger.warn(
/home/xi/anaconda3/envs/franky-sami/lib/python3.10/site-packages/gymnasium/core.py:311: UserWarning: [33mWARN: env.set_obs_friction_mass to get variables from other wrappers is deprecated and will be removed in v1.0, to get this variable you can do `env.unwrapped.set_obs_friction_mass` for environment variables or `env.get_wrapper_attr('set_obs_friction_mass')` that will search the reminding wrappers.[0m
  logger.warn(
/home/xi/anaconda3/envs/franky-sami/lib/python3.10/site-packages/gymnasium/utils/passive_env_checker.py:135: UserWarning: [33mWARN: The obs returned by the `reset()` method was expecting numpy array dtype to be float32, actual type: float64[0m
  logger.warn(
/home/xi/anaconda3/envs/franky-sami/lib/python3.10/site-packages/gymnasium/utils/passive_env_checker.py:159: UserWarning: [33mWARN: The obs returned by the `reset()` method is not within the observation space.[0m
  logger.warn(f"{pre} is not within the observation space.")
pybullet build time: Jan 29 2025 23:16:28
/home/xi/anaconda3/envs/franky-sami/lib/python3.10/site-packages/gymnasium/envs/registration.py:694: UserWarning: [33mWARN: Overriding environment PandaPush-v3 already in registry.[0m
  logger.warn(f"Overriding environment {new_spec.id} already in registry.")
/home/xi/anaconda3/envs/franky-sami/lib/python3.10/site-packages/gymnasium/envs/registration.py:694: UserWarning: [33mWARN: Overriding environment PandaPickAndPlace-v3 already in registry.[0m
  logger.warn(f"Overriding environment {new_spec.id} already in registry.")
/home/xi/anaconda3/envs/franky-sami/lib/python3.10/site-packages/gymnasium/core.py:311: UserWarning: [33mWARN: env.task to get variables from other wrappers is deprecated and will be removed in v1.0, to get this variable you can do `env.unwrapped.task` for environment variables or `env.get_wrapper_attr('task')` that will search the reminding wrappers.[0m
  logger.warn(
/home/xi/anaconda3/envs/franky-sami/lib/python3.10/site-packages/gymnasium/core.py:311: UserWarning: [33mWARN: env.set_obs_friction_mass to get variables from other wrappers is deprecated and will be removed in v1.0, to get this variable you can do `env.unwrapped.set_obs_friction_mass` for environment variables or `env.get_wrapper_attr('set_obs_friction_mass')` that will search the reminding wrappers.[0m
  logger.warn(
/home/xi/anaconda3/envs/franky-sami/lib/python3.10/site-packages/gymnasium/utils/passive_env_checker.py:135: UserWarning: [33mWARN: The obs returned by the `reset()` method was expecting numpy array dtype to be float32, actual type: float64[0m
  logger.warn(
/home/xi/anaconda3/envs/franky-sami/lib/python3.10/site-packages/gymnasium/utils/passive_env_checker.py:159: UserWarning: [33mWARN: The obs returned by the `reset()` method is not within the observation space.[0m
  logger.warn(f"{pre} is not within the observation space.")
/home/xi/anaconda3/envs/franky-sami/lib/python3.10/site-packages/gymnasium/utils/passive_env_checker.py:135: UserWarning: [33mWARN: The obs returned by the `step()` method was expecting numpy array dtype to be float32, actual type: float64[0m
  logger.warn(
/home/xi/anaconda3/envs/franky-sami/lib/python3.10/site-packages/gymnasium/utils/passive_env_checker.py:159: UserWarning: [33mWARN: The obs returned by the `step()` method is not within the observation space.[0m
  logger.warn(f"{pre} is not within the observation space.")
/home/xi/anaconda3/envs/franky-sami/lib/python3.10/site-packages/gymnasium/utils/passive_env_checker.py:135: UserWarning: [33mWARN: The obs returned by the `step()` method was expecting numpy array dtype to be float32, actual type: float64[0m
  logger.warn(
/home/xi/anaconda3/envs/franky-sami/lib/python3.10/site-packages/gymnasium/utils/passive_env_checker.py:159: UserWarning: [33mWARN: The obs returned by the `step()` method is not within the observation space.[0m
  logger.warn(f"{pre} is not within the observation space.")
pybullet build time: Jan 29 2025 23:16:28
/home/xi/anaconda3/envs/franky-sami/lib/python3.10/site-packages/gymnasium/envs/registration.py:694: UserWarning: [33mWARN: Overriding environment PandaPush-v3 already in registry.[0m
  logger.warn(f"Overriding environment {new_spec.id} already in registry.")
/home/xi/anaconda3/envs/franky-sami/lib/python3.10/site-packages/gymnasium/envs/registration.py:694: UserWarning: [33mWARN: Overriding environment PandaPickAndPlace-v3 already in registry.[0m
  logger.warn(f"Overriding environment {new_spec.id} already in registry.")
/home/xi/anaconda3/envs/franky-sami/lib/python3.10/site-packages/gymnasium/core.py:311: UserWarning: [33mWARN: env.task to get variables from other wrappers is deprecated and will be removed in v1.0, to get this variable you can do `env.unwrapped.task` for environment variables or `env.get_wrapper_attr('task')` that will search the reminding wrappers.[0m
  logger.warn(
/home/xi/anaconda3/envs/franky-sami/lib/python3.10/site-packages/gymnasium/core.py:311: UserWarning: [33mWARN: env.set_obs_friction_mass to get variables from other wrappers is deprecated and will be removed in v1.0, to get this variable you can do `env.unwrapped.set_obs_friction_mass` for environment variables or `env.get_wrapper_attr('set_obs_friction_mass')` that will search the reminding wrappers.[0m
  logger.warn(
/home/xi/anaconda3/envs/franky-sami/lib/python3.10/site-packages/gymnasium/utils/passive_env_checker.py:135: UserWarning: [33mWARN: The obs returned by the `reset()` method was expecting numpy array dtype to be float32, actual type: float64[0m
  logger.warn(
/home/xi/anaconda3/envs/franky-sami/lib/python3.10/site-packages/gymnasium/utils/passive_env_checker.py:159: UserWarning: [33mWARN: The obs returned by the `reset()` method is not within the observation space.[0m
  logger.warn(f"{pre} is not within the observation space.")
pybullet build time: Jan 29 2025 23:16:28
/home/xi/anaconda3/envs/franky-sami/lib/python3.10/site-packages/gymnasium/envs/registration.py:694: UserWarning: [33mWARN: Overriding environment PandaPush-v3 already in registry.[0m
  logger.warn(f"Overriding environment {new_spec.id} already in registry.")
/home/xi/anaconda3/envs/franky-sami/lib/python3.10/site-packages/gymnasium/envs/registration.py:694: UserWarning: [33mWARN: Overriding environment PandaPickAndPlace-v3 already in registry.[0m
  logger.warn(f"Overriding environment {new_spec.id} already in registry.")
/home/xi/anaconda3/envs/franky-sami/lib/python3.10/site-packages/gymnasium/core.py:311: UserWarning: [33mWARN: env.task to get variables from other wrappers is deprecated and will be removed in v1.0, to get this variable you can do `env.unwrapped.task` for environment variables or `env.get_wrapper_attr('task')` that will search the reminding wrappers.[0m
  logger.warn(
/home/xi/anaconda3/envs/franky-sami/lib/python3.10/site-packages/gymnasium/core.py:311: UserWarning: [33mWARN: env.set_obs_friction_mass to get variables from other wrappers is deprecated and will be removed in v1.0, to get this variable you can do `env.unwrapped.set_obs_friction_mass` for environment variables or `env.get_wrapper_attr('set_obs_friction_mass')` that will search the reminding wrappers.[0m
  logger.warn(
/home/xi/anaconda3/envs/franky-sami/lib/python3.10/site-packages/gymnasium/utils/passive_env_checker.py:135: UserWarning: [33mWARN: The obs returned by the `reset()` method was expecting numpy array dtype to be float32, actual type: float64[0m
  logger.warn(
/home/xi/anaconda3/envs/franky-sami/lib/python3.10/site-packages/gymnasium/utils/passive_env_checker.py:159: UserWarning: [33mWARN: The obs returned by the `reset()` method is not within the observation space.[0m
  logger.warn(f"{pre} is not within the observation space.")
/home/xi/anaconda3/envs/franky-sami/lib/python3.10/site-packages/gymnasium/utils/passive_env_checker.py:135: UserWarning: [33mWARN: The obs returned by the `step()` method was expecting numpy array dtype to be float32, actual type: float64[0m
  logger.warn(
/home/xi/anaconda3/envs/franky-sami/lib/python3.10/site-packages/gymnasium/utils/passive_env_checker.py:159: UserWarning: [33mWARN: The obs returned by the `step()` method is not within the observation space.[0m
  logger.warn(f"{pre} is not within the observation space.")
/home/xi/anaconda3/envs/franky-sami/lib/python3.10/site-packages/gymnasium/utils/passive_env_checker.py:135: UserWarning: [33mWARN: The obs returned by the `step()` method was expecting numpy array dtype to be float32, actual type: float64[0m
  logger.warn(
/home/xi/anaconda3/envs/franky-sami/lib/python3.10/site-packages/gymnasium/utils/passive_env_checker.py:159: UserWarning: [33mWARN: The obs returned by the `step()` method is not within the observation space.[0m
  logger.warn(f"{pre} is not within the observation space.")
0it [00:00, ?it/s]/home/xi/anaconda3/envs/franky-sami/lib/python3.10/site-packages/gymnasium/core.py:311: UserWarning: [33mWARN: env.task to get variables from other wrappers is deprecated and will be removed in v1.0, to get this variable you can do `env.unwrapped.task` for environment variables or `env.get_wrapper_attr('task')` that will search the reminding wrappers.[0m
  logger.warn(
/home/xi/anaconda3/envs/franky-sami/lib/python3.10/site-packages/gymnasium/core.py:311: UserWarning: [33mWARN: env.set_obs_friction_mass to get variables from other wrappers is deprecated and will be removed in v1.0, to get this variable you can do `env.unwrapped.set_obs_friction_mass` for environment variables or `env.get_wrapper_attr('set_obs_friction_mass')` that will search the reminding wrappers.[0m
  logger.warn(
/home/xi/anaconda3/envs/franky-sami/lib/python3.10/site-packages/gymnasium/utils/passive_env_checker.py:135: UserWarning: [33mWARN: The obs returned by the `reset()` method was expecting numpy array dtype to be float32, actual type: float64[0m
  logger.warn(
/home/xi/anaconda3/envs/franky-sami/lib/python3.10/site-packages/gymnasium/utils/passive_env_checker.py:159: UserWarning: [33mWARN: The obs returned by the `reset()` method is not within the observation space.[0m
  logger.warn(f"{pre} is not within the observation space.")
/home/xi/anaconda3/envs/franky-sami/lib/python3.10/site-packages/gymnasium/utils/passive_env_checker.py:135: UserWarning: [33mWARN: The obs returned by the `step()` method was expecting numpy array dtype to be float32, actual type: float64[0m
  logger.warn(
/home/xi/anaconda3/envs/franky-sami/lib/python3.10/site-packages/gymnasium/utils/passive_env_checker.py:159: UserWarning: [33mWARN: The obs returned by the `step()` method is not within the observation space.[0m
  logger.warn(f"{pre} is not within the observation space.")
1it [00:17, 17.41s/it]2it [00:34, 17.38s/it]3it [00:59, 20.75s/it]4it [01:16, 19.35s/it]4it [01:16, 19.18s/it]
{'model_parameters': {'method': 'SaCCM', 'adversarial_loss_coef': 0.01, 'batch_size': 256, 'contrast_batch_size': 256, 'contrast_buffer_type': 'fine_grained', 'contrast_training_interval': 1, 'time_step': 5000000, 'causal_dim': 6, 'causal_hidden_dim': 128, 'buffer_size': 1000, 'use_weighted_info_nce': False, 'use_reward_norm': False, 'learning_rate': 0.001, 'train_freq': 128, 'gradient_steps': 16, 'encoder_tau': 0.05, 'neg_radio': 0.5, 'env_name': 'PandaPush-v3', 'env_hook': 'PandaHook', 'train_envs': '[(0, 30), (1, 1), (1, 30), (1, 5)]', 'test_envs': '[(0, 30), (1, 1), (1, 30), (1, 5)]', 'use_continue_train': False, 'save_video': False, 'seed': 100, 'config_path': '', 'test_eps_num_per_env': 50, 'use_wandb': False, 'wandb_project_name': 'franky-sami', 'wandb_team_name': 'skill-aware-rl'}, 'save_path': '/home/xi/yxh_space/SaMI/SaMI/output', 'sub_save_path': '/home/xi/yxh_space/SaMI/SaMI/output/2025-05-22-09:37:29-353247', 'save_model_path': '/home/xi/yxh_space/SaMI/SaMI/output/2025-05-22-09:37:29-353247/model.zip', 'log_path': '/home/xi/yxh_space/SaMI/SaMI/output/2025-05-22-09:37:29-353247/log.txt', 'code_path': '/home/xi/yxh_space/SaMI/SaMI/output/2025-05-22-09:37:29-353247/code.zip', 'config_path': '/home/xi/yxh_space/SaMI/SaMI/output/2025-05-22-09:37:29-353247/config.yaml', 'test_path': '/home/xi/yxh_space/SaMI/SaMI/output/2025-05-22-09:37:29-353247/test_result.yaml', 'test_tsne_path': '/home/xi/yxh_space/SaMI/SaMI/output/2025-05-22-09:37:29-353247/tsne.jpg', 'test_table_path': '/home/xi/yxh_space/SaMI/SaMI/output/2025-05-22-09:37:29-353247/tables', 'test_image_path': '/home/xi/yxh_space/SaMI/SaMI/output/2025-05-22-09:37:29-353247/images', 'test_video_path': '/home/xi/yxh_space/SaMI/SaMI/output/2025-05-22-09:37:29-353247/videos'}
argv[0]=--background_color_red=0.8745098114013672
argv[1]=--background_color_green=0.21176470816135406
argv[2]=--background_color_blue=0.1764705926179886
argv[0]=--background_color_red=0.8745098114013672
argv[1]=--background_color_green=0.21176470816135406
argv[2]=--background_color_blue=0.1764705926179886
argv[0]=--background_color_red=0.8745098114013672
argv[1]=--background_color_green=0.21176470816135406
argv[2]=--background_color_blue=0.1764705926179886
argv[0]=--background_color_red=0.8745098114013672
argv[1]=--background_color_green=0.21176470816135406
argv[2]=--background_color_blue=0.1764705926179886
argv[0]=--background_color_red=0.8745098114013672
argv[1]=--background_color_green=0.21176470816135406
argv[2]=--background_color_blue=0.1764705926179886
argv[0]=--background_color_red=0.8745098114013672
argv[1]=--background_color_green=0.21176470816135406
argv[2]=--background_color_blue=0.1764705926179886
argv[0]=--background_color_red=0.8745098114013672
argv[1]=--background_color_green=0.21176470816135406
argv[2]=--background_color_blue=0.1764705926179886
argv[0]=--background_color_red=0.8745098114013672
argv[1]=--background_color_green=0.21176470816135406
argv[2]=--background_color_blue=0.1764705926179886
0it [00:00, ?it/s]/home/xi/anaconda3/envs/franky-sami/lib/python3.10/site-packages/gymnasium/core.py:311: UserWarning: [33mWARN: env.task to get variables from other wrappers is deprecated and will be removed in v1.0, to get this variable you can do `env.unwrapped.task` for environment variables or `env.get_wrapper_attr('task')` that will search the reminding wrappers.[0m
  logger.warn(
/home/xi/anaconda3/envs/franky-sami/lib/python3.10/site-packages/gymnasium/core.py:311: UserWarning: [33mWARN: env.set_obs_friction_mass to get variables from other wrappers is deprecated and will be removed in v1.0, to get this variable you can do `env.unwrapped.set_obs_friction_mass` for environment variables or `env.get_wrapper_attr('set_obs_friction_mass')` that will search the reminding wrappers.[0m
  logger.warn(
/home/xi/anaconda3/envs/franky-sami/lib/python3.10/site-packages/gymnasium/utils/passive_env_checker.py:135: UserWarning: [33mWARN: The obs returned by the `reset()` method was expecting numpy array dtype to be float32, actual type: float64[0m
  logger.warn(
/home/xi/anaconda3/envs/franky-sami/lib/python3.10/site-packages/gymnasium/utils/passive_env_checker.py:159: UserWarning: [33mWARN: The obs returned by the `reset()` method is not within the observation space.[0m
  logger.warn(f"{pre} is not within the observation space.")
/home/xi/anaconda3/envs/franky-sami/lib/python3.10/site-packages/gymnasium/utils/passive_env_checker.py:135: UserWarning: [33mWARN: The obs returned by the `step()` method was expecting numpy array dtype to be float32, actual type: float64[0m
  logger.warn(
/home/xi/anaconda3/envs/franky-sami/lib/python3.10/site-packages/gymnasium/utils/passive_env_checker.py:159: UserWarning: [33mWARN: The obs returned by the `step()` method is not within the observation space.[0m
  logger.warn(f"{pre} is not within the observation space.")
1it [00:15, 15.28s/it]2it [00:28, 13.98s/it]3it [00:49, 17.12s/it]4it [01:04, 16.52s/it]4it [01:04, 16.20s/it]
{'model_parameters': {'method': 'SaSAC', 'adversarial_loss_coef': 0.01, 'batch_size': 256, 'contrast_batch_size': 256, 'contrast_buffer_type': 'fine_grained', 'contrast_training_interval': 1, 'time_step': 5000000, 'causal_dim': 6, 'causal_hidden_dim': 128, 'buffer_size': 1000, 'use_weighted_info_nce': False, 'use_reward_norm': False, 'learning_rate': 0.001, 'train_freq': 128, 'gradient_steps': 16, 'encoder_tau': 0.05, 'neg_radio': 0.5, 'env_name': 'PandaPush-v3', 'env_hook': 'PandaHook', 'train_envs': '[(0, 30), (1, 1), (1, 30), (1, 5)]', 'test_envs': '[(0, 30), (1, 1), (1, 30), (1, 5)]', 'use_continue_train': False, 'save_video': False, 'seed': 100, 'config_path': '', 'test_eps_num_per_env': 50, 'use_wandb': False, 'wandb_project_name': 'franky-sami', 'wandb_team_name': 'skill-aware-rl'}, 'save_path': '/home/xi/yxh_space/SaMI/SaMI/output', 'sub_save_path': '/home/xi/yxh_space/SaMI/SaMI/output/2025-05-22-09:37:28-954431', 'save_model_path': '/home/xi/yxh_space/SaMI/SaMI/output/2025-05-22-09:37:28-954431/model.zip', 'log_path': '/home/xi/yxh_space/SaMI/SaMI/output/2025-05-22-09:37:28-954431/log.txt', 'code_path': '/home/xi/yxh_space/SaMI/SaMI/output/2025-05-22-09:37:28-954431/code.zip', 'config_path': '/home/xi/yxh_space/SaMI/SaMI/output/2025-05-22-09:37:28-954431/config.yaml', 'test_path': '/home/xi/yxh_space/SaMI/SaMI/output/2025-05-22-09:37:28-954431/test_result.yaml', 'test_tsne_path': '/home/xi/yxh_space/SaMI/SaMI/output/2025-05-22-09:37:28-954431/tsne.jpg', 'test_table_path': '/home/xi/yxh_space/SaMI/SaMI/output/2025-05-22-09:37:28-954431/tables', 'test_image_path': '/home/xi/yxh_space/SaMI/SaMI/output/2025-05-22-09:37:28-954431/images', 'test_video_path': '/home/xi/yxh_space/SaMI/SaMI/output/2025-05-22-09:37:28-954431/videos'}
argv[0]=--background_color_red=0.8745098114013672
argv[1]=--background_color_green=0.21176470816135406
argv[2]=--background_color_blue=0.1764705926179886
argv[0]=--background_color_red=0.8745098114013672
argv[1]=--background_color_green=0.21176470816135406
argv[2]=--background_color_blue=0.1764705926179886
argv[0]=--background_color_red=0.8745098114013672
argv[1]=--background_color_green=0.21176470816135406
argv[2]=--background_color_blue=0.1764705926179886
argv[0]=--background_color_red=0.8745098114013672
argv[1]=--background_color_green=0.21176470816135406
argv[2]=--background_color_blue=0.1764705926179886
argv[0]=--background_color_red=0.8745098114013672
argv[1]=--background_color_green=0.21176470816135406
argv[2]=--background_color_blue=0.1764705926179886
argv[0]=--background_color_red=0.8745098114013672
argv[1]=--background_color_green=0.21176470816135406
argv[2]=--background_color_blue=0.1764705926179886
argv[0]=--background_color_red=0.8745098114013672
argv[1]=--background_color_green=0.21176470816135406
argv[2]=--background_color_blue=0.1764705926179886
argv[0]=--background_color_red=0.8745098114013672
argv[1]=--background_color_green=0.21176470816135406
argv[2]=--background_color_blue=0.1764705926179886
0it [00:00, ?it/s]/home/xi/anaconda3/envs/franky-sami/lib/python3.10/site-packages/gymnasium/core.py:311: UserWarning: [33mWARN: env.task to get variables from other wrappers is deprecated and will be removed in v1.0, to get this variable you can do `env.unwrapped.task` for environment variables or `env.get_wrapper_attr('task')` that will search the reminding wrappers.[0m
  logger.warn(
/home/xi/anaconda3/envs/franky-sami/lib/python3.10/site-packages/gymnasium/core.py:311: UserWarning: [33mWARN: env.set_obs_friction_mass to get variables from other wrappers is deprecated and will be removed in v1.0, to get this variable you can do `env.unwrapped.set_obs_friction_mass` for environment variables or `env.get_wrapper_attr('set_obs_friction_mass')` that will search the reminding wrappers.[0m
  logger.warn(
/home/xi/anaconda3/envs/franky-sami/lib/python3.10/site-packages/gymnasium/utils/passive_env_checker.py:135: UserWarning: [33mWARN: The obs returned by the `reset()` method was expecting numpy array dtype to be float32, actual type: float64[0m
  logger.warn(
/home/xi/anaconda3/envs/franky-sami/lib/python3.10/site-packages/gymnasium/utils/passive_env_checker.py:159: UserWarning: [33mWARN: The obs returned by the `reset()` method is not within the observation space.[0m
  logger.warn(f"{pre} is not within the observation space.")
/home/xi/anaconda3/envs/franky-sami/lib/python3.10/site-packages/gymnasium/utils/passive_env_checker.py:135: UserWarning: [33mWARN: The obs returned by the `step()` method was expecting numpy array dtype to be float32, actual type: float64[0m
  logger.warn(
/home/xi/anaconda3/envs/franky-sami/lib/python3.10/site-packages/gymnasium/utils/passive_env_checker.py:159: UserWarning: [33mWARN: The obs returned by the `step()` method is not within the observation space.[0m
  logger.warn(f"{pre} is not within the observation space.")
1it [00:09,  9.29s/it]2it [00:18,  9.31s/it]3it [00:27,  9.02s/it]4it [00:37,  9.33s/it]4it [00:37,  9.27s/it]
{'model_parameters': {'method': 'SaCCM', 'adversarial_loss_coef': 0.1, 'batch_size': 256, 'contrast_batch_size': 256, 'contrast_buffer_type': 'fine_grained', 'contrast_training_interval': 1, 'time_step': 5000000, 'causal_dim': 6, 'causal_hidden_dim': 128, 'buffer_size': 1000, 'use_weighted_info_nce': False, 'use_reward_norm': False, 'learning_rate': 0.001, 'train_freq': 128, 'gradient_steps': 16, 'encoder_tau': 0.05, 'neg_radio': 0.5, 'env_name': 'PandaPush-v3', 'env_hook': 'PandaHook', 'train_envs': '[(0, 30), (1, 1), (1, 30), (1, 5)]', 'test_envs': '[(0, 30), (1, 1), (1, 30), (1, 5)]', 'use_continue_train': False, 'save_video': False, 'seed': 100, 'config_path': '', 'test_eps_num_per_env': 50, 'use_wandb': False, 'wandb_project_name': 'franky-sami', 'wandb_team_name': 'skill-aware-rl'}, 'save_path': '/home/xi/yxh_space/SaMI/SaMI/output', 'sub_save_path': '/home/xi/yxh_space/SaMI/SaMI/output/2025-05-22-14:31:57-648156', 'save_model_path': '/home/xi/yxh_space/SaMI/SaMI/output/2025-05-22-14:31:57-648156/model.zip', 'log_path': '/home/xi/yxh_space/SaMI/SaMI/output/2025-05-22-14:31:57-648156/log.txt', 'code_path': '/home/xi/yxh_space/SaMI/SaMI/output/2025-05-22-14:31:57-648156/code.zip', 'config_path': '/home/xi/yxh_space/SaMI/SaMI/output/2025-05-22-14:31:57-648156/config.yaml', 'test_path': '/home/xi/yxh_space/SaMI/SaMI/output/2025-05-22-14:31:57-648156/test_result.yaml', 'test_tsne_path': '/home/xi/yxh_space/SaMI/SaMI/output/2025-05-22-14:31:57-648156/tsne.jpg', 'test_table_path': '/home/xi/yxh_space/SaMI/SaMI/output/2025-05-22-14:31:57-648156/tables', 'test_image_path': '/home/xi/yxh_space/SaMI/SaMI/output/2025-05-22-14:31:57-648156/images', 'test_video_path': '/home/xi/yxh_space/SaMI/SaMI/output/2025-05-22-14:31:57-648156/videos'}
argv[0]=--background_color_red=0.8745098114013672
argv[1]=--background_color_green=0.21176470816135406
argv[2]=--background_color_blue=0.1764705926179886
argv[0]=--background_color_red=0.8745098114013672
argv[1]=--background_color_green=0.21176470816135406
argv[2]=--background_color_blue=0.1764705926179886
argv[0]=--background_color_red=0.8745098114013672
argv[1]=--background_color_green=0.21176470816135406
argv[2]=--background_color_blue=0.1764705926179886
argv[0]=--background_color_red=0.8745098114013672
argv[1]=--background_color_green=0.21176470816135406
argv[2]=--background_color_blue=0.1764705926179886
argv[0]=--background_color_red=0.8745098114013672
argv[1]=--background_color_green=0.21176470816135406
argv[2]=--background_color_blue=0.1764705926179886
argv[0]=--background_color_red=0.8745098114013672
argv[1]=--background_color_green=0.21176470816135406
argv[2]=--background_color_blue=0.1764705926179886
argv[0]=--background_color_red=0.8745098114013672
argv[1]=--background_color_green=0.21176470816135406
argv[2]=--background_color_blue=0.1764705926179886
argv[0]=--background_color_red=0.8745098114013672
argv[1]=--background_color_green=0.21176470816135406
argv[2]=--background_color_blue=0.1764705926179886
0it [00:00, ?it/s]/home/xi/anaconda3/envs/franky-sami/lib/python3.10/site-packages/gymnasium/core.py:311: UserWarning: [33mWARN: env.task to get variables from other wrappers is deprecated and will be removed in v1.0, to get this variable you can do `env.unwrapped.task` for environment variables or `env.get_wrapper_attr('task')` that will search the reminding wrappers.[0m
  logger.warn(
/home/xi/anaconda3/envs/franky-sami/lib/python3.10/site-packages/gymnasium/core.py:311: UserWarning: [33mWARN: env.set_obs_friction_mass to get variables from other wrappers is deprecated and will be removed in v1.0, to get this variable you can do `env.unwrapped.set_obs_friction_mass` for environment variables or `env.get_wrapper_attr('set_obs_friction_mass')` that will search the reminding wrappers.[0m
  logger.warn(
/home/xi/anaconda3/envs/franky-sami/lib/python3.10/site-packages/gymnasium/utils/passive_env_checker.py:135: UserWarning: [33mWARN: The obs returned by the `reset()` method was expecting numpy array dtype to be float32, actual type: float64[0m
  logger.warn(
/home/xi/anaconda3/envs/franky-sami/lib/python3.10/site-packages/gymnasium/utils/passive_env_checker.py:159: UserWarning: [33mWARN: The obs returned by the `reset()` method is not within the observation space.[0m
  logger.warn(f"{pre} is not within the observation space.")
/home/xi/anaconda3/envs/franky-sami/lib/python3.10/site-packages/gymnasium/utils/passive_env_checker.py:135: UserWarning: [33mWARN: The obs returned by the `step()` method was expecting numpy array dtype to be float32, actual type: float64[0m
  logger.warn(
/home/xi/anaconda3/envs/franky-sami/lib/python3.10/site-packages/gymnasium/utils/passive_env_checker.py:159: UserWarning: [33mWARN: The obs returned by the `step()` method is not within the observation space.[0m
  logger.warn(f"{pre} is not within the observation space.")
1it [00:07,  7.42s/it]2it [00:14,  7.24s/it]3it [00:21,  7.21s/it]4it [00:28,  7.15s/it]4it [00:28,  7.19s/it]
{'model_parameters': {'method': 'SaSAC', 'adversarial_loss_coef': 0.1, 'batch_size': 256, 'contrast_batch_size': 256, 'contrast_buffer_type': 'fine_grained', 'contrast_training_interval': 1, 'time_step': 5000000, 'causal_dim': 6, 'causal_hidden_dim': 128, 'buffer_size': 1000, 'use_weighted_info_nce': False, 'use_reward_norm': False, 'learning_rate': 0.001, 'train_freq': 128, 'gradient_steps': 16, 'encoder_tau': 0.05, 'neg_radio': 0.5, 'env_name': 'PandaPush-v3', 'env_hook': 'PandaHook', 'train_envs': '[(0, 30), (1, 1), (1, 30), (1, 5)]', 'test_envs': '[(0, 30), (1, 1), (1, 30), (1, 5)]', 'use_continue_train': False, 'save_video': False, 'seed': 100, 'config_path': '', 'test_eps_num_per_env': 50, 'use_wandb': False, 'wandb_project_name': 'franky-sami', 'wandb_team_name': 'skill-aware-rl'}, 'save_path': '/home/xi/yxh_space/SaMI/SaMI/output', 'sub_save_path': '/home/xi/yxh_space/SaMI/SaMI/output/2025-05-22-14:31:57-395878', 'save_model_path': '/home/xi/yxh_space/SaMI/SaMI/output/2025-05-22-14:31:57-395878/model.zip', 'log_path': '/home/xi/yxh_space/SaMI/SaMI/output/2025-05-22-14:31:57-395878/log.txt', 'code_path': '/home/xi/yxh_space/SaMI/SaMI/output/2025-05-22-14:31:57-395878/code.zip', 'config_path': '/home/xi/yxh_space/SaMI/SaMI/output/2025-05-22-14:31:57-395878/config.yaml', 'test_path': '/home/xi/yxh_space/SaMI/SaMI/output/2025-05-22-14:31:57-395878/test_result.yaml', 'test_tsne_path': '/home/xi/yxh_space/SaMI/SaMI/output/2025-05-22-14:31:57-395878/tsne.jpg', 'test_table_path': '/home/xi/yxh_space/SaMI/SaMI/output/2025-05-22-14:31:57-395878/tables', 'test_image_path': '/home/xi/yxh_space/SaMI/SaMI/output/2025-05-22-14:31:57-395878/images', 'test_video_path': '/home/xi/yxh_space/SaMI/SaMI/output/2025-05-22-14:31:57-395878/videos'}
argv[0]=--background_color_red=0.8745098114013672
argv[1]=--background_color_green=0.21176470816135406
argv[2]=--background_color_blue=0.1764705926179886
argv[0]=--background_color_red=0.8745098114013672
argv[1]=--background_color_green=0.21176470816135406
argv[2]=--background_color_blue=0.1764705926179886
argv[0]=--background_color_red=0.8745098114013672
argv[1]=--background_color_green=0.21176470816135406
argv[2]=--background_color_blue=0.1764705926179886
argv[0]=--background_color_red=0.8745098114013672
argv[1]=--background_color_green=0.21176470816135406
argv[2]=--background_color_blue=0.1764705926179886
argv[0]=--background_color_red=0.8745098114013672
argv[1]=--background_color_green=0.21176470816135406
argv[2]=--background_color_blue=0.1764705926179886
argv[0]=--background_color_red=0.8745098114013672
argv[1]=--background_color_green=0.21176470816135406
argv[2]=--background_color_blue=0.1764705926179886
argv[0]=--background_color_red=0.8745098114013672
argv[1]=--background_color_green=0.21176470816135406
argv[2]=--background_color_blue=0.1764705926179886
argv[0]=--background_color_red=0.8745098114013672
argv[1]=--background_color_green=0.21176470816135406
argv[2]=--background_color_blue=0.1764705926179886
0it [00:00, ?it/s]/home/xi/anaconda3/envs/franky-sami/lib/python3.10/site-packages/gymnasium/core.py:311: UserWarning: [33mWARN: env.task to get variables from other wrappers is deprecated and will be removed in v1.0, to get this variable you can do `env.unwrapped.task` for environment variables or `env.get_wrapper_attr('task')` that will search the reminding wrappers.[0m
  logger.warn(
/home/xi/anaconda3/envs/franky-sami/lib/python3.10/site-packages/gymnasium/core.py:311: UserWarning: [33mWARN: env.set_obs_friction_mass to get variables from other wrappers is deprecated and will be removed in v1.0, to get this variable you can do `env.unwrapped.set_obs_friction_mass` for environment variables or `env.get_wrapper_attr('set_obs_friction_mass')` that will search the reminding wrappers.[0m
  logger.warn(
/home/xi/anaconda3/envs/franky-sami/lib/python3.10/site-packages/gymnasium/utils/passive_env_checker.py:135: UserWarning: [33mWARN: The obs returned by the `reset()` method was expecting numpy array dtype to be float32, actual type: float64[0m
  logger.warn(
/home/xi/anaconda3/envs/franky-sami/lib/python3.10/site-packages/gymnasium/utils/passive_env_checker.py:159: UserWarning: [33mWARN: The obs returned by the `reset()` method is not within the observation space.[0m
  logger.warn(f"{pre} is not within the observation space.")
/home/xi/anaconda3/envs/franky-sami/lib/python3.10/site-packages/gymnasium/utils/passive_env_checker.py:135: UserWarning: [33mWARN: The obs returned by the `step()` method was expecting numpy array dtype to be float32, actual type: float64[0m
  logger.warn(
/home/xi/anaconda3/envs/franky-sami/lib/python3.10/site-packages/gymnasium/utils/passive_env_checker.py:159: UserWarning: [33mWARN: The obs returned by the `step()` method is not within the observation space.[0m
  logger.warn(f"{pre} is not within the observation space.")
1it [00:15, 15.74s/it]2it [00:32, 16.30s/it]3it [00:49, 16.78s/it]4it [01:07, 17.08s/it]4it [01:07, 16.83s/it]
{'model_parameters': {'method': 'SaCCM', 'adversarial_loss_coef': 0.01, 'batch_size': 256, 'contrast_batch_size': 256, 'contrast_buffer_type': 'fine_grained', 'contrast_training_interval': 1, 'time_step': 5000000, 'causal_dim': 6, 'causal_hidden_dim': 128, 'buffer_size': 1000, 'use_weighted_info_nce': False, 'use_reward_norm': False, 'learning_rate': 0.001, 'train_freq': 128, 'gradient_steps': 16, 'encoder_tau': 0.05, 'neg_radio': 0.5, 'env_name': 'PandaPush-v3', 'env_hook': 'PandaHook', 'train_envs': '[(1, 1), (1, 1), (1, 1),(1, 5),(1, 10),(1, 2),(1, 3), (1, 1)]', 'test_envs': '[(0, 10), (1, 10), (10, 10), (30, 10)]', 'use_continue_train': False, 'save_video': False, 'seed': 100, 'config_path': '', 'test_eps_num_per_env': 50, 'use_wandb': False, 'wandb_project_name': 'franky-sami', 'wandb_team_name': 'skill-aware-rl'}, 'save_path': '/home/xi/yxh_space/SaMI/SaMI/output', 'sub_save_path': '/home/xi/yxh_space/SaMI/SaMI/output/2025-05-20-18:20:51-222407', 'save_model_path': '/home/xi/yxh_space/SaMI/SaMI/output/2025-05-20-18:20:51-222407/model.zip', 'log_path': '/home/xi/yxh_space/SaMI/SaMI/output/2025-05-20-18:20:51-222407/log.txt', 'code_path': '/home/xi/yxh_space/SaMI/SaMI/output/2025-05-20-18:20:51-222407/code.zip', 'config_path': '/home/xi/yxh_space/SaMI/SaMI/output/2025-05-20-18:20:51-222407/config.yaml', 'test_path': '/home/xi/yxh_space/SaMI/SaMI/output/2025-05-20-18:20:51-222407/test_result.yaml', 'test_tsne_path': '/home/xi/yxh_space/SaMI/SaMI/output/2025-05-20-18:20:51-222407/tsne.jpg', 'test_table_path': '/home/xi/yxh_space/SaMI/SaMI/output/2025-05-20-18:20:51-222407/tables', 'test_image_path': '/home/xi/yxh_space/SaMI/SaMI/output/2025-05-20-18:20:51-222407/images', 'test_video_path': '/home/xi/yxh_space/SaMI/SaMI/output/2025-05-20-18:20:51-222407/videos'}
argv[0]=--background_color_red=0.8745098114013672
argv[1]=--background_color_green=0.21176470816135406
argv[2]=--background_color_blue=0.1764705926179886
argv[0]=--background_color_red=0.8745098114013672
argv[1]=--background_color_green=0.21176470816135406
argv[2]=--background_color_blue=0.1764705926179886
argv[0]=--background_color_red=0.8745098114013672
argv[1]=--background_color_green=0.21176470816135406
argv[2]=--background_color_blue=0.1764705926179886
argv[0]=--background_color_red=0.8745098114013672
argv[1]=--background_color_green=0.21176470816135406
argv[2]=--background_color_blue=0.1764705926179886
argv[0]=--background_color_red=0.8745098114013672
argv[1]=--background_color_green=0.21176470816135406
argv[2]=--background_color_blue=0.1764705926179886
argv[0]=--background_color_red=0.8745098114013672
argv[1]=--background_color_green=0.21176470816135406
argv[2]=--background_color_blue=0.1764705926179886
argv[0]=--background_color_red=0.8745098114013672
argv[1]=--background_color_green=0.21176470816135406
argv[2]=--background_color_blue=0.1764705926179886
argv[0]=--background_color_red=0.8745098114013672
argv[1]=--background_color_green=0.21176470816135406
argv[2]=--background_color_blue=0.1764705926179886
argv[0]=--background_color_red=0.8745098114013672
argv[1]=--background_color_green=0.21176470816135406
argv[2]=--background_color_blue=0.1764705926179886
argv[0]=--background_color_red=0.8745098114013672
argv[1]=--background_color_green=0.21176470816135406
argv[2]=--background_color_blue=0.1764705926179886
argv[0]=--background_color_red=0.8745098114013672
argv[1]=--background_color_green=0.21176470816135406
argv[2]=--background_color_blue=0.1764705926179886
argv[0]=--background_color_red=0.8745098114013672
argv[1]=--background_color_green=0.21176470816135406
argv[2]=--background_color_blue=0.1764705926179886
0it [00:00, ?it/s]/home/xi/anaconda3/envs/franky-sami/lib/python3.10/site-packages/gymnasium/core.py:311: UserWarning: [33mWARN: env.task to get variables from other wrappers is deprecated and will be removed in v1.0, to get this variable you can do `env.unwrapped.task` for environment variables or `env.get_wrapper_attr('task')` that will search the reminding wrappers.[0m
  logger.warn(
/home/xi/anaconda3/envs/franky-sami/lib/python3.10/site-packages/gymnasium/core.py:311: UserWarning: [33mWARN: env.set_obs_friction_mass to get variables from other wrappers is deprecated and will be removed in v1.0, to get this variable you can do `env.unwrapped.set_obs_friction_mass` for environment variables or `env.get_wrapper_attr('set_obs_friction_mass')` that will search the reminding wrappers.[0m
  logger.warn(
/home/xi/anaconda3/envs/franky-sami/lib/python3.10/site-packages/gymnasium/utils/passive_env_checker.py:135: UserWarning: [33mWARN: The obs returned by the `reset()` method was expecting numpy array dtype to be float32, actual type: float64[0m
  logger.warn(
/home/xi/anaconda3/envs/franky-sami/lib/python3.10/site-packages/gymnasium/utils/passive_env_checker.py:159: UserWarning: [33mWARN: The obs returned by the `reset()` method is not within the observation space.[0m
  logger.warn(f"{pre} is not within the observation space.")
/home/xi/anaconda3/envs/franky-sami/lib/python3.10/site-packages/gymnasium/utils/passive_env_checker.py:135: UserWarning: [33mWARN: The obs returned by the `step()` method was expecting numpy array dtype to be float32, actual type: float64[0m
  logger.warn(
/home/xi/anaconda3/envs/franky-sami/lib/python3.10/site-packages/gymnasium/utils/passive_env_checker.py:159: UserWarning: [33mWARN: The obs returned by the `step()` method is not within the observation space.[0m
  logger.warn(f"{pre} is not within the observation space.")
1it [00:16, 16.59s/it]2it [00:47, 25.21s/it]3it [01:07, 22.50s/it]4it [01:38, 25.93s/it]4it [01:38, 24.58s/it]
{'model_parameters': {'method': 'SaSAC', 'adversarial_loss_coef': 0.1, 'batch_size': 256, 'contrast_batch_size': 256, 'contrast_buffer_type': 'fine_grained', 'contrast_training_interval': 1, 'time_step': 5000000, 'causal_dim': 6, 'causal_hidden_dim': 128, 'buffer_size': 1000, 'use_weighted_info_nce': False, 'use_reward_norm': False, 'learning_rate': 0.001, 'train_freq': 128, 'gradient_steps': 16, 'encoder_tau': 0.05, 'neg_radio': 0.5, 'env_name': 'PandaPush-v3', 'env_hook': 'PandaHook', 'train_envs': '[(0, 30), (1, 1), (1, 30), (1, 5)]', 'test_envs': '[(0, 30), (1, 1), (1, 30), (1, 5)]', 'use_continue_train': False, 'save_video': False, 'seed': 100, 'config_path': '', 'test_eps_num_per_env': 50, 'use_wandb': False, 'wandb_project_name': 'franky-sami', 'wandb_team_name': 'skill-aware-rl'}, 'save_path': '/home/xi/yxh_space/SaMI/SaMI/output', 'sub_save_path': '/home/xi/yxh_space/SaMI/SaMI/output/2025-05-23-14:22:16-543074', 'save_model_path': '/home/xi/yxh_space/SaMI/SaMI/output/2025-05-23-14:22:16-543074/model.zip', 'log_path': '/home/xi/yxh_space/SaMI/SaMI/output/2025-05-23-14:22:16-543074/log.txt', 'code_path': '/home/xi/yxh_space/SaMI/SaMI/output/2025-05-23-14:22:16-543074/code.zip', 'config_path': '/home/xi/yxh_space/SaMI/SaMI/output/2025-05-23-14:22:16-543074/config.yaml', 'test_path': '/home/xi/yxh_space/SaMI/SaMI/output/2025-05-23-14:22:16-543074/test_result.yaml', 'test_tsne_path': '/home/xi/yxh_space/SaMI/SaMI/output/2025-05-23-14:22:16-543074/tsne.jpg', 'test_table_path': '/home/xi/yxh_space/SaMI/SaMI/output/2025-05-23-14:22:16-543074/tables', 'test_image_path': '/home/xi/yxh_space/SaMI/SaMI/output/2025-05-23-14:22:16-543074/images', 'test_video_path': '/home/xi/yxh_space/SaMI/SaMI/output/2025-05-23-14:22:16-543074/videos'}
argv[0]=--background_color_red=0.8745098114013672
argv[1]=--background_color_green=0.21176470816135406
argv[2]=--background_color_blue=0.1764705926179886
argv[0]=--background_color_red=0.8745098114013672
argv[1]=--background_color_green=0.21176470816135406
argv[2]=--background_color_blue=0.1764705926179886
argv[0]=--background_color_red=0.8745098114013672
argv[1]=--background_color_green=0.21176470816135406
argv[2]=--background_color_blue=0.1764705926179886
argv[0]=--background_color_red=0.8745098114013672
argv[1]=--background_color_green=0.21176470816135406
argv[2]=--background_color_blue=0.1764705926179886
argv[0]=--background_color_red=0.8745098114013672
argv[1]=--background_color_green=0.21176470816135406
argv[2]=--background_color_blue=0.1764705926179886
argv[0]=--background_color_red=0.8745098114013672
argv[1]=--background_color_green=0.21176470816135406
argv[2]=--background_color_blue=0.1764705926179886
argv[0]=--background_color_red=0.8745098114013672
argv[1]=--background_color_green=0.21176470816135406
argv[2]=--background_color_blue=0.1764705926179886
argv[0]=--background_color_red=0.8745098114013672
argv[1]=--background_color_green=0.21176470816135406
argv[2]=--background_color_blue=0.1764705926179886
0it [00:00, ?it/s]/home/xi/anaconda3/envs/franky-sami/lib/python3.10/site-packages/gymnasium/core.py:311: UserWarning: [33mWARN: env.task to get variables from other wrappers is deprecated and will be removed in v1.0, to get this variable you can do `env.unwrapped.task` for environment variables or `env.get_wrapper_attr('task')` that will search the reminding wrappers.[0m
  logger.warn(
/home/xi/anaconda3/envs/franky-sami/lib/python3.10/site-packages/gymnasium/core.py:311: UserWarning: [33mWARN: env.set_obs_friction_mass to get variables from other wrappers is deprecated and will be removed in v1.0, to get this variable you can do `env.unwrapped.set_obs_friction_mass` for environment variables or `env.get_wrapper_attr('set_obs_friction_mass')` that will search the reminding wrappers.[0m
  logger.warn(
/home/xi/anaconda3/envs/franky-sami/lib/python3.10/site-packages/gymnasium/utils/passive_env_checker.py:135: UserWarning: [33mWARN: The obs returned by the `reset()` method was expecting numpy array dtype to be float32, actual type: float64[0m
  logger.warn(
/home/xi/anaconda3/envs/franky-sami/lib/python3.10/site-packages/gymnasium/utils/passive_env_checker.py:159: UserWarning: [33mWARN: The obs returned by the `reset()` method is not within the observation space.[0m
  logger.warn(f"{pre} is not within the observation space.")
/home/xi/anaconda3/envs/franky-sami/lib/python3.10/site-packages/gymnasium/utils/passive_env_checker.py:135: UserWarning: [33mWARN: The obs returned by the `step()` method was expecting numpy array dtype to be float32, actual type: float64[0m
  logger.warn(
/home/xi/anaconda3/envs/franky-sami/lib/python3.10/site-packages/gymnasium/utils/passive_env_checker.py:159: UserWarning: [33mWARN: The obs returned by the `step()` method is not within the observation space.[0m
  logger.warn(f"{pre} is not within the observation space.")
1it [00:14, 14.10s/it]2it [00:26, 13.30s/it]3it [00:47, 16.82s/it]4it [01:06, 17.64s/it]4it [01:06, 16.69s/it]
{'model_parameters': {'method': 'SaCCM', 'adversarial_loss_coef': 0.01, 'batch_size': 256, 'contrast_batch_size': 256, 'contrast_buffer_type': 'fine_grained', 'contrast_training_interval': 1, 'time_step': 5000000, 'causal_dim': 6, 'causal_hidden_dim': 128, 'buffer_size': 1000, 'use_weighted_info_nce': False, 'use_reward_norm': False, 'learning_rate': 0.001, 'train_freq': 128, 'gradient_steps': 16, 'encoder_tau': 0.05, 'neg_radio': 0.5, 'env_name': 'PandaPush-v3', 'env_hook': 'PandaHook', 'train_envs': '[(0, 30), (1, 1), (1, 30), (1, 5)]', 'test_envs': '[(0, 30), (1, 1), (1, 30), (1, 5)]', 'use_continue_train': False, 'save_video': False, 'seed': 100, 'config_path': '', 'test_eps_num_per_env': 50, 'use_wandb': False, 'wandb_project_name': 'franky-sami', 'wandb_team_name': 'skill-aware-rl'}, 'save_path': '/home/xi/yxh_space/SaMI/SaMI/output', 'sub_save_path': '/home/xi/yxh_space/SaMI/SaMI/output/2025-05-23-12:00:46-289278', 'save_model_path': '/home/xi/yxh_space/SaMI/SaMI/output/2025-05-23-12:00:46-289278/model.zip', 'log_path': '/home/xi/yxh_space/SaMI/SaMI/output/2025-05-23-12:00:46-289278/log.txt', 'code_path': '/home/xi/yxh_space/SaMI/SaMI/output/2025-05-23-12:00:46-289278/code.zip', 'config_path': '/home/xi/yxh_space/SaMI/SaMI/output/2025-05-23-12:00:46-289278/config.yaml', 'test_path': '/home/xi/yxh_space/SaMI/SaMI/output/2025-05-23-12:00:46-289278/test_result.yaml', 'test_tsne_path': '/home/xi/yxh_space/SaMI/SaMI/output/2025-05-23-12:00:46-289278/tsne.jpg', 'test_table_path': '/home/xi/yxh_space/SaMI/SaMI/output/2025-05-23-12:00:46-289278/tables', 'test_image_path': '/home/xi/yxh_space/SaMI/SaMI/output/2025-05-23-12:00:46-289278/images', 'test_video_path': '/home/xi/yxh_space/SaMI/SaMI/output/2025-05-23-12:00:46-289278/videos'}
argv[0]=--background_color_red=0.8745098114013672
argv[1]=--background_color_green=0.21176470816135406
argv[2]=--background_color_blue=0.1764705926179886
argv[0]=--background_color_red=0.8745098114013672
argv[1]=--background_color_green=0.21176470816135406
argv[2]=--background_color_blue=0.1764705926179886
argv[0]=--background_color_red=0.8745098114013672
argv[1]=--background_color_green=0.21176470816135406
argv[2]=--background_color_blue=0.1764705926179886
argv[0]=--background_color_red=0.8745098114013672
argv[1]=--background_color_green=0.21176470816135406
argv[2]=--background_color_blue=0.1764705926179886
argv[0]=--background_color_red=0.8745098114013672
argv[1]=--background_color_green=0.21176470816135406
argv[2]=--background_color_blue=0.1764705926179886
argv[0]=--background_color_red=0.8745098114013672
argv[1]=--background_color_green=0.21176470816135406
argv[2]=--background_color_blue=0.1764705926179886
argv[0]=--background_color_red=0.8745098114013672
argv[1]=--background_color_green=0.21176470816135406
argv[2]=--background_color_blue=0.1764705926179886
argv[0]=--background_color_red=0.8745098114013672
argv[1]=--background_color_green=0.21176470816135406
argv[2]=--background_color_blue=0.1764705926179886
0it [00:00, ?it/s]/home/xi/anaconda3/envs/franky-sami/lib/python3.10/site-packages/gymnasium/core.py:311: UserWarning: [33mWARN: env.task to get variables from other wrappers is deprecated and will be removed in v1.0, to get this variable you can do `env.unwrapped.task` for environment variables or `env.get_wrapper_attr('task')` that will search the reminding wrappers.[0m
  logger.warn(
/home/xi/anaconda3/envs/franky-sami/lib/python3.10/site-packages/gymnasium/core.py:311: UserWarning: [33mWARN: env.set_obs_friction_mass to get variables from other wrappers is deprecated and will be removed in v1.0, to get this variable you can do `env.unwrapped.set_obs_friction_mass` for environment variables or `env.get_wrapper_attr('set_obs_friction_mass')` that will search the reminding wrappers.[0m
  logger.warn(
/home/xi/anaconda3/envs/franky-sami/lib/python3.10/site-packages/gymnasium/utils/passive_env_checker.py:135: UserWarning: [33mWARN: The obs returned by the `reset()` method was expecting numpy array dtype to be float32, actual type: float64[0m
  logger.warn(
/home/xi/anaconda3/envs/franky-sami/lib/python3.10/site-packages/gymnasium/utils/passive_env_checker.py:159: UserWarning: [33mWARN: The obs returned by the `reset()` method is not within the observation space.[0m
  logger.warn(f"{pre} is not within the observation space.")
/home/xi/anaconda3/envs/franky-sami/lib/python3.10/site-packages/gymnasium/utils/passive_env_checker.py:135: UserWarning: [33mWARN: The obs returned by the `step()` method was expecting numpy array dtype to be float32, actual type: float64[0m
  logger.warn(
/home/xi/anaconda3/envs/franky-sami/lib/python3.10/site-packages/gymnasium/utils/passive_env_checker.py:159: UserWarning: [33mWARN: The obs returned by the `step()` method is not within the observation space.[0m
  logger.warn(f"{pre} is not within the observation space.")
1it [00:07,  7.27s/it]2it [00:12,  5.81s/it]3it [00:21,  7.47s/it]4it [00:28,  7.40s/it]4it [00:28,  7.20s/it]
{'model_parameters': {'method': 'SaSAC', 'adversarial_loss_coef': 0.01, 'batch_size': 256, 'contrast_batch_size': 256, 'contrast_buffer_type': 'fine_grained', 'contrast_training_interval': 1, 'time_step': 5000000, 'causal_dim': 6, 'causal_hidden_dim': 128, 'buffer_size': 1000, 'use_weighted_info_nce': False, 'use_reward_norm': False, 'learning_rate': 0.001, 'train_freq': 128, 'gradient_steps': 16, 'encoder_tau': 0.05, 'neg_radio': 0.5, 'env_name': 'PandaPush-v3', 'env_hook': 'PandaHook', 'train_envs': '[(0, 30), (1, 1), (1, 30), (1, 5)]', 'test_envs': '[(0, 30), (1, 1), (1, 30), (1, 5)]', 'use_continue_train': False, 'save_video': False, 'seed': 100, 'config_path': '', 'test_eps_num_per_env': 50, 'use_wandb': False, 'wandb_project_name': 'franky-sami', 'wandb_team_name': 'skill-aware-rl'}, 'save_path': '/home/xi/yxh_space/SaMI/SaMI/output', 'sub_save_path': '/home/xi/yxh_space/SaMI/SaMI/output/2025-05-23-11:43:03-417826', 'save_model_path': '/home/xi/yxh_space/SaMI/SaMI/output/2025-05-23-11:43:03-417826/model.zip', 'log_path': '/home/xi/yxh_space/SaMI/SaMI/output/2025-05-23-11:43:03-417826/log.txt', 'code_path': '/home/xi/yxh_space/SaMI/SaMI/output/2025-05-23-11:43:03-417826/code.zip', 'config_path': '/home/xi/yxh_space/SaMI/SaMI/output/2025-05-23-11:43:03-417826/config.yaml', 'test_path': '/home/xi/yxh_space/SaMI/SaMI/output/2025-05-23-11:43:03-417826/test_result.yaml', 'test_tsne_path': '/home/xi/yxh_space/SaMI/SaMI/output/2025-05-23-11:43:03-417826/tsne.jpg', 'test_table_path': '/home/xi/yxh_space/SaMI/SaMI/output/2025-05-23-11:43:03-417826/tables', 'test_image_path': '/home/xi/yxh_space/SaMI/SaMI/output/2025-05-23-11:43:03-417826/images', 'test_video_path': '/home/xi/yxh_space/SaMI/SaMI/output/2025-05-23-11:43:03-417826/videos'}
argv[0]=--background_color_red=0.8745098114013672
argv[1]=--background_color_green=0.21176470816135406
argv[2]=--background_color_blue=0.1764705926179886
argv[0]=--background_color_red=0.8745098114013672
argv[1]=--background_color_green=0.21176470816135406
argv[2]=--background_color_blue=0.1764705926179886
argv[0]=--background_color_red=0.8745098114013672
argv[1]=--background_color_green=0.21176470816135406
argv[2]=--background_color_blue=0.1764705926179886
argv[0]=--background_color_red=0.8745098114013672
argv[1]=--background_color_green=0.21176470816135406
argv[2]=--background_color_blue=0.1764705926179886
argv[0]=--background_color_red=0.8745098114013672
argv[1]=--background_color_green=0.21176470816135406
argv[2]=--background_color_blue=0.1764705926179886
argv[0]=--background_color_red=0.8745098114013672
argv[1]=--background_color_green=0.21176470816135406
argv[2]=--background_color_blue=0.1764705926179886
argv[0]=--background_color_red=0.8745098114013672
argv[1]=--background_color_green=0.21176470816135406
argv[2]=--background_color_blue=0.1764705926179886
argv[0]=--background_color_red=0.8745098114013672
argv[1]=--background_color_green=0.21176470816135406
argv[2]=--background_color_blue=0.1764705926179886
0it [00:00, ?it/s]/home/xi/anaconda3/envs/franky-sami/lib/python3.10/site-packages/gymnasium/core.py:311: UserWarning: [33mWARN: env.task to get variables from other wrappers is deprecated and will be removed in v1.0, to get this variable you can do `env.unwrapped.task` for environment variables or `env.get_wrapper_attr('task')` that will search the reminding wrappers.[0m
  logger.warn(
/home/xi/anaconda3/envs/franky-sami/lib/python3.10/site-packages/gymnasium/core.py:311: UserWarning: [33mWARN: env.set_obs_friction_mass to get variables from other wrappers is deprecated and will be removed in v1.0, to get this variable you can do `env.unwrapped.set_obs_friction_mass` for environment variables or `env.get_wrapper_attr('set_obs_friction_mass')` that will search the reminding wrappers.[0m
  logger.warn(
/home/xi/anaconda3/envs/franky-sami/lib/python3.10/site-packages/gymnasium/utils/passive_env_checker.py:135: UserWarning: [33mWARN: The obs returned by the `reset()` method was expecting numpy array dtype to be float32, actual type: float64[0m
  logger.warn(
/home/xi/anaconda3/envs/franky-sami/lib/python3.10/site-packages/gymnasium/utils/passive_env_checker.py:159: UserWarning: [33mWARN: The obs returned by the `reset()` method is not within the observation space.[0m
  logger.warn(f"{pre} is not within the observation space.")
/home/xi/anaconda3/envs/franky-sami/lib/python3.10/site-packages/gymnasium/utils/passive_env_checker.py:135: UserWarning: [33mWARN: The obs returned by the `step()` method was expecting numpy array dtype to be float32, actual type: float64[0m
  logger.warn(
/home/xi/anaconda3/envs/franky-sami/lib/python3.10/site-packages/gymnasium/utils/passive_env_checker.py:159: UserWarning: [33mWARN: The obs returned by the `step()` method is not within the observation space.[0m
  logger.warn(f"{pre} is not within the observation space.")
1it [00:05,  5.79s/it]2it [00:11,  5.83s/it]3it [00:19,  6.55s/it]4it [00:25,  6.64s/it]4it [00:25,  6.46s/it]
{'model_parameters': {'method': 'SaCCM', 'adversarial_loss_coef': 0.01, 'batch_size': 256, 'contrast_batch_size': 256, 'contrast_buffer_type': 'fine_grained', 'contrast_training_interval': 1, 'time_step': 5000000, 'causal_dim': 6, 'causal_hidden_dim': 128, 'buffer_size': 1000, 'use_weighted_info_nce': False, 'use_reward_norm': False, 'learning_rate': 0.001, 'train_freq': 128, 'gradient_steps': 16, 'encoder_tau': 0.05, 'neg_radio': 0.5, 'env_name': 'PandaPush-v3', 'env_hook': 'PandaHook', 'train_envs': '[(0, 30), (1, 1), (1, 30), (1, 5)]', 'test_envs': '[(0, 30), (1, 1), (1, 30), (1, 5)]', 'use_continue_train': False, 'save_video': False, 'seed': 100, 'config_path': '', 'test_eps_num_per_env': 50, 'use_wandb': False, 'wandb_project_name': 'franky-sami', 'wandb_team_name': 'skill-aware-rl'}, 'save_path': '/home/xi/yxh_space/SaMI/SaMI/output', 'sub_save_path': '/home/xi/yxh_space/SaMI/SaMI/output/2025-05-23-11:08:07-613478', 'save_model_path': '/home/xi/yxh_space/SaMI/SaMI/output/2025-05-23-11:08:07-613478/model.zip', 'log_path': '/home/xi/yxh_space/SaMI/SaMI/output/2025-05-23-11:08:07-613478/log.txt', 'code_path': '/home/xi/yxh_space/SaMI/SaMI/output/2025-05-23-11:08:07-613478/code.zip', 'config_path': '/home/xi/yxh_space/SaMI/SaMI/output/2025-05-23-11:08:07-613478/config.yaml', 'test_path': '/home/xi/yxh_space/SaMI/SaMI/output/2025-05-23-11:08:07-613478/test_result.yaml', 'test_tsne_path': '/home/xi/yxh_space/SaMI/SaMI/output/2025-05-23-11:08:07-613478/tsne.jpg', 'test_table_path': '/home/xi/yxh_space/SaMI/SaMI/output/2025-05-23-11:08:07-613478/tables', 'test_image_path': '/home/xi/yxh_space/SaMI/SaMI/output/2025-05-23-11:08:07-613478/images', 'test_video_path': '/home/xi/yxh_space/SaMI/SaMI/output/2025-05-23-11:08:07-613478/videos'}
argv[0]=--background_color_red=0.8745098114013672
argv[1]=--background_color_green=0.21176470816135406
argv[2]=--background_color_blue=0.1764705926179886
argv[0]=--background_color_red=0.8745098114013672
argv[1]=--background_color_green=0.21176470816135406
argv[2]=--background_color_blue=0.1764705926179886
argv[0]=--background_color_red=0.8745098114013672
argv[1]=--background_color_green=0.21176470816135406
argv[2]=--background_color_blue=0.1764705926179886
argv[0]=--background_color_red=0.8745098114013672
argv[1]=--background_color_green=0.21176470816135406
argv[2]=--background_color_blue=0.1764705926179886
argv[0]=--background_color_red=0.8745098114013672
argv[1]=--background_color_green=0.21176470816135406
argv[2]=--background_color_blue=0.1764705926179886
argv[0]=--background_color_red=0.8745098114013672
argv[1]=--background_color_green=0.21176470816135406
argv[2]=--background_color_blue=0.1764705926179886
argv[0]=--background_color_red=0.8745098114013672
argv[1]=--background_color_green=0.21176470816135406
argv[2]=--background_color_blue=0.1764705926179886
argv[0]=--background_color_red=0.8745098114013672
argv[1]=--background_color_green=0.21176470816135406
argv[2]=--background_color_blue=0.1764705926179886
0it [00:00, ?it/s]/home/xi/anaconda3/envs/franky-sami/lib/python3.10/site-packages/gymnasium/core.py:311: UserWarning: [33mWARN: env.task to get variables from other wrappers is deprecated and will be removed in v1.0, to get this variable you can do `env.unwrapped.task` for environment variables or `env.get_wrapper_attr('task')` that will search the reminding wrappers.[0m
  logger.warn(
/home/xi/anaconda3/envs/franky-sami/lib/python3.10/site-packages/gymnasium/core.py:311: UserWarning: [33mWARN: env.set_obs_friction_mass to get variables from other wrappers is deprecated and will be removed in v1.0, to get this variable you can do `env.unwrapped.set_obs_friction_mass` for environment variables or `env.get_wrapper_attr('set_obs_friction_mass')` that will search the reminding wrappers.[0m
  logger.warn(
/home/xi/anaconda3/envs/franky-sami/lib/python3.10/site-packages/gymnasium/utils/passive_env_checker.py:135: UserWarning: [33mWARN: The obs returned by the `reset()` method was expecting numpy array dtype to be float32, actual type: float64[0m
  logger.warn(
/home/xi/anaconda3/envs/franky-sami/lib/python3.10/site-packages/gymnasium/utils/passive_env_checker.py:159: UserWarning: [33mWARN: The obs returned by the `reset()` method is not within the observation space.[0m
  logger.warn(f"{pre} is not within the observation space.")
/home/xi/anaconda3/envs/franky-sami/lib/python3.10/site-packages/gymnasium/utils/passive_env_checker.py:135: UserWarning: [33mWARN: The obs returned by the `step()` method was expecting numpy array dtype to be float32, actual type: float64[0m
  logger.warn(
/home/xi/anaconda3/envs/franky-sami/lib/python3.10/site-packages/gymnasium/utils/passive_env_checker.py:159: UserWarning: [33mWARN: The obs returned by the `step()` method is not within the observation space.[0m
  logger.warn(f"{pre} is not within the observation space.")
1it [00:05,  5.15s/it]2it [00:12,  6.37s/it]3it [00:18,  6.47s/it]4it [00:22,  5.39s/it]4it [00:22,  5.67s/it]
{'model_parameters': {'method': 'SaSAC', 'adversarial_loss_coef': 0.01, 'batch_size': 256, 'contrast_batch_size': 256, 'contrast_buffer_type': 'fine_grained', 'contrast_training_interval': 1, 'time_step': 5000000, 'causal_dim': 6, 'causal_hidden_dim': 128, 'buffer_size': 1000, 'use_weighted_info_nce': False, 'use_reward_norm': False, 'learning_rate': 0.001, 'train_freq': 128, 'gradient_steps': 16, 'encoder_tau': 0.05, 'neg_radio': 0.5, 'env_name': 'PandaPush-v3', 'env_hook': 'PandaHook', 'train_envs': '[(0, 30), (1, 1), (1, 30), (1, 5)]', 'test_envs': '[(0, 30), (1, 1), (1, 30), (1, 5)]', 'use_continue_train': False, 'save_video': False, 'seed': 100, 'config_path': '', 'test_eps_num_per_env': 50, 'use_wandb': False, 'wandb_project_name': 'franky-sami', 'wandb_team_name': 'skill-aware-rl'}, 'save_path': '/home/xi/yxh_space/SaMI/SaMI/output', 'sub_save_path': '/home/xi/yxh_space/SaMI/SaMI/output/2025-05-23-12:00:48-020047', 'save_model_path': '/home/xi/yxh_space/SaMI/SaMI/output/2025-05-23-12:00:48-020047/model.zip', 'log_path': '/home/xi/yxh_space/SaMI/SaMI/output/2025-05-23-12:00:48-020047/log.txt', 'code_path': '/home/xi/yxh_space/SaMI/SaMI/output/2025-05-23-12:00:48-020047/code.zip', 'config_path': '/home/xi/yxh_space/SaMI/SaMI/output/2025-05-23-12:00:48-020047/config.yaml', 'test_path': '/home/xi/yxh_space/SaMI/SaMI/output/2025-05-23-12:00:48-020047/test_result.yaml', 'test_tsne_path': '/home/xi/yxh_space/SaMI/SaMI/output/2025-05-23-12:00:48-020047/tsne.jpg', 'test_table_path': '/home/xi/yxh_space/SaMI/SaMI/output/2025-05-23-12:00:48-020047/tables', 'test_image_path': '/home/xi/yxh_space/SaMI/SaMI/output/2025-05-23-12:00:48-020047/images', 'test_video_path': '/home/xi/yxh_space/SaMI/SaMI/output/2025-05-23-12:00:48-020047/videos'}
argv[0]=--background_color_red=0.8745098114013672
argv[1]=--background_color_green=0.21176470816135406
argv[2]=--background_color_blue=0.1764705926179886
argv[0]=--background_color_red=0.8745098114013672
argv[1]=--background_color_green=0.21176470816135406
argv[2]=--background_color_blue=0.1764705926179886
argv[0]=--background_color_red=0.8745098114013672
argv[1]=--background_color_green=0.21176470816135406
argv[2]=--background_color_blue=0.1764705926179886
argv[0]=--background_color_red=0.8745098114013672
argv[1]=--background_color_green=0.21176470816135406
argv[2]=--background_color_blue=0.1764705926179886
argv[0]=--background_color_red=0.8745098114013672
argv[1]=--background_color_green=0.21176470816135406
argv[2]=--background_color_blue=0.1764705926179886
argv[0]=--background_color_red=0.8745098114013672
argv[1]=--background_color_green=0.21176470816135406
argv[2]=--background_color_blue=0.1764705926179886
argv[0]=--background_color_red=0.8745098114013672
argv[1]=--background_color_green=0.21176470816135406
argv[2]=--background_color_blue=0.1764705926179886
argv[0]=--background_color_red=0.8745098114013672
argv[1]=--background_color_green=0.21176470816135406
argv[2]=--background_color_blue=0.1764705926179886
0it [00:00, ?it/s]/home/xi/anaconda3/envs/franky-sami/lib/python3.10/site-packages/gymnasium/core.py:311: UserWarning: [33mWARN: env.task to get variables from other wrappers is deprecated and will be removed in v1.0, to get this variable you can do `env.unwrapped.task` for environment variables or `env.get_wrapper_attr('task')` that will search the reminding wrappers.[0m
  logger.warn(
/home/xi/anaconda3/envs/franky-sami/lib/python3.10/site-packages/gymnasium/core.py:311: UserWarning: [33mWARN: env.set_obs_friction_mass to get variables from other wrappers is deprecated and will be removed in v1.0, to get this variable you can do `env.unwrapped.set_obs_friction_mass` for environment variables or `env.get_wrapper_attr('set_obs_friction_mass')` that will search the reminding wrappers.[0m
  logger.warn(
/home/xi/anaconda3/envs/franky-sami/lib/python3.10/site-packages/gymnasium/utils/passive_env_checker.py:135: UserWarning: [33mWARN: The obs returned by the `reset()` method was expecting numpy array dtype to be float32, actual type: float64[0m
  logger.warn(
/home/xi/anaconda3/envs/franky-sami/lib/python3.10/site-packages/gymnasium/utils/passive_env_checker.py:159: UserWarning: [33mWARN: The obs returned by the `reset()` method is not within the observation space.[0m
  logger.warn(f"{pre} is not within the observation space.")
/home/xi/anaconda3/envs/franky-sami/lib/python3.10/site-packages/gymnasium/utils/passive_env_checker.py:135: UserWarning: [33mWARN: The obs returned by the `step()` method was expecting numpy array dtype to be float32, actual type: float64[0m
  logger.warn(
/home/xi/anaconda3/envs/franky-sami/lib/python3.10/site-packages/gymnasium/utils/passive_env_checker.py:159: UserWarning: [33mWARN: The obs returned by the `step()` method is not within the observation space.[0m
  logger.warn(f"{pre} is not within the observation space.")
1it [00:03,  3.31s/it]2it [00:06,  3.47s/it]3it [00:13,  4.93s/it]4it [00:17,  4.54s/it]4it [00:17,  4.38s/it]
{'model_parameters': {'method': 'SaSAC', 'adversarial_loss_coef': 0.01, 'batch_size': 256, 'contrast_batch_size': 256, 'contrast_buffer_type': 'fine_grained', 'contrast_training_interval': 1, 'time_step': 5000000, 'causal_dim': 6, 'causal_hidden_dim': 128, 'buffer_size': 1000, 'use_weighted_info_nce': False, 'use_reward_norm': False, 'learning_rate': 0.001, 'train_freq': 128, 'gradient_steps': 16, 'encoder_tau': 0.05, 'neg_radio': 0.5, 'env_name': 'PandaPush-v3', 'env_hook': 'PandaHook', 'train_envs': '[(0, 30), (1, 1), (1, 30), (1, 5)]', 'test_envs': '[(0, 30), (1, 1), (1, 30), (1, 5)]', 'use_continue_train': False, 'save_video': False, 'seed': 100, 'config_path': '', 'test_eps_num_per_env': 50, 'use_wandb': False, 'wandb_project_name': 'franky-sami', 'wandb_team_name': 'skill-aware-rl'}, 'save_path': '/home/xi/yxh_space/SaMI/SaMI/output', 'sub_save_path': '/home/xi/yxh_space/SaMI/SaMI/output/2025-05-23-11:08:08-225178', 'save_model_path': '/home/xi/yxh_space/SaMI/SaMI/output/2025-05-23-11:08:08-225178/model.zip', 'log_path': '/home/xi/yxh_space/SaMI/SaMI/output/2025-05-23-11:08:08-225178/log.txt', 'code_path': '/home/xi/yxh_space/SaMI/SaMI/output/2025-05-23-11:08:08-225178/code.zip', 'config_path': '/home/xi/yxh_space/SaMI/SaMI/output/2025-05-23-11:08:08-225178/config.yaml', 'test_path': '/home/xi/yxh_space/SaMI/SaMI/output/2025-05-23-11:08:08-225178/test_result.yaml', 'test_tsne_path': '/home/xi/yxh_space/SaMI/SaMI/output/2025-05-23-11:08:08-225178/tsne.jpg', 'test_table_path': '/home/xi/yxh_space/SaMI/SaMI/output/2025-05-23-11:08:08-225178/tables', 'test_image_path': '/home/xi/yxh_space/SaMI/SaMI/output/2025-05-23-11:08:08-225178/images', 'test_video_path': '/home/xi/yxh_space/SaMI/SaMI/output/2025-05-23-11:08:08-225178/videos'}
argv[0]=--background_color_red=0.8745098114013672
argv[1]=--background_color_green=0.21176470816135406
argv[2]=--background_color_blue=0.1764705926179886
argv[0]=--background_color_red=0.8745098114013672
argv[1]=--background_color_green=0.21176470816135406
argv[2]=--background_color_blue=0.1764705926179886
argv[0]=--background_color_red=0.8745098114013672
argv[1]=--background_color_green=0.21176470816135406
argv[2]=--background_color_blue=0.1764705926179886
argv[0]=--background_color_red=0.8745098114013672
argv[1]=--background_color_green=0.21176470816135406
argv[2]=--background_color_blue=0.1764705926179886
argv[0]=--background_color_red=0.8745098114013672
argv[1]=--background_color_green=0.21176470816135406
argv[2]=--background_color_blue=0.1764705926179886
argv[0]=--background_color_red=0.8745098114013672
argv[1]=--background_color_green=0.21176470816135406
argv[2]=--background_color_blue=0.1764705926179886
argv[0]=--background_color_red=0.8745098114013672
argv[1]=--background_color_green=0.21176470816135406
argv[2]=--background_color_blue=0.1764705926179886
argv[0]=--background_color_red=0.8745098114013672
argv[1]=--background_color_green=0.21176470816135406
argv[2]=--background_color_blue=0.1764705926179886
0it [00:00, ?it/s]/home/xi/anaconda3/envs/franky-sami/lib/python3.10/site-packages/gymnasium/core.py:311: UserWarning: [33mWARN: env.task to get variables from other wrappers is deprecated and will be removed in v1.0, to get this variable you can do `env.unwrapped.task` for environment variables or `env.get_wrapper_attr('task')` that will search the reminding wrappers.[0m
  logger.warn(
/home/xi/anaconda3/envs/franky-sami/lib/python3.10/site-packages/gymnasium/core.py:311: UserWarning: [33mWARN: env.set_obs_friction_mass to get variables from other wrappers is deprecated and will be removed in v1.0, to get this variable you can do `env.unwrapped.set_obs_friction_mass` for environment variables or `env.get_wrapper_attr('set_obs_friction_mass')` that will search the reminding wrappers.[0m
  logger.warn(
/home/xi/anaconda3/envs/franky-sami/lib/python3.10/site-packages/gymnasium/utils/passive_env_checker.py:135: UserWarning: [33mWARN: The obs returned by the `reset()` method was expecting numpy array dtype to be float32, actual type: float64[0m
  logger.warn(
/home/xi/anaconda3/envs/franky-sami/lib/python3.10/site-packages/gymnasium/utils/passive_env_checker.py:159: UserWarning: [33mWARN: The obs returned by the `reset()` method is not within the observation space.[0m
  logger.warn(f"{pre} is not within the observation space.")
/home/xi/anaconda3/envs/franky-sami/lib/python3.10/site-packages/gymnasium/utils/passive_env_checker.py:135: UserWarning: [33mWARN: The obs returned by the `step()` method was expecting numpy array dtype to be float32, actual type: float64[0m
  logger.warn(
/home/xi/anaconda3/envs/franky-sami/lib/python3.10/site-packages/gymnasium/utils/passive_env_checker.py:159: UserWarning: [33mWARN: The obs returned by the `step()` method is not within the observation space.[0m
  logger.warn(f"{pre} is not within the observation space.")
1it [00:16, 16.41s/it]2it [00:18,  7.94s/it]3it [00:45, 16.76s/it]4it [00:55, 14.21s/it]4it [00:55, 13.99s/it]
{'model_parameters': {'method': 'SaCCM', 'adversarial_loss_coef': 0.1, 'batch_size': 256, 'contrast_batch_size': 256, 'contrast_buffer_type': 'fine_grained', 'contrast_training_interval': 1, 'time_step': 5000000, 'causal_dim': 6, 'causal_hidden_dim': 128, 'buffer_size': 1000, 'use_weighted_info_nce': False, 'use_reward_norm': False, 'learning_rate': 0.001, 'train_freq': 128, 'gradient_steps': 16, 'encoder_tau': 0.05, 'neg_radio': 0.5, 'env_name': 'PandaPush-v3', 'env_hook': 'PandaHook', 'train_envs': '[(0, 30), (1, 1), (1, 30), (1, 5)]', 'test_envs': '[(0, 30), (1, 1), (1, 30), (1, 5)]', 'use_continue_train': False, 'save_video': False, 'seed': 100, 'config_path': '', 'test_eps_num_per_env': 50, 'use_wandb': False, 'wandb_project_name': 'franky-sami', 'wandb_team_name': 'skill-aware-rl'}, 'save_path': '/home/xi/yxh_space/SaMI/SaMI/output', 'sub_save_path': '/home/xi/yxh_space/SaMI/SaMI/output/2025-05-23-14:22:14-833364', 'save_model_path': '/home/xi/yxh_space/SaMI/SaMI/output/2025-05-23-14:22:14-833364/model.zip', 'log_path': '/home/xi/yxh_space/SaMI/SaMI/output/2025-05-23-14:22:14-833364/log.txt', 'code_path': '/home/xi/yxh_space/SaMI/SaMI/output/2025-05-23-14:22:14-833364/code.zip', 'config_path': '/home/xi/yxh_space/SaMI/SaMI/output/2025-05-23-14:22:14-833364/config.yaml', 'test_path': '/home/xi/yxh_space/SaMI/SaMI/output/2025-05-23-14:22:14-833364/test_result.yaml', 'test_tsne_path': '/home/xi/yxh_space/SaMI/SaMI/output/2025-05-23-14:22:14-833364/tsne.jpg', 'test_table_path': '/home/xi/yxh_space/SaMI/SaMI/output/2025-05-23-14:22:14-833364/tables', 'test_image_path': '/home/xi/yxh_space/SaMI/SaMI/output/2025-05-23-14:22:14-833364/images', 'test_video_path': '/home/xi/yxh_space/SaMI/SaMI/output/2025-05-23-14:22:14-833364/videos'}
argv[0]=--background_color_red=0.8745098114013672
argv[1]=--background_color_green=0.21176470816135406
argv[2]=--background_color_blue=0.1764705926179886
argv[0]=--background_color_red=0.8745098114013672
argv[1]=--background_color_green=0.21176470816135406
argv[2]=--background_color_blue=0.1764705926179886
argv[0]=--background_color_red=0.8745098114013672
argv[1]=--background_color_green=0.21176470816135406
argv[2]=--background_color_blue=0.1764705926179886
argv[0]=--background_color_red=0.8745098114013672
argv[1]=--background_color_green=0.21176470816135406
argv[2]=--background_color_blue=0.1764705926179886
argv[0]=--background_color_red=0.8745098114013672
argv[1]=--background_color_green=0.21176470816135406
argv[2]=--background_color_blue=0.1764705926179886
argv[0]=--background_color_red=0.8745098114013672
argv[1]=--background_color_green=0.21176470816135406
argv[2]=--background_color_blue=0.1764705926179886
argv[0]=--background_color_red=0.8745098114013672
argv[1]=--background_color_green=0.21176470816135406
argv[2]=--background_color_blue=0.1764705926179886
argv[0]=--background_color_red=0.8745098114013672
argv[1]=--background_color_green=0.21176470816135406
argv[2]=--background_color_blue=0.1764705926179886
0it [00:00, ?it/s]/home/xi/anaconda3/envs/franky-sami/lib/python3.10/site-packages/gymnasium/core.py:311: UserWarning: [33mWARN: env.task to get variables from other wrappers is deprecated and will be removed in v1.0, to get this variable you can do `env.unwrapped.task` for environment variables or `env.get_wrapper_attr('task')` that will search the reminding wrappers.[0m
  logger.warn(
/home/xi/anaconda3/envs/franky-sami/lib/python3.10/site-packages/gymnasium/core.py:311: UserWarning: [33mWARN: env.set_obs_friction_mass to get variables from other wrappers is deprecated and will be removed in v1.0, to get this variable you can do `env.unwrapped.set_obs_friction_mass` for environment variables or `env.get_wrapper_attr('set_obs_friction_mass')` that will search the reminding wrappers.[0m
  logger.warn(
/home/xi/anaconda3/envs/franky-sami/lib/python3.10/site-packages/gymnasium/utils/passive_env_checker.py:135: UserWarning: [33mWARN: The obs returned by the `reset()` method was expecting numpy array dtype to be float32, actual type: float64[0m
  logger.warn(
/home/xi/anaconda3/envs/franky-sami/lib/python3.10/site-packages/gymnasium/utils/passive_env_checker.py:159: UserWarning: [33mWARN: The obs returned by the `reset()` method is not within the observation space.[0m
  logger.warn(f"{pre} is not within the observation space.")
/home/xi/anaconda3/envs/franky-sami/lib/python3.10/site-packages/gymnasium/utils/passive_env_checker.py:135: UserWarning: [33mWARN: The obs returned by the `step()` method was expecting numpy array dtype to be float32, actual type: float64[0m
  logger.warn(
/home/xi/anaconda3/envs/franky-sami/lib/python3.10/site-packages/gymnasium/utils/passive_env_checker.py:159: UserWarning: [33mWARN: The obs returned by the `step()` method is not within the observation space.[0m
  logger.warn(f"{pre} is not within the observation space.")
1it [00:02,  2.18s/it]2it [00:04,  1.98s/it]3it [00:08,  2.96s/it]4it [00:10,  2.56s/it]4it [00:10,  2.52s/it]
{'model_parameters': {'method': 'SaCCM', 'adversarial_loss_coef': 0.01, 'batch_size': 256, 'contrast_batch_size': 256, 'contrast_buffer_type': 'fine_grained', 'contrast_training_interval': 1, 'time_step': 5000000, 'causal_dim': 6, 'causal_hidden_dim': 128, 'buffer_size': 1000, 'use_weighted_info_nce': False, 'use_reward_norm': False, 'learning_rate': 0.001, 'train_freq': 128, 'gradient_steps': 16, 'encoder_tau': 0.05, 'neg_radio': 0.5, 'env_name': 'PandaPush-v3', 'env_hook': 'PandaHook', 'train_envs': '[(0, 30), (1, 1), (1, 30), (1, 5)]', 'test_envs': '[(0, 30), (1, 1), (1, 30), (1, 5)]', 'use_continue_train': False, 'save_video': False, 'seed': 100, 'config_path': '', 'test_eps_num_per_env': 50, 'use_wandb': False, 'wandb_project_name': 'franky-sami', 'wandb_team_name': 'skill-aware-rl'}, 'save_path': '/home/xi/yxh_space/SaMI/SaMI/output', 'sub_save_path': '/home/xi/yxh_space/SaMI/SaMI/output/2025-05-23-11:37:55-618887', 'save_model_path': '/home/xi/yxh_space/SaMI/SaMI/output/2025-05-23-11:37:55-618887/model.zip', 'log_path': '/home/xi/yxh_space/SaMI/SaMI/output/2025-05-23-11:37:55-618887/log.txt', 'code_path': '/home/xi/yxh_space/SaMI/SaMI/output/2025-05-23-11:37:55-618887/code.zip', 'config_path': '/home/xi/yxh_space/SaMI/SaMI/output/2025-05-23-11:37:55-618887/config.yaml', 'test_path': '/home/xi/yxh_space/SaMI/SaMI/output/2025-05-23-11:37:55-618887/test_result.yaml', 'test_tsne_path': '/home/xi/yxh_space/SaMI/SaMI/output/2025-05-23-11:37:55-618887/tsne.jpg', 'test_table_path': '/home/xi/yxh_space/SaMI/SaMI/output/2025-05-23-11:37:55-618887/tables', 'test_image_path': '/home/xi/yxh_space/SaMI/SaMI/output/2025-05-23-11:37:55-618887/images', 'test_video_path': '/home/xi/yxh_space/SaMI/SaMI/output/2025-05-23-11:37:55-618887/videos'}
argv[0]=--background_color_red=0.8745098114013672
argv[1]=--background_color_green=0.21176470816135406
argv[2]=--background_color_blue=0.1764705926179886
argv[0]=--background_color_red=0.8745098114013672
argv[1]=--background_color_green=0.21176470816135406
argv[2]=--background_color_blue=0.1764705926179886
argv[0]=--background_color_red=0.8745098114013672
argv[1]=--background_color_green=0.21176470816135406
argv[2]=--background_color_blue=0.1764705926179886
argv[0]=--background_color_red=0.8745098114013672
argv[1]=--background_color_green=0.21176470816135406
argv[2]=--background_color_blue=0.1764705926179886
argv[0]=--background_color_red=0.8745098114013672
argv[1]=--background_color_green=0.21176470816135406
argv[2]=--background_color_blue=0.1764705926179886
argv[0]=--background_color_red=0.8745098114013672
argv[1]=--background_color_green=0.21176470816135406
argv[2]=--background_color_blue=0.1764705926179886
argv[0]=--background_color_red=0.8745098114013672
argv[1]=--background_color_green=0.21176470816135406
argv[2]=--background_color_blue=0.1764705926179886
argv[0]=--background_color_red=0.8745098114013672
argv[1]=--background_color_green=0.21176470816135406
argv[2]=--background_color_blue=0.1764705926179886
0it [00:00, ?it/s]/home/xi/anaconda3/envs/franky-sami/lib/python3.10/site-packages/gymnasium/core.py:311: UserWarning: [33mWARN: env.task to get variables from other wrappers is deprecated and will be removed in v1.0, to get this variable you can do `env.unwrapped.task` for environment variables or `env.get_wrapper_attr('task')` that will search the reminding wrappers.[0m
  logger.warn(
/home/xi/anaconda3/envs/franky-sami/lib/python3.10/site-packages/gymnasium/core.py:311: UserWarning: [33mWARN: env.set_obs_friction_mass to get variables from other wrappers is deprecated and will be removed in v1.0, to get this variable you can do `env.unwrapped.set_obs_friction_mass` for environment variables or `env.get_wrapper_attr('set_obs_friction_mass')` that will search the reminding wrappers.[0m
  logger.warn(
/home/xi/anaconda3/envs/franky-sami/lib/python3.10/site-packages/gymnasium/utils/passive_env_checker.py:135: UserWarning: [33mWARN: The obs returned by the `reset()` method was expecting numpy array dtype to be float32, actual type: float64[0m
  logger.warn(
/home/xi/anaconda3/envs/franky-sami/lib/python3.10/site-packages/gymnasium/utils/passive_env_checker.py:159: UserWarning: [33mWARN: The obs returned by the `reset()` method is not within the observation space.[0m
  logger.warn(f"{pre} is not within the observation space.")
/home/xi/anaconda3/envs/franky-sami/lib/python3.10/site-packages/gymnasium/utils/passive_env_checker.py:135: UserWarning: [33mWARN: The obs returned by the `step()` method was expecting numpy array dtype to be float32, actual type: float64[0m
  logger.warn(
/home/xi/anaconda3/envs/franky-sami/lib/python3.10/site-packages/gymnasium/utils/passive_env_checker.py:159: UserWarning: [33mWARN: The obs returned by the `step()` method is not within the observation space.[0m
  logger.warn(f"{pre} is not within the observation space.")
1it [00:01,  1.98s/it]2it [00:04,  2.11s/it]3it [00:07,  2.53s/it]4it [00:11,  3.15s/it]4it [00:11,  2.83s/it]
{'model_parameters': {'method': 'SaSAC', 'adversarial_loss_coef': 0.01, 'batch_size': 256, 'contrast_batch_size': 256, 'contrast_buffer_type': 'fine_grained', 'contrast_training_interval': 1, 'time_step': 5000000, 'causal_dim': 6, 'causal_hidden_dim': 128, 'buffer_size': 1000, 'use_weighted_info_nce': False, 'use_reward_norm': False, 'learning_rate': 0.001, 'train_freq': 128, 'gradient_steps': 16, 'encoder_tau': 0.05, 'neg_radio': 0.5, 'env_name': 'PandaPush-v3', 'env_hook': 'PandaHook', 'train_envs': '[(0, 1), (0, 5), (1, 1),(1, 5),(1, 10),(1, 2),(1, 3), (1, 1)]', 'test_envs': '[(0, 10), (1, 10), (10, 10), (30, 10)]', 'use_continue_train': False, 'save_video': False, 'seed': 100, 'config_path': '', 'test_eps_num_per_env': 50, 'use_wandb': False, 'wandb_project_name': 'franky-sami', 'wandb_team_name': 'skill-aware-rl'}, 'save_path': '/home/xi/yxh_space/SaMI/SaMI/output', 'sub_save_path': '/home/xi/yxh_space/SaMI/SaMI/output/2025-05-20-18:16:24-584797', 'save_model_path': '/home/xi/yxh_space/SaMI/SaMI/output/2025-05-20-18:16:24-584797/model.zip', 'log_path': '/home/xi/yxh_space/SaMI/SaMI/output/2025-05-20-18:16:24-584797/log.txt', 'code_path': '/home/xi/yxh_space/SaMI/SaMI/output/2025-05-20-18:16:24-584797/code.zip', 'config_path': '/home/xi/yxh_space/SaMI/SaMI/output/2025-05-20-18:16:24-584797/config.yaml', 'test_path': '/home/xi/yxh_space/SaMI/SaMI/output/2025-05-20-18:16:24-584797/test_result.yaml', 'test_tsne_path': '/home/xi/yxh_space/SaMI/SaMI/output/2025-05-20-18:16:24-584797/tsne.jpg', 'test_table_path': '/home/xi/yxh_space/SaMI/SaMI/output/2025-05-20-18:16:24-584797/tables', 'test_image_path': '/home/xi/yxh_space/SaMI/SaMI/output/2025-05-20-18:16:24-584797/images', 'test_video_path': '/home/xi/yxh_space/SaMI/SaMI/output/2025-05-20-18:16:24-584797/videos'}
argv[0]=--background_color_red=0.8745098114013672
argv[1]=--background_color_green=0.21176470816135406
argv[2]=--background_color_blue=0.1764705926179886
argv[0]=--background_color_red=0.8745098114013672
argv[1]=--background_color_green=0.21176470816135406
argv[2]=--background_color_blue=0.1764705926179886
argv[0]=--background_color_red=0.8745098114013672
argv[1]=--background_color_green=0.21176470816135406
argv[2]=--background_color_blue=0.1764705926179886
argv[0]=--background_color_red=0.8745098114013672
argv[1]=--background_color_green=0.21176470816135406
argv[2]=--background_color_blue=0.1764705926179886
argv[0]=--background_color_red=0.8745098114013672
argv[1]=--background_color_green=0.21176470816135406
argv[2]=--background_color_blue=0.1764705926179886
argv[0]=--background_color_red=0.8745098114013672
argv[1]=--background_color_green=0.21176470816135406
argv[2]=--background_color_blue=0.1764705926179886
argv[0]=--background_color_red=0.8745098114013672
argv[1]=--background_color_green=0.21176470816135406
argv[2]=--background_color_blue=0.1764705926179886
argv[0]=--background_color_red=0.8745098114013672
argv[1]=--background_color_green=0.21176470816135406
argv[2]=--background_color_blue=0.1764705926179886
argv[0]=--background_color_red=0.8745098114013672
argv[1]=--background_color_green=0.21176470816135406
argv[2]=--background_color_blue=0.1764705926179886
argv[0]=--background_color_red=0.8745098114013672
argv[1]=--background_color_green=0.21176470816135406
argv[2]=--background_color_blue=0.1764705926179886
argv[0]=--background_color_red=0.8745098114013672
argv[1]=--background_color_green=0.21176470816135406
argv[2]=--background_color_blue=0.1764705926179886
argv[0]=--background_color_red=0.8745098114013672
argv[1]=--background_color_green=0.21176470816135406
argv[2]=--background_color_blue=0.1764705926179886
0it [00:00, ?it/s]/home/xi/anaconda3/envs/franky-sami/lib/python3.10/site-packages/gymnasium/core.py:311: UserWarning: [33mWARN: env.task to get variables from other wrappers is deprecated and will be removed in v1.0, to get this variable you can do `env.unwrapped.task` for environment variables or `env.get_wrapper_attr('task')` that will search the reminding wrappers.[0m
  logger.warn(
/home/xi/anaconda3/envs/franky-sami/lib/python3.10/site-packages/gymnasium/core.py:311: UserWarning: [33mWARN: env.set_obs_friction_mass to get variables from other wrappers is deprecated and will be removed in v1.0, to get this variable you can do `env.unwrapped.set_obs_friction_mass` for environment variables or `env.get_wrapper_attr('set_obs_friction_mass')` that will search the reminding wrappers.[0m
  logger.warn(
/home/xi/anaconda3/envs/franky-sami/lib/python3.10/site-packages/gymnasium/utils/passive_env_checker.py:135: UserWarning: [33mWARN: The obs returned by the `reset()` method was expecting numpy array dtype to be float32, actual type: float64[0m
  logger.warn(
/home/xi/anaconda3/envs/franky-sami/lib/python3.10/site-packages/gymnasium/utils/passive_env_checker.py:159: UserWarning: [33mWARN: The obs returned by the `reset()` method is not within the observation space.[0m
  logger.warn(f"{pre} is not within the observation space.")
/home/xi/anaconda3/envs/franky-sami/lib/python3.10/site-packages/gymnasium/utils/passive_env_checker.py:135: UserWarning: [33mWARN: The obs returned by the `step()` method was expecting numpy array dtype to be float32, actual type: float64[0m
  logger.warn(
/home/xi/anaconda3/envs/franky-sami/lib/python3.10/site-packages/gymnasium/utils/passive_env_checker.py:159: UserWarning: [33mWARN: The obs returned by the `step()` method is not within the observation space.[0m
  logger.warn(f"{pre} is not within the observation space.")
1it [00:02,  2.04s/it]2it [00:04,  2.05s/it]3it [00:06,  2.43s/it]4it [00:10,  2.78s/it]4it [00:10,  2.57s/it]
{'model_parameters': {'method': 'SaSAC', 'adversarial_loss_coef': 0.01, 'batch_size': 256, 'contrast_batch_size': 256, 'contrast_buffer_type': 'fine_grained', 'contrast_training_interval': 1, 'time_step': 5000000, 'causal_dim': 6, 'causal_hidden_dim': 128, 'buffer_size': 1000, 'use_weighted_info_nce': False, 'use_reward_norm': False, 'learning_rate': 0.001, 'train_freq': 128, 'gradient_steps': 16, 'encoder_tau': 0.05, 'neg_radio': 0.5, 'env_name': 'PandaPush-v3', 'env_hook': 'PandaHook', 'train_envs': '[(1, 1), (1, 1), (1, 1),(1, 5),(1, 10),(1, 2),(1, 3), (1, 1)]', 'test_envs': '[(0, 10), (1, 10), (10, 10), (30, 10)]', 'use_continue_train': False, 'save_video': False, 'seed': 100, 'config_path': '', 'test_eps_num_per_env': 50, 'use_wandb': False, 'wandb_project_name': 'franky-sami', 'wandb_team_name': 'skill-aware-rl'}, 'save_path': '/home/xi/yxh_space/SaMI/SaMI/output', 'sub_save_path': '/home/xi/yxh_space/SaMI/SaMI/output/2025-05-20-18:20:51-356678', 'save_model_path': '/home/xi/yxh_space/SaMI/SaMI/output/2025-05-20-18:20:51-356678/model.zip', 'log_path': '/home/xi/yxh_space/SaMI/SaMI/output/2025-05-20-18:20:51-356678/log.txt', 'code_path': '/home/xi/yxh_space/SaMI/SaMI/output/2025-05-20-18:20:51-356678/code.zip', 'config_path': '/home/xi/yxh_space/SaMI/SaMI/output/2025-05-20-18:20:51-356678/config.yaml', 'test_path': '/home/xi/yxh_space/SaMI/SaMI/output/2025-05-20-18:20:51-356678/test_result.yaml', 'test_tsne_path': '/home/xi/yxh_space/SaMI/SaMI/output/2025-05-20-18:20:51-356678/tsne.jpg', 'test_table_path': '/home/xi/yxh_space/SaMI/SaMI/output/2025-05-20-18:20:51-356678/tables', 'test_image_path': '/home/xi/yxh_space/SaMI/SaMI/output/2025-05-20-18:20:51-356678/images', 'test_video_path': '/home/xi/yxh_space/SaMI/SaMI/output/2025-05-20-18:20:51-356678/videos'}
argv[0]=--background_color_red=0.8745098114013672
argv[1]=--background_color_green=0.21176470816135406
argv[2]=--background_color_blue=0.1764705926179886
argv[0]=--background_color_red=0.8745098114013672
argv[1]=--background_color_green=0.21176470816135406
argv[2]=--background_color_blue=0.1764705926179886
argv[0]=--background_color_red=0.8745098114013672
argv[1]=--background_color_green=0.21176470816135406
argv[2]=--background_color_blue=0.1764705926179886
argv[0]=--background_color_red=0.8745098114013672
argv[1]=--background_color_green=0.21176470816135406
argv[2]=--background_color_blue=0.1764705926179886
argv[0]=--background_color_red=0.8745098114013672
argv[1]=--background_color_green=0.21176470816135406
argv[2]=--background_color_blue=0.1764705926179886
argv[0]=--background_color_red=0.8745098114013672
argv[1]=--background_color_green=0.21176470816135406
argv[2]=--background_color_blue=0.1764705926179886
argv[0]=--background_color_red=0.8745098114013672
argv[1]=--background_color_green=0.21176470816135406
argv[2]=--background_color_blue=0.1764705926179886
argv[0]=--background_color_red=0.8745098114013672
argv[1]=--background_color_green=0.21176470816135406
argv[2]=--background_color_blue=0.1764705926179886
argv[0]=--background_color_red=0.8745098114013672
argv[1]=--background_color_green=0.21176470816135406
argv[2]=--background_color_blue=0.1764705926179886
argv[0]=--background_color_red=0.8745098114013672
argv[1]=--background_color_green=0.21176470816135406
argv[2]=--background_color_blue=0.1764705926179886
argv[0]=--background_color_red=0.8745098114013672
argv[1]=--background_color_green=0.21176470816135406
argv[2]=--background_color_blue=0.1764705926179886
argv[0]=--background_color_red=0.8745098114013672
argv[1]=--background_color_green=0.21176470816135406
argv[2]=--background_color_blue=0.1764705926179886
0it [00:00, ?it/s]/home/xi/anaconda3/envs/franky-sami/lib/python3.10/site-packages/gymnasium/core.py:311: UserWarning: [33mWARN: env.task to get variables from other wrappers is deprecated and will be removed in v1.0, to get this variable you can do `env.unwrapped.task` for environment variables or `env.get_wrapper_attr('task')` that will search the reminding wrappers.[0m
  logger.warn(
/home/xi/anaconda3/envs/franky-sami/lib/python3.10/site-packages/gymnasium/core.py:311: UserWarning: [33mWARN: env.set_obs_friction_mass to get variables from other wrappers is deprecated and will be removed in v1.0, to get this variable you can do `env.unwrapped.set_obs_friction_mass` for environment variables or `env.get_wrapper_attr('set_obs_friction_mass')` that will search the reminding wrappers.[0m
  logger.warn(
/home/xi/anaconda3/envs/franky-sami/lib/python3.10/site-packages/gymnasium/utils/passive_env_checker.py:135: UserWarning: [33mWARN: The obs returned by the `reset()` method was expecting numpy array dtype to be float32, actual type: float64[0m
  logger.warn(
/home/xi/anaconda3/envs/franky-sami/lib/python3.10/site-packages/gymnasium/utils/passive_env_checker.py:159: UserWarning: [33mWARN: The obs returned by the `reset()` method is not within the observation space.[0m
  logger.warn(f"{pre} is not within the observation space.")
/home/xi/anaconda3/envs/franky-sami/lib/python3.10/site-packages/gymnasium/utils/passive_env_checker.py:135: UserWarning: [33mWARN: The obs returned by the `step()` method was expecting numpy array dtype to be float32, actual type: float64[0m
  logger.warn(
/home/xi/anaconda3/envs/franky-sami/lib/python3.10/site-packages/gymnasium/utils/passive_env_checker.py:159: UserWarning: [33mWARN: The obs returned by the `step()` method is not within the observation space.[0m
  logger.warn(f"{pre} is not within the observation space.")
1it [00:08,  8.30s/it]2it [00:13,  6.51s/it]3it [00:19,  6.20s/it]4it [00:36, 10.43s/it]4it [00:36,  9.08s/it]
{'model_parameters': {'method': 'SaCCM', 'adversarial_loss_coef': 0.01, 'batch_size': 256, 'contrast_batch_size': 256, 'contrast_buffer_type': 'fine_grained', 'contrast_training_interval': 1, 'time_step': 5000000, 'causal_dim': 6, 'causal_hidden_dim': 128, 'buffer_size': 1000, 'use_weighted_info_nce': False, 'use_reward_norm': False, 'learning_rate': 0.001, 'train_freq': 128, 'gradient_steps': 16, 'encoder_tau': 0.05, 'neg_radio': 0.5, 'env_name': 'PandaPush-v3', 'env_hook': 'PandaHook', 'train_envs': '[(0, 1), (0, 5), (1, 1),(1, 5),(1, 10),(1, 2),(1, 3), (1, 1)]', 'test_envs': '[(0, 10), (1, 10), (10, 10), (30, 10)]', 'use_continue_train': False, 'save_video': False, 'seed': 100, 'config_path': '', 'test_eps_num_per_env': 50, 'use_wandb': False, 'wandb_project_name': 'franky-sami', 'wandb_team_name': 'skill-aware-rl'}, 'save_path': '/home/xi/yxh_space/SaMI/SaMI/output', 'sub_save_path': '/home/xi/yxh_space/SaMI/SaMI/output/2025-05-20-18:16:24-301069', 'save_model_path': '/home/xi/yxh_space/SaMI/SaMI/output/2025-05-20-18:16:24-301069/model.zip', 'log_path': '/home/xi/yxh_space/SaMI/SaMI/output/2025-05-20-18:16:24-301069/log.txt', 'code_path': '/home/xi/yxh_space/SaMI/SaMI/output/2025-05-20-18:16:24-301069/code.zip', 'config_path': '/home/xi/yxh_space/SaMI/SaMI/output/2025-05-20-18:16:24-301069/config.yaml', 'test_path': '/home/xi/yxh_space/SaMI/SaMI/output/2025-05-20-18:16:24-301069/test_result.yaml', 'test_tsne_path': '/home/xi/yxh_space/SaMI/SaMI/output/2025-05-20-18:16:24-301069/tsne.jpg', 'test_table_path': '/home/xi/yxh_space/SaMI/SaMI/output/2025-05-20-18:16:24-301069/tables', 'test_image_path': '/home/xi/yxh_space/SaMI/SaMI/output/2025-05-20-18:16:24-301069/images', 'test_video_path': '/home/xi/yxh_space/SaMI/SaMI/output/2025-05-20-18:16:24-301069/videos'}
argv[0]=--background_color_red=0.8745098114013672
argv[1]=--background_color_green=0.21176470816135406
argv[2]=--background_color_blue=0.1764705926179886
argv[0]=--background_color_red=0.8745098114013672
argv[1]=--background_color_green=0.21176470816135406
argv[2]=--background_color_blue=0.1764705926179886
argv[0]=--background_color_red=0.8745098114013672
argv[1]=--background_color_green=0.21176470816135406
argv[2]=--background_color_blue=0.1764705926179886
argv[0]=--background_color_red=0.8745098114013672
argv[1]=--background_color_green=0.21176470816135406
argv[2]=--background_color_blue=0.1764705926179886
argv[0]=--background_color_red=0.8745098114013672
argv[1]=--background_color_green=0.21176470816135406
argv[2]=--background_color_blue=0.1764705926179886
argv[0]=--background_color_red=0.8745098114013672
argv[1]=--background_color_green=0.21176470816135406
argv[2]=--background_color_blue=0.1764705926179886
argv[0]=--background_color_red=0.8745098114013672
argv[1]=--background_color_green=0.21176470816135406
argv[2]=--background_color_blue=0.1764705926179886
argv[0]=--background_color_red=0.8745098114013672
argv[1]=--background_color_green=0.21176470816135406
argv[2]=--background_color_blue=0.1764705926179886
argv[0]=--background_color_red=0.8745098114013672
argv[1]=--background_color_green=0.21176470816135406
argv[2]=--background_color_blue=0.1764705926179886
argv[0]=--background_color_red=0.8745098114013672
argv[1]=--background_color_green=0.21176470816135406
argv[2]=--background_color_blue=0.1764705926179886
argv[0]=--background_color_red=0.8745098114013672
argv[1]=--background_color_green=0.21176470816135406
argv[2]=--background_color_blue=0.1764705926179886
argv[0]=--background_color_red=0.8745098114013672
argv[1]=--background_color_green=0.21176470816135406
argv[2]=--background_color_blue=0.1764705926179886
pybullet build time: Jan 29 2025 23:16:28
pybullet build time: Jan 29 2025 23:16:28
/home/xi/anaconda3/envs/franky-sami/lib/python3.10/site-packages/gymnasium/envs/registration.py:694: UserWarning: [33mWARN: Overriding environment PandaPush-v3 already in registry.[0m
  logger.warn(f"Overriding environment {new_spec.id} already in registry.")
/home/xi/anaconda3/envs/franky-sami/lib/python3.10/site-packages/gymnasium/envs/registration.py:694: UserWarning: [33mWARN: Overriding environment PandaPickAndPlace-v3 already in registry.[0m
  logger.warn(f"Overriding environment {new_spec.id} already in registry.")
/home/xi/anaconda3/envs/franky-sami/lib/python3.10/site-packages/gymnasium/envs/registration.py:694: UserWarning: [33mWARN: Overriding environment PandaPush-v3 already in registry.[0m
  logger.warn(f"Overriding environment {new_spec.id} already in registry.")
/home/xi/anaconda3/envs/franky-sami/lib/python3.10/site-packages/gymnasium/envs/registration.py:694: UserWarning: [33mWARN: Overriding environment PandaPickAndPlace-v3 already in registry.[0m
  logger.warn(f"Overriding environment {new_spec.id} already in registry.")
/home/xi/anaconda3/envs/franky-sami/lib/python3.10/site-packages/gymnasium/core.py:311: UserWarning: [33mWARN: env.task to get variables from other wrappers is deprecated and will be removed in v1.0, to get this variable you can do `env.unwrapped.task` for environment variables or `env.get_wrapper_attr('task')` that will search the reminding wrappers.[0m
  logger.warn(
/home/xi/anaconda3/envs/franky-sami/lib/python3.10/site-packages/gymnasium/core.py:311: UserWarning: [33mWARN: env.set_obs_friction_mass to get variables from other wrappers is deprecated and will be removed in v1.0, to get this variable you can do `env.unwrapped.set_obs_friction_mass` for environment variables or `env.get_wrapper_attr('set_obs_friction_mass')` that will search the reminding wrappers.[0m
  logger.warn(
/home/xi/anaconda3/envs/franky-sami/lib/python3.10/site-packages/gymnasium/utils/passive_env_checker.py:135: UserWarning: [33mWARN: The obs returned by the `reset()` method was expecting numpy array dtype to be float32, actual type: float64[0m
  logger.warn(
/home/xi/anaconda3/envs/franky-sami/lib/python3.10/site-packages/gymnasium/utils/passive_env_checker.py:159: UserWarning: [33mWARN: The obs returned by the `reset()` method is not within the observation space.[0m
  logger.warn(f"{pre} is not within the observation space.")
/home/xi/anaconda3/envs/franky-sami/lib/python3.10/site-packages/gymnasium/core.py:311: UserWarning: [33mWARN: env.task to get variables from other wrappers is deprecated and will be removed in v1.0, to get this variable you can do `env.unwrapped.task` for environment variables or `env.get_wrapper_attr('task')` that will search the reminding wrappers.[0m
  logger.warn(
/home/xi/anaconda3/envs/franky-sami/lib/python3.10/site-packages/gymnasium/core.py:311: UserWarning: [33mWARN: env.set_obs_friction_mass to get variables from other wrappers is deprecated and will be removed in v1.0, to get this variable you can do `env.unwrapped.set_obs_friction_mass` for environment variables or `env.get_wrapper_attr('set_obs_friction_mass')` that will search the reminding wrappers.[0m
  logger.warn(
/home/xi/anaconda3/envs/franky-sami/lib/python3.10/site-packages/gymnasium/utils/passive_env_checker.py:135: UserWarning: [33mWARN: The obs returned by the `reset()` method was expecting numpy array dtype to be float32, actual type: float64[0m
  logger.warn(
/home/xi/anaconda3/envs/franky-sami/lib/python3.10/site-packages/gymnasium/utils/passive_env_checker.py:159: UserWarning: [33mWARN: The obs returned by the `reset()` method is not within the observation space.[0m
  logger.warn(f"{pre} is not within the observation space.")
/home/xi/anaconda3/envs/franky-sami/lib/python3.10/site-packages/gymnasium/utils/passive_env_checker.py:135: UserWarning: [33mWARN: The obs returned by the `step()` method was expecting numpy array dtype to be float32, actual type: float64[0m
  logger.warn(
/home/xi/anaconda3/envs/franky-sami/lib/python3.10/site-packages/gymnasium/utils/passive_env_checker.py:159: UserWarning: [33mWARN: The obs returned by the `step()` method is not within the observation space.[0m
  logger.warn(f"{pre} is not within the observation space.")
/home/xi/anaconda3/envs/franky-sami/lib/python3.10/site-packages/gymnasium/utils/passive_env_checker.py:135: UserWarning: [33mWARN: The obs returned by the `step()` method was expecting numpy array dtype to be float32, actual type: float64[0m
  logger.warn(
/home/xi/anaconda3/envs/franky-sami/lib/python3.10/site-packages/gymnasium/utils/passive_env_checker.py:159: UserWarning: [33mWARN: The obs returned by the `step()` method is not within the observation space.[0m
  logger.warn(f"{pre} is not within the observation space.")
pybullet build time: Jan 29 2025 23:16:28
/home/xi/anaconda3/envs/franky-sami/lib/python3.10/site-packages/gymnasium/envs/registration.py:694: UserWarning: [33mWARN: Overriding environment PandaPush-v3 already in registry.[0m
  logger.warn(f"Overriding environment {new_spec.id} already in registry.")
/home/xi/anaconda3/envs/franky-sami/lib/python3.10/site-packages/gymnasium/envs/registration.py:694: UserWarning: [33mWARN: Overriding environment PandaPickAndPlace-v3 already in registry.[0m
  logger.warn(f"Overriding environment {new_spec.id} already in registry.")
pybullet build time: Jan 29 2025 23:16:28
/home/xi/anaconda3/envs/franky-sami/lib/python3.10/site-packages/gymnasium/core.py:311: UserWarning: [33mWARN: env.task to get variables from other wrappers is deprecated and will be removed in v1.0, to get this variable you can do `env.unwrapped.task` for environment variables or `env.get_wrapper_attr('task')` that will search the reminding wrappers.[0m
  logger.warn(
/home/xi/anaconda3/envs/franky-sami/lib/python3.10/site-packages/gymnasium/core.py:311: UserWarning: [33mWARN: env.set_obs_friction_mass to get variables from other wrappers is deprecated and will be removed in v1.0, to get this variable you can do `env.unwrapped.set_obs_friction_mass` for environment variables or `env.get_wrapper_attr('set_obs_friction_mass')` that will search the reminding wrappers.[0m
  logger.warn(
/home/xi/anaconda3/envs/franky-sami/lib/python3.10/site-packages/gymnasium/utils/passive_env_checker.py:135: UserWarning: [33mWARN: The obs returned by the `reset()` method was expecting numpy array dtype to be float32, actual type: float64[0m
  logger.warn(
/home/xi/anaconda3/envs/franky-sami/lib/python3.10/site-packages/gymnasium/utils/passive_env_checker.py:159: UserWarning: [33mWARN: The obs returned by the `reset()` method is not within the observation space.[0m
  logger.warn(f"{pre} is not within the observation space.")
/home/xi/anaconda3/envs/franky-sami/lib/python3.10/site-packages/gymnasium/envs/registration.py:694: UserWarning: [33mWARN: Overriding environment PandaPush-v3 already in registry.[0m
  logger.warn(f"Overriding environment {new_spec.id} already in registry.")
/home/xi/anaconda3/envs/franky-sami/lib/python3.10/site-packages/gymnasium/envs/registration.py:694: UserWarning: [33mWARN: Overriding environment PandaPickAndPlace-v3 already in registry.[0m
  logger.warn(f"Overriding environment {new_spec.id} already in registry.")
/home/xi/anaconda3/envs/franky-sami/lib/python3.10/site-packages/gymnasium/core.py:311: UserWarning: [33mWARN: env.task to get variables from other wrappers is deprecated and will be removed in v1.0, to get this variable you can do `env.unwrapped.task` for environment variables or `env.get_wrapper_attr('task')` that will search the reminding wrappers.[0m
  logger.warn(
/home/xi/anaconda3/envs/franky-sami/lib/python3.10/site-packages/gymnasium/core.py:311: UserWarning: [33mWARN: env.set_obs_friction_mass to get variables from other wrappers is deprecated and will be removed in v1.0, to get this variable you can do `env.unwrapped.set_obs_friction_mass` for environment variables or `env.get_wrapper_attr('set_obs_friction_mass')` that will search the reminding wrappers.[0m
  logger.warn(
/home/xi/anaconda3/envs/franky-sami/lib/python3.10/site-packages/gymnasium/utils/passive_env_checker.py:135: UserWarning: [33mWARN: The obs returned by the `reset()` method was expecting numpy array dtype to be float32, actual type: float64[0m
  logger.warn(
/home/xi/anaconda3/envs/franky-sami/lib/python3.10/site-packages/gymnasium/utils/passive_env_checker.py:159: UserWarning: [33mWARN: The obs returned by the `reset()` method is not within the observation space.[0m
  logger.warn(f"{pre} is not within the observation space.")
/home/xi/anaconda3/envs/franky-sami/lib/python3.10/site-packages/gymnasium/utils/passive_env_checker.py:135: UserWarning: [33mWARN: The obs returned by the `step()` method was expecting numpy array dtype to be float32, actual type: float64[0m
  logger.warn(
/home/xi/anaconda3/envs/franky-sami/lib/python3.10/site-packages/gymnasium/utils/passive_env_checker.py:159: UserWarning: [33mWARN: The obs returned by the `step()` method is not within the observation space.[0m
  logger.warn(f"{pre} is not within the observation space.")
{'model_parameters': {'method': 'SaCCM', 'adversarial_loss_coef': 0.1, 'batch_size': 256, 'contrast_batch_size': 256, 'contrast_buffer_type': 'fine_grained', 'contrast_training_interval': 1, 'time_step': 5000000, 'causal_dim': 6, 'causal_hidden_dim': 128, 'buffer_size': 1000, 'use_weighted_info_nce': False, 'use_reward_norm': False, 'learning_rate': 0.001, 'train_freq': 128, 'gradient_steps': 16, 'encoder_tau': 0.05, 'neg_radio': 0.5, 'env_name': 'PandaPush-v3', 'env_hook': 'PandaHook', 'train_envs': '[(0, 30), (1, 1), (1, 30), (1, 5)]', 'test_envs': '[(0, 30), (1, 1), (1, 30), (1, 5)]', 'use_continue_train': False, 'save_video': False, 'seed': 100, 'config_path': '', 'test_eps_num_per_env': 50, 'use_wandb': False, 'wandb_project_name': 'franky-sami', 'wandb_team_name': 'skill-aware-rl'}, 'save_path': '/home/xi/yxh_space/SaMI/SaMI/output', 'sub_save_path': '/home/xi/yxh_space/SaMI/SaMI/output/2025-05-26-14:26:06-813601', 'save_model_path': '/home/xi/yxh_space/SaMI/SaMI/output/2025-05-26-14:26:06-813601/model.zip', 'log_path': '/home/xi/yxh_space/SaMI/SaMI/output/2025-05-26-14:26:06-813601/log.txt', 'code_path': '/home/xi/yxh_space/SaMI/SaMI/output/2025-05-26-14:26:06-813601/code.zip', 'config_path': '/home/xi/yxh_space/SaMI/SaMI/output/2025-05-26-14:26:06-813601/config.yaml', 'test_path': '/home/xi/yxh_space/SaMI/SaMI/output/2025-05-26-14:26:06-813601/test_result.yaml', 'test_tsne_path': '/home/xi/yxh_space/SaMI/SaMI/output/2025-05-26-14:26:06-813601/tsne.jpg', 'test_table_path': '/home/xi/yxh_space/SaMI/SaMI/output/2025-05-26-14:26:06-813601/tables', 'test_image_path': '/home/xi/yxh_space/SaMI/SaMI/output/2025-05-26-14:26:06-813601/images', 'test_video_path': '/home/xi/yxh_space/SaMI/SaMI/output/2025-05-26-14:26:06-813601/videos'}
argv[0]=--background_color_red=0.8745098114013672
argv[1]=--background_color_green=0.21176470816135406
argv[2]=--background_color_blue=0.1764705926179886
argv[0]=--background_color_red=0.8745098114013672
argv[1]=--background_color_green=0.21176470816135406
argv[2]=--background_color_blue=0.1764705926179886
argv[0]=--background_color_red=0.8745098114013672
argv[1]=--background_color_green=0.21176470816135406
argv[2]=--background_color_blue=0.1764705926179886
argv[0]=--background_color_red=0.8745098114013672
argv[1]=--background_color_green=0.21176470816135406
argv[2]=--background_color_blue=0.1764705926179886
Traceback (most recent call last):
  File "/home/xi/yxh_space/SaMI/SaMI/configs/../main.py", line 77, in <module>
    raise e
  File "/home/xi/yxh_space/SaMI/SaMI/configs/../main.py", line 57, in <module>
    model.learn(total_timesteps=1_00_000,
  File "/home/xi/yxh_space/SaMI/SaMI/algorithm/method_traj_distance/sac.py", line 916, in learn
    return super().learn(
  File "/home/xi/yxh_space/SaMI/SaMI/algorithm/method_traj_distance/off_policy_algorithm.py", line 618, in learn
    rollout = self.collect_rollouts(
  File "/home/xi/yxh_space/SaMI/SaMI/algorithm/method_traj_distance/off_policy_algorithm.py", line 570, in collect_rollouts
    self._store_transition(replay_buffer, buffer_actions, new_obs, rewards, dones, infos)  # type: ignore[arg-type]
  File "/home/xi/yxh_space/SaMI/SaMI/algorithm/method_traj_distance/off_policy_algorithm.py", line 474, in _store_transition
    causal, hidden_h, hidden_c = self.policy.rnn_encoder_predict(_next_obs)
  File "/home/xi/yxh_space/SaMI/SaMI/algorithm/method_traj_distance/policy.py", line 397, in rnn_encoder_predict
    self.encoder.forward_one_step(encoder_observation, h=encoder_hidden_h, c=encoder_hidden_c)
  File "/home/xi/anaconda3/envs/franky-sami/lib/python3.10/site-packages/torch/utils/_contextlib.py", line 116, in decorate_context
    return func(*args, **kwargs)
  File "/home/xi/yxh_space/SaMI/SaMI/algorithm/method_traj_distance/policy.py", line 253, in forward_one_step
    dummy_h = th.zeros_like(h)
TypeError: zeros_like(): argument 'input' (position 1) must be Tensor, not dict
/home/xi/anaconda3/envs/franky-sami/lib/python3.10/site-packages/gymnasium/utils/passive_env_checker.py:135: UserWarning: [33mWARN: The obs returned by the `step()` method was expecting numpy array dtype to be float32, actual type: float64[0m
  logger.warn(
/home/xi/anaconda3/envs/franky-sami/lib/python3.10/site-packages/gymnasium/utils/passive_env_checker.py:159: UserWarning: [33mWARN: The obs returned by the `step()` method is not within the observation space.[0m
  logger.warn(f"{pre} is not within the observation space.")
{'model_parameters': {'method': 'SaSAC', 'adversarial_loss_coef': 0.1, 'batch_size': 256, 'contrast_batch_size': 256, 'contrast_buffer_type': 'fine_grained', 'contrast_training_interval': 1, 'time_step': 5000000, 'causal_dim': 6, 'causal_hidden_dim': 128, 'buffer_size': 1000, 'use_weighted_info_nce': False, 'use_reward_norm': False, 'learning_rate': 0.001, 'train_freq': 128, 'gradient_steps': 16, 'encoder_tau': 0.05, 'neg_radio': 0.5, 'env_name': 'PandaPush-v3', 'env_hook': 'PandaHook', 'train_envs': '[(0, 30), (1, 1), (1, 30), (1, 5)]', 'test_envs': '[(0, 30), (1, 1), (1, 30), (1, 5)]', 'use_continue_train': False, 'save_video': False, 'seed': 100, 'config_path': '', 'test_eps_num_per_env': 50, 'use_wandb': False, 'wandb_project_name': 'franky-sami', 'wandb_team_name': 'skill-aware-rl'}, 'save_path': '/home/xi/yxh_space/SaMI/SaMI/output', 'sub_save_path': '/home/xi/yxh_space/SaMI/SaMI/output/2025-05-26-14:26:07-126585', 'save_model_path': '/home/xi/yxh_space/SaMI/SaMI/output/2025-05-26-14:26:07-126585/model.zip', 'log_path': '/home/xi/yxh_space/SaMI/SaMI/output/2025-05-26-14:26:07-126585/log.txt', 'code_path': '/home/xi/yxh_space/SaMI/SaMI/output/2025-05-26-14:26:07-126585/code.zip', 'config_path': '/home/xi/yxh_space/SaMI/SaMI/output/2025-05-26-14:26:07-126585/config.yaml', 'test_path': '/home/xi/yxh_space/SaMI/SaMI/output/2025-05-26-14:26:07-126585/test_result.yaml', 'test_tsne_path': '/home/xi/yxh_space/SaMI/SaMI/output/2025-05-26-14:26:07-126585/tsne.jpg', 'test_table_path': '/home/xi/yxh_space/SaMI/SaMI/output/2025-05-26-14:26:07-126585/tables', 'test_image_path': '/home/xi/yxh_space/SaMI/SaMI/output/2025-05-26-14:26:07-126585/images', 'test_video_path': '/home/xi/yxh_space/SaMI/SaMI/output/2025-05-26-14:26:07-126585/videos'}
argv[0]=--background_color_red=0.8745098114013672
argv[1]=--background_color_green=0.21176470816135406
argv[2]=--background_color_blue=0.1764705926179886
argv[0]=--background_color_red=0.8745098114013672
argv[1]=--background_color_green=0.21176470816135406
argv[2]=--background_color_blue=0.1764705926179886
argv[0]=--background_color_red=0.8745098114013672
argv[1]=--background_color_green=0.21176470816135406
argv[2]=--background_color_blue=0.1764705926179886
argv[0]=--background_color_red=0.8745098114013672
argv[1]=--background_color_green=0.21176470816135406
argv[2]=--background_color_blue=0.1764705926179886
Traceback (most recent call last):
  File "/home/xi/yxh_space/SaMI/SaMI/configs/../main.py", line 77, in <module>
    raise e
  File "/home/xi/yxh_space/SaMI/SaMI/configs/../main.py", line 57, in <module>
    model.learn(total_timesteps=1_00_000,
  File "/home/xi/yxh_space/SaMI/SaMI/algorithm/method_traj_distance/sac.py", line 916, in learn
    return super().learn(
  File "/home/xi/yxh_space/SaMI/SaMI/algorithm/method_traj_distance/off_policy_algorithm.py", line 618, in learn
    rollout = self.collect_rollouts(
  File "/home/xi/yxh_space/SaMI/SaMI/algorithm/method_traj_distance/off_policy_algorithm.py", line 570, in collect_rollouts
    self._store_transition(replay_buffer, buffer_actions, new_obs, rewards, dones, infos)  # type: ignore[arg-type]
  File "/home/xi/yxh_space/SaMI/SaMI/algorithm/method_traj_distance/off_policy_algorithm.py", line 474, in _store_transition
    causal, hidden_h, hidden_c = self.policy.rnn_encoder_predict(_next_obs)
  File "/home/xi/yxh_space/SaMI/SaMI/algorithm/method_traj_distance/policy.py", line 397, in rnn_encoder_predict
    self.encoder.forward_one_step(encoder_observation, h=encoder_hidden_h, c=encoder_hidden_c)
  File "/home/xi/anaconda3/envs/franky-sami/lib/python3.10/site-packages/torch/utils/_contextlib.py", line 116, in decorate_context
    return func(*args, **kwargs)
  File "/home/xi/yxh_space/SaMI/SaMI/algorithm/method_traj_distance/policy.py", line 253, in forward_one_step
    dummy_h = th.zeros_like(h)
TypeError: zeros_like(): argument 'input' (position 1) must be Tensor, not dict
Exception ignored in: <function tqdm.__del__ at 0x7fc3d1a7f130>
Traceback (most recent call last):
  File "/home/xi/anaconda3/envs/franky-sami/lib/python3.10/site-packages/tqdm/std.py", line 1148, in __del__
  File "/home/xi/anaconda3/envs/franky-sami/lib/python3.10/site-packages/tqdm/rich.py", line 121, in close
  File "/home/xi/anaconda3/envs/franky-sami/lib/python3.10/site-packages/rich/progress.py", line 1191, in __exit__
  File "/home/xi/anaconda3/envs/franky-sami/lib/python3.10/site-packages/rich/progress.py", line 1177, in stop
  File "/home/xi/anaconda3/envs/franky-sami/lib/python3.10/site-packages/rich/live.py", line 150, in stop
  File "/home/xi/anaconda3/envs/franky-sami/lib/python3.10/site-packages/rich/live.py", line 247, in refresh
  File "/home/xi/anaconda3/envs/franky-sami/lib/python3.10/site-packages/rich/console.py", line 1693, in print
  File "/home/xi/anaconda3/envs/franky-sami/lib/python3.10/site-packages/rich/console.py", line 1550, in _collect_renderables
  File "/home/xi/anaconda3/envs/franky-sami/lib/python3.10/site-packages/rich/protocol.py", line 28, in rich_cast
ImportError: sys.meta_path is None, Python is likely shutting down
pybullet build time: Jan 29 2025 23:16:28
pybullet build time: Jan 29 2025 23:16:28
/home/xi/anaconda3/envs/franky-sami/lib/python3.10/site-packages/gymnasium/envs/registration.py:694: UserWarning: [33mWARN: Overriding environment PandaPush-v3 already in registry.[0m
  logger.warn(f"Overriding environment {new_spec.id} already in registry.")
/home/xi/anaconda3/envs/franky-sami/lib/python3.10/site-packages/gymnasium/envs/registration.py:694: UserWarning: [33mWARN: Overriding environment PandaPickAndPlace-v3 already in registry.[0m
  logger.warn(f"Overriding environment {new_spec.id} already in registry.")
/home/xi/anaconda3/envs/franky-sami/lib/python3.10/site-packages/gymnasium/envs/registration.py:694: UserWarning: [33mWARN: Overriding environment PandaPush-v3 already in registry.[0m
  logger.warn(f"Overriding environment {new_spec.id} already in registry.")
/home/xi/anaconda3/envs/franky-sami/lib/python3.10/site-packages/gymnasium/envs/registration.py:694: UserWarning: [33mWARN: Overriding environment PandaPickAndPlace-v3 already in registry.[0m
  logger.warn(f"Overriding environment {new_spec.id} already in registry.")
pybullet build time: Jan 29 2025 23:16:28
pybullet build time: Jan 29 2025 23:16:28
/home/xi/anaconda3/envs/franky-sami/lib/python3.10/site-packages/gymnasium/envs/registration.py:694: UserWarning: [33mWARN: Overriding environment PandaPush-v3 already in registry.[0m
  logger.warn(f"Overriding environment {new_spec.id} already in registry.")
/home/xi/anaconda3/envs/franky-sami/lib/python3.10/site-packages/gymnasium/envs/registration.py:694: UserWarning: [33mWARN: Overriding environment PandaPickAndPlace-v3 already in registry.[0m
  logger.warn(f"Overriding environment {new_spec.id} already in registry.")
/home/xi/anaconda3/envs/franky-sami/lib/python3.10/site-packages/gymnasium/core.py:311: UserWarning: [33mWARN: env.task to get variables from other wrappers is deprecated and will be removed in v1.0, to get this variable you can do `env.unwrapped.task` for environment variables or `env.get_wrapper_attr('task')` that will search the reminding wrappers.[0m
  logger.warn(
/home/xi/anaconda3/envs/franky-sami/lib/python3.10/site-packages/gymnasium/core.py:311: UserWarning: [33mWARN: env.set_obs_friction_mass to get variables from other wrappers is deprecated and will be removed in v1.0, to get this variable you can do `env.unwrapped.set_obs_friction_mass` for environment variables or `env.get_wrapper_attr('set_obs_friction_mass')` that will search the reminding wrappers.[0m
  logger.warn(
/home/xi/anaconda3/envs/franky-sami/lib/python3.10/site-packages/gymnasium/utils/passive_env_checker.py:135: UserWarning: [33mWARN: The obs returned by the `reset()` method was expecting numpy array dtype to be float32, actual type: float64[0m
  logger.warn(
/home/xi/anaconda3/envs/franky-sami/lib/python3.10/site-packages/gymnasium/utils/passive_env_checker.py:159: UserWarning: [33mWARN: The obs returned by the `reset()` method is not within the observation space.[0m
  logger.warn(f"{pre} is not within the observation space.")
/home/xi/anaconda3/envs/franky-sami/lib/python3.10/site-packages/gymnasium/core.py:311: UserWarning: [33mWARN: env.task to get variables from other wrappers is deprecated and will be removed in v1.0, to get this variable you can do `env.unwrapped.task` for environment variables or `env.get_wrapper_attr('task')` that will search the reminding wrappers.[0m
  logger.warn(
/home/xi/anaconda3/envs/franky-sami/lib/python3.10/site-packages/gymnasium/core.py:311: UserWarning: [33mWARN: env.set_obs_friction_mass to get variables from other wrappers is deprecated and will be removed in v1.0, to get this variable you can do `env.unwrapped.set_obs_friction_mass` for environment variables or `env.get_wrapper_attr('set_obs_friction_mass')` that will search the reminding wrappers.[0m
  logger.warn(
/home/xi/anaconda3/envs/franky-sami/lib/python3.10/site-packages/gymnasium/utils/passive_env_checker.py:135: UserWarning: [33mWARN: The obs returned by the `reset()` method was expecting numpy array dtype to be float32, actual type: float64[0m
  logger.warn(
/home/xi/anaconda3/envs/franky-sami/lib/python3.10/site-packages/gymnasium/utils/passive_env_checker.py:159: UserWarning: [33mWARN: The obs returned by the `reset()` method is not within the observation space.[0m
  logger.warn(f"{pre} is not within the observation space.")
/home/xi/anaconda3/envs/franky-sami/lib/python3.10/site-packages/gymnasium/envs/registration.py:694: UserWarning: [33mWARN: Overriding environment PandaPush-v3 already in registry.[0m
  logger.warn(f"Overriding environment {new_spec.id} already in registry.")
/home/xi/anaconda3/envs/franky-sami/lib/python3.10/site-packages/gymnasium/envs/registration.py:694: UserWarning: [33mWARN: Overriding environment PandaPickAndPlace-v3 already in registry.[0m
  logger.warn(f"Overriding environment {new_spec.id} already in registry.")
/home/xi/anaconda3/envs/franky-sami/lib/python3.10/site-packages/gymnasium/core.py:311: UserWarning: [33mWARN: env.task to get variables from other wrappers is deprecated and will be removed in v1.0, to get this variable you can do `env.unwrapped.task` for environment variables or `env.get_wrapper_attr('task')` that will search the reminding wrappers.[0m
  logger.warn(
/home/xi/anaconda3/envs/franky-sami/lib/python3.10/site-packages/gymnasium/core.py:311: UserWarning: [33mWARN: env.set_obs_friction_mass to get variables from other wrappers is deprecated and will be removed in v1.0, to get this variable you can do `env.unwrapped.set_obs_friction_mass` for environment variables or `env.get_wrapper_attr('set_obs_friction_mass')` that will search the reminding wrappers.[0m
  logger.warn(
/home/xi/anaconda3/envs/franky-sami/lib/python3.10/site-packages/gymnasium/utils/passive_env_checker.py:135: UserWarning: [33mWARN: The obs returned by the `reset()` method was expecting numpy array dtype to be float32, actual type: float64[0m
  logger.warn(
/home/xi/anaconda3/envs/franky-sami/lib/python3.10/site-packages/gymnasium/utils/passive_env_checker.py:159: UserWarning: [33mWARN: The obs returned by the `reset()` method is not within the observation space.[0m
  logger.warn(f"{pre} is not within the observation space.")
/home/xi/anaconda3/envs/franky-sami/lib/python3.10/site-packages/gymnasium/core.py:311: UserWarning: [33mWARN: env.task to get variables from other wrappers is deprecated and will be removed in v1.0, to get this variable you can do `env.unwrapped.task` for environment variables or `env.get_wrapper_attr('task')` that will search the reminding wrappers.[0m
  logger.warn(
/home/xi/anaconda3/envs/franky-sami/lib/python3.10/site-packages/gymnasium/core.py:311: UserWarning: [33mWARN: env.set_obs_friction_mass to get variables from other wrappers is deprecated and will be removed in v1.0, to get this variable you can do `env.unwrapped.set_obs_friction_mass` for environment variables or `env.get_wrapper_attr('set_obs_friction_mass')` that will search the reminding wrappers.[0m
  logger.warn(
/home/xi/anaconda3/envs/franky-sami/lib/python3.10/site-packages/gymnasium/utils/passive_env_checker.py:135: UserWarning: [33mWARN: The obs returned by the `reset()` method was expecting numpy array dtype to be float32, actual type: float64[0m
  logger.warn(
/home/xi/anaconda3/envs/franky-sami/lib/python3.10/site-packages/gymnasium/utils/passive_env_checker.py:159: UserWarning: [33mWARN: The obs returned by the `reset()` method is not within the observation space.[0m
  logger.warn(f"{pre} is not within the observation space.")
/home/xi/anaconda3/envs/franky-sami/lib/python3.10/site-packages/gymnasium/utils/passive_env_checker.py:135: UserWarning: [33mWARN: The obs returned by the `step()` method was expecting numpy array dtype to be float32, actual type: float64[0m
  logger.warn(
/home/xi/anaconda3/envs/franky-sami/lib/python3.10/site-packages/gymnasium/utils/passive_env_checker.py:159: UserWarning: [33mWARN: The obs returned by the `step()` method is not within the observation space.[0m
  logger.warn(f"{pre} is not within the observation space.")
/home/xi/anaconda3/envs/franky-sami/lib/python3.10/site-packages/gymnasium/utils/passive_env_checker.py:135: UserWarning: [33mWARN: The obs returned by the `step()` method was expecting numpy array dtype to be float32, actual type: float64[0m
  logger.warn(
/home/xi/anaconda3/envs/franky-sami/lib/python3.10/site-packages/gymnasium/utils/passive_env_checker.py:159: UserWarning: [33mWARN: The obs returned by the `step()` method is not within the observation space.[0m
  logger.warn(f"{pre} is not within the observation space.")
/home/xi/anaconda3/envs/franky-sami/lib/python3.10/site-packages/gymnasium/utils/passive_env_checker.py:135: UserWarning: [33mWARN: The obs returned by the `step()` method was expecting numpy array dtype to be float32, actual type: float64[0m
  logger.warn(
/home/xi/anaconda3/envs/franky-sami/lib/python3.10/site-packages/gymnasium/utils/passive_env_checker.py:159: UserWarning: [33mWARN: The obs returned by the `step()` method is not within the observation space.[0m
  logger.warn(f"{pre} is not within the observation space.")
/home/xi/anaconda3/envs/franky-sami/lib/python3.10/site-packages/gymnasium/utils/passive_env_checker.py:135: UserWarning: [33mWARN: The obs returned by the `step()` method was expecting numpy array dtype to be float32, actual type: float64[0m
  logger.warn(
/home/xi/anaconda3/envs/franky-sami/lib/python3.10/site-packages/gymnasium/utils/passive_env_checker.py:159: UserWarning: [33mWARN: The obs returned by the `step()` method is not within the observation space.[0m
  logger.warn(f"{pre} is not within the observation space.")
pybullet build time: Jan 29 2025 23:16:28
/home/xi/anaconda3/envs/franky-sami/lib/python3.10/site-packages/gymnasium/envs/registration.py:694: UserWarning: [33mWARN: Overriding environment PandaPush-v3 already in registry.[0m
  logger.warn(f"Overriding environment {new_spec.id} already in registry.")
/home/xi/anaconda3/envs/franky-sami/lib/python3.10/site-packages/gymnasium/envs/registration.py:694: UserWarning: [33mWARN: Overriding environment PandaPickAndPlace-v3 already in registry.[0m
  logger.warn(f"Overriding environment {new_spec.id} already in registry.")
/home/xi/anaconda3/envs/franky-sami/lib/python3.10/site-packages/gymnasium/core.py:311: UserWarning: [33mWARN: env.task to get variables from other wrappers is deprecated and will be removed in v1.0, to get this variable you can do `env.unwrapped.task` for environment variables or `env.get_wrapper_attr('task')` that will search the reminding wrappers.[0m
  logger.warn(
/home/xi/anaconda3/envs/franky-sami/lib/python3.10/site-packages/gymnasium/core.py:311: UserWarning: [33mWARN: env.set_obs_friction_mass to get variables from other wrappers is deprecated and will be removed in v1.0, to get this variable you can do `env.unwrapped.set_obs_friction_mass` for environment variables or `env.get_wrapper_attr('set_obs_friction_mass')` that will search the reminding wrappers.[0m
  logger.warn(
/home/xi/anaconda3/envs/franky-sami/lib/python3.10/site-packages/gymnasium/utils/passive_env_checker.py:135: UserWarning: [33mWARN: The obs returned by the `reset()` method was expecting numpy array dtype to be float32, actual type: float64[0m
  logger.warn(
/home/xi/anaconda3/envs/franky-sami/lib/python3.10/site-packages/gymnasium/utils/passive_env_checker.py:159: UserWarning: [33mWARN: The obs returned by the `reset()` method is not within the observation space.[0m
  logger.warn(f"{pre} is not within the observation space.")
/home/xi/anaconda3/envs/franky-sami/lib/python3.10/site-packages/gymnasium/utils/passive_env_checker.py:135: UserWarning: [33mWARN: The obs returned by the `step()` method was expecting numpy array dtype to be float32, actual type: float64[0m
  logger.warn(
/home/xi/anaconda3/envs/franky-sami/lib/python3.10/site-packages/gymnasium/utils/passive_env_checker.py:159: UserWarning: [33mWARN: The obs returned by the `step()` method is not within the observation space.[0m
  logger.warn(f"{pre} is not within the observation space.")
pybullet build time: Jan 29 2025 23:16:28
/home/xi/anaconda3/envs/franky-sami/lib/python3.10/site-packages/gymnasium/envs/registration.py:694: UserWarning: [33mWARN: Overriding environment PandaPush-v3 already in registry.[0m
  logger.warn(f"Overriding environment {new_spec.id} already in registry.")
/home/xi/anaconda3/envs/franky-sami/lib/python3.10/site-packages/gymnasium/envs/registration.py:694: UserWarning: [33mWARN: Overriding environment PandaPickAndPlace-v3 already in registry.[0m
  logger.warn(f"Overriding environment {new_spec.id} already in registry.")
pybullet build time: Jan 29 2025 23:16:28
/home/xi/anaconda3/envs/franky-sami/lib/python3.10/site-packages/gymnasium/envs/registration.py:694: UserWarning: [33mWARN: Overriding environment PandaPush-v3 already in registry.[0m
  logger.warn(f"Overriding environment {new_spec.id} already in registry.")
/home/xi/anaconda3/envs/franky-sami/lib/python3.10/site-packages/gymnasium/envs/registration.py:694: UserWarning: [33mWARN: Overriding environment PandaPickAndPlace-v3 already in registry.[0m
  logger.warn(f"Overriding environment {new_spec.id} already in registry.")
/home/xi/anaconda3/envs/franky-sami/lib/python3.10/site-packages/gymnasium/core.py:311: UserWarning: [33mWARN: env.task to get variables from other wrappers is deprecated and will be removed in v1.0, to get this variable you can do `env.unwrapped.task` for environment variables or `env.get_wrapper_attr('task')` that will search the reminding wrappers.[0m
  logger.warn(
/home/xi/anaconda3/envs/franky-sami/lib/python3.10/site-packages/gymnasium/core.py:311: UserWarning: [33mWARN: env.set_obs_friction_mass to get variables from other wrappers is deprecated and will be removed in v1.0, to get this variable you can do `env.unwrapped.set_obs_friction_mass` for environment variables or `env.get_wrapper_attr('set_obs_friction_mass')` that will search the reminding wrappers.[0m
  logger.warn(
/home/xi/anaconda3/envs/franky-sami/lib/python3.10/site-packages/gymnasium/utils/passive_env_checker.py:135: UserWarning: [33mWARN: The obs returned by the `reset()` method was expecting numpy array dtype to be float32, actual type: float64[0m
  logger.warn(
/home/xi/anaconda3/envs/franky-sami/lib/python3.10/site-packages/gymnasium/utils/passive_env_checker.py:159: UserWarning: [33mWARN: The obs returned by the `reset()` method is not within the observation space.[0m
  logger.warn(f"{pre} is not within the observation space.")
/home/xi/anaconda3/envs/franky-sami/lib/python3.10/site-packages/gymnasium/core.py:311: UserWarning: [33mWARN: env.task to get variables from other wrappers is deprecated and will be removed in v1.0, to get this variable you can do `env.unwrapped.task` for environment variables or `env.get_wrapper_attr('task')` that will search the reminding wrappers.[0m
  logger.warn(
/home/xi/anaconda3/envs/franky-sami/lib/python3.10/site-packages/gymnasium/core.py:311: UserWarning: [33mWARN: env.set_obs_friction_mass to get variables from other wrappers is deprecated and will be removed in v1.0, to get this variable you can do `env.unwrapped.set_obs_friction_mass` for environment variables or `env.get_wrapper_attr('set_obs_friction_mass')` that will search the reminding wrappers.[0m
  logger.warn(
/home/xi/anaconda3/envs/franky-sami/lib/python3.10/site-packages/gymnasium/utils/passive_env_checker.py:135: UserWarning: [33mWARN: The obs returned by the `reset()` method was expecting numpy array dtype to be float32, actual type: float64[0m
  logger.warn(
/home/xi/anaconda3/envs/franky-sami/lib/python3.10/site-packages/gymnasium/utils/passive_env_checker.py:159: UserWarning: [33mWARN: The obs returned by the `reset()` method is not within the observation space.[0m
  logger.warn(f"{pre} is not within the observation space.")
/home/xi/anaconda3/envs/franky-sami/lib/python3.10/site-packages/gymnasium/utils/passive_env_checker.py:135: UserWarning: [33mWARN: The obs returned by the `step()` method was expecting numpy array dtype to be float32, actual type: float64[0m
  logger.warn(
/home/xi/anaconda3/envs/franky-sami/lib/python3.10/site-packages/gymnasium/utils/passive_env_checker.py:159: UserWarning: [33mWARN: The obs returned by the `step()` method is not within the observation space.[0m
  logger.warn(f"{pre} is not within the observation space.")
/home/xi/anaconda3/envs/franky-sami/lib/python3.10/site-packages/gymnasium/utils/passive_env_checker.py:135: UserWarning: [33mWARN: The obs returned by the `step()` method was expecting numpy array dtype to be float32, actual type: float64[0m
  logger.warn(
/home/xi/anaconda3/envs/franky-sami/lib/python3.10/site-packages/gymnasium/utils/passive_env_checker.py:159: UserWarning: [33mWARN: The obs returned by the `step()` method is not within the observation space.[0m
  logger.warn(f"{pre} is not within the observation space.")
pybullet build time: Jan 29 2025 23:16:28
/home/xi/anaconda3/envs/franky-sami/lib/python3.10/site-packages/gymnasium/envs/registration.py:694: UserWarning: [33mWARN: Overriding environment PandaPush-v3 already in registry.[0m
  logger.warn(f"Overriding environment {new_spec.id} already in registry.")
/home/xi/anaconda3/envs/franky-sami/lib/python3.10/site-packages/gymnasium/envs/registration.py:694: UserWarning: [33mWARN: Overriding environment PandaPickAndPlace-v3 already in registry.[0m
  logger.warn(f"Overriding environment {new_spec.id} already in registry.")
pybullet build time: Jan 29 2025 23:16:28
/home/xi/anaconda3/envs/franky-sami/lib/python3.10/site-packages/gymnasium/envs/registration.py:694: UserWarning: [33mWARN: Overriding environment PandaPush-v3 already in registry.[0m
  logger.warn(f"Overriding environment {new_spec.id} already in registry.")
/home/xi/anaconda3/envs/franky-sami/lib/python3.10/site-packages/gymnasium/envs/registration.py:694: UserWarning: [33mWARN: Overriding environment PandaPickAndPlace-v3 already in registry.[0m
  logger.warn(f"Overriding environment {new_spec.id} already in registry.")
/home/xi/anaconda3/envs/franky-sami/lib/python3.10/site-packages/gymnasium/core.py:311: UserWarning: [33mWARN: env.task to get variables from other wrappers is deprecated and will be removed in v1.0, to get this variable you can do `env.unwrapped.task` for environment variables or `env.get_wrapper_attr('task')` that will search the reminding wrappers.[0m
  logger.warn(
/home/xi/anaconda3/envs/franky-sami/lib/python3.10/site-packages/gymnasium/core.py:311: UserWarning: [33mWARN: env.set_obs_friction_mass to get variables from other wrappers is deprecated and will be removed in v1.0, to get this variable you can do `env.unwrapped.set_obs_friction_mass` for environment variables or `env.get_wrapper_attr('set_obs_friction_mass')` that will search the reminding wrappers.[0m
  logger.warn(
/home/xi/anaconda3/envs/franky-sami/lib/python3.10/site-packages/gymnasium/utils/passive_env_checker.py:135: UserWarning: [33mWARN: The obs returned by the `reset()` method was expecting numpy array dtype to be float32, actual type: float64[0m
  logger.warn(
/home/xi/anaconda3/envs/franky-sami/lib/python3.10/site-packages/gymnasium/utils/passive_env_checker.py:159: UserWarning: [33mWARN: The obs returned by the `reset()` method is not within the observation space.[0m
  logger.warn(f"{pre} is not within the observation space.")
/home/xi/anaconda3/envs/franky-sami/lib/python3.10/site-packages/gymnasium/utils/passive_env_checker.py:135: UserWarning: [33mWARN: The obs returned by the `step()` method was expecting numpy array dtype to be float32, actual type: float64[0m
  logger.warn(
/home/xi/anaconda3/envs/franky-sami/lib/python3.10/site-packages/gymnasium/utils/passive_env_checker.py:159: UserWarning: [33mWARN: The obs returned by the `step()` method is not within the observation space.[0m
  logger.warn(f"{pre} is not within the observation space.")
/home/xi/anaconda3/envs/franky-sami/lib/python3.10/site-packages/gymnasium/core.py:311: UserWarning: [33mWARN: env.task to get variables from other wrappers is deprecated and will be removed in v1.0, to get this variable you can do `env.unwrapped.task` for environment variables or `env.get_wrapper_attr('task')` that will search the reminding wrappers.[0m
  logger.warn(
/home/xi/anaconda3/envs/franky-sami/lib/python3.10/site-packages/gymnasium/core.py:311: UserWarning: [33mWARN: env.set_obs_friction_mass to get variables from other wrappers is deprecated and will be removed in v1.0, to get this variable you can do `env.unwrapped.set_obs_friction_mass` for environment variables or `env.get_wrapper_attr('set_obs_friction_mass')` that will search the reminding wrappers.[0m
  logger.warn(
/home/xi/anaconda3/envs/franky-sami/lib/python3.10/site-packages/gymnasium/utils/passive_env_checker.py:135: UserWarning: [33mWARN: The obs returned by the `reset()` method was expecting numpy array dtype to be float32, actual type: float64[0m
  logger.warn(
/home/xi/anaconda3/envs/franky-sami/lib/python3.10/site-packages/gymnasium/utils/passive_env_checker.py:159: UserWarning: [33mWARN: The obs returned by the `reset()` method is not within the observation space.[0m
  logger.warn(f"{pre} is not within the observation space.")
/home/xi/anaconda3/envs/franky-sami/lib/python3.10/site-packages/gymnasium/utils/passive_env_checker.py:135: UserWarning: [33mWARN: The obs returned by the `step()` method was expecting numpy array dtype to be float32, actual type: float64[0m
  logger.warn(
/home/xi/anaconda3/envs/franky-sami/lib/python3.10/site-packages/gymnasium/utils/passive_env_checker.py:159: UserWarning: [33mWARN: The obs returned by the `step()` method is not within the observation space.[0m
  logger.warn(f"{pre} is not within the observation space.")
pybullet build time: Jan 29 2025 23:16:28
/home/xi/anaconda3/envs/franky-sami/lib/python3.10/site-packages/gymnasium/envs/registration.py:694: UserWarning: [33mWARN: Overriding environment PandaPush-v3 already in registry.[0m
  logger.warn(f"Overriding environment {new_spec.id} already in registry.")
/home/xi/anaconda3/envs/franky-sami/lib/python3.10/site-packages/gymnasium/envs/registration.py:694: UserWarning: [33mWARN: Overriding environment PandaPickAndPlace-v3 already in registry.[0m
  logger.warn(f"Overriding environment {new_spec.id} already in registry.")
pybullet build time: Jan 29 2025 23:16:28
/home/xi/anaconda3/envs/franky-sami/lib/python3.10/site-packages/gymnasium/envs/registration.py:694: UserWarning: [33mWARN: Overriding environment PandaPush-v3 already in registry.[0m
  logger.warn(f"Overriding environment {new_spec.id} already in registry.")
/home/xi/anaconda3/envs/franky-sami/lib/python3.10/site-packages/gymnasium/envs/registration.py:694: UserWarning: [33mWARN: Overriding environment PandaPickAndPlace-v3 already in registry.[0m
  logger.warn(f"Overriding environment {new_spec.id} already in registry.")
/home/xi/anaconda3/envs/franky-sami/lib/python3.10/site-packages/gymnasium/core.py:311: UserWarning: [33mWARN: env.task to get variables from other wrappers is deprecated and will be removed in v1.0, to get this variable you can do `env.unwrapped.task` for environment variables or `env.get_wrapper_attr('task')` that will search the reminding wrappers.[0m
  logger.warn(
/home/xi/anaconda3/envs/franky-sami/lib/python3.10/site-packages/gymnasium/core.py:311: UserWarning: [33mWARN: env.set_obs_friction_mass to get variables from other wrappers is deprecated and will be removed in v1.0, to get this variable you can do `env.unwrapped.set_obs_friction_mass` for environment variables or `env.get_wrapper_attr('set_obs_friction_mass')` that will search the reminding wrappers.[0m
  logger.warn(
/home/xi/anaconda3/envs/franky-sami/lib/python3.10/site-packages/gymnasium/utils/passive_env_checker.py:135: UserWarning: [33mWARN: The obs returned by the `reset()` method was expecting numpy array dtype to be float32, actual type: float64[0m
  logger.warn(
/home/xi/anaconda3/envs/franky-sami/lib/python3.10/site-packages/gymnasium/utils/passive_env_checker.py:159: UserWarning: [33mWARN: The obs returned by the `reset()` method is not within the observation space.[0m
  logger.warn(f"{pre} is not within the observation space.")
/home/xi/anaconda3/envs/franky-sami/lib/python3.10/site-packages/gymnasium/core.py:311: UserWarning: [33mWARN: env.task to get variables from other wrappers is deprecated and will be removed in v1.0, to get this variable you can do `env.unwrapped.task` for environment variables or `env.get_wrapper_attr('task')` that will search the reminding wrappers.[0m
  logger.warn(
/home/xi/anaconda3/envs/franky-sami/lib/python3.10/site-packages/gymnasium/core.py:311: UserWarning: [33mWARN: env.set_obs_friction_mass to get variables from other wrappers is deprecated and will be removed in v1.0, to get this variable you can do `env.unwrapped.set_obs_friction_mass` for environment variables or `env.get_wrapper_attr('set_obs_friction_mass')` that will search the reminding wrappers.[0m
  logger.warn(
/home/xi/anaconda3/envs/franky-sami/lib/python3.10/site-packages/gymnasium/utils/passive_env_checker.py:135: UserWarning: [33mWARN: The obs returned by the `reset()` method was expecting numpy array dtype to be float32, actual type: float64[0m
  logger.warn(
/home/xi/anaconda3/envs/franky-sami/lib/python3.10/site-packages/gymnasium/utils/passive_env_checker.py:159: UserWarning: [33mWARN: The obs returned by the `reset()` method is not within the observation space.[0m
  logger.warn(f"{pre} is not within the observation space.")
/home/xi/anaconda3/envs/franky-sami/lib/python3.10/site-packages/gymnasium/utils/passive_env_checker.py:135: UserWarning: [33mWARN: The obs returned by the `step()` method was expecting numpy array dtype to be float32, actual type: float64[0m
  logger.warn(
/home/xi/anaconda3/envs/franky-sami/lib/python3.10/site-packages/gymnasium/utils/passive_env_checker.py:159: UserWarning: [33mWARN: The obs returned by the `step()` method is not within the observation space.[0m
  logger.warn(f"{pre} is not within the observation space.")
/home/xi/anaconda3/envs/franky-sami/lib/python3.10/site-packages/gymnasium/utils/passive_env_checker.py:135: UserWarning: [33mWARN: The obs returned by the `step()` method was expecting numpy array dtype to be float32, actual type: float64[0m
  logger.warn(
/home/xi/anaconda3/envs/franky-sami/lib/python3.10/site-packages/gymnasium/utils/passive_env_checker.py:159: UserWarning: [33mWARN: The obs returned by the `step()` method is not within the observation space.[0m
  logger.warn(f"{pre} is not within the observation space.")
pybullet build time: Jan 29 2025 23:16:28
/home/xi/anaconda3/envs/franky-sami/lib/python3.10/site-packages/gymnasium/envs/registration.py:694: UserWarning: [33mWARN: Overriding environment PandaPush-v3 already in registry.[0m
  logger.warn(f"Overriding environment {new_spec.id} already in registry.")
/home/xi/anaconda3/envs/franky-sami/lib/python3.10/site-packages/gymnasium/envs/registration.py:694: UserWarning: [33mWARN: Overriding environment PandaPickAndPlace-v3 already in registry.[0m
  logger.warn(f"Overriding environment {new_spec.id} already in registry.")
pybullet build time: Jan 29 2025 23:16:28
pybullet build time: Jan 29 2025 23:16:28
pybullet build time: Jan 29 2025 23:16:28
/home/xi/anaconda3/envs/franky-sami/lib/python3.10/site-packages/gymnasium/envs/registration.py:694: UserWarning: [33mWARN: Overriding environment PandaPush-v3 already in registry.[0m
  logger.warn(f"Overriding environment {new_spec.id} already in registry.")
/home/xi/anaconda3/envs/franky-sami/lib/python3.10/site-packages/gymnasium/envs/registration.py:694: UserWarning: [33mWARN: Overriding environment PandaPickAndPlace-v3 already in registry.[0m
  logger.warn(f"Overriding environment {new_spec.id} already in registry.")
/home/xi/anaconda3/envs/franky-sami/lib/python3.10/site-packages/gymnasium/envs/registration.py:694: UserWarning: [33mWARN: Overriding environment PandaPush-v3 already in registry.[0m
  logger.warn(f"Overriding environment {new_spec.id} already in registry.")
/home/xi/anaconda3/envs/franky-sami/lib/python3.10/site-packages/gymnasium/envs/registration.py:694: UserWarning: [33mWARN: Overriding environment PandaPickAndPlace-v3 already in registry.[0m
  logger.warn(f"Overriding environment {new_spec.id} already in registry.")
/home/xi/anaconda3/envs/franky-sami/lib/python3.10/site-packages/gymnasium/envs/registration.py:694: UserWarning: [33mWARN: Overriding environment PandaPush-v3 already in registry.[0m
  logger.warn(f"Overriding environment {new_spec.id} already in registry.")
/home/xi/anaconda3/envs/franky-sami/lib/python3.10/site-packages/gymnasium/envs/registration.py:694: UserWarning: [33mWARN: Overriding environment PandaPickAndPlace-v3 already in registry.[0m
  logger.warn(f"Overriding environment {new_spec.id} already in registry.")
/home/xi/anaconda3/envs/franky-sami/lib/python3.10/site-packages/gymnasium/core.py:311: UserWarning: [33mWARN: env.task to get variables from other wrappers is deprecated and will be removed in v1.0, to get this variable you can do `env.unwrapped.task` for environment variables or `env.get_wrapper_attr('task')` that will search the reminding wrappers.[0m
  logger.warn(
/home/xi/anaconda3/envs/franky-sami/lib/python3.10/site-packages/gymnasium/core.py:311: UserWarning: [33mWARN: env.set_obs_friction_mass to get variables from other wrappers is deprecated and will be removed in v1.0, to get this variable you can do `env.unwrapped.set_obs_friction_mass` for environment variables or `env.get_wrapper_attr('set_obs_friction_mass')` that will search the reminding wrappers.[0m
  logger.warn(
/home/xi/anaconda3/envs/franky-sami/lib/python3.10/site-packages/gymnasium/utils/passive_env_checker.py:135: UserWarning: [33mWARN: The obs returned by the `reset()` method was expecting numpy array dtype to be float32, actual type: float64[0m
  logger.warn(
/home/xi/anaconda3/envs/franky-sami/lib/python3.10/site-packages/gymnasium/utils/passive_env_checker.py:159: UserWarning: [33mWARN: The obs returned by the `reset()` method is not within the observation space.[0m
  logger.warn(f"{pre} is not within the observation space.")
/home/xi/anaconda3/envs/franky-sami/lib/python3.10/site-packages/gymnasium/core.py:311: UserWarning: [33mWARN: env.task to get variables from other wrappers is deprecated and will be removed in v1.0, to get this variable you can do `env.unwrapped.task` for environment variables or `env.get_wrapper_attr('task')` that will search the reminding wrappers.[0m
  logger.warn(
/home/xi/anaconda3/envs/franky-sami/lib/python3.10/site-packages/gymnasium/core.py:311: UserWarning: [33mWARN: env.set_obs_friction_mass to get variables from other wrappers is deprecated and will be removed in v1.0, to get this variable you can do `env.unwrapped.set_obs_friction_mass` for environment variables or `env.get_wrapper_attr('set_obs_friction_mass')` that will search the reminding wrappers.[0m
  logger.warn(
/home/xi/anaconda3/envs/franky-sami/lib/python3.10/site-packages/gymnasium/utils/passive_env_checker.py:135: UserWarning: [33mWARN: The obs returned by the `reset()` method was expecting numpy array dtype to be float32, actual type: float64[0m
  logger.warn(
/home/xi/anaconda3/envs/franky-sami/lib/python3.10/site-packages/gymnasium/utils/passive_env_checker.py:159: UserWarning: [33mWARN: The obs returned by the `reset()` method is not within the observation space.[0m
  logger.warn(f"{pre} is not within the observation space.")
/home/xi/anaconda3/envs/franky-sami/lib/python3.10/site-packages/gymnasium/core.py:311: UserWarning: [33mWARN: env.task to get variables from other wrappers is deprecated and will be removed in v1.0, to get this variable you can do `env.unwrapped.task` for environment variables or `env.get_wrapper_attr('task')` that will search the reminding wrappers.[0m
  logger.warn(
/home/xi/anaconda3/envs/franky-sami/lib/python3.10/site-packages/gymnasium/core.py:311: UserWarning: [33mWARN: env.set_obs_friction_mass to get variables from other wrappers is deprecated and will be removed in v1.0, to get this variable you can do `env.unwrapped.set_obs_friction_mass` for environment variables or `env.get_wrapper_attr('set_obs_friction_mass')` that will search the reminding wrappers.[0m
  logger.warn(
/home/xi/anaconda3/envs/franky-sami/lib/python3.10/site-packages/gymnasium/utils/passive_env_checker.py:135: UserWarning: [33mWARN: The obs returned by the `reset()` method was expecting numpy array dtype to be float32, actual type: float64[0m
  logger.warn(
/home/xi/anaconda3/envs/franky-sami/lib/python3.10/site-packages/gymnasium/utils/passive_env_checker.py:159: UserWarning: [33mWARN: The obs returned by the `reset()` method is not within the observation space.[0m
  logger.warn(f"{pre} is not within the observation space.")
/home/xi/anaconda3/envs/franky-sami/lib/python3.10/site-packages/gymnasium/core.py:311: UserWarning: [33mWARN: env.task to get variables from other wrappers is deprecated and will be removed in v1.0, to get this variable you can do `env.unwrapped.task` for environment variables or `env.get_wrapper_attr('task')` that will search the reminding wrappers.[0m
  logger.warn(
/home/xi/anaconda3/envs/franky-sami/lib/python3.10/site-packages/gymnasium/core.py:311: UserWarning: [33mWARN: env.set_obs_friction_mass to get variables from other wrappers is deprecated and will be removed in v1.0, to get this variable you can do `env.unwrapped.set_obs_friction_mass` for environment variables or `env.get_wrapper_attr('set_obs_friction_mass')` that will search the reminding wrappers.[0m
  logger.warn(
/home/xi/anaconda3/envs/franky-sami/lib/python3.10/site-packages/gymnasium/utils/passive_env_checker.py:135: UserWarning: [33mWARN: The obs returned by the `reset()` method was expecting numpy array dtype to be float32, actual type: float64[0m
  logger.warn(
/home/xi/anaconda3/envs/franky-sami/lib/python3.10/site-packages/gymnasium/utils/passive_env_checker.py:159: UserWarning: [33mWARN: The obs returned by the `reset()` method is not within the observation space.[0m
  logger.warn(f"{pre} is not within the observation space.")
/home/xi/anaconda3/envs/franky-sami/lib/python3.10/site-packages/gymnasium/utils/passive_env_checker.py:135: UserWarning: [33mWARN: The obs returned by the `step()` method was expecting numpy array dtype to be float32, actual type: float64[0m
  logger.warn(
/home/xi/anaconda3/envs/franky-sami/lib/python3.10/site-packages/gymnasium/utils/passive_env_checker.py:159: UserWarning: [33mWARN: The obs returned by the `step()` method is not within the observation space.[0m
  logger.warn(f"{pre} is not within the observation space.")
/home/xi/anaconda3/envs/franky-sami/lib/python3.10/site-packages/gymnasium/utils/passive_env_checker.py:135: UserWarning: [33mWARN: The obs returned by the `step()` method was expecting numpy array dtype to be float32, actual type: float64[0m
  logger.warn(
/home/xi/anaconda3/envs/franky-sami/lib/python3.10/site-packages/gymnasium/utils/passive_env_checker.py:159: UserWarning: [33mWARN: The obs returned by the `step()` method is not within the observation space.[0m
  logger.warn(f"{pre} is not within the observation space.")
/home/xi/anaconda3/envs/franky-sami/lib/python3.10/site-packages/gymnasium/utils/passive_env_checker.py:135: UserWarning: [33mWARN: The obs returned by the `step()` method was expecting numpy array dtype to be float32, actual type: float64[0m
  logger.warn(
/home/xi/anaconda3/envs/franky-sami/lib/python3.10/site-packages/gymnasium/utils/passive_env_checker.py:159: UserWarning: [33mWARN: The obs returned by the `step()` method is not within the observation space.[0m
  logger.warn(f"{pre} is not within the observation space.")
/home/xi/anaconda3/envs/franky-sami/lib/python3.10/site-packages/gymnasium/utils/passive_env_checker.py:135: UserWarning: [33mWARN: The obs returned by the `step()` method was expecting numpy array dtype to be float32, actual type: float64[0m
  logger.warn(
/home/xi/anaconda3/envs/franky-sami/lib/python3.10/site-packages/gymnasium/utils/passive_env_checker.py:159: UserWarning: [33mWARN: The obs returned by the `step()` method is not within the observation space.[0m
  logger.warn(f"{pre} is not within the observation space.")
pybullet build time: Jan 29 2025 23:16:28
pybullet build time: Jan 29 2025 23:16:28
/home/xi/anaconda3/envs/franky-sami/lib/python3.10/site-packages/gymnasium/envs/registration.py:694: UserWarning: [33mWARN: Overriding environment PandaPush-v3 already in registry.[0m
  logger.warn(f"Overriding environment {new_spec.id} already in registry.")
/home/xi/anaconda3/envs/franky-sami/lib/python3.10/site-packages/gymnasium/envs/registration.py:694: UserWarning: [33mWARN: Overriding environment PandaPickAndPlace-v3 already in registry.[0m
  logger.warn(f"Overriding environment {new_spec.id} already in registry.")
/home/xi/anaconda3/envs/franky-sami/lib/python3.10/site-packages/gymnasium/envs/registration.py:694: UserWarning: [33mWARN: Overriding environment PandaPush-v3 already in registry.[0m
  logger.warn(f"Overriding environment {new_spec.id} already in registry.")
/home/xi/anaconda3/envs/franky-sami/lib/python3.10/site-packages/gymnasium/envs/registration.py:694: UserWarning: [33mWARN: Overriding environment PandaPickAndPlace-v3 already in registry.[0m
  logger.warn(f"Overriding environment {new_spec.id} already in registry.")
/home/xi/anaconda3/envs/franky-sami/lib/python3.10/site-packages/gymnasium/core.py:311: UserWarning: [33mWARN: env.task to get variables from other wrappers is deprecated and will be removed in v1.0, to get this variable you can do `env.unwrapped.task` for environment variables or `env.get_wrapper_attr('task')` that will search the reminding wrappers.[0m
  logger.warn(
/home/xi/anaconda3/envs/franky-sami/lib/python3.10/site-packages/gymnasium/core.py:311: UserWarning: [33mWARN: env.set_obs_friction_mass to get variables from other wrappers is deprecated and will be removed in v1.0, to get this variable you can do `env.unwrapped.set_obs_friction_mass` for environment variables or `env.get_wrapper_attr('set_obs_friction_mass')` that will search the reminding wrappers.[0m
  logger.warn(
/home/xi/anaconda3/envs/franky-sami/lib/python3.10/site-packages/gymnasium/utils/passive_env_checker.py:135: UserWarning: [33mWARN: The obs returned by the `reset()` method was expecting numpy array dtype to be float32, actual type: float64[0m
  logger.warn(
/home/xi/anaconda3/envs/franky-sami/lib/python3.10/site-packages/gymnasium/utils/passive_env_checker.py:159: UserWarning: [33mWARN: The obs returned by the `reset()` method is not within the observation space.[0m
  logger.warn(f"{pre} is not within the observation space.")
/home/xi/anaconda3/envs/franky-sami/lib/python3.10/site-packages/gymnasium/core.py:311: UserWarning: [33mWARN: env.task to get variables from other wrappers is deprecated and will be removed in v1.0, to get this variable you can do `env.unwrapped.task` for environment variables or `env.get_wrapper_attr('task')` that will search the reminding wrappers.[0m
  logger.warn(
/home/xi/anaconda3/envs/franky-sami/lib/python3.10/site-packages/gymnasium/core.py:311: UserWarning: [33mWARN: env.set_obs_friction_mass to get variables from other wrappers is deprecated and will be removed in v1.0, to get this variable you can do `env.unwrapped.set_obs_friction_mass` for environment variables or `env.get_wrapper_attr('set_obs_friction_mass')` that will search the reminding wrappers.[0m
  logger.warn(
/home/xi/anaconda3/envs/franky-sami/lib/python3.10/site-packages/gymnasium/utils/passive_env_checker.py:135: UserWarning: [33mWARN: The obs returned by the `reset()` method was expecting numpy array dtype to be float32, actual type: float64[0m
  logger.warn(
/home/xi/anaconda3/envs/franky-sami/lib/python3.10/site-packages/gymnasium/utils/passive_env_checker.py:159: UserWarning: [33mWARN: The obs returned by the `reset()` method is not within the observation space.[0m
  logger.warn(f"{pre} is not within the observation space.")
pybullet build time: Jan 29 2025 23:16:28
pybullet build time: Jan 29 2025 23:16:28
/home/xi/anaconda3/envs/franky-sami/lib/python3.10/site-packages/gymnasium/envs/registration.py:694: UserWarning: [33mWARN: Overriding environment PandaPush-v3 already in registry.[0m
  logger.warn(f"Overriding environment {new_spec.id} already in registry.")
/home/xi/anaconda3/envs/franky-sami/lib/python3.10/site-packages/gymnasium/envs/registration.py:694: UserWarning: [33mWARN: Overriding environment PandaPickAndPlace-v3 already in registry.[0m
  logger.warn(f"Overriding environment {new_spec.id} already in registry.")
/home/xi/anaconda3/envs/franky-sami/lib/python3.10/site-packages/gymnasium/envs/registration.py:694: UserWarning: [33mWARN: Overriding environment PandaPush-v3 already in registry.[0m
  logger.warn(f"Overriding environment {new_spec.id} already in registry.")
/home/xi/anaconda3/envs/franky-sami/lib/python3.10/site-packages/gymnasium/envs/registration.py:694: UserWarning: [33mWARN: Overriding environment PandaPickAndPlace-v3 already in registry.[0m
  logger.warn(f"Overriding environment {new_spec.id} already in registry.")
/home/xi/anaconda3/envs/franky-sami/lib/python3.10/site-packages/gymnasium/core.py:311: UserWarning: [33mWARN: env.task to get variables from other wrappers is deprecated and will be removed in v1.0, to get this variable you can do `env.unwrapped.task` for environment variables or `env.get_wrapper_attr('task')` that will search the reminding wrappers.[0m
  logger.warn(
/home/xi/anaconda3/envs/franky-sami/lib/python3.10/site-packages/gymnasium/core.py:311: UserWarning: [33mWARN: env.set_obs_friction_mass to get variables from other wrappers is deprecated and will be removed in v1.0, to get this variable you can do `env.unwrapped.set_obs_friction_mass` for environment variables or `env.get_wrapper_attr('set_obs_friction_mass')` that will search the reminding wrappers.[0m
  logger.warn(
/home/xi/anaconda3/envs/franky-sami/lib/python3.10/site-packages/gymnasium/utils/passive_env_checker.py:135: UserWarning: [33mWARN: The obs returned by the `reset()` method was expecting numpy array dtype to be float32, actual type: float64[0m
  logger.warn(
/home/xi/anaconda3/envs/franky-sami/lib/python3.10/site-packages/gymnasium/utils/passive_env_checker.py:159: UserWarning: [33mWARN: The obs returned by the `reset()` method is not within the observation space.[0m
  logger.warn(f"{pre} is not within the observation space.")
/home/xi/anaconda3/envs/franky-sami/lib/python3.10/site-packages/gymnasium/core.py:311: UserWarning: [33mWARN: env.task to get variables from other wrappers is deprecated and will be removed in v1.0, to get this variable you can do `env.unwrapped.task` for environment variables or `env.get_wrapper_attr('task')` that will search the reminding wrappers.[0m
  logger.warn(
/home/xi/anaconda3/envs/franky-sami/lib/python3.10/site-packages/gymnasium/core.py:311: UserWarning: [33mWARN: env.set_obs_friction_mass to get variables from other wrappers is deprecated and will be removed in v1.0, to get this variable you can do `env.unwrapped.set_obs_friction_mass` for environment variables or `env.get_wrapper_attr('set_obs_friction_mass')` that will search the reminding wrappers.[0m
  logger.warn(
/home/xi/anaconda3/envs/franky-sami/lib/python3.10/site-packages/gymnasium/utils/passive_env_checker.py:135: UserWarning: [33mWARN: The obs returned by the `reset()` method was expecting numpy array dtype to be float32, actual type: float64[0m
  logger.warn(
/home/xi/anaconda3/envs/franky-sami/lib/python3.10/site-packages/gymnasium/utils/passive_env_checker.py:159: UserWarning: [33mWARN: The obs returned by the `reset()` method is not within the observation space.[0m
  logger.warn(f"{pre} is not within the observation space.")
/home/xi/anaconda3/envs/franky-sami/lib/python3.10/site-packages/gymnasium/utils/passive_env_checker.py:135: UserWarning: [33mWARN: The obs returned by the `step()` method was expecting numpy array dtype to be float32, actual type: float64[0m
  logger.warn(
/home/xi/anaconda3/envs/franky-sami/lib/python3.10/site-packages/gymnasium/utils/passive_env_checker.py:159: UserWarning: [33mWARN: The obs returned by the `step()` method is not within the observation space.[0m
  logger.warn(f"{pre} is not within the observation space.")
/home/xi/anaconda3/envs/franky-sami/lib/python3.10/site-packages/gymnasium/utils/passive_env_checker.py:135: UserWarning: [33mWARN: The obs returned by the `step()` method was expecting numpy array dtype to be float32, actual type: float64[0m
  logger.warn(
/home/xi/anaconda3/envs/franky-sami/lib/python3.10/site-packages/gymnasium/utils/passive_env_checker.py:159: UserWarning: [33mWARN: The obs returned by the `step()` method is not within the observation space.[0m
  logger.warn(f"{pre} is not within the observation space.")
/home/xi/anaconda3/envs/franky-sami/lib/python3.10/site-packages/gymnasium/utils/passive_env_checker.py:135: UserWarning: [33mWARN: The obs returned by the `step()` method was expecting numpy array dtype to be float32, actual type: float64[0m
  logger.warn(
/home/xi/anaconda3/envs/franky-sami/lib/python3.10/site-packages/gymnasium/utils/passive_env_checker.py:159: UserWarning: [33mWARN: The obs returned by the `step()` method is not within the observation space.[0m
  logger.warn(f"{pre} is not within the observation space.")
/home/xi/anaconda3/envs/franky-sami/lib/python3.10/site-packages/gymnasium/utils/passive_env_checker.py:135: UserWarning: [33mWARN: The obs returned by the `step()` method was expecting numpy array dtype to be float32, actual type: float64[0m
  logger.warn(
/home/xi/anaconda3/envs/franky-sami/lib/python3.10/site-packages/gymnasium/utils/passive_env_checker.py:159: UserWarning: [33mWARN: The obs returned by the `step()` method is not within the observation space.[0m
  logger.warn(f"{pre} is not within the observation space.")
{'model_parameters': {'method': 'SaCCM', 'adversarial_loss_coef': 0.01, 'batch_size': 256, 'contrast_batch_size': 256, 'contrast_buffer_type': 'fine_grained', 'contrast_training_interval': 1, 'time_step': 5000000, 'causal_dim': 6, 'causal_hidden_dim': 128, 'buffer_size': 1000, 'use_weighted_info_nce': False, 'use_reward_norm': False, 'learning_rate': 0.001, 'train_freq': 128, 'gradient_steps': 16, 'encoder_tau': 0.05, 'neg_radio': 0.5, 'env_name': 'PandaPush-v3', 'env_hook': 'PandaHook', 'train_envs': '[(0, 30), (1, 1), (1, 30), (1, 5)]', 'test_envs': '[(0, 30), (1, 1), (1, 30), (1, 5)]', 'use_continue_train': False, 'save_video': False, 'seed': 100, 'config_path': '', 'test_eps_num_per_env': 50, 'use_wandb': False, 'wandb_project_name': 'franky-sami', 'wandb_team_name': 'skill-aware-rl'}, 'save_path': '/home/xi/yxh_space/SaMI/SaMI/output', 'sub_save_path': '/home/xi/yxh_space/SaMI/SaMI/output/2025-05-27-18:36:25-761693', 'save_model_path': '/home/xi/yxh_space/SaMI/SaMI/output/2025-05-27-18:36:25-761693/model.zip', 'log_path': '/home/xi/yxh_space/SaMI/SaMI/output/2025-05-27-18:36:25-761693/log.txt', 'code_path': '/home/xi/yxh_space/SaMI/SaMI/output/2025-05-27-18:36:25-761693/code.zip', 'config_path': '/home/xi/yxh_space/SaMI/SaMI/output/2025-05-27-18:36:25-761693/config.yaml', 'test_path': '/home/xi/yxh_space/SaMI/SaMI/output/2025-05-27-18:36:25-761693/test_result.yaml', 'test_tsne_path': '/home/xi/yxh_space/SaMI/SaMI/output/2025-05-27-18:36:25-761693/tsne.jpg', 'test_table_path': '/home/xi/yxh_space/SaMI/SaMI/output/2025-05-27-18:36:25-761693/tables', 'test_image_path': '/home/xi/yxh_space/SaMI/SaMI/output/2025-05-27-18:36:25-761693/images', 'test_video_path': '/home/xi/yxh_space/SaMI/SaMI/output/2025-05-27-18:36:25-761693/videos'}
Traceback (most recent call last):
  File "/home/xi/yxh_space/SaMI/SaMI/configs/../main.py", line 77, in <module>
    raise e
  File "/home/xi/yxh_space/SaMI/SaMI/configs/../main.py", line 57, in <module>
    model.learn(total_timesteps=1_00_000,
  File "/home/xi/yxh_space/SaMI/SaMI/algorithm/method_traj_distance_weight/sac.py", line 916, in learn
    return super().learn(
  File "/home/xi/yxh_space/SaMI/SaMI/algorithm/method_traj_distance_weight/off_policy_algorithm.py", line 637, in learn
    self.train(batch_size=self.batch_size, gradient_steps=gradient_steps)
  File "/home/xi/yxh_space/SaMI/SaMI/algorithm/method_traj_distance_weight/sac.py", line 891, in train
    self._train(gradient_step,batch_size)
  File "/home/xi/yxh_space/SaMI/SaMI/algorithm/method_traj_distance_weight/sac.py", line 270, in _train
    encoder_loss.append(weight * loss_fn(query, positive_key, negative_key))
  File "/home/xi/anaconda3/envs/franky-sami/lib/python3.10/site-packages/torch/nn/modules/module.py", line 1739, in _wrapped_call_impl
    return self._call_impl(*args, **kwargs)
  File "/home/xi/anaconda3/envs/franky-sami/lib/python3.10/site-packages/torch/nn/modules/module.py", line 1750, in _call_impl
    return forward_call(*args, **kwargs)
  File "/home/xi/yxh_space/SaMI/SaMI/algorithm/method_traj_distance_weight/info_nce_loss.py", line 57, in forward
    return info_nce(query, positive_key, negative_keys,
  File "/home/xi/yxh_space/SaMI/SaMI/algorithm/method_traj_distance_weight/info_nce_loss.py", line 98, in info_nce
    loss = -(torch.log(torch.sigmoid(positive_logit/temperature))).mean() - (torch.log(1-torch.sigmoid(negative_logits/temperature))).mean()
torch.OutOfMemoryError: CUDA out of memory. Tried to allocate 164.00 MiB. GPU 0 has a total capacity of 23.53 GiB of which 27.38 MiB is free. Process 3082007 has 1.65 GiB memory in use. Process 3082006 has 1.65 GiB memory in use. Process 3092074 has 492.00 MiB memory in use. Process 2948472 has 1.65 GiB memory in use. Process 2948471 has 1.65 GiB memory in use. Process 3982494 has 1.64 GiB memory in use. Process 3982495 has 1.64 GiB memory in use. Process 4093763 has 1.65 GiB memory in use. Process 4093765 has 1.65 GiB memory in use. Process 4093766 has 1.65 GiB memory in use. Process 4093764 has 1.65 GiB memory in use. Process 239537 has 1.65 GiB memory in use. Process 239538 has 1.65 GiB memory in use. Process 239536 has 1.65 GiB memory in use. Including non-PyTorch memory, this process has 1.49 GiB memory in use. Of the allocated memory 887.50 MiB is allocated by PyTorch, and 174.50 MiB is reserved by PyTorch but unallocated. If reserved but unallocated memory is large try setting PYTORCH_CUDA_ALLOC_CONF=expandable_segments:True to avoid fragmentation.  See documentation for Memory Management  (https://pytorch.org/docs/stable/notes/cuda.html#environment-variables)
pybullet build time: Jan 29 2025 23:16:28
/home/xi/anaconda3/envs/franky-sami/lib/python3.10/site-packages/gymnasium/envs/registration.py:694: UserWarning: [33mWARN: Overriding environment PandaPush-v3 already in registry.[0m
  logger.warn(f"Overriding environment {new_spec.id} already in registry.")
/home/xi/anaconda3/envs/franky-sami/lib/python3.10/site-packages/gymnasium/envs/registration.py:694: UserWarning: [33mWARN: Overriding environment PandaPickAndPlace-v3 already in registry.[0m
  logger.warn(f"Overriding environment {new_spec.id} already in registry.")
pybullet build time: Jan 29 2025 23:16:28
/home/xi/anaconda3/envs/franky-sami/lib/python3.10/site-packages/gymnasium/envs/registration.py:694: UserWarning: [33mWARN: Overriding environment PandaPush-v3 already in registry.[0m
  logger.warn(f"Overriding environment {new_spec.id} already in registry.")
/home/xi/anaconda3/envs/franky-sami/lib/python3.10/site-packages/gymnasium/envs/registration.py:694: UserWarning: [33mWARN: Overriding environment PandaPickAndPlace-v3 already in registry.[0m
  logger.warn(f"Overriding environment {new_spec.id} already in registry.")
/home/xi/anaconda3/envs/franky-sami/lib/python3.10/site-packages/gymnasium/core.py:311: UserWarning: [33mWARN: env.task to get variables from other wrappers is deprecated and will be removed in v1.0, to get this variable you can do `env.unwrapped.task` for environment variables or `env.get_wrapper_attr('task')` that will search the reminding wrappers.[0m
  logger.warn(
/home/xi/anaconda3/envs/franky-sami/lib/python3.10/site-packages/gymnasium/core.py:311: UserWarning: [33mWARN: env.set_obs_friction_mass to get variables from other wrappers is deprecated and will be removed in v1.0, to get this variable you can do `env.unwrapped.set_obs_friction_mass` for environment variables or `env.get_wrapper_attr('set_obs_friction_mass')` that will search the reminding wrappers.[0m
  logger.warn(
/home/xi/anaconda3/envs/franky-sami/lib/python3.10/site-packages/gymnasium/utils/passive_env_checker.py:135: UserWarning: [33mWARN: The obs returned by the `reset()` method was expecting numpy array dtype to be float32, actual type: float64[0m
  logger.warn(
/home/xi/anaconda3/envs/franky-sami/lib/python3.10/site-packages/gymnasium/utils/passive_env_checker.py:159: UserWarning: [33mWARN: The obs returned by the `reset()` method is not within the observation space.[0m
  logger.warn(f"{pre} is not within the observation space.")
/home/xi/anaconda3/envs/franky-sami/lib/python3.10/site-packages/gymnasium/core.py:311: UserWarning: [33mWARN: env.task to get variables from other wrappers is deprecated and will be removed in v1.0, to get this variable you can do `env.unwrapped.task` for environment variables or `env.get_wrapper_attr('task')` that will search the reminding wrappers.[0m
  logger.warn(
/home/xi/anaconda3/envs/franky-sami/lib/python3.10/site-packages/gymnasium/core.py:311: UserWarning: [33mWARN: env.set_obs_friction_mass to get variables from other wrappers is deprecated and will be removed in v1.0, to get this variable you can do `env.unwrapped.set_obs_friction_mass` for environment variables or `env.get_wrapper_attr('set_obs_friction_mass')` that will search the reminding wrappers.[0m
  logger.warn(
/home/xi/anaconda3/envs/franky-sami/lib/python3.10/site-packages/gymnasium/utils/passive_env_checker.py:135: UserWarning: [33mWARN: The obs returned by the `reset()` method was expecting numpy array dtype to be float32, actual type: float64[0m
  logger.warn(
/home/xi/anaconda3/envs/franky-sami/lib/python3.10/site-packages/gymnasium/utils/passive_env_checker.py:159: UserWarning: [33mWARN: The obs returned by the `reset()` method is not within the observation space.[0m
  logger.warn(f"{pre} is not within the observation space.")
pybullet build time: Jan 29 2025 23:16:28
/home/xi/anaconda3/envs/franky-sami/lib/python3.10/site-packages/gymnasium/envs/registration.py:694: UserWarning: [33mWARN: Overriding environment PandaPush-v3 already in registry.[0m
  logger.warn(f"Overriding environment {new_spec.id} already in registry.")
/home/xi/anaconda3/envs/franky-sami/lib/python3.10/site-packages/gymnasium/envs/registration.py:694: UserWarning: [33mWARN: Overriding environment PandaPickAndPlace-v3 already in registry.[0m
  logger.warn(f"Overriding environment {new_spec.id} already in registry.")
/home/xi/anaconda3/envs/franky-sami/lib/python3.10/site-packages/gymnasium/utils/passive_env_checker.py:135: UserWarning: [33mWARN: The obs returned by the `step()` method was expecting numpy array dtype to be float32, actual type: float64[0m
  logger.warn(
/home/xi/anaconda3/envs/franky-sami/lib/python3.10/site-packages/gymnasium/utils/passive_env_checker.py:159: UserWarning: [33mWARN: The obs returned by the `step()` method is not within the observation space.[0m
  logger.warn(f"{pre} is not within the observation space.")
pybullet build time: Jan 29 2025 23:16:28
/home/xi/anaconda3/envs/franky-sami/lib/python3.10/site-packages/gymnasium/core.py:311: UserWarning: [33mWARN: env.task to get variables from other wrappers is deprecated and will be removed in v1.0, to get this variable you can do `env.unwrapped.task` for environment variables or `env.get_wrapper_attr('task')` that will search the reminding wrappers.[0m
  logger.warn(
/home/xi/anaconda3/envs/franky-sami/lib/python3.10/site-packages/gymnasium/core.py:311: UserWarning: [33mWARN: env.set_obs_friction_mass to get variables from other wrappers is deprecated and will be removed in v1.0, to get this variable you can do `env.unwrapped.set_obs_friction_mass` for environment variables or `env.get_wrapper_attr('set_obs_friction_mass')` that will search the reminding wrappers.[0m
  logger.warn(
/home/xi/anaconda3/envs/franky-sami/lib/python3.10/site-packages/gymnasium/utils/passive_env_checker.py:135: UserWarning: [33mWARN: The obs returned by the `reset()` method was expecting numpy array dtype to be float32, actual type: float64[0m
  logger.warn(
/home/xi/anaconda3/envs/franky-sami/lib/python3.10/site-packages/gymnasium/utils/passive_env_checker.py:159: UserWarning: [33mWARN: The obs returned by the `reset()` method is not within the observation space.[0m
  logger.warn(f"{pre} is not within the observation space.")
/home/xi/anaconda3/envs/franky-sami/lib/python3.10/site-packages/gymnasium/envs/registration.py:694: UserWarning: [33mWARN: Overriding environment PandaPush-v3 already in registry.[0m
  logger.warn(f"Overriding environment {new_spec.id} already in registry.")
/home/xi/anaconda3/envs/franky-sami/lib/python3.10/site-packages/gymnasium/envs/registration.py:694: UserWarning: [33mWARN: Overriding environment PandaPickAndPlace-v3 already in registry.[0m
  logger.warn(f"Overriding environment {new_spec.id} already in registry.")
/home/xi/anaconda3/envs/franky-sami/lib/python3.10/site-packages/gymnasium/utils/passive_env_checker.py:135: UserWarning: [33mWARN: The obs returned by the `step()` method was expecting numpy array dtype to be float32, actual type: float64[0m
  logger.warn(
/home/xi/anaconda3/envs/franky-sami/lib/python3.10/site-packages/gymnasium/utils/passive_env_checker.py:159: UserWarning: [33mWARN: The obs returned by the `step()` method is not within the observation space.[0m
  logger.warn(f"{pre} is not within the observation space.")
/home/xi/anaconda3/envs/franky-sami/lib/python3.10/site-packages/gymnasium/core.py:311: UserWarning: [33mWARN: env.task to get variables from other wrappers is deprecated and will be removed in v1.0, to get this variable you can do `env.unwrapped.task` for environment variables or `env.get_wrapper_attr('task')` that will search the reminding wrappers.[0m
  logger.warn(
/home/xi/anaconda3/envs/franky-sami/lib/python3.10/site-packages/gymnasium/core.py:311: UserWarning: [33mWARN: env.set_obs_friction_mass to get variables from other wrappers is deprecated and will be removed in v1.0, to get this variable you can do `env.unwrapped.set_obs_friction_mass` for environment variables or `env.get_wrapper_attr('set_obs_friction_mass')` that will search the reminding wrappers.[0m
  logger.warn(
/home/xi/anaconda3/envs/franky-sami/lib/python3.10/site-packages/gymnasium/utils/passive_env_checker.py:135: UserWarning: [33mWARN: The obs returned by the `reset()` method was expecting numpy array dtype to be float32, actual type: float64[0m
  logger.warn(
/home/xi/anaconda3/envs/franky-sami/lib/python3.10/site-packages/gymnasium/utils/passive_env_checker.py:159: UserWarning: [33mWARN: The obs returned by the `reset()` method is not within the observation space.[0m
  logger.warn(f"{pre} is not within the observation space.")
/home/xi/anaconda3/envs/franky-sami/lib/python3.10/site-packages/gymnasium/utils/passive_env_checker.py:135: UserWarning: [33mWARN: The obs returned by the `step()` method was expecting numpy array dtype to be float32, actual type: float64[0m
  logger.warn(
/home/xi/anaconda3/envs/franky-sami/lib/python3.10/site-packages/gymnasium/utils/passive_env_checker.py:159: UserWarning: [33mWARN: The obs returned by the `step()` method is not within the observation space.[0m
  logger.warn(f"{pre} is not within the observation space.")
/home/xi/anaconda3/envs/franky-sami/lib/python3.10/site-packages/gymnasium/utils/passive_env_checker.py:135: UserWarning: [33mWARN: The obs returned by the `step()` method was expecting numpy array dtype to be float32, actual type: float64[0m
  logger.warn(
/home/xi/anaconda3/envs/franky-sami/lib/python3.10/site-packages/gymnasium/utils/passive_env_checker.py:159: UserWarning: [33mWARN: The obs returned by the `step()` method is not within the observation space.[0m
  logger.warn(f"{pre} is not within the observation space.")
0it [00:00, ?it/s]/home/xi/anaconda3/envs/franky-sami/lib/python3.10/site-packages/gymnasium/core.py:311: UserWarning: [33mWARN: env.task to get variables from other wrappers is deprecated and will be removed in v1.0, to get this variable you can do `env.unwrapped.task` for environment variables or `env.get_wrapper_attr('task')` that will search the reminding wrappers.[0m
  logger.warn(
/home/xi/anaconda3/envs/franky-sami/lib/python3.10/site-packages/gymnasium/core.py:311: UserWarning: [33mWARN: env.set_obs_friction_mass to get variables from other wrappers is deprecated and will be removed in v1.0, to get this variable you can do `env.unwrapped.set_obs_friction_mass` for environment variables or `env.get_wrapper_attr('set_obs_friction_mass')` that will search the reminding wrappers.[0m
  logger.warn(
/home/xi/anaconda3/envs/franky-sami/lib/python3.10/site-packages/gymnasium/utils/passive_env_checker.py:135: UserWarning: [33mWARN: The obs returned by the `reset()` method was expecting numpy array dtype to be float32, actual type: float64[0m
  logger.warn(
/home/xi/anaconda3/envs/franky-sami/lib/python3.10/site-packages/gymnasium/utils/passive_env_checker.py:159: UserWarning: [33mWARN: The obs returned by the `reset()` method is not within the observation space.[0m
  logger.warn(f"{pre} is not within the observation space.")
/home/xi/anaconda3/envs/franky-sami/lib/python3.10/site-packages/gymnasium/utils/passive_env_checker.py:135: UserWarning: [33mWARN: The obs returned by the `step()` method was expecting numpy array dtype to be float32, actual type: float64[0m
  logger.warn(
/home/xi/anaconda3/envs/franky-sami/lib/python3.10/site-packages/gymnasium/utils/passive_env_checker.py:159: UserWarning: [33mWARN: The obs returned by the `step()` method is not within the observation space.[0m
  logger.warn(f"{pre} is not within the observation space.")
1it [00:30, 30.27s/it]2it [00:58, 28.81s/it]3it [01:34, 32.44s/it]4it [02:07, 32.52s/it]4it [02:07, 31.87s/it]
{'model_parameters': {'method': 'SaSAC', 'adversarial_loss_coef': 1.0, 'batch_size': 256, 'contrast_batch_size': 256, 'contrast_buffer_type': 'fine_grained', 'contrast_training_interval': 1, 'time_step': 5000000, 'causal_dim': 6, 'causal_hidden_dim': 128, 'buffer_size': 1000, 'use_weighted_info_nce': False, 'use_reward_norm': False, 'learning_rate': 0.001, 'train_freq': 128, 'gradient_steps': 16, 'encoder_tau': 0.05, 'neg_radio': 0.5, 'env_name': 'PandaPush-v3', 'env_hook': 'PandaHook', 'train_envs': '[(0, 30), (1, 1), (1, 30), (1, 5)]', 'test_envs': '[(0, 30), (1, 1), (1, 30), (1, 5)]', 'use_continue_train': False, 'save_video': False, 'seed': 100, 'config_path': '', 'test_eps_num_per_env': 50, 'use_wandb': False, 'wandb_project_name': 'franky-sami', 'wandb_team_name': 'skill-aware-rl'}, 'save_path': '/home/xi/yxh_space/SaMI/SaMI/output', 'sub_save_path': '/home/xi/yxh_space/SaMI/SaMI/output/2025-05-26-14:23:02-470782', 'save_model_path': '/home/xi/yxh_space/SaMI/SaMI/output/2025-05-26-14:23:02-470782/model.zip', 'log_path': '/home/xi/yxh_space/SaMI/SaMI/output/2025-05-26-14:23:02-470782/log.txt', 'code_path': '/home/xi/yxh_space/SaMI/SaMI/output/2025-05-26-14:23:02-470782/code.zip', 'config_path': '/home/xi/yxh_space/SaMI/SaMI/output/2025-05-26-14:23:02-470782/config.yaml', 'test_path': '/home/xi/yxh_space/SaMI/SaMI/output/2025-05-26-14:23:02-470782/test_result.yaml', 'test_tsne_path': '/home/xi/yxh_space/SaMI/SaMI/output/2025-05-26-14:23:02-470782/tsne.jpg', 'test_table_path': '/home/xi/yxh_space/SaMI/SaMI/output/2025-05-26-14:23:02-470782/tables', 'test_image_path': '/home/xi/yxh_space/SaMI/SaMI/output/2025-05-26-14:23:02-470782/images', 'test_video_path': '/home/xi/yxh_space/SaMI/SaMI/output/2025-05-26-14:23:02-470782/videos'}
argv[0]=--background_color_red=0.8745098114013672
argv[1]=--background_color_green=0.21176470816135406
argv[2]=--background_color_blue=0.1764705926179886
argv[0]=--background_color_red=0.8745098114013672
argv[1]=--background_color_green=0.21176470816135406
argv[2]=--background_color_blue=0.1764705926179886
argv[0]=--background_color_red=0.8745098114013672
argv[1]=--background_color_green=0.21176470816135406
argv[2]=--background_color_blue=0.1764705926179886
argv[0]=--background_color_red=0.8745098114013672
argv[1]=--background_color_green=0.21176470816135406
argv[2]=--background_color_blue=0.1764705926179886
argv[0]=--background_color_red=0.8745098114013672
argv[1]=--background_color_green=0.21176470816135406
argv[2]=--background_color_blue=0.1764705926179886
argv[0]=--background_color_red=0.8745098114013672
argv[1]=--background_color_green=0.21176470816135406
argv[2]=--background_color_blue=0.1764705926179886
argv[0]=--background_color_red=0.8745098114013672
argv[1]=--background_color_green=0.21176470816135406
argv[2]=--background_color_blue=0.1764705926179886
argv[0]=--background_color_red=0.8745098114013672
argv[1]=--background_color_green=0.21176470816135406
argv[2]=--background_color_blue=0.1764705926179886
0it [00:00, ?it/s]/home/xi/anaconda3/envs/franky-sami/lib/python3.10/site-packages/gymnasium/core.py:311: UserWarning: [33mWARN: env.task to get variables from other wrappers is deprecated and will be removed in v1.0, to get this variable you can do `env.unwrapped.task` for environment variables or `env.get_wrapper_attr('task')` that will search the reminding wrappers.[0m
  logger.warn(
/home/xi/anaconda3/envs/franky-sami/lib/python3.10/site-packages/gymnasium/core.py:311: UserWarning: [33mWARN: env.set_obs_friction_mass to get variables from other wrappers is deprecated and will be removed in v1.0, to get this variable you can do `env.unwrapped.set_obs_friction_mass` for environment variables or `env.get_wrapper_attr('set_obs_friction_mass')` that will search the reminding wrappers.[0m
  logger.warn(
/home/xi/anaconda3/envs/franky-sami/lib/python3.10/site-packages/gymnasium/utils/passive_env_checker.py:135: UserWarning: [33mWARN: The obs returned by the `reset()` method was expecting numpy array dtype to be float32, actual type: float64[0m
  logger.warn(
/home/xi/anaconda3/envs/franky-sami/lib/python3.10/site-packages/gymnasium/utils/passive_env_checker.py:159: UserWarning: [33mWARN: The obs returned by the `reset()` method is not within the observation space.[0m
  logger.warn(f"{pre} is not within the observation space.")
/home/xi/anaconda3/envs/franky-sami/lib/python3.10/site-packages/gymnasium/utils/passive_env_checker.py:135: UserWarning: [33mWARN: The obs returned by the `step()` method was expecting numpy array dtype to be float32, actual type: float64[0m
  logger.warn(
/home/xi/anaconda3/envs/franky-sami/lib/python3.10/site-packages/gymnasium/utils/passive_env_checker.py:159: UserWarning: [33mWARN: The obs returned by the `step()` method is not within the observation space.[0m
  logger.warn(f"{pre} is not within the observation space.")
1it [00:24, 24.39s/it]2it [00:47, 23.41s/it]3it [01:19, 27.53s/it]4it [01:49, 28.30s/it]4it [01:49, 27.26s/it]
{'model_parameters': {'method': 'SaCCM', 'adversarial_loss_coef': 1.0, 'batch_size': 256, 'contrast_batch_size': 256, 'contrast_buffer_type': 'fine_grained', 'contrast_training_interval': 1, 'time_step': 5000000, 'causal_dim': 6, 'causal_hidden_dim': 128, 'buffer_size': 1000, 'use_weighted_info_nce': False, 'use_reward_norm': False, 'learning_rate': 0.001, 'train_freq': 128, 'gradient_steps': 16, 'encoder_tau': 0.05, 'neg_radio': 0.5, 'env_name': 'PandaPush-v3', 'env_hook': 'PandaHook', 'train_envs': '[(0, 30), (1, 1), (1, 30), (1, 5)]', 'test_envs': '[(0, 30), (1, 1), (1, 30), (1, 5)]', 'use_continue_train': False, 'save_video': False, 'seed': 100, 'config_path': '', 'test_eps_num_per_env': 50, 'use_wandb': False, 'wandb_project_name': 'franky-sami', 'wandb_team_name': 'skill-aware-rl'}, 'save_path': '/home/xi/yxh_space/SaMI/SaMI/output', 'sub_save_path': '/home/xi/yxh_space/SaMI/SaMI/output/2025-05-26-14:23:02-500600', 'save_model_path': '/home/xi/yxh_space/SaMI/SaMI/output/2025-05-26-14:23:02-500600/model.zip', 'log_path': '/home/xi/yxh_space/SaMI/SaMI/output/2025-05-26-14:23:02-500600/log.txt', 'code_path': '/home/xi/yxh_space/SaMI/SaMI/output/2025-05-26-14:23:02-500600/code.zip', 'config_path': '/home/xi/yxh_space/SaMI/SaMI/output/2025-05-26-14:23:02-500600/config.yaml', 'test_path': '/home/xi/yxh_space/SaMI/SaMI/output/2025-05-26-14:23:02-500600/test_result.yaml', 'test_tsne_path': '/home/xi/yxh_space/SaMI/SaMI/output/2025-05-26-14:23:02-500600/tsne.jpg', 'test_table_path': '/home/xi/yxh_space/SaMI/SaMI/output/2025-05-26-14:23:02-500600/tables', 'test_image_path': '/home/xi/yxh_space/SaMI/SaMI/output/2025-05-26-14:23:02-500600/images', 'test_video_path': '/home/xi/yxh_space/SaMI/SaMI/output/2025-05-26-14:23:02-500600/videos'}
argv[0]=--background_color_red=0.8745098114013672
argv[1]=--background_color_green=0.21176470816135406
argv[2]=--background_color_blue=0.1764705926179886
argv[0]=--background_color_red=0.8745098114013672
argv[1]=--background_color_green=0.21176470816135406
argv[2]=--background_color_blue=0.1764705926179886
argv[0]=--background_color_red=0.8745098114013672
argv[1]=--background_color_green=0.21176470816135406
argv[2]=--background_color_blue=0.1764705926179886
argv[0]=--background_color_red=0.8745098114013672
argv[1]=--background_color_green=0.21176470816135406
argv[2]=--background_color_blue=0.1764705926179886
argv[0]=--background_color_red=0.8745098114013672
argv[1]=--background_color_green=0.21176470816135406
argv[2]=--background_color_blue=0.1764705926179886
argv[0]=--background_color_red=0.8745098114013672
argv[1]=--background_color_green=0.21176470816135406
argv[2]=--background_color_blue=0.1764705926179886
argv[0]=--background_color_red=0.8745098114013672
argv[1]=--background_color_green=0.21176470816135406
argv[2]=--background_color_blue=0.1764705926179886
argv[0]=--background_color_red=0.8745098114013672
argv[1]=--background_color_green=0.21176470816135406
argv[2]=--background_color_blue=0.1764705926179886
pybullet build time: Jan 29 2025 23:16:28
/home/xi/anaconda3/envs/franky-sami/lib/python3.10/site-packages/gymnasium/envs/registration.py:694: UserWarning: [33mWARN: Overriding environment PandaPush-v3 already in registry.[0m
  logger.warn(f"Overriding environment {new_spec.id} already in registry.")
/home/xi/anaconda3/envs/franky-sami/lib/python3.10/site-packages/gymnasium/envs/registration.py:694: UserWarning: [33mWARN: Overriding environment PandaPickAndPlace-v3 already in registry.[0m
  logger.warn(f"Overriding environment {new_spec.id} already in registry.")
pybullet build time: Jan 29 2025 23:16:28
/home/xi/anaconda3/envs/franky-sami/lib/python3.10/site-packages/gymnasium/envs/registration.py:694: UserWarning: [33mWARN: Overriding environment PandaPush-v3 already in registry.[0m
  logger.warn(f"Overriding environment {new_spec.id} already in registry.")
/home/xi/anaconda3/envs/franky-sami/lib/python3.10/site-packages/gymnasium/envs/registration.py:694: UserWarning: [33mWARN: Overriding environment PandaPickAndPlace-v3 already in registry.[0m
  logger.warn(f"Overriding environment {new_spec.id} already in registry.")
/home/xi/anaconda3/envs/franky-sami/lib/python3.10/site-packages/gymnasium/core.py:311: UserWarning: [33mWARN: env.task to get variables from other wrappers is deprecated and will be removed in v1.0, to get this variable you can do `env.unwrapped.task` for environment variables or `env.get_wrapper_attr('task')` that will search the reminding wrappers.[0m
  logger.warn(
/home/xi/anaconda3/envs/franky-sami/lib/python3.10/site-packages/gymnasium/core.py:311: UserWarning: [33mWARN: env.set_obs_friction_mass to get variables from other wrappers is deprecated and will be removed in v1.0, to get this variable you can do `env.unwrapped.set_obs_friction_mass` for environment variables or `env.get_wrapper_attr('set_obs_friction_mass')` that will search the reminding wrappers.[0m
  logger.warn(
/home/xi/anaconda3/envs/franky-sami/lib/python3.10/site-packages/gymnasium/utils/passive_env_checker.py:135: UserWarning: [33mWARN: The obs returned by the `reset()` method was expecting numpy array dtype to be float32, actual type: float64[0m
  logger.warn(
/home/xi/anaconda3/envs/franky-sami/lib/python3.10/site-packages/gymnasium/utils/passive_env_checker.py:159: UserWarning: [33mWARN: The obs returned by the `reset()` method is not within the observation space.[0m
  logger.warn(f"{pre} is not within the observation space.")
/home/xi/anaconda3/envs/franky-sami/lib/python3.10/site-packages/gymnasium/core.py:311: UserWarning: [33mWARN: env.task to get variables from other wrappers is deprecated and will be removed in v1.0, to get this variable you can do `env.unwrapped.task` for environment variables or `env.get_wrapper_attr('task')` that will search the reminding wrappers.[0m
  logger.warn(
/home/xi/anaconda3/envs/franky-sami/lib/python3.10/site-packages/gymnasium/core.py:311: UserWarning: [33mWARN: env.set_obs_friction_mass to get variables from other wrappers is deprecated and will be removed in v1.0, to get this variable you can do `env.unwrapped.set_obs_friction_mass` for environment variables or `env.get_wrapper_attr('set_obs_friction_mass')` that will search the reminding wrappers.[0m
  logger.warn(
/home/xi/anaconda3/envs/franky-sami/lib/python3.10/site-packages/gymnasium/utils/passive_env_checker.py:135: UserWarning: [33mWARN: The obs returned by the `reset()` method was expecting numpy array dtype to be float32, actual type: float64[0m
  logger.warn(
/home/xi/anaconda3/envs/franky-sami/lib/python3.10/site-packages/gymnasium/utils/passive_env_checker.py:159: UserWarning: [33mWARN: The obs returned by the `reset()` method is not within the observation space.[0m
  logger.warn(f"{pre} is not within the observation space.")
pybullet build time: Jan 29 2025 23:16:28
pybullet build time: Jan 29 2025 23:16:28
/home/xi/anaconda3/envs/franky-sami/lib/python3.10/site-packages/gymnasium/utils/passive_env_checker.py:135: UserWarning: [33mWARN: The obs returned by the `step()` method was expecting numpy array dtype to be float32, actual type: float64[0m
  logger.warn(
/home/xi/anaconda3/envs/franky-sami/lib/python3.10/site-packages/gymnasium/utils/passive_env_checker.py:159: UserWarning: [33mWARN: The obs returned by the `step()` method is not within the observation space.[0m
  logger.warn(f"{pre} is not within the observation space.")
/home/xi/anaconda3/envs/franky-sami/lib/python3.10/site-packages/gymnasium/envs/registration.py:694: UserWarning: [33mWARN: Overriding environment PandaPush-v3 already in registry.[0m
  logger.warn(f"Overriding environment {new_spec.id} already in registry.")
/home/xi/anaconda3/envs/franky-sami/lib/python3.10/site-packages/gymnasium/envs/registration.py:694: UserWarning: [33mWARN: Overriding environment PandaPickAndPlace-v3 already in registry.[0m
  logger.warn(f"Overriding environment {new_spec.id} already in registry.")
/home/xi/anaconda3/envs/franky-sami/lib/python3.10/site-packages/gymnasium/envs/registration.py:694: UserWarning: [33mWARN: Overriding environment PandaPush-v3 already in registry.[0m
  logger.warn(f"Overriding environment {new_spec.id} already in registry.")
/home/xi/anaconda3/envs/franky-sami/lib/python3.10/site-packages/gymnasium/envs/registration.py:694: UserWarning: [33mWARN: Overriding environment PandaPickAndPlace-v3 already in registry.[0m
  logger.warn(f"Overriding environment {new_spec.id} already in registry.")
/home/xi/anaconda3/envs/franky-sami/lib/python3.10/site-packages/gymnasium/utils/passive_env_checker.py:135: UserWarning: [33mWARN: The obs returned by the `step()` method was expecting numpy array dtype to be float32, actual type: float64[0m
  logger.warn(
/home/xi/anaconda3/envs/franky-sami/lib/python3.10/site-packages/gymnasium/utils/passive_env_checker.py:159: UserWarning: [33mWARN: The obs returned by the `step()` method is not within the observation space.[0m
  logger.warn(f"{pre} is not within the observation space.")
/home/xi/anaconda3/envs/franky-sami/lib/python3.10/site-packages/gymnasium/core.py:311: UserWarning: [33mWARN: env.task to get variables from other wrappers is deprecated and will be removed in v1.0, to get this variable you can do `env.unwrapped.task` for environment variables or `env.get_wrapper_attr('task')` that will search the reminding wrappers.[0m
  logger.warn(
/home/xi/anaconda3/envs/franky-sami/lib/python3.10/site-packages/gymnasium/core.py:311: UserWarning: [33mWARN: env.set_obs_friction_mass to get variables from other wrappers is deprecated and will be removed in v1.0, to get this variable you can do `env.unwrapped.set_obs_friction_mass` for environment variables or `env.get_wrapper_attr('set_obs_friction_mass')` that will search the reminding wrappers.[0m
  logger.warn(
/home/xi/anaconda3/envs/franky-sami/lib/python3.10/site-packages/gymnasium/utils/passive_env_checker.py:135: UserWarning: [33mWARN: The obs returned by the `reset()` method was expecting numpy array dtype to be float32, actual type: float64[0m
  logger.warn(
/home/xi/anaconda3/envs/franky-sami/lib/python3.10/site-packages/gymnasium/utils/passive_env_checker.py:159: UserWarning: [33mWARN: The obs returned by the `reset()` method is not within the observation space.[0m
  logger.warn(f"{pre} is not within the observation space.")
/home/xi/anaconda3/envs/franky-sami/lib/python3.10/site-packages/gymnasium/core.py:311: UserWarning: [33mWARN: env.task to get variables from other wrappers is deprecated and will be removed in v1.0, to get this variable you can do `env.unwrapped.task` for environment variables or `env.get_wrapper_attr('task')` that will search the reminding wrappers.[0m
  logger.warn(
/home/xi/anaconda3/envs/franky-sami/lib/python3.10/site-packages/gymnasium/core.py:311: UserWarning: [33mWARN: env.set_obs_friction_mass to get variables from other wrappers is deprecated and will be removed in v1.0, to get this variable you can do `env.unwrapped.set_obs_friction_mass` for environment variables or `env.get_wrapper_attr('set_obs_friction_mass')` that will search the reminding wrappers.[0m
  logger.warn(
/home/xi/anaconda3/envs/franky-sami/lib/python3.10/site-packages/gymnasium/utils/passive_env_checker.py:135: UserWarning: [33mWARN: The obs returned by the `reset()` method was expecting numpy array dtype to be float32, actual type: float64[0m
  logger.warn(
/home/xi/anaconda3/envs/franky-sami/lib/python3.10/site-packages/gymnasium/utils/passive_env_checker.py:159: UserWarning: [33mWARN: The obs returned by the `reset()` method is not within the observation space.[0m
  logger.warn(f"{pre} is not within the observation space.")
/home/xi/anaconda3/envs/franky-sami/lib/python3.10/site-packages/gymnasium/utils/passive_env_checker.py:135: UserWarning: [33mWARN: The obs returned by the `step()` method was expecting numpy array dtype to be float32, actual type: float64[0m
  logger.warn(
/home/xi/anaconda3/envs/franky-sami/lib/python3.10/site-packages/gymnasium/utils/passive_env_checker.py:159: UserWarning: [33mWARN: The obs returned by the `step()` method is not within the observation space.[0m
  logger.warn(f"{pre} is not within the observation space.")
/home/xi/anaconda3/envs/franky-sami/lib/python3.10/site-packages/gymnasium/utils/passive_env_checker.py:135: UserWarning: [33mWARN: The obs returned by the `step()` method was expecting numpy array dtype to be float32, actual type: float64[0m
  logger.warn(
/home/xi/anaconda3/envs/franky-sami/lib/python3.10/site-packages/gymnasium/utils/passive_env_checker.py:159: UserWarning: [33mWARN: The obs returned by the `step()` method is not within the observation space.[0m
  logger.warn(f"{pre} is not within the observation space.")
0it [00:00, ?it/s]/home/xi/anaconda3/envs/franky-sami/lib/python3.10/site-packages/gymnasium/core.py:311: UserWarning: [33mWARN: env.task to get variables from other wrappers is deprecated and will be removed in v1.0, to get this variable you can do `env.unwrapped.task` for environment variables or `env.get_wrapper_attr('task')` that will search the reminding wrappers.[0m
  logger.warn(
/home/xi/anaconda3/envs/franky-sami/lib/python3.10/site-packages/gymnasium/core.py:311: UserWarning: [33mWARN: env.set_obs_friction_mass to get variables from other wrappers is deprecated and will be removed in v1.0, to get this variable you can do `env.unwrapped.set_obs_friction_mass` for environment variables or `env.get_wrapper_attr('set_obs_friction_mass')` that will search the reminding wrappers.[0m
  logger.warn(
/home/xi/anaconda3/envs/franky-sami/lib/python3.10/site-packages/gymnasium/utils/passive_env_checker.py:135: UserWarning: [33mWARN: The obs returned by the `reset()` method was expecting numpy array dtype to be float32, actual type: float64[0m
  logger.warn(
/home/xi/anaconda3/envs/franky-sami/lib/python3.10/site-packages/gymnasium/utils/passive_env_checker.py:159: UserWarning: [33mWARN: The obs returned by the `reset()` method is not within the observation space.[0m
  logger.warn(f"{pre} is not within the observation space.")
/home/xi/anaconda3/envs/franky-sami/lib/python3.10/site-packages/gymnasium/utils/passive_env_checker.py:135: UserWarning: [33mWARN: The obs returned by the `step()` method was expecting numpy array dtype to be float32, actual type: float64[0m
  logger.warn(
/home/xi/anaconda3/envs/franky-sami/lib/python3.10/site-packages/gymnasium/utils/passive_env_checker.py:159: UserWarning: [33mWARN: The obs returned by the `step()` method is not within the observation space.[0m
  logger.warn(f"{pre} is not within the observation space.")
1it [00:09,  9.06s/it]2it [00:14,  6.68s/it]3it [00:23,  7.80s/it]4it [00:27,  6.44s/it]4it [00:27,  6.89s/it]
{'model_parameters': {'method': 'TESAC', 'adversarial_loss_coef': 0.1, 'batch_size': 256, 'contrast_batch_size': 256, 'contrast_buffer_type': 'fine_grained', 'contrast_training_interval': 1, 'time_step': 5000000, 'causal_dim': 6, 'causal_hidden_dim': 128, 'buffer_size': 1000, 'use_weighted_info_nce': False, 'use_reward_norm': False, 'learning_rate': 0.001, 'train_freq': 128, 'gradient_steps': 16, 'encoder_tau': 0.05, 'neg_radio': 0.5, 'env_name': 'PandaPush-v3', 'env_hook': 'PandaHook', 'train_envs': '[(0, 30), (1, 1), (1, 30), (1, 5)]', 'test_envs': '[(0, 30), (1, 1), (1, 30), (1, 5)]', 'use_continue_train': False, 'save_video': False, 'seed': 100, 'config_path': '', 'test_eps_num_per_env': 50, 'use_wandb': False, 'wandb_project_name': 'franky-sami', 'wandb_team_name': 'skill-aware-rl'}, 'save_path': '/home/xi/yxh_space/SaMI/SaMI/output', 'sub_save_path': '/home/xi/yxh_space/SaMI/SaMI/output/2025-05-27-11:00:25-314369', 'save_model_path': '/home/xi/yxh_space/SaMI/SaMI/output/2025-05-27-11:00:25-314369/model.zip', 'log_path': '/home/xi/yxh_space/SaMI/SaMI/output/2025-05-27-11:00:25-314369/log.txt', 'code_path': '/home/xi/yxh_space/SaMI/SaMI/output/2025-05-27-11:00:25-314369/code.zip', 'config_path': '/home/xi/yxh_space/SaMI/SaMI/output/2025-05-27-11:00:25-314369/config.yaml', 'test_path': '/home/xi/yxh_space/SaMI/SaMI/output/2025-05-27-11:00:25-314369/test_result.yaml', 'test_tsne_path': '/home/xi/yxh_space/SaMI/SaMI/output/2025-05-27-11:00:25-314369/tsne.jpg', 'test_table_path': '/home/xi/yxh_space/SaMI/SaMI/output/2025-05-27-11:00:25-314369/tables', 'test_image_path': '/home/xi/yxh_space/SaMI/SaMI/output/2025-05-27-11:00:25-314369/images', 'test_video_path': '/home/xi/yxh_space/SaMI/SaMI/output/2025-05-27-11:00:25-314369/videos'}
argv[0]=--background_color_red=0.8745098114013672
argv[1]=--background_color_green=0.21176470816135406
argv[2]=--background_color_blue=0.1764705926179886
argv[0]=--background_color_red=0.8745098114013672
argv[1]=--background_color_green=0.21176470816135406
argv[2]=--background_color_blue=0.1764705926179886
argv[0]=--background_color_red=0.8745098114013672
argv[1]=--background_color_green=0.21176470816135406
argv[2]=--background_color_blue=0.1764705926179886
argv[0]=--background_color_red=0.8745098114013672
argv[1]=--background_color_green=0.21176470816135406
argv[2]=--background_color_blue=0.1764705926179886
argv[0]=--background_color_red=0.8745098114013672
argv[1]=--background_color_green=0.21176470816135406
argv[2]=--background_color_blue=0.1764705926179886
argv[0]=--background_color_red=0.8745098114013672
argv[1]=--background_color_green=0.21176470816135406
argv[2]=--background_color_blue=0.1764705926179886
argv[0]=--background_color_red=0.8745098114013672
argv[1]=--background_color_green=0.21176470816135406
argv[2]=--background_color_blue=0.1764705926179886
argv[0]=--background_color_red=0.8745098114013672
argv[1]=--background_color_green=0.21176470816135406
argv[2]=--background_color_blue=0.1764705926179886
0it [00:00, ?it/s]/home/xi/anaconda3/envs/franky-sami/lib/python3.10/site-packages/gymnasium/core.py:311: UserWarning: [33mWARN: env.task to get variables from other wrappers is deprecated and will be removed in v1.0, to get this variable you can do `env.unwrapped.task` for environment variables or `env.get_wrapper_attr('task')` that will search the reminding wrappers.[0m
  logger.warn(
/home/xi/anaconda3/envs/franky-sami/lib/python3.10/site-packages/gymnasium/core.py:311: UserWarning: [33mWARN: env.set_obs_friction_mass to get variables from other wrappers is deprecated and will be removed in v1.0, to get this variable you can do `env.unwrapped.set_obs_friction_mass` for environment variables or `env.get_wrapper_attr('set_obs_friction_mass')` that will search the reminding wrappers.[0m
  logger.warn(
/home/xi/anaconda3/envs/franky-sami/lib/python3.10/site-packages/gymnasium/utils/passive_env_checker.py:135: UserWarning: [33mWARN: The obs returned by the `reset()` method was expecting numpy array dtype to be float32, actual type: float64[0m
  logger.warn(
/home/xi/anaconda3/envs/franky-sami/lib/python3.10/site-packages/gymnasium/utils/passive_env_checker.py:159: UserWarning: [33mWARN: The obs returned by the `reset()` method is not within the observation space.[0m
  logger.warn(f"{pre} is not within the observation space.")
/home/xi/anaconda3/envs/franky-sami/lib/python3.10/site-packages/gymnasium/utils/passive_env_checker.py:135: UserWarning: [33mWARN: The obs returned by the `step()` method was expecting numpy array dtype to be float32, actual type: float64[0m
  logger.warn(
/home/xi/anaconda3/envs/franky-sami/lib/python3.10/site-packages/gymnasium/utils/passive_env_checker.py:159: UserWarning: [33mWARN: The obs returned by the `step()` method is not within the observation space.[0m
  logger.warn(f"{pre} is not within the observation space.")
1it [00:50, 50.65s/it]2it [01:47, 54.08s/it]3it [02:37, 52.52s/it]4it [03:35, 54.72s/it]4it [03:35, 53.97s/it]
{'model_parameters': {'method': 'SaCCM', 'adversarial_loss_coef': 1.0, 'batch_size': 256, 'contrast_batch_size': 256, 'contrast_buffer_type': 'fine_grained', 'contrast_training_interval': 1, 'time_step': 3000000, 'causal_dim': 6, 'causal_hidden_dim': 128, 'buffer_size': 1000, 'use_weighted_info_nce': False, 'use_reward_norm': False, 'learning_rate': 0.001, 'train_freq': 128, 'gradient_steps': 16, 'encoder_tau': 0.05, 'neg_radio': 0.5, 'env_name': 'PandaPush-v3', 'env_hook': 'PandaHook', 'train_envs': '[(0, 30), (1, 1), (1, 30), (1, 5)]', 'test_envs': '[(0, 30), (1, 1), (1, 30), (1, 5)]', 'use_continue_train': True, 'save_video': False, 'seed': 100, 'config_path': '/home/xi/yxh_space/SaMI/SaMI/saved_models/PandaPush_obs22_object_size_6cm_gripper_constraint/SaCCM_trainenv_mix_cube_height_coef_0_1_continue_training', 'test_eps_num_per_env': 50, 'use_wandb': False, 'wandb_project_name': 'franky-sami', 'wandb_team_name': 'skill-aware-rl'}, 'save_path': '/home/xi/yxh_space/SaMI/SaMI/output', 'sub_save_path': '/home/xi/yxh_space/SaMI/SaMI/output/2025-05-27-11:08:46-594686', 'save_model_path': '/home/xi/yxh_space/SaMI/SaMI/output/2025-05-27-11:08:46-594686/model.zip', 'log_path': '/home/xi/yxh_space/SaMI/SaMI/output/2025-05-27-11:08:46-594686/log.txt', 'code_path': '/home/xi/yxh_space/SaMI/SaMI/output/2025-05-27-11:08:46-594686/code.zip', 'config_path': '/home/xi/yxh_space/SaMI/SaMI/output/2025-05-27-11:08:46-594686/config.yaml', 'test_path': '/home/xi/yxh_space/SaMI/SaMI/output/2025-05-27-11:08:46-594686/test_result.yaml', 'test_tsne_path': '/home/xi/yxh_space/SaMI/SaMI/output/2025-05-27-11:08:46-594686/tsne.jpg', 'test_table_path': '/home/xi/yxh_space/SaMI/SaMI/output/2025-05-27-11:08:46-594686/tables', 'test_image_path': '/home/xi/yxh_space/SaMI/SaMI/output/2025-05-27-11:08:46-594686/images', 'test_video_path': '/home/xi/yxh_space/SaMI/SaMI/output/2025-05-27-11:08:46-594686/videos'}
loading from config, origin model_parameters setting is out of date.
loading from config, origin model_parameters setting is out of date.
argv[0]=--background_color_red=0.8745098114013672
argv[1]=--background_color_green=0.21176470816135406
argv[2]=--background_color_blue=0.1764705926179886
argv[0]=--background_color_red=0.8745098114013672
argv[1]=--background_color_green=0.21176470816135406
argv[2]=--background_color_blue=0.1764705926179886
argv[0]=--background_color_red=0.8745098114013672
argv[1]=--background_color_green=0.21176470816135406
argv[2]=--background_color_blue=0.1764705926179886
argv[0]=--background_color_red=0.8745098114013672
argv[1]=--background_color_green=0.21176470816135406
argv[2]=--background_color_blue=0.1764705926179886
argv[0]=--background_color_red=0.8745098114013672
argv[1]=--background_color_green=0.21176470816135406
argv[2]=--background_color_blue=0.1764705926179886
argv[0]=--background_color_red=0.8745098114013672
argv[1]=--background_color_green=0.21176470816135406
argv[2]=--background_color_blue=0.1764705926179886
argv[0]=--background_color_red=0.8745098114013672
argv[1]=--background_color_green=0.21176470816135406
argv[2]=--background_color_blue=0.1764705926179886
argv[0]=--background_color_red=0.8745098114013672
argv[1]=--background_color_green=0.21176470816135406
argv[2]=--background_color_blue=0.1764705926179886
0it [00:00, ?it/s]/home/xi/anaconda3/envs/franky-sami/lib/python3.10/site-packages/gymnasium/core.py:311: UserWarning: [33mWARN: env.task to get variables from other wrappers is deprecated and will be removed in v1.0, to get this variable you can do `env.unwrapped.task` for environment variables or `env.get_wrapper_attr('task')` that will search the reminding wrappers.[0m
  logger.warn(
/home/xi/anaconda3/envs/franky-sami/lib/python3.10/site-packages/gymnasium/core.py:311: UserWarning: [33mWARN: env.set_obs_friction_mass to get variables from other wrappers is deprecated and will be removed in v1.0, to get this variable you can do `env.unwrapped.set_obs_friction_mass` for environment variables or `env.get_wrapper_attr('set_obs_friction_mass')` that will search the reminding wrappers.[0m
  logger.warn(
/home/xi/anaconda3/envs/franky-sami/lib/python3.10/site-packages/gymnasium/utils/passive_env_checker.py:135: UserWarning: [33mWARN: The obs returned by the `reset()` method was expecting numpy array dtype to be float32, actual type: float64[0m
  logger.warn(
/home/xi/anaconda3/envs/franky-sami/lib/python3.10/site-packages/gymnasium/utils/passive_env_checker.py:159: UserWarning: [33mWARN: The obs returned by the `reset()` method is not within the observation space.[0m
  logger.warn(f"{pre} is not within the observation space.")
/home/xi/anaconda3/envs/franky-sami/lib/python3.10/site-packages/gymnasium/utils/passive_env_checker.py:135: UserWarning: [33mWARN: The obs returned by the `step()` method was expecting numpy array dtype to be float32, actual type: float64[0m
  logger.warn(
/home/xi/anaconda3/envs/franky-sami/lib/python3.10/site-packages/gymnasium/utils/passive_env_checker.py:159: UserWarning: [33mWARN: The obs returned by the `step()` method is not within the observation space.[0m
  logger.warn(f"{pre} is not within the observation space.")
1it [00:31, 31.26s/it]2it [01:12, 36.84s/it]3it [01:57, 40.97s/it]4it [02:35, 39.83s/it]4it [02:35, 38.99s/it]
{'model_parameters': {'method': 'SaSAC', 'adversarial_loss_coef': 1.0, 'batch_size': 256, 'contrast_batch_size': 256, 'contrast_buffer_type': 'fine_grained', 'contrast_training_interval': 1, 'time_step': 3000000, 'causal_dim': 6, 'causal_hidden_dim': 128, 'buffer_size': 1000, 'use_weighted_info_nce': False, 'use_reward_norm': False, 'learning_rate': 0.001, 'train_freq': 128, 'gradient_steps': 16, 'encoder_tau': 0.05, 'neg_radio': 0.5, 'env_name': 'PandaPush-v3', 'env_hook': 'PandaHook', 'train_envs': '[(0, 30), (1, 1), (1, 30), (1, 5)]', 'test_envs': '[(0, 30), (1, 1), (1, 30), (1, 5)]', 'use_continue_train': True, 'save_video': False, 'seed': 100, 'config_path': '/home/xi/yxh_space/SaMI/SaMI/saved_models/PandaPush_obs22_object_size_6cm_gripper_constraint/SaSAC_trainenv_mix_cube_height_coef_0_1', 'test_eps_num_per_env': 50, 'use_wandb': False, 'wandb_project_name': 'franky-sami', 'wandb_team_name': 'skill-aware-rl'}, 'save_path': '/home/xi/yxh_space/SaMI/SaMI/output', 'sub_save_path': '/home/xi/yxh_space/SaMI/SaMI/output/2025-05-27-11:08:46-351421', 'save_model_path': '/home/xi/yxh_space/SaMI/SaMI/output/2025-05-27-11:08:46-351421/model.zip', 'log_path': '/home/xi/yxh_space/SaMI/SaMI/output/2025-05-27-11:08:46-351421/log.txt', 'code_path': '/home/xi/yxh_space/SaMI/SaMI/output/2025-05-27-11:08:46-351421/code.zip', 'config_path': '/home/xi/yxh_space/SaMI/SaMI/output/2025-05-27-11:08:46-351421/config.yaml', 'test_path': '/home/xi/yxh_space/SaMI/SaMI/output/2025-05-27-11:08:46-351421/test_result.yaml', 'test_tsne_path': '/home/xi/yxh_space/SaMI/SaMI/output/2025-05-27-11:08:46-351421/tsne.jpg', 'test_table_path': '/home/xi/yxh_space/SaMI/SaMI/output/2025-05-27-11:08:46-351421/tables', 'test_image_path': '/home/xi/yxh_space/SaMI/SaMI/output/2025-05-27-11:08:46-351421/images', 'test_video_path': '/home/xi/yxh_space/SaMI/SaMI/output/2025-05-27-11:08:46-351421/videos'}
loading from config, origin model_parameters setting is out of date.
loading from config, origin model_parameters setting is out of date.
argv[0]=--background_color_red=0.8745098114013672
argv[1]=--background_color_green=0.21176470816135406
argv[2]=--background_color_blue=0.1764705926179886
argv[0]=--background_color_red=0.8745098114013672
argv[1]=--background_color_green=0.21176470816135406
argv[2]=--background_color_blue=0.1764705926179886
argv[0]=--background_color_red=0.8745098114013672
argv[1]=--background_color_green=0.21176470816135406
argv[2]=--background_color_blue=0.1764705926179886
argv[0]=--background_color_red=0.8745098114013672
argv[1]=--background_color_green=0.21176470816135406
argv[2]=--background_color_blue=0.1764705926179886
argv[0]=--background_color_red=0.8745098114013672
argv[1]=--background_color_green=0.21176470816135406
argv[2]=--background_color_blue=0.1764705926179886
argv[0]=--background_color_red=0.8745098114013672
argv[1]=--background_color_green=0.21176470816135406
argv[2]=--background_color_blue=0.1764705926179886
argv[0]=--background_color_red=0.8745098114013672
argv[1]=--background_color_green=0.21176470816135406
argv[2]=--background_color_blue=0.1764705926179886
argv[0]=--background_color_red=0.8745098114013672
argv[1]=--background_color_green=0.21176470816135406
argv[2]=--background_color_blue=0.1764705926179886
0it [00:00, ?it/s]/home/xi/anaconda3/envs/franky-sami/lib/python3.10/site-packages/gymnasium/core.py:311: UserWarning: [33mWARN: env.task to get variables from other wrappers is deprecated and will be removed in v1.0, to get this variable you can do `env.unwrapped.task` for environment variables or `env.get_wrapper_attr('task')` that will search the reminding wrappers.[0m
  logger.warn(
/home/xi/anaconda3/envs/franky-sami/lib/python3.10/site-packages/gymnasium/core.py:311: UserWarning: [33mWARN: env.set_obs_friction_mass to get variables from other wrappers is deprecated and will be removed in v1.0, to get this variable you can do `env.unwrapped.set_obs_friction_mass` for environment variables or `env.get_wrapper_attr('set_obs_friction_mass')` that will search the reminding wrappers.[0m
  logger.warn(
/home/xi/anaconda3/envs/franky-sami/lib/python3.10/site-packages/gymnasium/utils/passive_env_checker.py:135: UserWarning: [33mWARN: The obs returned by the `reset()` method was expecting numpy array dtype to be float32, actual type: float64[0m
  logger.warn(
/home/xi/anaconda3/envs/franky-sami/lib/python3.10/site-packages/gymnasium/utils/passive_env_checker.py:159: UserWarning: [33mWARN: The obs returned by the `reset()` method is not within the observation space.[0m
  logger.warn(f"{pre} is not within the observation space.")
/home/xi/anaconda3/envs/franky-sami/lib/python3.10/site-packages/gymnasium/utils/passive_env_checker.py:135: UserWarning: [33mWARN: The obs returned by the `step()` method was expecting numpy array dtype to be float32, actual type: float64[0m
  logger.warn(
/home/xi/anaconda3/envs/franky-sami/lib/python3.10/site-packages/gymnasium/utils/passive_env_checker.py:159: UserWarning: [33mWARN: The obs returned by the `step()` method is not within the observation space.[0m
  logger.warn(f"{pre} is not within the observation space.")
1it [00:41, 41.64s/it]2it [01:18, 38.70s/it]3it [01:41, 31.77s/it]4it [02:21, 35.08s/it]4it [02:21, 35.49s/it]
{'model_parameters': {'method': 'SaSAC', 'adversarial_loss_coef': 0.01, 'batch_size': 256, 'contrast_batch_size': 256, 'contrast_buffer_type': 'fine_grained', 'contrast_training_interval': 1, 'time_step': 5000000, 'causal_dim': 6, 'causal_hidden_dim': 128, 'buffer_size': 1000, 'use_weighted_info_nce': False, 'use_reward_norm': False, 'learning_rate': 0.001, 'train_freq': 128, 'gradient_steps': 16, 'encoder_tau': 0.05, 'neg_radio': 0.5, 'env_name': 'PandaPush-v3', 'env_hook': 'PandaHook', 'train_envs': '[(0, 30), (1, 1), (1, 30), (1, 5)]', 'test_envs': '[(0, 30), (1, 1), (1, 30), (1, 5)]', 'use_continue_train': False, 'save_video': False, 'seed': 100, 'config_path': '', 'test_eps_num_per_env': 50, 'use_wandb': False, 'wandb_project_name': 'franky-sami', 'wandb_team_name': 'skill-aware-rl'}, 'save_path': '/home/xi/yxh_space/SaMI/SaMI/output', 'sub_save_path': '/home/xi/yxh_space/SaMI/SaMI/output/2025-05-27-18:38:40-235021', 'save_model_path': '/home/xi/yxh_space/SaMI/SaMI/output/2025-05-27-18:38:40-235021/model.zip', 'log_path': '/home/xi/yxh_space/SaMI/SaMI/output/2025-05-27-18:38:40-235021/log.txt', 'code_path': '/home/xi/yxh_space/SaMI/SaMI/output/2025-05-27-18:38:40-235021/code.zip', 'config_path': '/home/xi/yxh_space/SaMI/SaMI/output/2025-05-27-18:38:40-235021/config.yaml', 'test_path': '/home/xi/yxh_space/SaMI/SaMI/output/2025-05-27-18:38:40-235021/test_result.yaml', 'test_tsne_path': '/home/xi/yxh_space/SaMI/SaMI/output/2025-05-27-18:38:40-235021/tsne.jpg', 'test_table_path': '/home/xi/yxh_space/SaMI/SaMI/output/2025-05-27-18:38:40-235021/tables', 'test_image_path': '/home/xi/yxh_space/SaMI/SaMI/output/2025-05-27-18:38:40-235021/images', 'test_video_path': '/home/xi/yxh_space/SaMI/SaMI/output/2025-05-27-18:38:40-235021/videos'}
argv[0]=--background_color_red=0.8745098114013672
argv[1]=--background_color_green=0.21176470816135406
argv[2]=--background_color_blue=0.1764705926179886
argv[0]=--background_color_red=0.8745098114013672
argv[1]=--background_color_green=0.21176470816135406
argv[2]=--background_color_blue=0.1764705926179886
argv[0]=--background_color_red=0.8745098114013672
argv[1]=--background_color_green=0.21176470816135406
argv[2]=--background_color_blue=0.1764705926179886
argv[0]=--background_color_red=0.8745098114013672
argv[1]=--background_color_green=0.21176470816135406
argv[2]=--background_color_blue=0.1764705926179886
argv[0]=--background_color_red=0.8745098114013672
argv[1]=--background_color_green=0.21176470816135406
argv[2]=--background_color_blue=0.1764705926179886
argv[0]=--background_color_red=0.8745098114013672
argv[1]=--background_color_green=0.21176470816135406
argv[2]=--background_color_blue=0.1764705926179886
argv[0]=--background_color_red=0.8745098114013672
argv[1]=--background_color_green=0.21176470816135406
argv[2]=--background_color_blue=0.1764705926179886
argv[0]=--background_color_red=0.8745098114013672
argv[1]=--background_color_green=0.21176470816135406
argv[2]=--background_color_blue=0.1764705926179886
0it [00:00, ?it/s]/home/xi/anaconda3/envs/franky-sami/lib/python3.10/site-packages/gymnasium/core.py:311: UserWarning: [33mWARN: env.task to get variables from other wrappers is deprecated and will be removed in v1.0, to get this variable you can do `env.unwrapped.task` for environment variables or `env.get_wrapper_attr('task')` that will search the reminding wrappers.[0m
  logger.warn(
/home/xi/anaconda3/envs/franky-sami/lib/python3.10/site-packages/gymnasium/core.py:311: UserWarning: [33mWARN: env.set_obs_friction_mass to get variables from other wrappers is deprecated and will be removed in v1.0, to get this variable you can do `env.unwrapped.set_obs_friction_mass` for environment variables or `env.get_wrapper_attr('set_obs_friction_mass')` that will search the reminding wrappers.[0m
  logger.warn(
/home/xi/anaconda3/envs/franky-sami/lib/python3.10/site-packages/gymnasium/utils/passive_env_checker.py:135: UserWarning: [33mWARN: The obs returned by the `reset()` method was expecting numpy array dtype to be float32, actual type: float64[0m
  logger.warn(
/home/xi/anaconda3/envs/franky-sami/lib/python3.10/site-packages/gymnasium/utils/passive_env_checker.py:159: UserWarning: [33mWARN: The obs returned by the `reset()` method is not within the observation space.[0m
  logger.warn(f"{pre} is not within the observation space.")
/home/xi/anaconda3/envs/franky-sami/lib/python3.10/site-packages/gymnasium/utils/passive_env_checker.py:135: UserWarning: [33mWARN: The obs returned by the `step()` method was expecting numpy array dtype to be float32, actual type: float64[0m
  logger.warn(
/home/xi/anaconda3/envs/franky-sami/lib/python3.10/site-packages/gymnasium/utils/passive_env_checker.py:159: UserWarning: [33mWARN: The obs returned by the `step()` method is not within the observation space.[0m
  logger.warn(f"{pre} is not within the observation space.")
1it [00:22, 22.19s/it]2it [00:33, 15.91s/it]3it [01:00, 21.01s/it]4it [01:18, 19.76s/it]4it [01:18, 19.65s/it]
{'model_parameters': {'method': 'SaSAC', 'adversarial_loss_coef': 0.1, 'batch_size': 256, 'contrast_batch_size': 256, 'contrast_buffer_type': 'fine_grained', 'contrast_training_interval': 1, 'time_step': 5000000, 'causal_dim': 6, 'causal_hidden_dim': 128, 'buffer_size': 1000, 'use_weighted_info_nce': False, 'use_reward_norm': False, 'learning_rate': 0.001, 'train_freq': 128, 'gradient_steps': 16, 'encoder_tau': 0.05, 'neg_radio': 0.5, 'env_name': 'PandaPush-v3', 'env_hook': 'PandaHook', 'train_envs': '[(0, 30), (1, 1), (1, 30), (1, 5)]', 'test_envs': '[(0, 30), (1, 1), (1, 30), (1, 5)]', 'use_continue_train': False, 'save_video': False, 'seed': 100, 'config_path': '', 'test_eps_num_per_env': 50, 'use_wandb': False, 'wandb_project_name': 'franky-sami', 'wandb_team_name': 'skill-aware-rl'}, 'save_path': '/home/xi/yxh_space/SaMI/SaMI/output', 'sub_save_path': '/home/xi/yxh_space/SaMI/SaMI/output/2025-05-27-18:38:39-862331', 'save_model_path': '/home/xi/yxh_space/SaMI/SaMI/output/2025-05-27-18:38:39-862331/model.zip', 'log_path': '/home/xi/yxh_space/SaMI/SaMI/output/2025-05-27-18:38:39-862331/log.txt', 'code_path': '/home/xi/yxh_space/SaMI/SaMI/output/2025-05-27-18:38:39-862331/code.zip', 'config_path': '/home/xi/yxh_space/SaMI/SaMI/output/2025-05-27-18:38:39-862331/config.yaml', 'test_path': '/home/xi/yxh_space/SaMI/SaMI/output/2025-05-27-18:38:39-862331/test_result.yaml', 'test_tsne_path': '/home/xi/yxh_space/SaMI/SaMI/output/2025-05-27-18:38:39-862331/tsne.jpg', 'test_table_path': '/home/xi/yxh_space/SaMI/SaMI/output/2025-05-27-18:38:39-862331/tables', 'test_image_path': '/home/xi/yxh_space/SaMI/SaMI/output/2025-05-27-18:38:39-862331/images', 'test_video_path': '/home/xi/yxh_space/SaMI/SaMI/output/2025-05-27-18:38:39-862331/videos'}
argv[0]=--background_color_red=0.8745098114013672
argv[1]=--background_color_green=0.21176470816135406
argv[2]=--background_color_blue=0.1764705926179886
argv[0]=--background_color_red=0.8745098114013672
argv[1]=--background_color_green=0.21176470816135406
argv[2]=--background_color_blue=0.1764705926179886
argv[0]=--background_color_red=0.8745098114013672
argv[1]=--background_color_green=0.21176470816135406
argv[2]=--background_color_blue=0.1764705926179886
argv[0]=--background_color_red=0.8745098114013672
argv[1]=--background_color_green=0.21176470816135406
argv[2]=--background_color_blue=0.1764705926179886
argv[0]=--background_color_red=0.8745098114013672
argv[1]=--background_color_green=0.21176470816135406
argv[2]=--background_color_blue=0.1764705926179886
argv[0]=--background_color_red=0.8745098114013672
argv[1]=--background_color_green=0.21176470816135406
argv[2]=--background_color_blue=0.1764705926179886
argv[0]=--background_color_red=0.8745098114013672
argv[1]=--background_color_green=0.21176470816135406
argv[2]=--background_color_blue=0.1764705926179886
argv[0]=--background_color_red=0.8745098114013672
argv[1]=--background_color_green=0.21176470816135406
argv[2]=--background_color_blue=0.1764705926179886
0it [00:00, ?it/s]/home/xi/anaconda3/envs/franky-sami/lib/python3.10/site-packages/gymnasium/core.py:311: UserWarning: [33mWARN: env.task to get variables from other wrappers is deprecated and will be removed in v1.0, to get this variable you can do `env.unwrapped.task` for environment variables or `env.get_wrapper_attr('task')` that will search the reminding wrappers.[0m
  logger.warn(
/home/xi/anaconda3/envs/franky-sami/lib/python3.10/site-packages/gymnasium/core.py:311: UserWarning: [33mWARN: env.set_obs_friction_mass to get variables from other wrappers is deprecated and will be removed in v1.0, to get this variable you can do `env.unwrapped.set_obs_friction_mass` for environment variables or `env.get_wrapper_attr('set_obs_friction_mass')` that will search the reminding wrappers.[0m
  logger.warn(
/home/xi/anaconda3/envs/franky-sami/lib/python3.10/site-packages/gymnasium/utils/passive_env_checker.py:135: UserWarning: [33mWARN: The obs returned by the `reset()` method was expecting numpy array dtype to be float32, actual type: float64[0m
  logger.warn(
/home/xi/anaconda3/envs/franky-sami/lib/python3.10/site-packages/gymnasium/utils/passive_env_checker.py:159: UserWarning: [33mWARN: The obs returned by the `reset()` method is not within the observation space.[0m
  logger.warn(f"{pre} is not within the observation space.")
/home/xi/anaconda3/envs/franky-sami/lib/python3.10/site-packages/gymnasium/utils/passive_env_checker.py:135: UserWarning: [33mWARN: The obs returned by the `step()` method was expecting numpy array dtype to be float32, actual type: float64[0m
  logger.warn(
/home/xi/anaconda3/envs/franky-sami/lib/python3.10/site-packages/gymnasium/utils/passive_env_checker.py:159: UserWarning: [33mWARN: The obs returned by the `step()` method is not within the observation space.[0m
  logger.warn(f"{pre} is not within the observation space.")
1it [00:06,  6.85s/it]2it [00:34, 19.11s/it]3it [00:53, 19.15s/it]4it [01:11, 18.44s/it]4it [01:11, 17.78s/it]
{'model_parameters': {'method': 'SaCCM', 'adversarial_loss_coef': 0.1, 'batch_size': 256, 'contrast_batch_size': 256, 'contrast_buffer_type': 'fine_grained', 'contrast_training_interval': 1, 'time_step': 5000000, 'causal_dim': 6, 'causal_hidden_dim': 128, 'buffer_size': 1000, 'use_weighted_info_nce': False, 'use_reward_norm': False, 'learning_rate': 0.001, 'train_freq': 128, 'gradient_steps': 16, 'encoder_tau': 0.05, 'neg_radio': 0.5, 'env_name': 'PandaPush-v3', 'env_hook': 'PandaHook', 'train_envs': '[(0, 30), (1, 1), (1, 30), (1, 5)]', 'test_envs': '[(0, 30), (1, 1), (1, 30), (1, 5)]', 'use_continue_train': False, 'save_video': False, 'seed': 100, 'config_path': '', 'test_eps_num_per_env': 50, 'use_wandb': False, 'wandb_project_name': 'franky-sami', 'wandb_team_name': 'skill-aware-rl'}, 'save_path': '/home/xi/yxh_space/SaMI/SaMI/output', 'sub_save_path': '/home/xi/yxh_space/SaMI/SaMI/output/2025-05-27-18:38:41-206249', 'save_model_path': '/home/xi/yxh_space/SaMI/SaMI/output/2025-05-27-18:38:41-206249/model.zip', 'log_path': '/home/xi/yxh_space/SaMI/SaMI/output/2025-05-27-18:38:41-206249/log.txt', 'code_path': '/home/xi/yxh_space/SaMI/SaMI/output/2025-05-27-18:38:41-206249/code.zip', 'config_path': '/home/xi/yxh_space/SaMI/SaMI/output/2025-05-27-18:38:41-206249/config.yaml', 'test_path': '/home/xi/yxh_space/SaMI/SaMI/output/2025-05-27-18:38:41-206249/test_result.yaml', 'test_tsne_path': '/home/xi/yxh_space/SaMI/SaMI/output/2025-05-27-18:38:41-206249/tsne.jpg', 'test_table_path': '/home/xi/yxh_space/SaMI/SaMI/output/2025-05-27-18:38:41-206249/tables', 'test_image_path': '/home/xi/yxh_space/SaMI/SaMI/output/2025-05-27-18:38:41-206249/images', 'test_video_path': '/home/xi/yxh_space/SaMI/SaMI/output/2025-05-27-18:38:41-206249/videos'}
argv[0]=--background_color_red=0.8745098114013672
argv[1]=--background_color_green=0.21176470816135406
argv[2]=--background_color_blue=0.1764705926179886
argv[0]=--background_color_red=0.8745098114013672
argv[1]=--background_color_green=0.21176470816135406
argv[2]=--background_color_blue=0.1764705926179886
argv[0]=--background_color_red=0.8745098114013672
argv[1]=--background_color_green=0.21176470816135406
argv[2]=--background_color_blue=0.1764705926179886
argv[0]=--background_color_red=0.8745098114013672
argv[1]=--background_color_green=0.21176470816135406
argv[2]=--background_color_blue=0.1764705926179886
argv[0]=--background_color_red=0.8745098114013672
argv[1]=--background_color_green=0.21176470816135406
argv[2]=--background_color_blue=0.1764705926179886
argv[0]=--background_color_red=0.8745098114013672
argv[1]=--background_color_green=0.21176470816135406
argv[2]=--background_color_blue=0.1764705926179886
argv[0]=--background_color_red=0.8745098114013672
argv[1]=--background_color_green=0.21176470816135406
argv[2]=--background_color_blue=0.1764705926179886
argv[0]=--background_color_red=0.8745098114013672
argv[1]=--background_color_green=0.21176470816135406
argv[2]=--background_color_blue=0.1764705926179886
0it [00:00, ?it/s]/home/xi/anaconda3/envs/franky-sami/lib/python3.10/site-packages/gymnasium/core.py:311: UserWarning: [33mWARN: env.task to get variables from other wrappers is deprecated and will be removed in v1.0, to get this variable you can do `env.unwrapped.task` for environment variables or `env.get_wrapper_attr('task')` that will search the reminding wrappers.[0m
  logger.warn(
/home/xi/anaconda3/envs/franky-sami/lib/python3.10/site-packages/gymnasium/core.py:311: UserWarning: [33mWARN: env.set_obs_friction_mass to get variables from other wrappers is deprecated and will be removed in v1.0, to get this variable you can do `env.unwrapped.set_obs_friction_mass` for environment variables or `env.get_wrapper_attr('set_obs_friction_mass')` that will search the reminding wrappers.[0m
  logger.warn(
/home/xi/anaconda3/envs/franky-sami/lib/python3.10/site-packages/gymnasium/utils/passive_env_checker.py:135: UserWarning: [33mWARN: The obs returned by the `reset()` method was expecting numpy array dtype to be float32, actual type: float64[0m
  logger.warn(
/home/xi/anaconda3/envs/franky-sami/lib/python3.10/site-packages/gymnasium/utils/passive_env_checker.py:159: UserWarning: [33mWARN: The obs returned by the `reset()` method is not within the observation space.[0m
  logger.warn(f"{pre} is not within the observation space.")
/home/xi/anaconda3/envs/franky-sami/lib/python3.10/site-packages/gymnasium/utils/passive_env_checker.py:135: UserWarning: [33mWARN: The obs returned by the `step()` method was expecting numpy array dtype to be float32, actual type: float64[0m
  logger.warn(
/home/xi/anaconda3/envs/franky-sami/lib/python3.10/site-packages/gymnasium/utils/passive_env_checker.py:159: UserWarning: [33mWARN: The obs returned by the `step()` method is not within the observation space.[0m
  logger.warn(f"{pre} is not within the observation space.")
1it [00:15, 15.23s/it]2it [00:20,  9.16s/it]3it [00:42, 14.99s/it]4it [01:00, 16.27s/it]4it [01:00, 15.07s/it]
{'model_parameters': {'method': 'SaCCM', 'adversarial_loss_coef': 0.01, 'batch_size': 256, 'contrast_batch_size': 256, 'contrast_buffer_type': 'fine_grained', 'contrast_training_interval': 1, 'time_step': 5000000, 'causal_dim': 6, 'causal_hidden_dim': 128, 'buffer_size': 1000, 'use_weighted_info_nce': False, 'use_reward_norm': False, 'learning_rate': 0.001, 'train_freq': 128, 'gradient_steps': 16, 'encoder_tau': 0.05, 'neg_radio': 0.5, 'env_name': 'PandaPush-v3', 'env_hook': 'PandaHook', 'train_envs': '[(0, 30), (1, 1), (1, 30), (1, 5)]', 'test_envs': '[(0, 30), (1, 1), (1, 30), (1, 5)]', 'use_continue_train': False, 'save_video': False, 'seed': 100, 'config_path': '', 'test_eps_num_per_env': 50, 'use_wandb': False, 'wandb_project_name': 'franky-sami', 'wandb_team_name': 'skill-aware-rl'}, 'save_path': '/home/xi/yxh_space/SaMI/SaMI/output', 'sub_save_path': '/home/xi/yxh_space/SaMI/SaMI/output/2025-05-27-18:38:41-829248', 'save_model_path': '/home/xi/yxh_space/SaMI/SaMI/output/2025-05-27-18:38:41-829248/model.zip', 'log_path': '/home/xi/yxh_space/SaMI/SaMI/output/2025-05-27-18:38:41-829248/log.txt', 'code_path': '/home/xi/yxh_space/SaMI/SaMI/output/2025-05-27-18:38:41-829248/code.zip', 'config_path': '/home/xi/yxh_space/SaMI/SaMI/output/2025-05-27-18:38:41-829248/config.yaml', 'test_path': '/home/xi/yxh_space/SaMI/SaMI/output/2025-05-27-18:38:41-829248/test_result.yaml', 'test_tsne_path': '/home/xi/yxh_space/SaMI/SaMI/output/2025-05-27-18:38:41-829248/tsne.jpg', 'test_table_path': '/home/xi/yxh_space/SaMI/SaMI/output/2025-05-27-18:38:41-829248/tables', 'test_image_path': '/home/xi/yxh_space/SaMI/SaMI/output/2025-05-27-18:38:41-829248/images', 'test_video_path': '/home/xi/yxh_space/SaMI/SaMI/output/2025-05-27-18:38:41-829248/videos'}
argv[0]=--background_color_red=0.8745098114013672
argv[1]=--background_color_green=0.21176470816135406
argv[2]=--background_color_blue=0.1764705926179886
argv[0]=--background_color_red=0.8745098114013672
argv[1]=--background_color_green=0.21176470816135406
argv[2]=--background_color_blue=0.1764705926179886
argv[0]=--background_color_red=0.8745098114013672
argv[1]=--background_color_green=0.21176470816135406
argv[2]=--background_color_blue=0.1764705926179886
argv[0]=--background_color_red=0.8745098114013672
argv[1]=--background_color_green=0.21176470816135406
argv[2]=--background_color_blue=0.1764705926179886
argv[0]=--background_color_red=0.8745098114013672
argv[1]=--background_color_green=0.21176470816135406
argv[2]=--background_color_blue=0.1764705926179886
argv[0]=--background_color_red=0.8745098114013672
argv[1]=--background_color_green=0.21176470816135406
argv[2]=--background_color_blue=0.1764705926179886
argv[0]=--background_color_red=0.8745098114013672
argv[1]=--background_color_green=0.21176470816135406
argv[2]=--background_color_blue=0.1764705926179886
argv[0]=--background_color_red=0.8745098114013672
argv[1]=--background_color_green=0.21176470816135406
argv[2]=--background_color_blue=0.1764705926179886
0it [00:00, ?it/s]/home/xi/anaconda3/envs/franky-sami/lib/python3.10/site-packages/gymnasium/core.py:311: UserWarning: [33mWARN: env.task to get variables from other wrappers is deprecated and will be removed in v1.0, to get this variable you can do `env.unwrapped.task` for environment variables or `env.get_wrapper_attr('task')` that will search the reminding wrappers.[0m
  logger.warn(
/home/xi/anaconda3/envs/franky-sami/lib/python3.10/site-packages/gymnasium/core.py:311: UserWarning: [33mWARN: env.set_obs_friction_mass to get variables from other wrappers is deprecated and will be removed in v1.0, to get this variable you can do `env.unwrapped.set_obs_friction_mass` for environment variables or `env.get_wrapper_attr('set_obs_friction_mass')` that will search the reminding wrappers.[0m
  logger.warn(
/home/xi/anaconda3/envs/franky-sami/lib/python3.10/site-packages/gymnasium/utils/passive_env_checker.py:135: UserWarning: [33mWARN: The obs returned by the `reset()` method was expecting numpy array dtype to be float32, actual type: float64[0m
  logger.warn(
/home/xi/anaconda3/envs/franky-sami/lib/python3.10/site-packages/gymnasium/utils/passive_env_checker.py:159: UserWarning: [33mWARN: The obs returned by the `reset()` method is not within the observation space.[0m
  logger.warn(f"{pre} is not within the observation space.")
/home/xi/anaconda3/envs/franky-sami/lib/python3.10/site-packages/gymnasium/utils/passive_env_checker.py:135: UserWarning: [33mWARN: The obs returned by the `step()` method was expecting numpy array dtype to be float32, actual type: float64[0m
  logger.warn(
/home/xi/anaconda3/envs/franky-sami/lib/python3.10/site-packages/gymnasium/utils/passive_env_checker.py:159: UserWarning: [33mWARN: The obs returned by the `step()` method is not within the observation space.[0m
  logger.warn(f"{pre} is not within the observation space.")
1it [00:41, 41.71s/it]2it [01:20, 40.06s/it]3it [01:59, 39.73s/it]4it [02:38, 39.19s/it]4it [02:38, 39.58s/it]
{'model_parameters': {'method': 'SaSAC', 'adversarial_loss_coef': 0.1, 'batch_size': 256, 'contrast_batch_size': 256, 'contrast_buffer_type': 'fine_grained', 'contrast_training_interval': 1, 'time_step': 5000000, 'causal_dim': 6, 'causal_hidden_dim': 128, 'buffer_size': 1000, 'use_weighted_info_nce': False, 'use_reward_norm': False, 'learning_rate': 0.001, 'train_freq': 128, 'gradient_steps': 16, 'encoder_tau': 0.05, 'neg_radio': 0.5, 'env_name': 'PandaPush-v3', 'env_hook': 'PandaHook', 'train_envs': '[(0, 30), (1, 1), (1, 30), (1, 5)]', 'test_envs': '[(0, 30), (1, 1), (1, 30), (1, 5)]', 'use_continue_train': False, 'save_video': False, 'seed': 100, 'config_path': '', 'test_eps_num_per_env': 50, 'use_wandb': False, 'wandb_project_name': 'franky-sami', 'wandb_team_name': 'skill-aware-rl'}, 'save_path': '/home/xi/yxh_space/SaMI/SaMI/output', 'sub_save_path': '/home/xi/yxh_space/SaMI/SaMI/output/2025-05-27-16:21:40-269924', 'save_model_path': '/home/xi/yxh_space/SaMI/SaMI/output/2025-05-27-16:21:40-269924/model.zip', 'log_path': '/home/xi/yxh_space/SaMI/SaMI/output/2025-05-27-16:21:40-269924/log.txt', 'code_path': '/home/xi/yxh_space/SaMI/SaMI/output/2025-05-27-16:21:40-269924/code.zip', 'config_path': '/home/xi/yxh_space/SaMI/SaMI/output/2025-05-27-16:21:40-269924/config.yaml', 'test_path': '/home/xi/yxh_space/SaMI/SaMI/output/2025-05-27-16:21:40-269924/test_result.yaml', 'test_tsne_path': '/home/xi/yxh_space/SaMI/SaMI/output/2025-05-27-16:21:40-269924/tsne.jpg', 'test_table_path': '/home/xi/yxh_space/SaMI/SaMI/output/2025-05-27-16:21:40-269924/tables', 'test_image_path': '/home/xi/yxh_space/SaMI/SaMI/output/2025-05-27-16:21:40-269924/images', 'test_video_path': '/home/xi/yxh_space/SaMI/SaMI/output/2025-05-27-16:21:40-269924/videos'}
argv[0]=--background_color_red=0.8745098114013672
argv[1]=--background_color_green=0.21176470816135406
argv[2]=--background_color_blue=0.1764705926179886
argv[0]=--background_color_red=0.8745098114013672
argv[1]=--background_color_green=0.21176470816135406
argv[2]=--background_color_blue=0.1764705926179886
argv[0]=--background_color_red=0.8745098114013672
argv[1]=--background_color_green=0.21176470816135406
argv[2]=--background_color_blue=0.1764705926179886
argv[0]=--background_color_red=0.8745098114013672
argv[1]=--background_color_green=0.21176470816135406
argv[2]=--background_color_blue=0.1764705926179886
argv[0]=--background_color_red=0.8745098114013672
argv[1]=--background_color_green=0.21176470816135406
argv[2]=--background_color_blue=0.1764705926179886
argv[0]=--background_color_red=0.8745098114013672
argv[1]=--background_color_green=0.21176470816135406
argv[2]=--background_color_blue=0.1764705926179886
argv[0]=--background_color_red=0.8745098114013672
argv[1]=--background_color_green=0.21176470816135406
argv[2]=--background_color_blue=0.1764705926179886
argv[0]=--background_color_red=0.8745098114013672
argv[1]=--background_color_green=0.21176470816135406
argv[2]=--background_color_blue=0.1764705926179886
0it [00:00, ?it/s]/home/xi/anaconda3/envs/franky-sami/lib/python3.10/site-packages/gymnasium/core.py:311: UserWarning: [33mWARN: env.task to get variables from other wrappers is deprecated and will be removed in v1.0, to get this variable you can do `env.unwrapped.task` for environment variables or `env.get_wrapper_attr('task')` that will search the reminding wrappers.[0m
  logger.warn(
/home/xi/anaconda3/envs/franky-sami/lib/python3.10/site-packages/gymnasium/core.py:311: UserWarning: [33mWARN: env.set_obs_friction_mass to get variables from other wrappers is deprecated and will be removed in v1.0, to get this variable you can do `env.unwrapped.set_obs_friction_mass` for environment variables or `env.get_wrapper_attr('set_obs_friction_mass')` that will search the reminding wrappers.[0m
  logger.warn(
/home/xi/anaconda3/envs/franky-sami/lib/python3.10/site-packages/gymnasium/utils/passive_env_checker.py:135: UserWarning: [33mWARN: The obs returned by the `reset()` method was expecting numpy array dtype to be float32, actual type: float64[0m
  logger.warn(
/home/xi/anaconda3/envs/franky-sami/lib/python3.10/site-packages/gymnasium/utils/passive_env_checker.py:159: UserWarning: [33mWARN: The obs returned by the `reset()` method is not within the observation space.[0m
  logger.warn(f"{pre} is not within the observation space.")
/home/xi/anaconda3/envs/franky-sami/lib/python3.10/site-packages/gymnasium/utils/passive_env_checker.py:135: UserWarning: [33mWARN: The obs returned by the `step()` method was expecting numpy array dtype to be float32, actual type: float64[0m
  logger.warn(
/home/xi/anaconda3/envs/franky-sami/lib/python3.10/site-packages/gymnasium/utils/passive_env_checker.py:159: UserWarning: [33mWARN: The obs returned by the `step()` method is not within the observation space.[0m
  logger.warn(f"{pre} is not within the observation space.")
1it [00:28, 28.83s/it]2it [01:01, 30.88s/it]3it [01:20, 25.67s/it]4it [01:41, 23.61s/it]4it [01:41, 25.27s/it]
{'model_parameters': {'method': 'SaCCM', 'adversarial_loss_coef': 0.1, 'batch_size': 256, 'contrast_batch_size': 256, 'contrast_buffer_type': 'fine_grained', 'contrast_training_interval': 1, 'time_step': 5000000, 'causal_dim': 6, 'causal_hidden_dim': 128, 'buffer_size': 1000, 'use_weighted_info_nce': False, 'use_reward_norm': False, 'learning_rate': 0.001, 'train_freq': 128, 'gradient_steps': 16, 'encoder_tau': 0.05, 'neg_radio': 0.5, 'env_name': 'PandaPush-v3', 'env_hook': 'PandaHook', 'train_envs': '[(0, 30), (1, 1), (1, 30), (1, 5)]', 'test_envs': '[(0, 30), (1, 1), (1, 30), (1, 5)]', 'use_continue_train': False, 'save_video': False, 'seed': 100, 'config_path': '', 'test_eps_num_per_env': 50, 'use_wandb': False, 'wandb_project_name': 'franky-sami', 'wandb_team_name': 'skill-aware-rl'}, 'save_path': '/home/xi/yxh_space/SaMI/SaMI/output', 'sub_save_path': '/home/xi/yxh_space/SaMI/SaMI/output/2025-05-27-16:21:40-039164', 'save_model_path': '/home/xi/yxh_space/SaMI/SaMI/output/2025-05-27-16:21:40-039164/model.zip', 'log_path': '/home/xi/yxh_space/SaMI/SaMI/output/2025-05-27-16:21:40-039164/log.txt', 'code_path': '/home/xi/yxh_space/SaMI/SaMI/output/2025-05-27-16:21:40-039164/code.zip', 'config_path': '/home/xi/yxh_space/SaMI/SaMI/output/2025-05-27-16:21:40-039164/config.yaml', 'test_path': '/home/xi/yxh_space/SaMI/SaMI/output/2025-05-27-16:21:40-039164/test_result.yaml', 'test_tsne_path': '/home/xi/yxh_space/SaMI/SaMI/output/2025-05-27-16:21:40-039164/tsne.jpg', 'test_table_path': '/home/xi/yxh_space/SaMI/SaMI/output/2025-05-27-16:21:40-039164/tables', 'test_image_path': '/home/xi/yxh_space/SaMI/SaMI/output/2025-05-27-16:21:40-039164/images', 'test_video_path': '/home/xi/yxh_space/SaMI/SaMI/output/2025-05-27-16:21:40-039164/videos'}
argv[0]=--background_color_red=0.8745098114013672
argv[1]=--background_color_green=0.21176470816135406
argv[2]=--background_color_blue=0.1764705926179886
argv[0]=--background_color_red=0.8745098114013672
argv[1]=--background_color_green=0.21176470816135406
argv[2]=--background_color_blue=0.1764705926179886
argv[0]=--background_color_red=0.8745098114013672
argv[1]=--background_color_green=0.21176470816135406
argv[2]=--background_color_blue=0.1764705926179886
argv[0]=--background_color_red=0.8745098114013672
argv[1]=--background_color_green=0.21176470816135406
argv[2]=--background_color_blue=0.1764705926179886
argv[0]=--background_color_red=0.8745098114013672
argv[1]=--background_color_green=0.21176470816135406
argv[2]=--background_color_blue=0.1764705926179886
argv[0]=--background_color_red=0.8745098114013672
argv[1]=--background_color_green=0.21176470816135406
argv[2]=--background_color_blue=0.1764705926179886
argv[0]=--background_color_red=0.8745098114013672
argv[1]=--background_color_green=0.21176470816135406
argv[2]=--background_color_blue=0.1764705926179886
argv[0]=--background_color_red=0.8745098114013672
argv[1]=--background_color_green=0.21176470816135406
argv[2]=--background_color_blue=0.1764705926179886
0it [00:00, ?it/s]/home/xi/anaconda3/envs/franky-sami/lib/python3.10/site-packages/gymnasium/core.py:311: UserWarning: [33mWARN: env.task to get variables from other wrappers is deprecated and will be removed in v1.0, to get this variable you can do `env.unwrapped.task` for environment variables or `env.get_wrapper_attr('task')` that will search the reminding wrappers.[0m
  logger.warn(
/home/xi/anaconda3/envs/franky-sami/lib/python3.10/site-packages/gymnasium/core.py:311: UserWarning: [33mWARN: env.set_obs_friction_mass to get variables from other wrappers is deprecated and will be removed in v1.0, to get this variable you can do `env.unwrapped.set_obs_friction_mass` for environment variables or `env.get_wrapper_attr('set_obs_friction_mass')` that will search the reminding wrappers.[0m
  logger.warn(
/home/xi/anaconda3/envs/franky-sami/lib/python3.10/site-packages/gymnasium/utils/passive_env_checker.py:135: UserWarning: [33mWARN: The obs returned by the `reset()` method was expecting numpy array dtype to be float32, actual type: float64[0m
  logger.warn(
/home/xi/anaconda3/envs/franky-sami/lib/python3.10/site-packages/gymnasium/utils/passive_env_checker.py:159: UserWarning: [33mWARN: The obs returned by the `reset()` method is not within the observation space.[0m
  logger.warn(f"{pre} is not within the observation space.")
/home/xi/anaconda3/envs/franky-sami/lib/python3.10/site-packages/gymnasium/utils/passive_env_checker.py:135: UserWarning: [33mWARN: The obs returned by the `step()` method was expecting numpy array dtype to be float32, actual type: float64[0m
  logger.warn(
/home/xi/anaconda3/envs/franky-sami/lib/python3.10/site-packages/gymnasium/utils/passive_env_checker.py:159: UserWarning: [33mWARN: The obs returned by the `step()` method is not within the observation space.[0m
  logger.warn(f"{pre} is not within the observation space.")
1it [00:20, 20.79s/it]2it [00:36, 17.66s/it]3it [00:56, 18.91s/it]4it [01:14, 18.41s/it]4it [01:14, 18.57s/it]
{'model_parameters': {'method': 'SaSAC', 'adversarial_loss_coef': 0.01, 'batch_size': 256, 'contrast_batch_size': 256, 'contrast_buffer_type': 'fine_grained', 'contrast_training_interval': 1, 'time_step': 5000000, 'causal_dim': 6, 'causal_hidden_dim': 128, 'buffer_size': 1000, 'use_weighted_info_nce': False, 'use_reward_norm': False, 'learning_rate': 0.001, 'train_freq': 128, 'gradient_steps': 16, 'encoder_tau': 0.05, 'neg_radio': 0.5, 'env_name': 'PandaPush-v3', 'env_hook': 'PandaHook', 'train_envs': '[(0, 30), (1, 1), (1, 30), (1, 5)]', 'test_envs': '[(0, 30), (1, 1), (1, 30), (1, 5)]', 'use_continue_train': False, 'save_video': False, 'seed': 100, 'config_path': '', 'test_eps_num_per_env': 50, 'use_wandb': False, 'wandb_project_name': 'franky-sami', 'wandb_team_name': 'skill-aware-rl'}, 'save_path': '/home/xi/yxh_space/SaMI/SaMI/output', 'sub_save_path': '/home/xi/yxh_space/SaMI/SaMI/output/2025-05-27-16:53:23-286286', 'save_model_path': '/home/xi/yxh_space/SaMI/SaMI/output/2025-05-27-16:53:23-286286/model.zip', 'log_path': '/home/xi/yxh_space/SaMI/SaMI/output/2025-05-27-16:53:23-286286/log.txt', 'code_path': '/home/xi/yxh_space/SaMI/SaMI/output/2025-05-27-16:53:23-286286/code.zip', 'config_path': '/home/xi/yxh_space/SaMI/SaMI/output/2025-05-27-16:53:23-286286/config.yaml', 'test_path': '/home/xi/yxh_space/SaMI/SaMI/output/2025-05-27-16:53:23-286286/test_result.yaml', 'test_tsne_path': '/home/xi/yxh_space/SaMI/SaMI/output/2025-05-27-16:53:23-286286/tsne.jpg', 'test_table_path': '/home/xi/yxh_space/SaMI/SaMI/output/2025-05-27-16:53:23-286286/tables', 'test_image_path': '/home/xi/yxh_space/SaMI/SaMI/output/2025-05-27-16:53:23-286286/images', 'test_video_path': '/home/xi/yxh_space/SaMI/SaMI/output/2025-05-27-16:53:23-286286/videos'}
argv[0]=--background_color_red=0.8745098114013672
argv[1]=--background_color_green=0.21176470816135406
argv[2]=--background_color_blue=0.1764705926179886
argv[0]=--background_color_red=0.8745098114013672
argv[1]=--background_color_green=0.21176470816135406
argv[2]=--background_color_blue=0.1764705926179886
argv[0]=--background_color_red=0.8745098114013672
argv[1]=--background_color_green=0.21176470816135406
argv[2]=--background_color_blue=0.1764705926179886
argv[0]=--background_color_red=0.8745098114013672
argv[1]=--background_color_green=0.21176470816135406
argv[2]=--background_color_blue=0.1764705926179886
argv[0]=--background_color_red=0.8745098114013672
argv[1]=--background_color_green=0.21176470816135406
argv[2]=--background_color_blue=0.1764705926179886
argv[0]=--background_color_red=0.8745098114013672
argv[1]=--background_color_green=0.21176470816135406
argv[2]=--background_color_blue=0.1764705926179886
argv[0]=--background_color_red=0.8745098114013672
argv[1]=--background_color_green=0.21176470816135406
argv[2]=--background_color_blue=0.1764705926179886
argv[0]=--background_color_red=0.8745098114013672
argv[1]=--background_color_green=0.21176470816135406
argv[2]=--background_color_blue=0.1764705926179886
0it [00:00, ?it/s]/home/xi/anaconda3/envs/franky-sami/lib/python3.10/site-packages/gymnasium/core.py:311: UserWarning: [33mWARN: env.task to get variables from other wrappers is deprecated and will be removed in v1.0, to get this variable you can do `env.unwrapped.task` for environment variables or `env.get_wrapper_attr('task')` that will search the reminding wrappers.[0m
  logger.warn(
/home/xi/anaconda3/envs/franky-sami/lib/python3.10/site-packages/gymnasium/core.py:311: UserWarning: [33mWARN: env.set_obs_friction_mass to get variables from other wrappers is deprecated and will be removed in v1.0, to get this variable you can do `env.unwrapped.set_obs_friction_mass` for environment variables or `env.get_wrapper_attr('set_obs_friction_mass')` that will search the reminding wrappers.[0m
  logger.warn(
/home/xi/anaconda3/envs/franky-sami/lib/python3.10/site-packages/gymnasium/utils/passive_env_checker.py:135: UserWarning: [33mWARN: The obs returned by the `reset()` method was expecting numpy array dtype to be float32, actual type: float64[0m
  logger.warn(
/home/xi/anaconda3/envs/franky-sami/lib/python3.10/site-packages/gymnasium/utils/passive_env_checker.py:159: UserWarning: [33mWARN: The obs returned by the `reset()` method is not within the observation space.[0m
  logger.warn(f"{pre} is not within the observation space.")
/home/xi/anaconda3/envs/franky-sami/lib/python3.10/site-packages/gymnasium/utils/passive_env_checker.py:135: UserWarning: [33mWARN: The obs returned by the `step()` method was expecting numpy array dtype to be float32, actual type: float64[0m
  logger.warn(
/home/xi/anaconda3/envs/franky-sami/lib/python3.10/site-packages/gymnasium/utils/passive_env_checker.py:159: UserWarning: [33mWARN: The obs returned by the `step()` method is not within the observation space.[0m
  logger.warn(f"{pre} is not within the observation space.")
1it [00:08,  8.65s/it]2it [00:19,  9.79s/it]3it [00:35, 12.84s/it]4it [00:44, 11.32s/it]4it [00:44, 11.17s/it]
{'model_parameters': {'method': 'SaSAC', 'adversarial_loss_coef': 0.1, 'batch_size': 256, 'contrast_batch_size': 256, 'contrast_buffer_type': 'fine_grained', 'contrast_training_interval': 1, 'time_step': 5000000, 'causal_dim': 6, 'causal_hidden_dim': 128, 'buffer_size': 1000, 'use_weighted_info_nce': False, 'use_reward_norm': False, 'learning_rate': 0.001, 'train_freq': 128, 'gradient_steps': 16, 'encoder_tau': 0.05, 'neg_radio': 0.5, 'env_name': 'PandaPush-v3', 'env_hook': 'PandaHook', 'train_envs': '[(0, 30), (1, 1), (1, 30), (1, 5)]', 'test_envs': '[(0, 30), (1, 1), (1, 30), (1, 5)]', 'use_continue_train': False, 'save_video': False, 'seed': 100, 'config_path': '', 'test_eps_num_per_env': 50, 'use_wandb': False, 'wandb_project_name': 'franky-sami', 'wandb_team_name': 'skill-aware-rl'}, 'save_path': '/home/xi/yxh_space/SaMI/SaMI/output', 'sub_save_path': '/home/xi/yxh_space/SaMI/SaMI/output/2025-05-27-16:53:23-249013', 'save_model_path': '/home/xi/yxh_space/SaMI/SaMI/output/2025-05-27-16:53:23-249013/model.zip', 'log_path': '/home/xi/yxh_space/SaMI/SaMI/output/2025-05-27-16:53:23-249013/log.txt', 'code_path': '/home/xi/yxh_space/SaMI/SaMI/output/2025-05-27-16:53:23-249013/code.zip', 'config_path': '/home/xi/yxh_space/SaMI/SaMI/output/2025-05-27-16:53:23-249013/config.yaml', 'test_path': '/home/xi/yxh_space/SaMI/SaMI/output/2025-05-27-16:53:23-249013/test_result.yaml', 'test_tsne_path': '/home/xi/yxh_space/SaMI/SaMI/output/2025-05-27-16:53:23-249013/tsne.jpg', 'test_table_path': '/home/xi/yxh_space/SaMI/SaMI/output/2025-05-27-16:53:23-249013/tables', 'test_image_path': '/home/xi/yxh_space/SaMI/SaMI/output/2025-05-27-16:53:23-249013/images', 'test_video_path': '/home/xi/yxh_space/SaMI/SaMI/output/2025-05-27-16:53:23-249013/videos'}
argv[0]=--background_color_red=0.8745098114013672
argv[1]=--background_color_green=0.21176470816135406
argv[2]=--background_color_blue=0.1764705926179886
argv[0]=--background_color_red=0.8745098114013672
argv[1]=--background_color_green=0.21176470816135406
argv[2]=--background_color_blue=0.1764705926179886
argv[0]=--background_color_red=0.8745098114013672
argv[1]=--background_color_green=0.21176470816135406
argv[2]=--background_color_blue=0.1764705926179886
argv[0]=--background_color_red=0.8745098114013672
argv[1]=--background_color_green=0.21176470816135406
argv[2]=--background_color_blue=0.1764705926179886
argv[0]=--background_color_red=0.8745098114013672
argv[1]=--background_color_green=0.21176470816135406
argv[2]=--background_color_blue=0.1764705926179886
argv[0]=--background_color_red=0.8745098114013672
argv[1]=--background_color_green=0.21176470816135406
argv[2]=--background_color_blue=0.1764705926179886
argv[0]=--background_color_red=0.8745098114013672
argv[1]=--background_color_green=0.21176470816135406
argv[2]=--background_color_blue=0.1764705926179886
argv[0]=--background_color_red=0.8745098114013672
argv[1]=--background_color_green=0.21176470816135406
argv[2]=--background_color_blue=0.1764705926179886
0it [00:00, ?it/s]/home/xi/anaconda3/envs/franky-sami/lib/python3.10/site-packages/gymnasium/core.py:311: UserWarning: [33mWARN: env.task to get variables from other wrappers is deprecated and will be removed in v1.0, to get this variable you can do `env.unwrapped.task` for environment variables or `env.get_wrapper_attr('task')` that will search the reminding wrappers.[0m
  logger.warn(
/home/xi/anaconda3/envs/franky-sami/lib/python3.10/site-packages/gymnasium/core.py:311: UserWarning: [33mWARN: env.set_obs_friction_mass to get variables from other wrappers is deprecated and will be removed in v1.0, to get this variable you can do `env.unwrapped.set_obs_friction_mass` for environment variables or `env.get_wrapper_attr('set_obs_friction_mass')` that will search the reminding wrappers.[0m
  logger.warn(
/home/xi/anaconda3/envs/franky-sami/lib/python3.10/site-packages/gymnasium/utils/passive_env_checker.py:135: UserWarning: [33mWARN: The obs returned by the `reset()` method was expecting numpy array dtype to be float32, actual type: float64[0m
  logger.warn(
/home/xi/anaconda3/envs/franky-sami/lib/python3.10/site-packages/gymnasium/utils/passive_env_checker.py:159: UserWarning: [33mWARN: The obs returned by the `reset()` method is not within the observation space.[0m
  logger.warn(f"{pre} is not within the observation space.")
/home/xi/anaconda3/envs/franky-sami/lib/python3.10/site-packages/gymnasium/utils/passive_env_checker.py:135: UserWarning: [33mWARN: The obs returned by the `step()` method was expecting numpy array dtype to be float32, actual type: float64[0m
  logger.warn(
/home/xi/anaconda3/envs/franky-sami/lib/python3.10/site-packages/gymnasium/utils/passive_env_checker.py:159: UserWarning: [33mWARN: The obs returned by the `step()` method is not within the observation space.[0m
  logger.warn(f"{pre} is not within the observation space.")
1it [00:06,  6.69s/it]2it [00:12,  6.33s/it]3it [00:22,  7.67s/it]4it [00:27,  6.87s/it]4it [00:27,  6.92s/it]
{'model_parameters': {'method': 'SaCCM', 'adversarial_loss_coef': 0.1, 'batch_size': 256, 'contrast_batch_size': 256, 'contrast_buffer_type': 'fine_grained', 'contrast_training_interval': 1, 'time_step': 5000000, 'causal_dim': 6, 'causal_hidden_dim': 128, 'buffer_size': 1000, 'use_weighted_info_nce': False, 'use_reward_norm': False, 'learning_rate': 0.001, 'train_freq': 128, 'gradient_steps': 16, 'encoder_tau': 0.05, 'neg_radio': 0.5, 'env_name': 'PandaPush-v3', 'env_hook': 'PandaHook', 'train_envs': '[(0, 30), (1, 1), (1, 30), (1, 5)]', 'test_envs': '[(0, 30), (1, 1), (1, 30), (1, 5)]', 'use_continue_train': False, 'save_video': False, 'seed': 100, 'config_path': '', 'test_eps_num_per_env': 50, 'use_wandb': False, 'wandb_project_name': 'franky-sami', 'wandb_team_name': 'skill-aware-rl'}, 'save_path': '/home/xi/yxh_space/SaMI/SaMI/output', 'sub_save_path': '/home/xi/yxh_space/SaMI/SaMI/output/2025-05-27-16:53:23-093840', 'save_model_path': '/home/xi/yxh_space/SaMI/SaMI/output/2025-05-27-16:53:23-093840/model.zip', 'log_path': '/home/xi/yxh_space/SaMI/SaMI/output/2025-05-27-16:53:23-093840/log.txt', 'code_path': '/home/xi/yxh_space/SaMI/SaMI/output/2025-05-27-16:53:23-093840/code.zip', 'config_path': '/home/xi/yxh_space/SaMI/SaMI/output/2025-05-27-16:53:23-093840/config.yaml', 'test_path': '/home/xi/yxh_space/SaMI/SaMI/output/2025-05-27-16:53:23-093840/test_result.yaml', 'test_tsne_path': '/home/xi/yxh_space/SaMI/SaMI/output/2025-05-27-16:53:23-093840/tsne.jpg', 'test_table_path': '/home/xi/yxh_space/SaMI/SaMI/output/2025-05-27-16:53:23-093840/tables', 'test_image_path': '/home/xi/yxh_space/SaMI/SaMI/output/2025-05-27-16:53:23-093840/images', 'test_video_path': '/home/xi/yxh_space/SaMI/SaMI/output/2025-05-27-16:53:23-093840/videos'}
argv[0]=--background_color_red=0.8745098114013672
argv[1]=--background_color_green=0.21176470816135406
argv[2]=--background_color_blue=0.1764705926179886
argv[0]=--background_color_red=0.8745098114013672
argv[1]=--background_color_green=0.21176470816135406
argv[2]=--background_color_blue=0.1764705926179886
argv[0]=--background_color_red=0.8745098114013672
argv[1]=--background_color_green=0.21176470816135406
argv[2]=--background_color_blue=0.1764705926179886
argv[0]=--background_color_red=0.8745098114013672
argv[1]=--background_color_green=0.21176470816135406
argv[2]=--background_color_blue=0.1764705926179886
argv[0]=--background_color_red=0.8745098114013672
argv[1]=--background_color_green=0.21176470816135406
argv[2]=--background_color_blue=0.1764705926179886
argv[0]=--background_color_red=0.8745098114013672
argv[1]=--background_color_green=0.21176470816135406
argv[2]=--background_color_blue=0.1764705926179886
argv[0]=--background_color_red=0.8745098114013672
argv[1]=--background_color_green=0.21176470816135406
argv[2]=--background_color_blue=0.1764705926179886
argv[0]=--background_color_red=0.8745098114013672
argv[1]=--background_color_green=0.21176470816135406
argv[2]=--background_color_blue=0.1764705926179886
0it [00:00, ?it/s]/home/xi/anaconda3/envs/franky-sami/lib/python3.10/site-packages/gymnasium/core.py:311: UserWarning: [33mWARN: env.task to get variables from other wrappers is deprecated and will be removed in v1.0, to get this variable you can do `env.unwrapped.task` for environment variables or `env.get_wrapper_attr('task')` that will search the reminding wrappers.[0m
  logger.warn(
/home/xi/anaconda3/envs/franky-sami/lib/python3.10/site-packages/gymnasium/core.py:311: UserWarning: [33mWARN: env.set_obs_friction_mass to get variables from other wrappers is deprecated and will be removed in v1.0, to get this variable you can do `env.unwrapped.set_obs_friction_mass` for environment variables or `env.get_wrapper_attr('set_obs_friction_mass')` that will search the reminding wrappers.[0m
  logger.warn(
/home/xi/anaconda3/envs/franky-sami/lib/python3.10/site-packages/gymnasium/utils/passive_env_checker.py:135: UserWarning: [33mWARN: The obs returned by the `reset()` method was expecting numpy array dtype to be float32, actual type: float64[0m
  logger.warn(
/home/xi/anaconda3/envs/franky-sami/lib/python3.10/site-packages/gymnasium/utils/passive_env_checker.py:159: UserWarning: [33mWARN: The obs returned by the `reset()` method is not within the observation space.[0m
  logger.warn(f"{pre} is not within the observation space.")
/home/xi/anaconda3/envs/franky-sami/lib/python3.10/site-packages/gymnasium/utils/passive_env_checker.py:135: UserWarning: [33mWARN: The obs returned by the `step()` method was expecting numpy array dtype to be float32, actual type: float64[0m
  logger.warn(
/home/xi/anaconda3/envs/franky-sami/lib/python3.10/site-packages/gymnasium/utils/passive_env_checker.py:159: UserWarning: [33mWARN: The obs returned by the `step()` method is not within the observation space.[0m
  logger.warn(f"{pre} is not within the observation space.")
1it [00:04,  4.66s/it]2it [00:09,  4.89s/it]3it [00:14,  4.99s/it]4it [00:18,  4.55s/it]4it [00:18,  4.67s/it]
{'model_parameters': {'method': 'SaCCM', 'adversarial_loss_coef': 0.01, 'batch_size': 256, 'contrast_batch_size': 256, 'contrast_buffer_type': 'fine_grained', 'contrast_training_interval': 1, 'time_step': 5000000, 'causal_dim': 6, 'causal_hidden_dim': 128, 'buffer_size': 1000, 'use_weighted_info_nce': False, 'use_reward_norm': False, 'learning_rate': 0.001, 'train_freq': 128, 'gradient_steps': 16, 'encoder_tau': 0.05, 'neg_radio': 0.5, 'env_name': 'PandaPush-v3', 'env_hook': 'PandaHook', 'train_envs': '[(0, 30), (1, 1), (1, 30), (1, 5)]', 'test_envs': '[(0, 30), (1, 1), (1, 30), (1, 5)]', 'use_continue_train': False, 'save_video': False, 'seed': 100, 'config_path': '', 'test_eps_num_per_env': 50, 'use_wandb': False, 'wandb_project_name': 'franky-sami', 'wandb_team_name': 'skill-aware-rl'}, 'save_path': '/home/xi/yxh_space/SaMI/SaMI/output', 'sub_save_path': '/home/xi/yxh_space/SaMI/SaMI/output/2025-05-27-16:53:22-911869', 'save_model_path': '/home/xi/yxh_space/SaMI/SaMI/output/2025-05-27-16:53:22-911869/model.zip', 'log_path': '/home/xi/yxh_space/SaMI/SaMI/output/2025-05-27-16:53:22-911869/log.txt', 'code_path': '/home/xi/yxh_space/SaMI/SaMI/output/2025-05-27-16:53:22-911869/code.zip', 'config_path': '/home/xi/yxh_space/SaMI/SaMI/output/2025-05-27-16:53:22-911869/config.yaml', 'test_path': '/home/xi/yxh_space/SaMI/SaMI/output/2025-05-27-16:53:22-911869/test_result.yaml', 'test_tsne_path': '/home/xi/yxh_space/SaMI/SaMI/output/2025-05-27-16:53:22-911869/tsne.jpg', 'test_table_path': '/home/xi/yxh_space/SaMI/SaMI/output/2025-05-27-16:53:22-911869/tables', 'test_image_path': '/home/xi/yxh_space/SaMI/SaMI/output/2025-05-27-16:53:22-911869/images', 'test_video_path': '/home/xi/yxh_space/SaMI/SaMI/output/2025-05-27-16:53:22-911869/videos'}
argv[0]=--background_color_red=0.8745098114013672
argv[1]=--background_color_green=0.21176470816135406
argv[2]=--background_color_blue=0.1764705926179886
argv[0]=--background_color_red=0.8745098114013672
argv[1]=--background_color_green=0.21176470816135406
argv[2]=--background_color_blue=0.1764705926179886
argv[0]=--background_color_red=0.8745098114013672
argv[1]=--background_color_green=0.21176470816135406
argv[2]=--background_color_blue=0.1764705926179886
argv[0]=--background_color_red=0.8745098114013672
argv[1]=--background_color_green=0.21176470816135406
argv[2]=--background_color_blue=0.1764705926179886
argv[0]=--background_color_red=0.8745098114013672
argv[1]=--background_color_green=0.21176470816135406
argv[2]=--background_color_blue=0.1764705926179886
argv[0]=--background_color_red=0.8745098114013672
argv[1]=--background_color_green=0.21176470816135406
argv[2]=--background_color_blue=0.1764705926179886
argv[0]=--background_color_red=0.8745098114013672
argv[1]=--background_color_green=0.21176470816135406
argv[2]=--background_color_blue=0.1764705926179886
argv[0]=--background_color_red=0.8745098114013672
argv[1]=--background_color_green=0.21176470816135406
argv[2]=--background_color_blue=0.1764705926179886
0it [00:00, ?it/s]/home/xi/anaconda3/envs/franky-sami/lib/python3.10/site-packages/gymnasium/core.py:311: UserWarning: [33mWARN: env.task to get variables from other wrappers is deprecated and will be removed in v1.0, to get this variable you can do `env.unwrapped.task` for environment variables or `env.get_wrapper_attr('task')` that will search the reminding wrappers.[0m
  logger.warn(
/home/xi/anaconda3/envs/franky-sami/lib/python3.10/site-packages/gymnasium/core.py:311: UserWarning: [33mWARN: env.set_obs_friction_mass to get variables from other wrappers is deprecated and will be removed in v1.0, to get this variable you can do `env.unwrapped.set_obs_friction_mass` for environment variables or `env.get_wrapper_attr('set_obs_friction_mass')` that will search the reminding wrappers.[0m
  logger.warn(
/home/xi/anaconda3/envs/franky-sami/lib/python3.10/site-packages/gymnasium/utils/passive_env_checker.py:135: UserWarning: [33mWARN: The obs returned by the `reset()` method was expecting numpy array dtype to be float32, actual type: float64[0m
  logger.warn(
/home/xi/anaconda3/envs/franky-sami/lib/python3.10/site-packages/gymnasium/utils/passive_env_checker.py:159: UserWarning: [33mWARN: The obs returned by the `reset()` method is not within the observation space.[0m
  logger.warn(f"{pre} is not within the observation space.")
/home/xi/anaconda3/envs/franky-sami/lib/python3.10/site-packages/gymnasium/utils/passive_env_checker.py:135: UserWarning: [33mWARN: The obs returned by the `step()` method was expecting numpy array dtype to be float32, actual type: float64[0m
  logger.warn(
/home/xi/anaconda3/envs/franky-sami/lib/python3.10/site-packages/gymnasium/utils/passive_env_checker.py:159: UserWarning: [33mWARN: The obs returned by the `step()` method is not within the observation space.[0m
  logger.warn(f"{pre} is not within the observation space.")
1it [00:09,  9.41s/it]2it [00:19, 10.07s/it]3it [00:29,  9.96s/it]4it [00:38,  9.65s/it]4it [00:38,  9.74s/it]
{'model_parameters': {'method': 'SaCCM', 'adversarial_loss_coef': 0.01, 'batch_size': 256, 'contrast_batch_size': 256, 'contrast_buffer_type': 'fine_grained', 'contrast_training_interval': 1, 'time_step': 5000000, 'causal_dim': 6, 'causal_hidden_dim': 128, 'buffer_size': 1000, 'use_weighted_info_nce': False, 'use_reward_norm': False, 'learning_rate': 0.001, 'train_freq': 128, 'gradient_steps': 16, 'encoder_tau': 0.05, 'neg_radio': 0.5, 'env_name': 'PandaPush-v3', 'env_hook': 'PandaHook', 'train_envs': '[(0, 30), (1, 1), (1, 30), (1, 5)]', 'test_envs': '[(0, 30), (1, 1), (1, 30), (1, 5)]', 'use_continue_train': False, 'save_video': False, 'seed': 100, 'config_path': '', 'test_eps_num_per_env': 50, 'use_wandb': False, 'wandb_project_name': 'franky-sami', 'wandb_team_name': 'skill-aware-rl'}, 'save_path': '/home/xi/yxh_space/SaMI/SaMI/output', 'sub_save_path': '/home/xi/yxh_space/SaMI/SaMI/output/2025-05-28-13:57:20-122838', 'save_model_path': '/home/xi/yxh_space/SaMI/SaMI/output/2025-05-28-13:57:20-122838/model.zip', 'log_path': '/home/xi/yxh_space/SaMI/SaMI/output/2025-05-28-13:57:20-122838/log.txt', 'code_path': '/home/xi/yxh_space/SaMI/SaMI/output/2025-05-28-13:57:20-122838/code.zip', 'config_path': '/home/xi/yxh_space/SaMI/SaMI/output/2025-05-28-13:57:20-122838/config.yaml', 'test_path': '/home/xi/yxh_space/SaMI/SaMI/output/2025-05-28-13:57:20-122838/test_result.yaml', 'test_tsne_path': '/home/xi/yxh_space/SaMI/SaMI/output/2025-05-28-13:57:20-122838/tsne.jpg', 'test_table_path': '/home/xi/yxh_space/SaMI/SaMI/output/2025-05-28-13:57:20-122838/tables', 'test_image_path': '/home/xi/yxh_space/SaMI/SaMI/output/2025-05-28-13:57:20-122838/images', 'test_video_path': '/home/xi/yxh_space/SaMI/SaMI/output/2025-05-28-13:57:20-122838/videos'}
argv[0]=--background_color_red=0.8745098114013672
argv[1]=--background_color_green=0.21176470816135406
argv[2]=--background_color_blue=0.1764705926179886
argv[0]=--background_color_red=0.8745098114013672
argv[1]=--background_color_green=0.21176470816135406
argv[2]=--background_color_blue=0.1764705926179886
argv[0]=--background_color_red=0.8745098114013672
argv[1]=--background_color_green=0.21176470816135406
argv[2]=--background_color_blue=0.1764705926179886
argv[0]=--background_color_red=0.8745098114013672
argv[1]=--background_color_green=0.21176470816135406
argv[2]=--background_color_blue=0.1764705926179886
argv[0]=--background_color_red=0.8745098114013672
argv[1]=--background_color_green=0.21176470816135406
argv[2]=--background_color_blue=0.1764705926179886
argv[0]=--background_color_red=0.8745098114013672
argv[1]=--background_color_green=0.21176470816135406
argv[2]=--background_color_blue=0.1764705926179886
argv[0]=--background_color_red=0.8745098114013672
argv[1]=--background_color_green=0.21176470816135406
argv[2]=--background_color_blue=0.1764705926179886
argv[0]=--background_color_red=0.8745098114013672
argv[1]=--background_color_green=0.21176470816135406
argv[2]=--background_color_blue=0.1764705926179886
0it [00:00, ?it/s]/home/xi/anaconda3/envs/franky-sami/lib/python3.10/site-packages/gymnasium/core.py:311: UserWarning: [33mWARN: env.task to get variables from other wrappers is deprecated and will be removed in v1.0, to get this variable you can do `env.unwrapped.task` for environment variables or `env.get_wrapper_attr('task')` that will search the reminding wrappers.[0m
  logger.warn(
/home/xi/anaconda3/envs/franky-sami/lib/python3.10/site-packages/gymnasium/core.py:311: UserWarning: [33mWARN: env.set_obs_friction_mass to get variables from other wrappers is deprecated and will be removed in v1.0, to get this variable you can do `env.unwrapped.set_obs_friction_mass` for environment variables or `env.get_wrapper_attr('set_obs_friction_mass')` that will search the reminding wrappers.[0m
  logger.warn(
/home/xi/anaconda3/envs/franky-sami/lib/python3.10/site-packages/gymnasium/utils/passive_env_checker.py:135: UserWarning: [33mWARN: The obs returned by the `reset()` method was expecting numpy array dtype to be float32, actual type: float64[0m
  logger.warn(
/home/xi/anaconda3/envs/franky-sami/lib/python3.10/site-packages/gymnasium/utils/passive_env_checker.py:159: UserWarning: [33mWARN: The obs returned by the `reset()` method is not within the observation space.[0m
  logger.warn(f"{pre} is not within the observation space.")
/home/xi/anaconda3/envs/franky-sami/lib/python3.10/site-packages/gymnasium/utils/passive_env_checker.py:135: UserWarning: [33mWARN: The obs returned by the `step()` method was expecting numpy array dtype to be float32, actual type: float64[0m
  logger.warn(
/home/xi/anaconda3/envs/franky-sami/lib/python3.10/site-packages/gymnasium/utils/passive_env_checker.py:159: UserWarning: [33mWARN: The obs returned by the `step()` method is not within the observation space.[0m
  logger.warn(f"{pre} is not within the observation space.")
1it [00:07,  7.64s/it]2it [00:16,  8.12s/it]3it [00:23,  7.90s/it]4it [00:32,  8.11s/it]4it [00:32,  8.04s/it]
{'model_parameters': {'method': 'SaCCM', 'adversarial_loss_coef': 0.1, 'batch_size': 256, 'contrast_batch_size': 256, 'contrast_buffer_type': 'fine_grained', 'contrast_training_interval': 1, 'time_step': 5000000, 'causal_dim': 6, 'causal_hidden_dim': 128, 'buffer_size': 1000, 'use_weighted_info_nce': False, 'use_reward_norm': False, 'learning_rate': 0.001, 'train_freq': 128, 'gradient_steps': 16, 'encoder_tau': 0.05, 'neg_radio': 0.5, 'env_name': 'PandaPush-v3', 'env_hook': 'PandaHook', 'train_envs': '[(0, 30), (1, 1), (1, 30), (1, 5)]', 'test_envs': '[(0, 30), (1, 1), (1, 30), (1, 5)]', 'use_continue_train': False, 'save_video': False, 'seed': 100, 'config_path': '', 'test_eps_num_per_env': 50, 'use_wandb': False, 'wandb_project_name': 'franky-sami', 'wandb_team_name': 'skill-aware-rl'}, 'save_path': '/home/xi/yxh_space/SaMI/SaMI/output', 'sub_save_path': '/home/xi/yxh_space/SaMI/SaMI/output/2025-05-28-13:57:21-827052', 'save_model_path': '/home/xi/yxh_space/SaMI/SaMI/output/2025-05-28-13:57:21-827052/model.zip', 'log_path': '/home/xi/yxh_space/SaMI/SaMI/output/2025-05-28-13:57:21-827052/log.txt', 'code_path': '/home/xi/yxh_space/SaMI/SaMI/output/2025-05-28-13:57:21-827052/code.zip', 'config_path': '/home/xi/yxh_space/SaMI/SaMI/output/2025-05-28-13:57:21-827052/config.yaml', 'test_path': '/home/xi/yxh_space/SaMI/SaMI/output/2025-05-28-13:57:21-827052/test_result.yaml', 'test_tsne_path': '/home/xi/yxh_space/SaMI/SaMI/output/2025-05-28-13:57:21-827052/tsne.jpg', 'test_table_path': '/home/xi/yxh_space/SaMI/SaMI/output/2025-05-28-13:57:21-827052/tables', 'test_image_path': '/home/xi/yxh_space/SaMI/SaMI/output/2025-05-28-13:57:21-827052/images', 'test_video_path': '/home/xi/yxh_space/SaMI/SaMI/output/2025-05-28-13:57:21-827052/videos'}
argv[0]=--background_color_red=0.8745098114013672
argv[1]=--background_color_green=0.21176470816135406
argv[2]=--background_color_blue=0.1764705926179886
argv[0]=--background_color_red=0.8745098114013672
argv[1]=--background_color_green=0.21176470816135406
argv[2]=--background_color_blue=0.1764705926179886
argv[0]=--background_color_red=0.8745098114013672
argv[1]=--background_color_green=0.21176470816135406
argv[2]=--background_color_blue=0.1764705926179886
argv[0]=--background_color_red=0.8745098114013672
argv[1]=--background_color_green=0.21176470816135406
argv[2]=--background_color_blue=0.1764705926179886
argv[0]=--background_color_red=0.8745098114013672
argv[1]=--background_color_green=0.21176470816135406
argv[2]=--background_color_blue=0.1764705926179886
argv[0]=--background_color_red=0.8745098114013672
argv[1]=--background_color_green=0.21176470816135406
argv[2]=--background_color_blue=0.1764705926179886
argv[0]=--background_color_red=0.8745098114013672
argv[1]=--background_color_green=0.21176470816135406
argv[2]=--background_color_blue=0.1764705926179886
argv[0]=--background_color_red=0.8745098114013672
argv[1]=--background_color_green=0.21176470816135406
argv[2]=--background_color_blue=0.1764705926179886
0it [00:00, ?it/s]/home/xi/anaconda3/envs/franky-sami/lib/python3.10/site-packages/gymnasium/core.py:311: UserWarning: [33mWARN: env.task to get variables from other wrappers is deprecated and will be removed in v1.0, to get this variable you can do `env.unwrapped.task` for environment variables or `env.get_wrapper_attr('task')` that will search the reminding wrappers.[0m
  logger.warn(
/home/xi/anaconda3/envs/franky-sami/lib/python3.10/site-packages/gymnasium/core.py:311: UserWarning: [33mWARN: env.set_obs_friction_mass to get variables from other wrappers is deprecated and will be removed in v1.0, to get this variable you can do `env.unwrapped.set_obs_friction_mass` for environment variables or `env.get_wrapper_attr('set_obs_friction_mass')` that will search the reminding wrappers.[0m
  logger.warn(
/home/xi/anaconda3/envs/franky-sami/lib/python3.10/site-packages/gymnasium/utils/passive_env_checker.py:135: UserWarning: [33mWARN: The obs returned by the `reset()` method was expecting numpy array dtype to be float32, actual type: float64[0m
  logger.warn(
/home/xi/anaconda3/envs/franky-sami/lib/python3.10/site-packages/gymnasium/utils/passive_env_checker.py:159: UserWarning: [33mWARN: The obs returned by the `reset()` method is not within the observation space.[0m
  logger.warn(f"{pre} is not within the observation space.")
/home/xi/anaconda3/envs/franky-sami/lib/python3.10/site-packages/gymnasium/utils/passive_env_checker.py:135: UserWarning: [33mWARN: The obs returned by the `step()` method was expecting numpy array dtype to be float32, actual type: float64[0m
  logger.warn(
/home/xi/anaconda3/envs/franky-sami/lib/python3.10/site-packages/gymnasium/utils/passive_env_checker.py:159: UserWarning: [33mWARN: The obs returned by the `step()` method is not within the observation space.[0m
  logger.warn(f"{pre} is not within the observation space.")
1it [00:05,  5.19s/it]2it [00:10,  5.48s/it]3it [00:17,  5.80s/it]4it [00:23,  6.10s/it]4it [00:23,  5.90s/it]
{'model_parameters': {'method': 'SaSAC', 'adversarial_loss_coef': 0.1, 'batch_size': 256, 'contrast_batch_size': 256, 'contrast_buffer_type': 'fine_grained', 'contrast_training_interval': 1, 'time_step': 5000000, 'causal_dim': 6, 'causal_hidden_dim': 128, 'buffer_size': 1000, 'use_weighted_info_nce': False, 'use_reward_norm': False, 'learning_rate': 0.001, 'train_freq': 128, 'gradient_steps': 16, 'encoder_tau': 0.05, 'neg_radio': 0.5, 'env_name': 'PandaPush-v3', 'env_hook': 'PandaHook', 'train_envs': '[(0, 30), (1, 1), (1, 30), (1, 5)]', 'test_envs': '[(0, 30), (1, 1), (1, 30), (1, 5)]', 'use_continue_train': False, 'save_video': False, 'seed': 100, 'config_path': '', 'test_eps_num_per_env': 50, 'use_wandb': False, 'wandb_project_name': 'franky-sami', 'wandb_team_name': 'skill-aware-rl'}, 'save_path': '/home/xi/yxh_space/SaMI/SaMI/output', 'sub_save_path': '/home/xi/yxh_space/SaMI/SaMI/output/2025-05-28-13:57:19-759652', 'save_model_path': '/home/xi/yxh_space/SaMI/SaMI/output/2025-05-28-13:57:19-759652/model.zip', 'log_path': '/home/xi/yxh_space/SaMI/SaMI/output/2025-05-28-13:57:19-759652/log.txt', 'code_path': '/home/xi/yxh_space/SaMI/SaMI/output/2025-05-28-13:57:19-759652/code.zip', 'config_path': '/home/xi/yxh_space/SaMI/SaMI/output/2025-05-28-13:57:19-759652/config.yaml', 'test_path': '/home/xi/yxh_space/SaMI/SaMI/output/2025-05-28-13:57:19-759652/test_result.yaml', 'test_tsne_path': '/home/xi/yxh_space/SaMI/SaMI/output/2025-05-28-13:57:19-759652/tsne.jpg', 'test_table_path': '/home/xi/yxh_space/SaMI/SaMI/output/2025-05-28-13:57:19-759652/tables', 'test_image_path': '/home/xi/yxh_space/SaMI/SaMI/output/2025-05-28-13:57:19-759652/images', 'test_video_path': '/home/xi/yxh_space/SaMI/SaMI/output/2025-05-28-13:57:19-759652/videos'}
argv[0]=--background_color_red=0.8745098114013672
argv[1]=--background_color_green=0.21176470816135406
argv[2]=--background_color_blue=0.1764705926179886
argv[0]=--background_color_red=0.8745098114013672
argv[1]=--background_color_green=0.21176470816135406
argv[2]=--background_color_blue=0.1764705926179886
argv[0]=--background_color_red=0.8745098114013672
argv[1]=--background_color_green=0.21176470816135406
argv[2]=--background_color_blue=0.1764705926179886
argv[0]=--background_color_red=0.8745098114013672
argv[1]=--background_color_green=0.21176470816135406
argv[2]=--background_color_blue=0.1764705926179886
argv[0]=--background_color_red=0.8745098114013672
argv[1]=--background_color_green=0.21176470816135406
argv[2]=--background_color_blue=0.1764705926179886
argv[0]=--background_color_red=0.8745098114013672
argv[1]=--background_color_green=0.21176470816135406
argv[2]=--background_color_blue=0.1764705926179886
argv[0]=--background_color_red=0.8745098114013672
argv[1]=--background_color_green=0.21176470816135406
argv[2]=--background_color_blue=0.1764705926179886
argv[0]=--background_color_red=0.8745098114013672
argv[1]=--background_color_green=0.21176470816135406
argv[2]=--background_color_blue=0.1764705926179886
0it [00:00, ?it/s]/home/xi/anaconda3/envs/franky-sami/lib/python3.10/site-packages/gymnasium/core.py:311: UserWarning: [33mWARN: env.task to get variables from other wrappers is deprecated and will be removed in v1.0, to get this variable you can do `env.unwrapped.task` for environment variables or `env.get_wrapper_attr('task')` that will search the reminding wrappers.[0m
  logger.warn(
/home/xi/anaconda3/envs/franky-sami/lib/python3.10/site-packages/gymnasium/core.py:311: UserWarning: [33mWARN: env.set_obs_friction_mass to get variables from other wrappers is deprecated and will be removed in v1.0, to get this variable you can do `env.unwrapped.set_obs_friction_mass` for environment variables or `env.get_wrapper_attr('set_obs_friction_mass')` that will search the reminding wrappers.[0m
  logger.warn(
/home/xi/anaconda3/envs/franky-sami/lib/python3.10/site-packages/gymnasium/utils/passive_env_checker.py:135: UserWarning: [33mWARN: The obs returned by the `reset()` method was expecting numpy array dtype to be float32, actual type: float64[0m
  logger.warn(
/home/xi/anaconda3/envs/franky-sami/lib/python3.10/site-packages/gymnasium/utils/passive_env_checker.py:159: UserWarning: [33mWARN: The obs returned by the `reset()` method is not within the observation space.[0m
  logger.warn(f"{pre} is not within the observation space.")
/home/xi/anaconda3/envs/franky-sami/lib/python3.10/site-packages/gymnasium/utils/passive_env_checker.py:135: UserWarning: [33mWARN: The obs returned by the `step()` method was expecting numpy array dtype to be float32, actual type: float64[0m
  logger.warn(
/home/xi/anaconda3/envs/franky-sami/lib/python3.10/site-packages/gymnasium/utils/passive_env_checker.py:159: UserWarning: [33mWARN: The obs returned by the `step()` method is not within the observation space.[0m
  logger.warn(f"{pre} is not within the observation space.")
1it [00:04,  4.49s/it]2it [00:09,  4.64s/it]3it [00:14,  4.98s/it]4it [00:19,  4.89s/it]4it [00:19,  4.84s/it]
{'model_parameters': {'method': 'SaSAC', 'adversarial_loss_coef': 0.01, 'batch_size': 256, 'contrast_batch_size': 256, 'contrast_buffer_type': 'fine_grained', 'contrast_training_interval': 1, 'time_step': 5000000, 'causal_dim': 6, 'causal_hidden_dim': 128, 'buffer_size': 1000, 'use_weighted_info_nce': False, 'use_reward_norm': False, 'learning_rate': 0.001, 'train_freq': 128, 'gradient_steps': 16, 'encoder_tau': 0.05, 'neg_radio': 0.5, 'env_name': 'PandaPush-v3', 'env_hook': 'PandaHook', 'train_envs': '[(0, 30), (1, 1), (1, 30), (1, 5)]', 'test_envs': '[(0, 30), (1, 1), (1, 30), (1, 5)]', 'use_continue_train': False, 'save_video': False, 'seed': 100, 'config_path': '', 'test_eps_num_per_env': 50, 'use_wandb': False, 'wandb_project_name': 'franky-sami', 'wandb_team_name': 'skill-aware-rl'}, 'save_path': '/home/xi/yxh_space/SaMI/SaMI/output', 'sub_save_path': '/home/xi/yxh_space/SaMI/SaMI/output/2025-05-28-13:57:21-838644', 'save_model_path': '/home/xi/yxh_space/SaMI/SaMI/output/2025-05-28-13:57:21-838644/model.zip', 'log_path': '/home/xi/yxh_space/SaMI/SaMI/output/2025-05-28-13:57:21-838644/log.txt', 'code_path': '/home/xi/yxh_space/SaMI/SaMI/output/2025-05-28-13:57:21-838644/code.zip', 'config_path': '/home/xi/yxh_space/SaMI/SaMI/output/2025-05-28-13:57:21-838644/config.yaml', 'test_path': '/home/xi/yxh_space/SaMI/SaMI/output/2025-05-28-13:57:21-838644/test_result.yaml', 'test_tsne_path': '/home/xi/yxh_space/SaMI/SaMI/output/2025-05-28-13:57:21-838644/tsne.jpg', 'test_table_path': '/home/xi/yxh_space/SaMI/SaMI/output/2025-05-28-13:57:21-838644/tables', 'test_image_path': '/home/xi/yxh_space/SaMI/SaMI/output/2025-05-28-13:57:21-838644/images', 'test_video_path': '/home/xi/yxh_space/SaMI/SaMI/output/2025-05-28-13:57:21-838644/videos'}
argv[0]=--background_color_red=0.8745098114013672
argv[1]=--background_color_green=0.21176470816135406
argv[2]=--background_color_blue=0.1764705926179886
argv[0]=--background_color_red=0.8745098114013672
argv[1]=--background_color_green=0.21176470816135406
argv[2]=--background_color_blue=0.1764705926179886
argv[0]=--background_color_red=0.8745098114013672
argv[1]=--background_color_green=0.21176470816135406
argv[2]=--background_color_blue=0.1764705926179886
argv[0]=--background_color_red=0.8745098114013672
argv[1]=--background_color_green=0.21176470816135406
argv[2]=--background_color_blue=0.1764705926179886
argv[0]=--background_color_red=0.8745098114013672
argv[1]=--background_color_green=0.21176470816135406
argv[2]=--background_color_blue=0.1764705926179886
argv[0]=--background_color_red=0.8745098114013672
argv[1]=--background_color_green=0.21176470816135406
argv[2]=--background_color_blue=0.1764705926179886
argv[0]=--background_color_red=0.8745098114013672
argv[1]=--background_color_green=0.21176470816135406
argv[2]=--background_color_blue=0.1764705926179886
argv[0]=--background_color_red=0.8745098114013672
argv[1]=--background_color_green=0.21176470816135406
argv[2]=--background_color_blue=0.1764705926179886
