_step,test/achieved_goal,test/action,test/done,test/desired_goal,test/observations,test/causal_embedding,test/env_info,_runtime,test/reward,test/episode,global_step,_timestamp,test/steps,tsne,pca
0,"[0.5785408616065979, 0.020785268396139145, 0.029989998787641525]","[0.6699967384338379, -0.9973899126052856, -0.9164538383483887, 0.637437105178833]",False,"[0.677664577960968, 0.058538127690553665, 0.029999999329447746]","[[0.6667881608009338, -0.02288977801799774, 0.18297570943832397, 0.055993955582380295, 0.5785408616065979, 0.020785268396139145, 0.029989998787641525, -1.4674657222712995e-07, 1.1813904166046996e-07, 9.284202773978192e-14]]","[0.35351476073265076, -0.3350365161895752, 0.24033120274543762, 0.20666766166687012, 0.2595105469226837, 0.1473778784275055]","[0, 30]",2.401951823,-0.10606972873210907,0.0,0.0,1747830672.3460283,0.0,,
1,"[0.5785408616065979, 0.020785268396139145, 0.029989998787641525]","[-0.9117702841758728, 0.7022653818130493, -0.9377601742744446, 0.45764172077178955]",False,"[0.677664577960968, 0.058538127690553665, 0.029999999329447746]","[[0.6306886076927185, -0.04492761939764023, 0.1267271190881729, 0.07708142697811127, 0.5785408616065979, 0.020785268396139145, 0.029989998787641525, -1.499974899843437e-07, 1.181441788844495e-07, 9.245794912017893e-14]]","[0.2640773355960846, -0.3151358664035797, 0.2072780579328537, 0.23921209573745728, 0.07319626212120056, -0.05195072293281555]","[0, 30]",2.530547403,-0.10606972873210907,0.0,1.0,1747830672.474079,1.0,,
2,"[0.5785408616065979, 0.020785268396139145, 0.029989998787641525]","[-0.8810417652130127, 0.8997204303741455, 0.06061851978302002, 0.4275240898132324]",False,"[0.677664577960968, 0.058538127690553665, 0.029999999329447746]","[[0.5851508975028992, -0.01831875741481781, 0.09119516611099243, 0.07964523136615753, 0.5785408616065979, 0.020785268396139145, 0.029989998787641525, -4.086073346343255e-08, 4.876785173607567e-12, 9.560815274244419e-14]]","[-0.003086961805820465, -0.12042275071144104, 0.33779072761535645, 0.3378547132015228, 0.02477191388607025, -0.25277310609817505]","[0, 30]",2.661112172,-0.10606972873210907,0.0,2.0,1747830672.6026888,2.0,,
3,"[0.5785408616065979, 0.020785268396139145, 0.029990000650286674]","[-0.8226650953292847, 0.9670189619064331, -0.9810191988945007, 0.4346802234649658]",False,"[0.677664577960968, 0.058538127690553665, 0.029999999329447746]","[[0.5631834864616394, 0.028142733499407768, 0.053097907453775406, 0.07995686680078506, 0.5785408616065979, 0.020785268396139145, 0.029990000650286674, -7.476571362019513e-09, -7.021247472316361e-10, 9.553842499022622e-14]]","[-0.020900167524814606, -0.2865026295185089, 0.17805825173854828, 0.3908790349960327, 0.11257880926132202, -0.07212463021278381]","[0, 30]",2.794870085,-0.10606972873210907,0.0,3.0,1747830672.733253,3.0,,
4,"[0.5795843601226807, 0.026416955515742302, 0.02998971939086914]","[0.907591700553894, 0.7405657768249512, -0.20234614610671997, -0.5958566665649414]",False,"[0.677664577960968, 0.058538127690553665, 0.029999999329447746]","[[0.5736580491065979, 0.041038911789655685, 0.022694846615195274, 0.054474975913763046, 0.5795843601226807, 0.026416955515742302, 0.02998971939086914, 1.038423852151027e-05, -2.6338661882618908e-06, -0.05511317774653435]]","[-0.0682503804564476, -0.04526296257972717, 0.08088892698287964, 0.5624296069145203, 0.031881168484687805, -0.08430679142475128]","[0, 30]",2.924373426,-0.1032060906291008,0.0,4.0,1747830672.8669477,4.0,,
5,"[0.5927460193634033, 0.03969045728445053, 0.029978858307003975]","[0.951850414276123, 0.9322643280029297, 0.05677163600921631, -0.8929177522659302]",False,"[0.677664577960968, 0.058538127690553665, 0.029999999329447746]","[[0.6061511635780334, 0.05633830651640892, 0.022200312465429306, 0.04946782812476158, 0.5927460193634033, 0.03969045728445053, 0.029978858307003975, -0.000371429487131536, -0.0007412109989672899, 0.011065972037613392]]","[-0.2737293839454651, -0.06826205551624298, -0.05762240290641785, 0.5155069231987, -0.04886879026889801, -0.033430688083171844]","[0, 30]",3.054773207,-0.0869850292801857,0.0,5.0,1747830672.9964588,5.0,,
6,"[0.6117531657218933, 0.06002085283398628, 0.03006385639309883]","[0.9098625183105469, 0.910109281539917, 0.45640993118286133, -0.9050737619400024]",False,"[0.677664577960968, 0.058538127690553665, 0.029999999329447746]","[[0.6249111890792847, 0.0771397203207016, 0.022502709180116653, 0.04900234937667847, 0.6117531657218933, 0.06002085283398628, 0.03006385639309883, -0.0026020396035164595, -0.00013425410725176334, -0.006519374903291464]]","[-0.4156688451766968, -0.04673252999782562, -0.07736071944236755, 0.3469000458717346, -0.23012733459472656, 0.057762786746025085]","[0, 30]",3.186405335,-0.06592810899019241,0.0,6.0,1747830673.1268673,6.0,,
7,"[0.6334664821624756, 0.08552303910255432, 0.029989931732416153]","[0.8312456607818604, 0.46202564239501953, 0.3003196716308594, -0.8139649033546448]",False,"[0.677664577960968, 0.058538127690553665, 0.029999999329447746]","[[0.6450509428977966, 0.0948142260313034, 0.02295931614935398, 0.051370952278375626, 0.6334664821624756, 0.08552303910255432, 0.029989931732416153, 0.000694953603670001, -0.0006931669195182621, -0.008288728073239326]]","[-0.2469172477722168, 0.01047411561012268, 0.09606128931045532, -0.005361020565032959, -0.18276718258857727, 0.1940729171037674]","[0, 30]",3.317322535,-0.051784709095954895,0.0,7.0,1747830673.2585118,7.0,,
8,"[0.6540957689285278, 0.10948938131332397, 0.03008357435464859]","[0.7779446840286255, -0.6859390735626221, 0.29706692695617676, -0.7291895151138306]",False,"[0.677664577960968, 0.058538127690553665, 0.029999999329447746]","[[0.661554217338562, 0.0943627655506134, 0.023367496207356453, 0.051853545010089874, 0.6540957689285278, 0.10948938131332397, 0.03008357435464859, 0.0034091570414602757, -0.0002823864633683115, 0.04793933033943176]]","[-0.02416633814573288, -0.02331383526325226, 0.1570102870464325, 0.0040360912680625916, -0.2613745927810669, 0.2510644793510437]","[0, 30]",3.448716648,-0.05613844841718674,0.0,8.0,1747830673.3894453,8.0,,
9,"[0.666232168674469, 0.12360380589962006, 0.0303037166595459]","[0.18835926055908203, -0.8397142887115479, 0.3959641456604004, -0.6246906518936157]",False,"[0.677664577960968, 0.058538127690553665, 0.029999999329447746]","[[0.6592925190925598, 0.1048501506447792, 0.02599920704960823, 0.04823197051882744, 0.666232168674469, 0.12360380589962006, 0.0303037166595459, 0.01108382735401392, -0.000568031333386898, 0.049895599484443665]]","[0.20530182123184204, -0.05272413790225983, 0.1777048110961914, -0.22277496755123138, -0.28448542952537537, 0.22465597093105316]","[0, 30]",3.580513165,-0.06606310606002808,0.0,9.0,1747830673.5208127,9.0,,
10,"[0.6681672930717468, 0.128099262714386, 0.03103148564696312]","[-0.13524609804153442, -0.8955690860748291, 0.6138916015625, -0.6689184904098511]",False,"[0.677664577960968, 0.058538127690553665, 0.029999999329447746]","[[0.6465704441070557, 0.10648169368505478, 0.03038923069834709, 0.047879163175821304, 0.6681672930717468, 0.128099262714386, 0.03103148564696312, 0.035468924790620804, -0.00012536821304820478, 0.14910997450351715]]","[0.3346262574195862, -0.004494130611419678, 0.19759002327919006, -0.35421282052993774, -0.3417116701602936, 0.12238392233848572]","[0, 30]",3.712522882,-0.07021405547857285,0.0,10.0,1747830673.652604,10.0,,
11,"[0.663457989692688, 0.1245955377817154, 0.03000737726688385]","[-0.09236621856689453, -0.9177780747413635, 0.7925970554351807, -0.7732800245285034]",False,"[0.677664577960968, 0.058538127690553665, 0.029999999329447746]","[[0.6318677663803101, 0.102373868227005, 0.033202510327100754, 0.041557252407073975, 0.663457989692688, 0.1245955377817154, 0.03000737726688385, -0.0010351826203987002, 0.001646024757064879, 0.3240360617637634]]","[0.4820207357406616, -0.031883031129837036, 0.19684672355651855, -0.4620252251625061, -0.3332175016403198, 0.018005020916461945]","[0, 30]",3.844907381,-0.06756780296564102,0.0,11.0,1747830673.784671,11.0,,
12,"[0.6595572233200073, 0.11531748622655869, 0.029969241470098495]","[-0.28364795446395874, -0.7564098238945007, 0.6884869337081909, 0.024199366569519043]",False,"[0.677664577960968, 0.058538127690553665, 0.029999999329447746]","[[0.6143806576728821, 0.09626050293445587, 0.03748931363224983, 0.043815143406391144, 0.6595572233200073, 0.11531748622655869, 0.029969241470098495, 1.412203346262686e-06, -0.0006899561849422753, 0.681885302066803]]","[0.6687713265419006, -0.08265531063079834, 0.2820996642112732, -0.5033382773399353, -0.3039824068546295, 0.1764368861913681]","[0, 30]",3.97712121,-0.059596747159957886,0.0,12.0,1747830673.9170282,12.0,,
13,"[0.6388585567474365, -0.2822856903076172, 0.029999999329447746]","[0.1965559720993042, -0.8840040564537048, -0.0027915239334106445, 0.5958642959594727]",True,"[0.46161144971847534, -0.2772214114665985, 0.029999999329447746]","[[0.6384396553039551, -2.194472251484947e-12, 0.19740013778209686, 0, 0.6388585567474365, -0.2822856903076172, 0.029999999329447746, 0, 0, 0]]","[0.7122316360473633, -0.2516297996044159, 0.2036689966917038, -0.46369820833206177, -0.316213458776474, 0.3028964400291443]","[0, 30]",4.407022132,-0.04838104918599129,0.0,13.0,1747830674.0492241,13.0,,
14,"[0.5892009139060974, -0.022642452269792557, 0.02998952753841877]","[-0.23707199096679688, -0.8817625641822815, 0.3360341787338257, 0.30570054054260254]",False,"[0.47031477093696594, -0.12031709402799606, 0.029999999329447746]","[[0.6295747756958008, -0.024464577436447144, 0.20520161092281342, 0.026853403076529503, 0.5892009139060974, -0.022642452269792557, 0.02998952753841877, 3.005894996022107e-06, -2.0607802071026526e-05, -2.8306608328421135e-06]]","[0.22028937935829163, -0.0591198205947876, 0.409280389547348, 0.01796063780784607, 0.17532217502593994, -0.2366643100976944]","[1, 5]",4.531137608,-0.15386439859867096,0.0,14.0,1747830674.4790773,0.0,,
15,"[0.5892007946968079, -0.022642001509666443, 0.02998943440616131]","[-0.5797697305679321, -0.16486084461212158, -0.9451903104782104, 0.8293123245239258]",False,"[0.47031477093696594, -0.12031709402799606, 0.029999999329447746]","[[0.6217035055160522, -0.042420871555805206, 0.1912079155445099, 0.07353860884904861, 0.5892007946968079, -0.022642001509666443, 0.02998943440616131, 3.0065698410908226e-06, -2.377380405960139e-05, -5.656060693581821e-06]]","[0.13024425506591797, -0.15128809213638306, 0.24804671108722687, 0.1836426854133606, 0.3382059335708618, -0.07325603812932968]","[1, 5]",4.655020898,-0.15386459231376648,0.0,15.0,1747830674.6032152,1.0,,
16,"[0.5892007350921631, -0.02264155074954033, 0.029989415779709816]","[-0.24772894382476807, 0.3739299774169922, -0.9360323548316956, 0.6063895225524902]",False,"[0.47031477093696594, -0.12031709402799606, 0.029999999329447746]","[[0.6086795926094055, -0.02670268341898918, 0.14115533232688904, 0.07921493053436279, 0.5892007350921631, -0.02264155074954033, 0.029989415779709816, 3.006697852470097e-06, -2.43706217588624e-05, -8.480304131808225e-06]]","[0.0500483512878418, -0.14554551243782043, 0.20306944847106934, 0.2748894691467285, 0.3014327585697174, -0.09809943288564682]","[1, 5]",4.780212661,-0.15386483073234558,0.0,16.0,1747830674.727149,2.0,,
17,"[0.5892011523246765, -0.022641189396381378, 0.029989663511514664]","[0.0161893367767334, 0.06287014484405518, -0.9539905190467834, 0.3438293933868408]",False,"[0.47031477093696594, -0.12031709402799606, 0.029999999329447746]","[[0.6060524582862854, -0.023826725780963898, 0.09126564860343933, 0.07990461587905884, 0.5892011523246765, -0.022641189396381378, 0.029989663511514664, 9.237590889703967e-14, -1.1187465133843943e-05, -1.0174738235946279e-05]]","[0.07046446949243546, -0.0009694993495941162, 0.23513281345367432, 0.20156201720237732, 0.27059483528137207, 0.018005982041358948]","[1, 5]",4.9052508150000005,-0.15386538207530975,0.0,17.0,1747830674.8523364,3.0,,
18,"[0.5892013907432556, -0.022641189396381378, 0.0299899373203516]","[-0.16438770294189453, 0.039978981018066406, -0.9554381966590881, 0.0949622392654419]",False,"[0.47031477093696594, -0.12031709402799606, 0.029999999329447746]","[[0.5943430662155151, -0.021957749500870705, 0.037727512419223785, 0.07998842746019363, 0.5892013907432556, -0.022641189396381378, 0.0299899373203516, -4.897061488956522e-13, -2.1109988210810116e-06, -1.0174750968872104e-05]]","[0.04311422258615494, -0.007052689790725708, 0.16645757853984833, 0.15603840351104736, 0.22462192177772522, 0.006730325520038605]","[1, 5]",5.030398705,-0.15386556088924408,0.0,18.0,1747830674.9773836,4.0,,
19,"[0.5798243880271912, -0.025279682129621506, 0.032409269362688065]","[-0.853493332862854, -0.8927379846572876, 0.6330405473709106, -0.8758395314216614]",False,"[0.47031477093696594, -0.12031709402799606, 0.029999999329447746]","[[0.5568302273750305, -0.041075680404901505, 0.026497898623347282, 0.05314929038286209, 0.5798243880271912, -0.025279682129621506, 0.032409269362688065, 0.02108090929687023, 0.05798487365245819, 0.10432940721511841]]","[-0.08334367722272873, 0.4960789382457733, 0.39875826239585876, 0.13755297660827637, -0.030016422271728516, -0.16436678171157837]","[1, 5]",5.155760485,-0.14501817524433136,0.0,19.0,1747830675.1025014,5.0,,
20,"[0.552420973777771, -0.058475978672504425, 0.03734644129872322]","[-0.9303695559501648, -0.9303678870201111, 0.25845980644226074, -0.5932037830352783]",False,"[0.47031477093696594, -0.12031709402799606, 0.029999999329447746]","[[0.5264883637428284, -0.07209258526563644, 0.0355268158018589, 0.051857661455869675, 0.552420973777771, -0.058475978672504425, 0.03734644129872322, 0.04451792687177658, 0.20552927255630493, 0.06615141034126282]]","[0.01902931183576584, 0.36859676241874695, 0.3222287893295288, -0.03393751382827759, -0.02771580219268799, 0.0838463306427002]","[1, 5]",5.284079456,-0.1030520424246788,0.0,20.0,1747830675.2278707,6.0,,
21,"[0.5197153091430664, -0.10357697308063507, 0.03339743986725807]","[-0.929175853729248, -0.9148269295692444, -0.13099884986877441, -0.3808455467224121]",False,"[0.47031477093696594, -0.12031709402799606, 0.029999999329447746]","[[0.49182721972465515, -0.11194685846567154, 0.02952570468187332, 0.052506979554891586, 0.5197153091430664, -0.10357697308063507, 0.03339743986725807, 0.008286313153803349, 0.11180587112903595, 0.025673633441329002]]","[0.07163070142269135, 0.2003888487815857, 0.1863991916179657, -0.1580738127231598, -0.08030405640602112, 0.10172592103481293]","[1, 5]",5.408479114,-0.05227033793926239,0.0,21.0,1747830675.3562107,7.0,,
22,"[0.5322017073631287, -0.10105782002210617, 0.029999999329447746]","[-0.7368376851081848, -0.7407522201538086, 0.29269134998321533, -0.5300030708312988]",True,"[0.4384321868419647, -0.15560942888259888, 0.029999999329447746]","[[0.6384396553039551, -2.194472251484947e-12, 0.19740013778209686, 0, 0.5322017073631287, -0.10105782002210617, 0.029999999329447746, 0, 0, 0]]","[0.26378366351127625, 0.003905385732650757, 0.06098029017448425, -0.4021346867084503, -0.12836749851703644, 0.13854610919952393]","[1, 5]",5.783277955,-0.027857551351189613,0.0,22.0,1747830675.4806101,8.0,,
23,"[0.578356921672821, -0.25105464458465576, 0.02998952753841877]","[0.307026743888855, -0.5549075603485107, -0.8941517472267151, 0.7828677892684937]",False,"[0.5454406142234802, -0.20258843898773193, 0.029999999329447746]","[[0.653181791305542, -0.019089527428150177, 0.1767570525407791, 0.06876889616250992, 0.578356921672821, -0.25105464458465576, 0.02998952753841877, 3.005894996022107e-06, -2.0607802071026526e-05, -2.8306608328421135e-06]]","[0.3146796226501465, -0.41913747787475586, 0.17117513716220856, 0.11556822061538696, 0.20487743616104126, 0.11715222895145416]","[1, 1]",5.906083426,-0.058587152510881424,0.0,23.0,1747830675.855386,0.0,,
24,"[0.5783568024635315, -0.25105419754981995, 0.02998943440616131]","[0.2717323303222656, -0.9230315685272217, 0.2575840950012207, 0.31624913215637207]",False,"[0.5454406142234802, -0.20258843898773193, 0.029999999329447746]","[[0.6452937126159668, -0.053598273545503616, 0.13774262368679047, 0.07863461971282959, 0.5783568024635315, -0.25105419754981995, 0.02998943440616131, 3.0065698410908226e-06, -2.377380405960139e-05, -5.656060693581821e-06]]","[0.25508472323417664, -0.21069636940956116, 0.25249940156936646, 0.10849758982658386, 0.13465043902397156, -0.17184939980506897]","[1, 1]",6.027775371,-0.058586716651916504,0.0,24.0,1747830675.9782114,1.0,,
25,"[0.5783568024635315, -0.25105375051498413, 0.029989415779709816]","[-0.39275121688842773, -0.9430303573608398, 0.3693563938140869, 0.48980259895324707]",False,"[0.5454406142234802, -0.20258843898773193, 0.029999999329447746]","[[0.6252326965332031, -0.09464994072914124, 0.11371758580207825, 0.0798339992761612, 0.5783568024635315, -0.25105375051498413, 0.029989415779709816, 3.006697852470097e-06, -2.43706217588624e-05, -8.480304131808225e-06]]","[-0.0034955739974975586, 0.12576428055763245, 0.3421232998371124, 0.0881902426481247, 0.14899465441703796, -0.3415963649749756]","[1, 1]",6.14874401,-0.058586347848176956,0.0,25.0,1747830676.0998943,2.0,,
26,"[0.5783572793006897, -0.25105345249176025, 0.029989758506417274]","[-0.6325801014900208, -0.9338338971138, 0.1592620611190796, 0.5356777906417847]",False,"[0.5454406142234802, -0.20258843898773193, 0.029999999329447746]","[[0.6043623685836792, -0.13672716915607452, 0.11064590513706207, 0.079979807138443, 0.5783572793006897, -0.25105345249176025, 0.029989758506417274, -1.120984993718821e-08, -8.053105375438463e-06, -9.648709237808362e-06]]","[-0.14250856637954712, 0.1423967182636261, 0.3155275583267212, -0.08254115283489227, 0.17782628536224365, -0.3084902763366699]","[1, 1]",6.269838786,-0.05858636647462845,0.0,26.0,1747830676.2208836,3.0,,
27,"[0.5783572793006897, -0.25105324387550354, 0.02998979389667511]","[-0.7176547050476074, -0.9138681292533875, -0.12850803136825562, 0.5259027481079102]",False,"[0.5454406142234802, -0.20258843898773193, 0.029999999329447746]","[[0.5800180435180664, -0.1797337681055069, 0.1066625788807869, 0.07999756187200546, 0.5783572793006897, -0.25105324387550354, 0.02998979389667511, -9.81522914160482e-13, -6.889260021125665e-06, -1.1050865396100562e-05]]","[-0.16343411803245544, 0.12425485253334045, 0.21255184710025787, -0.1909465193748474, 0.16268262267112732, -0.18838052451610565]","[1, 1]",6.39058034,-0.05858619511127472,0.0,27.0,1747830676.3419847,4.0,,
28,"[0.578357458114624, -0.25105324387550354, 0.02998995967209339]","[-0.5089924931526184, -0.8992249965667725, -0.4653506278991699, 0.5414172410964966]",False,"[0.5454406142234802, -0.20258843898773193, 0.029999999329447746]","[[0.5585611462593079, -0.22033002972602844, 0.08639109879732132, 0.07999969273805618, 0.578357458114624, -0.25105324387550354, 0.02998995967209339, -1.2406887961446955e-08, -1.3250026995592634e-06, -1.1089907275163569e-05]]","[-0.23547261953353882, -0.04315057396888733, 0.09466302394866943, -0.17929314076900482, 0.12544876337051392, -0.04666924849152565]","[1, 1]",6.511286797,-0.05858629569411278,0.0,28.0,1747830676.4626482,5.0,,
29,"[0.578357458114624, -0.25105324387550354, 0.02998999133706093]","[0.33298683166503906, -0.6642346382141113, -0.9504156112670898, 0.20914435386657715]",False,"[0.5454406142234802, -0.20258843898773193, 0.029999999329447746]","[[0.5692135095596313, -0.2470901757478714, 0.054383713752031326, 0.07999981194734573, 0.578357458114624, -0.25105324387550354, 0.02998999133706093, -1.1407357281001396e-09, -2.602079405278346e-07, -1.1107706086477265e-05]]","[-0.10335291177034378, -0.2677619159221649, -0.14473843574523926, -0.2643595039844513, -0.0543663315474987, 0.08972139656543732]","[1, 1]",6.631848484,-0.05858629569411278,0.0,29.0,1747830676.5833936,6.0,,
30,"[0.5789331197738647, -0.24108310043811798, 0.02999415062367916]","[0.2642378807067871, 0.8416894674301147, -0.6857045888900757, -0.35443830490112305]",False,"[0.5454406142234802, -0.20258843898773193, 0.029999999329447746]","[[0.5677544474601746, -0.23688235878944397, 0.021951911970973015, 0.05693507939577103, 0.5789331197738647, -0.24108310043811798, 0.02999415062367916, -0.0005001931567676365, 0.00026735806022770703, -0.043875645846128464]]","[-0.03575468808412552, -0.5135300755500793, -0.27614542841911316, -0.16482654213905334, -0.2797033488750458, 0.08686946332454681]","[1, 1]",6.752990829,-0.05102533847093582,0.0,30.0,1747830676.7040029,7.0,,
31,"[0.4066818356513977, -0.27853143215179443, 0.029999999329447746]","[-0.9097663164138794, 0.9319208860397339, 0.8902828693389893, -0.9115831255912781]",True,"[0.5781239867210388, 0.22146880626678467, 0.029999999329447746]","[[0.6384396553039551, -2.194472251484947e-12, 0.19740013778209686, 0, 0.4066818356513977, -0.27853143215179443, 0.029999999329447746, 0, 0, 0]]","[0.11378519237041473, -0.29872870445251465, -0.22547373175621033, -0.3251969814300537, -0.3332827389240265, -0.12517601251602173]","[1, 1]",7.128970532,-0.006947406567633152,0.0,31.0,1747830676.8251164,8.0,,
32,"[0.6653642654418945, -0.08860311657190323, 0.02998952753841877]","[-0.2731289863586426, -0.9213453531265259, -0.7492836713790894, 0.7814490795135498]",False,"[0.44071367383003235, -0.18826615810394287, 0.029999999329447746]","[[0.6329572200775146, -0.02422374300658703, 0.17104001343250275, 0.0686442106962204, 0.6653642654418945, -0.08860311657190323, 0.02998952753841877, 3.005894996022107e-06, -2.0607802071026526e-05, -2.8306608328421135e-06]]","[0.2820209562778473, -0.28856199979782104, 0.26516422629356384, 0.0032005831599235535, 0.2604590654373169, 0.07695560157299042]","[1, 30]",7.252837061,-0.2457653433084488,0.0,32.0,1747830677.2010906,0.0,,
33,"[0.665364146232605, -0.08860266208648682, 0.02998943440616131]","[0.8311634063720703, -0.9697051048278809, -0.9653095602989197, 0.5000669956207275]",False,"[0.44071367383003235, -0.18826615810394287, 0.029999999329447746]","[[0.6542918086051941, -0.06939048320055008, 0.1303299516439438, 0.07861941307783127, 0.665364146232605, -0.08860266208648682, 0.02998943440616131, 3.0065698410908226e-06, -2.377380405960139e-05, -5.656060693581821e-06]]","[0.3469611406326294, -0.168753981590271, 0.13570493459701538, 0.2182895839214325, 0.3887714743614197, 0.009844131767749786]","[1, 30]",7.374956776,-0.24576541781425476,0.0,33.0,1747830677.3249424,1.0,,
34,"[0.6653646230697632, -0.08860241621732712, 0.029989782720804214]","[0.6714346408843994, -0.48176419734954834, -0.9871841669082642, 0.2704681158065796]",False,"[0.44071367383003235, -0.18826615810394287, 0.029999999329447746]","[[0.6677576303482056, -0.08810923248529434, 0.07639927417039871, 0.07983187586069107, 0.6653646230697632, -0.08860241621732712, 0.029989782720804214, 2.3236268383245036e-16, -7.251948318298673e-06, -6.644595032412326e-06]]","[0.2475268840789795, -0.09578116238117218, 0.11098325252532959, 0.19138747453689575, 0.35168516635894775, -0.030511997640132904]","[1, 30]",7.496391549,-0.24576595425605774,0.0,34.0,1747830677.4470975,2.0,,
35,"[0.6653714776039124, -0.08862276375293732, 0.029992366209626198]","[0.4056781530380249, -0.0981757640838623, -0.9379178881645203, -0.09005838632583618]",False,"[0.44071367383003235, -0.18826615810394287, 0.029999999329447746]","[[0.6717971563339233, -0.09107482433319092, 0.021971823647618294, 0.07192090153694153, 0.6653714776039124, -0.08862276375293732, 0.029992366209626198, 1.2216171398904407e-06, 7.965207623783499e-05, 0.00012772138870786875]]","[0.11490233987569809, -0.14817985892295837, 0.018689602613449097, 0.09215806424617767, 0.2979241907596588, 0.09070771932601929]","[1, 30]",7.61950679,-0.24576397240161896,0.0,35.0,1747830677.5685427,3.0,,
36,"[0.6636275053024292, -0.08861967921257019, 0.029989996924996376]","[-0.9117105007171631, -0.645014762878418, 0.8304121494293213, -0.9832706451416016]",False,"[0.44071367383003235, -0.18826615810394287, 0.029999999329447746]","[[0.6431339383125305, -0.10115032643079758, 0.02613900974392891, 0.053997740149497986, 0.6636275053024292, -0.08861967921257019, 0.029989996924996376, -9.751636298460653e-07, 8.637867949801148e-07, 0.03408723697066307]]","[-0.060785211622714996, 0.39066919684410095, 0.4053364098072052, 0.04488247632980347, -0.08961997926235199, -0.12361723184585571]","[1, 30]",7.7421747629999995,-0.24417205154895782,0.0,36.0,1747830677.6916423,4.0,,
37,"[0.6590322256088257, -0.09122736006975174, 0.029969042167067528]","[-0.9987513422966003, -0.6828976273536682, 0.8427815437316895, -0.8549461960792542]",False,"[0.44071367383003235, -0.18826615810394287, 0.029999999329447746]","[[0.60349440574646, -0.12283380329608917, 0.037259843200445175, 0.015774009749293327, 0.6590322256088257, -0.09122736006975174, 0.029969042167067528, -0.0006887800991535187, 9.793586286832578e-06, 0.13279718160629272]]","[-0.01971379667520523, 0.21747902035713196, 0.2874956429004669, -0.0180668905377388, -0.06072574108839035, -0.003915578126907349]","[1, 30]",7.864797752,-0.23891319334506989,0.0,37.0,1747830677.8143067,5.0,,
38,"[0.6583874821662903, -0.09148959815502167, 0.029986046254634857]","[0.11394608020782471, 0.9145458936691284, 0.9864729642868042, -0.2634100914001465]",False,"[0.44071367383003235, -0.18826615810394287, 0.029999999329447746]","[[0.6019729375839233, -0.13118025660514832, 0.07295797765254974, 0.0019177495269104838, 0.6583874821662903, -0.09148959815502167, 0.029986046254634857, -0.00012975836580153555, 1.6822566522023408e-06, 0.13733161985874176]]","[0.10461372137069702, -0.025445938110351562, 0.20964530110359192, -0.44193705916404724, -0.2260865569114685, 0.0625564455986023]","[1, 30]",7.987354806,-0.2382175177335739,0.0,38.0,1747830677.9369633,6.0,,
39,"[0.6583878993988037, -0.09149273484945297, 0.029989253729581833]","[0.8570295572280884, 0.1459951400756836, 0.9559310674667358, 0.9504655599594116]",False,"[0.44071367383003235, -0.18826615810394287, 0.029999999329447746]","[[0.6270667910575867, -0.12245050072669983, 0.10952262580394745, 0.07050729542970657, 0.6583878993988037, -0.09149273484945297, 0.029989253729581833, -2.444660640321672e-05, 3.9863323308964027e-07, 0.13733167946338654]]","[0.22288230061531067, -0.08910425007343292, -0.0004929006099700928, -0.28742122650146484, -0.23321938514709473, 0.05045574903488159]","[1, 30]",8.109401876,-0.23821662366390228,0.0,39.0,1747830678.0594962,7.0,,
40,"[0.6583885550498962, -0.09149385988712311, 0.029989751055836678]","[0.6816143989562988, 0.6133882999420166, -0.3247106075286865, 0.739544153213501]",False,"[0.44071367383003235, -0.18826615810394287, 0.029999999329447746]","[[0.6536524295806885, -0.10270833224058151, 0.10763048380613327, 0.07884593307971954, 0.6583885550498962, -0.09149385988712311, 0.029989751055836678, 2.039812443399569e-06, 6.469858362834202e-06, 0.13733775913715363]]","[0.3956412672996521, -0.17967870831489563, -0.1348893642425537, -0.29573023319244385, -0.272804319858551, 0.08359523117542267]","[1, 30]",8.231285078,-0.23821675777435303,0.0,40.0,1747830678.181541,8.0,,
41,"[0.6583884358406067, -0.09149383753538132, 0.029989952221512794]","[0.44904565811157227, 0.36147212982177734, -0.7817111015319824, 0.49016547203063965]",False,"[0.44071367383003235, -0.18826615810394287, 0.029999999329447746]","[[0.6629697680473328, -0.08558163046836853, 0.06812356412410736, 0.07985985279083252, 0.6583884358406067, -0.09149383753538132, 0.029989952221512794, 3.818646803210868e-07, 1.2140021681261715e-06, 0.1373378038406372]]","[0.5284391045570374, -0.47211912274360657, -0.2480722963809967, -0.25082525610923767, -0.3075230121612549, 0.09109614789485931]","[1, 30]",8.353851682,-0.23821665346622467,0.0,41.0,1747830678.3033986,9.0,,
42,"[0.6584009528160095, -0.0916302353143692, 0.02998996526002884]","[-0.7388292551040649, -0.7159310579299927, -0.9938727617263794, 0.07184648513793945]",False,"[0.44071367383003235, -0.18826615810394287, 0.029999999329447746]","[[0.6425090432167053, -0.09821843355894089, 0.021871158853173256, 0.07998295873403549, 0.6584009528160095, -0.0916302353143692, 0.02998996526002884, 9.893079777612002e-07, -4.5757562361359305e-07, 0.1369941681623459]]","[0.4552766978740692, -0.4460217356681824, -0.08955904841423035, -0.41207146644592285, -0.4622705280780792, 0.11916805803775787]","[1, 30]",8.477260181,-0.2381727248430252,0.0,42.0,1747830678.425972,10.0,,
43,"[0.658011794090271, -0.09192029386758804, 0.029989955946803093]","[-0.9817888140678406, -0.9053553342819214, 0.983715295791626, -0.981514036655426]",False,"[0.44071367383003235, -0.18826615810394287, 0.029999999329447746]","[[0.5988181829452515, -0.12053386121988297, 0.03003818355500698, 0.02022271789610386, 0.658011794090271, -0.09192029386758804, 0.029989955946803093, 1.2204640142954304e-06, 2.969947274777951e-07, 0.14398442208766937]]","[0.5947845578193665, -0.2870248556137085, 0.17016011476516724, -0.43363675475120544, -0.4602421522140503, 0.04987137019634247]","[1, 30]",8.600803946,-0.23769937455654144,0.0,43.0,1747830678.5494182,11.0,,
44,"[0.6580119132995605, -0.09192036837339401, 0.02998995967209339]","[-0.5400732755661011, 0.28766918182373047, 0.9605252742767334, 0.24774539470672607]",False,"[0.44071367383003235, -0.18826615810394287, 0.029999999329447746]","[[0.573380172252655, -0.14024409651756287, 0.06125486642122269, 0.04198525473475456, 0.6580119132995605, -0.09192036837339401, 0.02998995967209339, 7.130171297831112e-07, 7.039154183985374e-07, 0.1439858227968216]]","[0.7968751192092896, -0.2970573306083679, 0.1669754832983017, -0.27475565671920776, -0.40730926394462585, 0.0656154602766037]","[1, 30]",8.724640658,-0.2376994490623474,0.0,44.0,1747830678.6729698,12.0,,
45,"[0.6580119132995605, -0.09192037582397461, 0.02998998761177063]","[0.385455846786499, -0.39670228958129883, 0.3034689426422119, 0.9010461568832397]",False,"[0.44071367383003235, -0.18826615810394287, 0.029999999329447746]","[[0.5873888731002808, -0.15485943853855133, 0.07536996901035309, 0.07537803053855896, 0.6580119132995605, -0.09192037582397461, 0.02998998761177063, 2.0654705679135077e-07, 2.3061667775436945e-07, 0.14398624002933502]]","[0.9638670086860657, -0.6152472496032715, -0.0009616315364837646, -0.4166814684867859, -0.23263582587242126, 0.3249296545982361]","[1, 30]",8.848438758,-0.2376994490623474,0.0,45.0,1747830678.796786,13.0,,
46,"[0.6580119132995605, -0.0919204130768776, 0.02998998947441578]","[0.4915043115615845, -0.4435631036758423, 0.4563882350921631, 0.801048755645752]",False,"[0.44071367383003235, -0.18826615810394287, 0.029999999329447746]","[[0.6000335812568665, -0.17099827527999878, 0.0901762917637825, 0.07943782210350037, 0.6580119132995605, -0.0919204130768776, 0.02998998947441578, 2.0003390943656996e-07, 1.3753326300047775e-07, 0.1439867913722992]]","[1.3186057806015015, -0.9461976289749146, -0.10152611136436462, -0.6151388883590698, -0.22650647163391113, 0.22225140035152435]","[1, 30]",8.970788925,-0.23769943416118622,0.0,46.0,1747830678.9206061,14.0,,
47,"[0.6580119729042053, -0.09192043542861938, 0.02998999133706093]","[-0.3513702154159546, -0.5599037408828735, 0.09328842163085938, 0.38159608840942383]",False,"[0.44071367383003235, -0.18826615810394287, 0.029999999329447746]","[[0.5891127586364746, -0.19212763011455536, 0.09453956037759781, 0.0799315944314003, 0.6580119729042053, -0.09192043542861938, 0.02998999133706093, 1.3048180846908508e-07, 1.4038096196600236e-07, 0.1439872533082962]]","[1.5138986110687256, -1.1348885297775269, -0.14034932851791382, -0.7785918116569519, 0.04214261472225189, 0.06913502514362335]","[1, 30]",9.092239026,-0.2376994788646698,0.0,47.0,1747830679.0429142,15.0,,
48,"[0.6580121517181396, -0.09192061424255371, 0.02998996526002884]","[-0.6957129240036011, -0.8209308385848999, -0.6522111892700195, 0.007768750190734863]",False,"[0.44071367383003235, -0.18826615810394287, 0.029999999329447746]","[[0.5659265518188477, -0.22480659186840057, 0.0706225112080574, 0.0799916535615921, 0.6580121517181396, -0.09192061424255371, 0.02998996526002884, 2.524289129723911e-06, 3.1543072509521153e-06, 0.1439892202615738]]","[1.573720932006836, -1.369327425956726, -0.02940058708190918, -0.5469280481338501, 0.23384219408035278, 0.20170436799526215]","[1, 30]",9.219034191,-0.23769956827163696,0.0,48.0,1747830679.1643476,16.0,,
49,"[0.6580123901367188, -0.09192083030939102, 0.029989926144480705]","[-0.4574620723724365, -0.8628267049789429, -0.7836236953735352, -0.22001880407333374]",False,"[0.44071367383003235, -0.18826615810394287, 0.029999999329447746]","[[0.5412879586219788, -0.26219457387924194, 0.030174342915415764, 0.060664691030979156, 0.6580123901367188, -0.09192083030939102, 0.029989926144480705, 3.3334547424601624e-06, 3.6774147247342626e-06, 0.1439923346042633]]","[1.5449477434158325, -1.4203063249588013, -0.264391154050827, -0.38957902789115906, 0.4311569929122925, 0.19584773480892181]","[1, 30]",9.341433711,-0.2376997023820877,0.0,49.0,1747830679.2911515,17.0,,
50,"[0.6580129265785217, -0.09192132949829102, 0.029989827424287796]","[0.11054468154907227, -0.7983366847038269, -0.5288233160972595, -0.13902121782302856]",False,"[0.44071367383003235, -0.18826615810394287, 0.029999999329447746]","[[0.5375979542732239, -0.2912554442882538, 0.0043031503446400166, 0.05097099021077156, 0.6580129265785217, -0.09192132949829102, 0.029989827424287796, 5.525493179447949e-06, 4.800114311365178e-06, 0.14399956166744232]]","[1.8453937768936157, -1.6898106336593628, -0.22851034998893738, -0.4713538587093353, 0.6109157204627991, 0.23590295016765594]","[1, 30]",9.462689328,-0.2376999855041504,0.0,50.0,1747830679.4135523,18.0,,
51,"[0.6580133438110352, -0.09192177653312683, 0.029989808797836304]","[-0.6701684594154358, -0.5398662686347961, -0.43634021282196045, -0.4874762296676636]",False,"[0.44071367383003235, -0.18826615810394287, 0.029999999329447746]","[[0.5235579609870911, -0.30593177676200867, 0.005357785150408745, 0.008293822407722473, 0.6580133438110352, -0.09192177653312683, 0.029989808797836304, 5.938823051110376e-06, 5.011858775105793e-06, 0.14400680363178253]]","[2.0341153144836426, -1.9786291122436523, -0.701600193977356, -0.3758492171764374, 0.7904342412948608, -0.1215166300535202]","[1, 30]",9.587073004,-0.2377001941204071,0.0,51.0,1747830679.5348322,19.0,,
52,"[0.6580138206481934, -0.09192222356796265, 0.029989805072546005]","[-0.8877925276756287, 0.46267592906951904, -0.6473038196563721, -0.38094305992126465]",False,"[0.44071367383003235, -0.18826615810394287, 0.029999999329447746]","[[0.4963080883026123, -0.29743292927742004, 0.006433356087654829, 0.001009358442388475, 0.6580138206481934, -0.09192222356796265, 0.029989805072546005, 6.016763563820859e-06, 5.051729203842115e-06, 0.14401403069496155]]","[1.965460181236267, -2.0440192222595215, -1.0265637636184692, -0.6271397471427917, 1.0675756931304932, -0.39609813690185547]","[1, 30]",9.708993506,-0.2377004474401474,0.0,52.0,1747830679.65919,20.0,,
53,"[0.6580142974853516, -0.09192266315221786, 0.029989803209900856]","[-0.8755080699920654, 0.7018387317657471, -0.7611316442489624, -0.13355207443237305]",False,"[0.44071367383003235, -0.18826615810394287, 0.029999999329447746]","[[0.4711266756057739, -0.27420487999916077, 0.006767886225134134, 0.00012334615166764706, 0.6580142974853516, -0.09192266315221786, 0.029989803209900856, 6.031464636180317e-06, 5.059173417976126e-06, 0.14402127265930176]]","[1.9866700172424316, -1.9194843769073486, -1.7780863046646118, -0.6346006989479065, 1.4512330293655396, -0.37957465648651123]","[1, 30]",9.832898046,-0.2377007007598877,0.0,53.0,1747830679.7811093,21.0,,
54,"[0.6580147743225098, -0.09192310273647308, 0.029989803209900856]","[-0.8763860464096069, 0.9192802906036377, -0.7200140953063965, -0.08806943893432617]",False,"[0.44071367383003235, -0.18826615810394287, 0.029999999329447746]","[[0.4466603994369507, -0.24286511540412903, 0.0070738717913627625, 1.5057345990499016e-05, 0.6580147743225098, -0.09192310273647308, 0.029989803209900856, 6.03424132350483e-06, 5.060500370746013e-06, 0.14402849972248077]]","[1.7100509405136108, -1.8683383464813232, -1.6364973783493042, -0.5588485598564148, 1.321698784828186, -0.6395397186279297]","[1, 30]",9.957281573,-0.237700954079628,0.0,54.0,1747830679.9050286,22.0,,
55,"[0.658015251159668, -0.0919235423207283, 0.029989803209900856]","[-0.7604341506958008, 0.8173084259033203, -0.6303710341453552, -0.03240174055099487]",False,"[0.44071367383003235, -0.18826615810394287, 0.029999999329447746]","[[0.4247435927391052, -0.21378657221794128, 0.0067146578803658485, 2.2930539671506267e-06, 0.658015251159668, -0.0919235423207283, 0.029989803209900856, 6.03476973992656e-06, 5.060672719991999e-06, 0.1440357267856598]]","[1.3862733840942383, -1.773303508758545, -1.451243281364441, -0.1879429817199707, 1.535290002822876, -0.6759849786758423]","[1, 30]",10.086305404,-0.23770122230052948,0.0,55.0,1747830680.0293944,23.0,,
56,"[0.6580156683921814, -0.09192398190498352, 0.029989803209900856]","[-0.6507946848869324, 0.7439146041870117, -0.40235793590545654, -0.13407903909683228]",False,"[0.44071367383003235, -0.18826615810394287, 0.029999999329447746]","[[0.4079476594924927, -0.18837490677833557, 0.006451585795730352, 1.1755059858842287e-06, 0.6580156683921814, -0.09192398190498352, 0.029989803209900856, 6.034873877069913e-06, 5.060627700004261e-06, 0.1440429538488388]]","[1.4089196920394897, -1.7874057292938232, -1.676428198814392, 0.12575581669807434, 1.914515495300293, -0.7240428328514099]","[1, 30]",10.207189574,-0.237701416015625,0.0,56.0,1747830680.1552453,24.0,,
57,"[0.6580161452293396, -0.09192442148923874, 0.029989803209900856]","[-0.7583041787147522, 0.7169102430343628, -0.19679391384124756, -0.4183080196380615]",False,"[0.44071367383003235, -0.18826615810394287, 0.029999999329447746]","[[0.38871559500694275, -0.1642412692308426, 0.006435679737478495, 1.151275341726432e-06, 0.6580161452293396, -0.09192442148923874, 0.029989803209900856, 6.034898433426861e-06, 5.0605417527549434e-06, 0.14405019581317902]]","[1.2433594465255737, -1.6936513185501099, -1.642285943031311, 0.3175106346607208, 1.8495292663574219, -0.8398017287254333]","[1, 30]",10.331241279,-0.2377016842365265,0.0,57.0,1747830680.2793186,25.0,,
58,"[0.6580166220664978, -0.09192486107349396, 0.029989803209900856]","[-0.6787718534469604, 0.584104061126709, 0.020834684371948242, -0.5004722476005554]",False,"[0.44071367383003235, -0.18826615810394287, 0.029999999329447746]","[[0.36334460973739624, -0.1417614221572876, 0.006482555530965328, 1.2466492762541748e-06, 0.6580166220664978, -0.09192486107349396, 0.029989803209900856, 6.034907983121229e-06, 5.06044762005331e-06, 0.14405742287635803]]","[0.9582455158233643, -1.506059169769287, -1.4434970617294312, 0.6146437525749207, 1.6084107160568237, -0.9452628493309021]","[1, 30]",10.45312413,-0.23770193755626678,0.0,58.0,1747830680.4033425,26.0,,
59,"[0.658017098903656, -0.09192530065774918, 0.029989803209900856]","[-0.5684379935264587, 0.33855152130126953, 0.12122023105621338, -0.5316793918609619]",False,"[0.44071367383003235, -0.18826615810394287, 0.029999999329447746]","[[0.34164053201675415, -0.12852559983730316, 0.00964357703924179, 2.675356824966002e-07, 0.658017098903656, -0.09192530065774918, 0.029989803209900856, 6.034914349584142e-06, 5.060352123109624e-06, 0.14406464993953705]]","[0.9782954454421997, -1.3731907606124878, -1.3213201761245728, 0.7207044959068298, 1.4814387559890747, -1.0609261989593506]","[1, 30]",10.574580893,-0.23770219087600708,0.0,59.0,1747830680.525259,27.0,,
60,"[0.6580175161361694, -0.0919257402420044, 0.029989803209900856]","[-0.5159172415733337, 0.16869449615478516, 0.17763030529022217, -0.5450287461280823]",False,"[0.44071367383003235, -0.18826615810394287, 0.029999999329447746]","[[0.3218965530395508, -0.12191988527774811, 0.014872093684971333, 5.6305641038534304e-08, 0.6580175161361694, -0.0919257402420044, 0.029989803209900856, 6.034920261299703e-06, 5.060256626165938e-06, 0.14407187700271606]]","[1.0071436166763306, -1.2678475379943848, -1.3412671089172363, 0.7583104968070984, 1.5401685237884521, -1.190032720565796]","[1, 30]",10.696238773,-0.2377023994922638,0.0,60.0,1747830680.6467276,28.0,,
61,"[0.6580179929733276, -0.09192617982625961, 0.029989803209900856]","[-0.5449443459510803, 0.11881566047668457, 0.16594648361206055, -0.5914250612258911]",False,"[0.44071367383003235, -0.18826615810394287, 0.029999999329447746]","[[0.30142077803611755, -0.11719552427530289, 0.019845938310027122, 2.165068657689062e-08, 0.6580179929733276, -0.09192617982625961, 0.029989803209900856, 6.034926173015265e-06, 5.0601611292222515e-06, 0.14407911896705627]]","[0.7943266034126282, -1.187843918800354, -1.5514030456542969, 0.8385633230209351, 1.6641440391540527, -1.2060794830322266]","[1, 30]",10.818080016,-0.2377026528120041,0.0,61.0,1747830680.7683964,29.0,,
62,"[0.6580184698104858, -0.09192661941051483, 0.029989803209900856]","[-0.5195866823196411, 0.2892763614654541, 0.15801239013671875, -0.6523165702819824]",False,"[0.44071367383003235, -0.18826615810394287, 0.029999999329447746]","[[0.28207114338874817, -0.10572918504476547, 0.024289455264806747, 1.0577596043503945e-07, 0.6580184698104858, -0.09192661941051483, 0.029989803209900856, 6.034932084730826e-06, 5.0600651775312144e-06, 0.1440863460302353]]","[0.522197425365448, -1.0482546091079712, -1.709753394126892, 0.8791578412055969, 1.6081953048706055, -1.4210598468780518]","[1, 30]",10.939989869,-0.23770290613174438,0.0,62.0,1747830680.890221,30.0,,
63,"[0.658018946647644, -0.09192705899477005, 0.029989803209900856]","[-0.4881765842437744, 0.3029351234436035, -0.07570058107376099, -0.7205154895782471]",False,"[0.44071367383003235, -0.18826615810394287, 0.029999999329447746]","[[0.26409292221069336, -0.09374898672103882, 0.023144902661442757, 1.2137549276758364e-07, 0.658018946647644, -0.09192705899477005, 0.029989803209900856, 6.034937996446388e-06, 5.059969680587528e-06, 0.1440935730934143]]","[0.05593749135732651, -0.8304239511489868, -1.7427438497543335, 1.0447981357574463, 1.6302810907363892, -1.7791377305984497]","[1, 30]",11.062899483,-0.23770317435264587,0.0,63.0,1747830681.012123,31.0,,
64,"[0.6580193638801575, -0.09192749857902527, 0.029989803209900856]","[-0.5014064311981201, 0.5959758758544922, -0.6896048188209534, -0.8902539610862732]",False,"[0.44071367383003235, -0.18826615810394287, 0.029999999329447746]","[[0.24711529910564423, -0.07233786582946777, 0.01487121544778347, 2.3636653168068733e-07, 0.6580193638801575, -0.09192749857902527, 0.029989803209900856, 6.0349434534145985e-06, 5.059874183643842e-06, 0.14410080015659332]]","[-0.23010075092315674, -0.7877376079559326, -1.7496436834335327, 1.331249713897705, 1.839284896850586, -2.08921217918396]","[1, 30]",11.18524412,-0.2377033680677414,0.0,64.0,1747830681.1351066,32.0,,
65,"[0.6580198407173157, -0.09192793816328049, 0.029989803209900856]","[-0.8624698519706726, 0.6585309505462646, -0.8772755861282349, -0.9665181636810303]",False,"[0.44071367383003235, -0.18826615810394287, 0.029999999329447746]","[[0.23393988609313965, -0.052762653678655624, 0.014504237100481987, 2.1660852667082509e-07, 0.6580198407173157, -0.09192793816328049, 0.029989803209900856, 6.03494936513016e-06, 5.059778231952805e-06, 0.14410802721977234]]","[-0.30785638093948364, -0.7714879512786865, -1.7456408739089966, 1.4003338813781738, 1.9024553298950195, -2.2235262393951416]","[1, 30]",11.307726334,-0.23770363628864288,0.0,65.0,1747830681.2573843,33.0,,
66,"[0.6580203175544739, -0.0919283777475357, 0.029989803209900856]","[-0.8768897652626038, 0.41674232482910156, -0.8851289749145508, -0.9758410453796387]",False,"[0.44071367383003235, -0.18826615810394287, 0.029999999329447746]","[[0.23532575368881226, -0.0436166413128376, 0.014133105985820293, 1.1431391300220639e-07, 0.6580203175544739, -0.0919283777475357, 0.029989803209900856, 6.0349552768457215e-06, 5.059682735009119e-06, 0.14411525428295135]]","[-0.37308168411254883, -0.7485958337783813, -1.6683837175369263, 1.5013036727905273, 1.9823896884918213, -2.3025224208831787]","[1, 30]",11.430800568,-0.23770388960838318,0.0,66.0,1747830681.3798316,34.0,,
67,"[0.6580207943916321, -0.09192881733179092, 0.029989803209900856]","[-0.8754940032958984, 0.1183619499206543, -0.8841266632080078, -0.9810912609100342]",False,"[0.44071367383003235, -0.18826615810394287, 0.029999999329447746]","[[0.23079732060432434, -0.04388494789600372, 0.009954070672392845, 1.3711516366754495e-09, 0.6580207943916321, -0.09192881733179092, 0.029989803209900856, 6.034961188561283e-06, 5.059586783318082e-06, 0.14412249624729156]]","[-0.43387943506240845, -0.7222842574119568, -1.5846058130264282, 1.624852180480957, 2.078932762145996, -2.3742239475250244]","[1, 30]",11.553629150999999,-0.23770414292812347,0.0,67.0,1747830681.502925,35.0,,
68,"[0.6580212116241455, -0.09192925691604614, 0.029989803209900856]","[-0.883025050163269, -0.08551222085952759, -0.8890202641487122, -0.9846042990684509]",False,"[0.44071367383003235, -0.18826615810394287, 0.029999999329447746]","[[0.22723616659641266, -0.05164837837219238, 0.007265008520334959, 3.3760500173229957e-07, 0.6580212116241455, -0.09192925691604614, 0.029989803209900856, 6.034966645529494e-06, 5.059491286374396e-06, 0.14412972331047058]]","[-0.5550878047943115, -0.631853461265564, -1.406355857849121, 1.726212501525879, 2.080488681793213, -2.357064962387085]","[1, 30]",11.676482741000001,-0.2377043515443802,0.0,68.0,1747830681.6257794,36.0,,
69,"[0.6580216884613037, -0.09192969650030136, 0.029989803209900856]","[-0.8535140752792358, -0.470900297164917, -0.8993533253669739, -0.9883777499198914]",False,"[0.44071367383003235, -0.18826615810394287, 0.029999999329447746]","[[0.2259945124387741, -0.05177544429898262, 0.005827433429658413, -8.815180626697838e-05, 0.6580216884613037, -0.09192969650030136, 0.029989803209900856, 6.034972557245055e-06, 5.0593957894307096e-06, 0.1441369503736496]]","[-0.6781527400016785, -0.45467671751976013, -1.1925491094589233, 1.7336430549621582, 1.9680700302124023, -2.269648551940918]","[1, 30]",11.799914374,-0.23770460486412048,0.0,69.0,1747830681.7486067,37.0,,
70,"[0.6580221652984619, -0.09193014353513718, 0.029989803209900856]","[-0.69402015209198, -0.724261462688446, -0.8960609436035156, -0.9862539172172546]",False,"[0.44071367383003235, -0.18826615810394287, 0.029999999329447746]","[[0.22435791790485382, -0.05186060816049576, 0.005070130806416273, -7.006939267739654e-05, 0.6580221652984619, -0.09193014353513718, 0.029989803209900856, 6.034978468960617e-06, 5.0592998377396725e-06, 0.1441441774368286]]","[-0.6770885586738586, -0.4264492690563202, -1.160219430923462, 1.854130506515503, 2.007903575897217, -2.3619935512542725]","[1, 30]",11.922991423,-0.23770485818386078,0.0,70.0,1747830681.8720276,38.0,,
71,"[0.6580226421356201, -0.0919305831193924, 0.029989803209900856]","[-0.7043046951293945, -0.7608518600463867, -0.8835330605506897, -0.986635148525238]",False,"[0.44071367383003235, -0.18826615810394287, 0.029999999329447746]","[[0.22314728796482086, -0.05203789472579956, 0.005211178679019213, -7.339746662182733e-05, 0.6580226421356201, -0.0919305831193924, 0.029989803209900856, 6.034984380676178e-06, 5.059204340795986e-06, 0.14415140450000763]]","[-0.6715062260627747, -0.3580392003059387, -1.1317945718765259, 1.9347443580627441, 2.051478385925293, -2.4313759803771973]","[1, 30]",12.046223401,-0.23770512640476227,0.0,71.0,1747830681.9951317,39.0,,
72,"[0.6580230593681335, -0.09193102270364761, 0.029989803209900856]","[-0.7056997418403625, -0.7965192794799805, -0.8691975474357605, -0.9868025779724121]",False,"[0.44071367383003235, -0.18826615810394287, 0.029999999329447746]","[[0.21791504323482513, -0.057328011840581894, 0.005872029811143875, -2.3684920051891822e-06, 0.6580230593681335, -0.09193102270364761, 0.029989803209900856, 6.034989837644389e-06, 5.0591088438523e-06, 0.14415863156318665]]","[-0.686890721321106, -0.28250977396965027, -1.0967518091201782, 1.9788503646850586, 2.0675368309020996, -2.4392402172088623]","[1, 30]",12.169878914,-0.2377053201198578,0.0,72.0,1747830682.118318,40.0,,
73,"[0.6580235362052917, -0.09193146228790283, 0.029989803209900856]","[-0.6592497825622559, -0.8341255187988281, -0.8617212176322937, -0.9866237640380859]",False,"[0.44071367383003235, -0.18826615810394287, 0.029999999329447746]","[[0.20895278453826904, -0.06827136129140854, 0.005807801149785519, 4.9568985360792794e-08, 0.6580235362052917, -0.09193146228790283, 0.029989803209900856, 6.03499574935995e-06, 5.059013346908614e-06, 0.14416585862636566]]","[-0.7132874131202698, -0.1597323715686798, -1.0425714254379272, 1.9851388931274414, 2.039203643798828, -2.4085261821746826]","[1, 30]",12.295275579,-0.23770557343959808,0.0,73.0,1747830682.2420354,41.0,,
74,"[0.65802401304245, -0.09193190187215805, 0.029989803209900856]","[-0.5392985939979553, -0.8539599180221558, -0.8555970788002014, -0.9850579500198364]",False,"[0.44071367383003235, -0.18826615810394287, 0.029999999329447746]","[[0.19573722779750824, -0.08607663214206696, 0.0054840692318975925, 1.6841636352182832e-07, 0.65802401304245, -0.09193190187215805, 0.029989803209900856, 6.035001661075512e-06, 5.058917395217577e-06, 0.14417308568954468]]","[-0.7400684356689453, 0.038766056299209595, -0.9617691040039062, 2.0423498153686523, 1.9951272010803223, -2.369765281677246]","[1, 30]",12.418751585,-0.23770584166049957,0.0,74.0,1747830682.3673978,42.0,,
75,"[0.6580244898796082, -0.09193234145641327, 0.029989803209900856]","[-0.1659013032913208, -0.8811151385307312, -0.8199554085731506, -0.9805785417556763]",False,"[0.44071367383003235, -0.18826615810394287, 0.029999999329447746]","[[0.19229300320148468, -0.091356560587883, 0.005365015473216772, 5.3776825552631635e-06, 0.6580244898796082, -0.09193234145641327, 0.029989803209900856, 6.035007118043723e-06, 5.058821898273891e-06, 0.1441803127527237]]","[-0.7211667895317078, 0.3858613669872284, -0.8648512363433838, 2.206914186477661, 1.9538004398345947, -2.341496706008911]","[1, 30]",12.543116736,-0.23770609498023987,0.0,75.0,1747830682.4908748,43.0,,
76,"[0.6580249071121216, -0.09193278104066849, 0.029989803209900856]","[0.3315742015838623, -0.9167699217796326, -0.8087731599807739, -0.9616591930389404]",False,"[0.44071367383003235, -0.18826615810394287, 0.029999999329447746]","[[0.19231948256492615, -0.09195161610841751, 0.004858891945332289, -0.00012658769264817238, 0.6580249071121216, -0.09193278104066849, 0.029989803209900856, 6.035013029759284e-06, 5.058726401330205e-06, 0.1441875398159027]]","[-0.6273598074913025, 0.6941118240356445, -0.8577911853790283, 2.3883349895477295, 1.9783389568328857, -2.280618190765381]","[1, 30]",12.666570661,-0.23770630359649658,0.0,76.0,1747830682.6152196,44.0,,
77,"[0.6580253839492798, -0.0919332206249237, 0.029989803209900856]","[0.3964557647705078, -0.9064790606498718, -0.8313682079315186, -0.9469336867332458]",False,"[0.44071367383003235, -0.18826615810394287, 0.029999999329447746]","[[0.2038850486278534, -0.11296161264181137, 0.006656150333583355, -6.099992788222153e-06, 0.6580253839492798, -0.0919332206249237, 0.029989803209900856, 6.035018486727495e-06, 5.0586309043865185e-06, 0.14419476687908173]]","[-0.5820544958114624, 0.872552752494812, -0.8317608833312988, 2.4398980140686035, 1.9889724254608154, -2.2380762100219727]","[1, 30]",12.790474749,-0.23770655691623688,0.0,77.0,1747830682.7386959,45.0,,
78,"[0.658025860786438, -0.09193366020917892, 0.029989803209900856]","[0.4577223062515259, -0.8832342028617859, -0.8629937767982483, -0.9265687465667725]",False,"[0.44071367383003235, -0.18826615810394287, 0.029999999329447746]","[[0.20496337115764618, -0.11741480231285095, 0.003713896730914712, -0.0005896602524444461, 0.658025860786438, -0.09193366020917892, 0.029989803209900856, 6.035024398443056e-06, 5.0585349526954815e-06, 0.14420199394226074]]","[-0.5714612007141113, 1.0073089599609375, -0.7825137376785278, 2.4833178520202637, 1.990471601486206, -2.193650960922241]","[1, 30]",12.91391641,-0.23770681023597717,0.0,78.0,1747830682.8626077,46.0,,
79,"[0.6580263376235962, -0.09193409979343414, 0.029989803209900856]","[0.5275588035583496, -0.894079864025116, -0.8788872957229614, -0.9040283560752869]",False,"[0.44071367383003235, -0.18826615810394287, 0.029999999329447746]","[[0.20542025566101074, -0.11736999452114105, 0.0032254469115287066, -6.0971076891291887e-05, 0.6580263376235962, -0.09193409979343414, 0.029989803209900856, 6.035030310158618e-06, 5.058439455751795e-06, 0.14420922100543976]]","[-0.5817902684211731, 1.1237342357635498, -0.7272062301635742, 2.5136730670928955, 1.996119737625122, -2.1560730934143066]","[1, 30]",13.03775757,-0.23770707845687866,0.0,79.0,1747830682.986044,47.0,,
80,"[0.6580267548561096, -0.09193453937768936, 0.029989803209900856]","[0.5990898609161377, -0.923111081123352, -0.8941028118133545, -0.8679171800613403]",False,"[0.44071367383003235, -0.18826615810394287, 0.029999999329447746]","[[0.20426234602928162, -0.120760478079319, 0.0037257084622979164, -0.00016927173419389874, 0.6580267548561096, -0.09193453937768936, 0.029989803209900856, 6.0350357671268284e-06, 5.058343958808109e-06, 0.14421644806861877]]","[-0.6109468936920166, 1.211537480354309, -0.6831711530685425, 2.5273234844207764, 2.007948875427246, -2.128239870071411]","[1, 30]",13.162557257,-0.23770727217197418,0.0,80.0,1747830683.1098926,48.0,,
81,"[0.43858128786087036, -0.10684334486722946, 0.029999999329447746]","[0.6585693359375, -0.9387290477752686, -0.9053857922554016, -0.8273335099220276]",True,"[0.430178165435791, 0.005121907219290733, 0.029999999329447746]","[[0.6384396553039551, -2.194472251484947e-12, 0.19740013778209686, 0, 0.43858128786087036, -0.10684334486722946, 0.029999999329447746, 0, 0, 0]]","[-0.7010036706924438, 1.1998995542526245, -0.669998049736023, 2.4113526344299316, 1.9398386478424072, -2.190425157546997]","[1, 30]",14.24730018,-0.23770754039287567,0.0,81.0,1747830684.319551,49.0,"{'path': 'media/images/tsne_81_53d5ab315c8f4f321efa.png', 'sha256': '53d5ab315c8f4f321efaa29207743f526f3e0af981e329e92f7cdbf5c1bd4a01', 'size': 23129, 'width': 640, '_type': 'image-file', 'format': 'png', 'height': 480}",
82,,,,,,,,14.317472175,,,,1747830684.3897712,,,"{'height': 480, 'path': 'media/images/pca_82_8d27d0ad272a12bfae98.png', 'sha256': '8d27d0ad272a12bfae9866105ee39a8fee082889549f43217f65d51fdbdeb66c', 'size': 19483, 'width': 640, '_type': 'image-file', 'format': 'png'}"
0,"[0.4516811668872833, -0.1733238399028778, 0.029989998787641525]","[0.9281399250030518, -0.9999755024909973, -0.8873419165611267, 0.9534525871276855]",False,"[0.5010328888893127, -0.028327882289886475, 0.029999999329447746]","[[0.6776849627494812, -0.022612079977989197, 0.18801310658454895, 0.07027386128902435, 0.4516811668872833, -0.1733238399028778, 0.029989998787641525, -1.4674657222712995e-07, 1.1813904166046996e-07, 9.284202773978192e-14]]","[0.39916327595710754, -0.3967190086841583, 0.13616850972175598, 0.1917363405227661, 0.2975720763206482, 0.1643325239419937]","[0, 10]",2.16163242,-0.15316468477249146,0.0,0.0,1747877399.4970796,0.0,,
1,"[0.4516811668872833, -0.1733238399028778, 0.029989998787641525]","[-0.9025734663009644, -0.9317781329154968, -0.12444061040878296, 0.6468801498413086]",False,"[0.5010328888893127, -0.028327882289886475, 0.029999999329447746]","[[0.6362944841384888, -0.07009007781744003, 0.13610175251960754, 0.07881754636764526, 0.4516811668872833, -0.1733238399028778, 0.029989998787641525, -1.499974899843437e-07, 1.181441788844495e-07, 9.245794912017893e-14]]","[0.3265249729156494, -0.2816985547542572, 0.25153765082359314, 0.005183473229408264, 0.11472931504249573, -0.13085460662841797]","[0, 10]",2.289374639,-0.15316468477249146,0.0,1.0,1747877399.6254044,1.0,,
2,"[0.4516811668872833, -0.1733238399028778, 0.029989998787641525]","[-0.9333251118659973, -0.9227557182312012, -0.2313392162322998, 0.6559863090515137]",False,"[0.5010328888893127, -0.028327882289886475, 0.029999999329447746]","[[0.5983299612998962, -0.11106952279806137, 0.10582391172647476, 0.07985623180866241, 0.4516811668872833, -0.1733238399028778, 0.029989998787641525, -1.5061067415444995e-07, 1.181441788844495e-07, 9.238550408626617e-14]]","[0.07838357985019684, 0.07070448994636536, 0.3698558807373047, 0.002951100468635559, 0.17282572388648987, -0.27136504650115967]","[0, 10]",2.416563246,-0.15316468477249146,0.0,2.0,1747877399.7530754,2.0,,
3,"[0.4516811668872833, -0.1733238399028778, 0.029989998787641525]","[-0.9677309393882751, -0.8926777839660645, -0.37491661310195923, 0.6772589683532715]",False,"[0.5010328888893127, -0.028327882289886475, 0.029999999329447746]","[[0.5653524994850159, -0.15373092889785767, 0.08930673450231552, 0.07998252660036087, 0.4516811668872833, -0.1733238399028778, 0.029989998787641525, -1.5072637893354113e-07, 1.181441788844495e-07, 9.237183636262927e-14]]","[-0.06747864931821823, 0.07874152064323425, 0.33463412523269653, -0.058804478496313095, 0.20605817437171936, -0.20817764103412628]","[0, 10]",2.544013457,-0.15316468477249146,0.0,3.0,1747877399.8802912,3.0,,
4,"[0.4516811668872833, -0.1733238399028778, 0.029989996924996376]","[-0.990585446357727, -0.3540703058242798, -0.8420038819313049, 0.43810153007507324]",False,"[0.5010328888893127, -0.028327882289886475, 0.029999999329447746]","[[0.5335026383399963, -0.1741277426481247, 0.057905163615942, 0.07999782264232635, 0.4516811668872833, -0.1733238399028778, 0.029989996924996376, -8.815656826755003e-08, 5.289856108703361e-09, 9.55141524140897e-14]]","[-0.09406373649835587, -0.016592860221862793, 0.1849692314863205, -0.16638755798339844, 0.22665414214134216, -0.11171835660934448]","[0, 10]",2.672743084,-0.15316468477249146,0.0,4.0,1747877400.0076504,4.0,,
5,"[0.4516811668872833, -0.1733238399028778, 0.029989998787641525]","[-0.99334317445755, 0.1329026222229004, -0.4857967495918274, 0.19212102890014648]",False,"[0.5010328888893127, -0.028327882289886475, 0.029999999329447746]","[[0.4887892007827759, -0.16764794290065765, 0.02884398214519024, 0.0799996480345726, 0.4516811668872833, -0.1733238399028778, 0.029989998787641525, -1.6385016010644904e-08, 1.260726803308616e-15, 9.556415446303201e-14]]","[-0.25602149963378906, 0.06292441487312317, 0.16301774978637695, -0.08062329888343811, 0.06610633432865143, -0.16519597172737122]","[0, 10]",2.80215452,-0.15316468477249146,0.0,5.0,1747877400.1364083,5.0,,
6,"[0.44632935523986816, -0.16313059628009796, 0.029989417642354965]","[-0.909358024597168, 0.6007592678070068, -0.22878903150558472, 0.007982850074768066]",False,"[0.5010328888893127, -0.028327882289886475, 0.029999999329447746]","[[0.45955777168273926, -0.15161758661270142, 0.022030962631106377, 0.08017110079526901, 0.44632935523986816, -0.16313059628009796, 0.029989417642354965, -0.0009898997377604246, -0.0010223020799458027, 0.05748184770345688]]","[-0.402637779712677, -0.017189666628837585, 0.10728317499160767, -0.15963932871818542, -0.11094661056995392, -0.21116821467876434]","[0, 10]",2.9311262940000002,-0.14547936618328094,0.0,6.0,1747877400.265874,6.0,,
7,"[0.4373685121536255, -0.13352881371974945, 0.03166119381785393]","[0.7991855144500732, 0.9521157741546631, 0.5846734046936035, -0.8157250285148621]",False,"[0.5010328888893127, -0.028327882289886475, 0.029999999329447746]","[[0.4618992805480957, -0.12350866198539734, 0.027788590639829636, 0.053483713418245316, 0.4373685121536255, -0.13352881371974945, 0.03166119381785393, 0.009568747133016586, -0.04945150017738342, -0.110420361161232]]","[-0.12262564152479172, -0.2605535387992859, -0.05804651975631714, -0.12786395847797394, -0.32233375310897827, 0.10507436096668243]","[0, 10]",3.059830906,-0.12297620624303818,0.0,7.0,1747877400.3948267,7.0,,
9,"[0.6419910192489624, 0.07038706541061401, 0.029999999329447746]","[0.1328730583190918, 0.9637978076934814, -0.09608101844787598, -0.7325809597969055]",True,"[0.669956386089325, 0.17261569201946259, 0.029999999329447746]","[[0.6384396553039551, -2.194472251484947e-12, 0.19740013778209686, 0, 0.6419910192489624, 0.07038706541061401, 0.029999999329447746, 0, 0, 0]]","[0.16753484308719635, -0.2660825848579407, -0.17949119210243225, -0.33304834365844727, -0.4297134280204773, 0.05794845521450043]","[0, 10]",3.444442096,-0.04697283357381821,0.0,9.0,1747877400.6534998,9.0,,
10,"[0.6934788227081299, -0.054582253098487854, 0.029989833012223244]","[0.246626615524292, -0.5995575189590454, -0.8329855799674988, 0.42302536964416504]",False,"[0.6960107684135437, -0.12399110943078995, 0.029999999329447746]","[[0.650526762008667, -0.020122429355978966, 0.1759401559829712, 0.03715953603386879, 0.6934788227081299, -0.054582253098487854, 0.029989833012223244, -1.4345158660944435e-06, 4.691837148129707e-06, 1.1313135324375612e-11]]","[0.29137659072875977, -0.3865729570388794, 0.22711126506328583, 0.12749630212783813, 0.17323851585388184, 0.0823037177324295]","[0, 10]",3.572285929,-0.06945502012968063,1.0,10.0,1747877400.9080985,0.0,,
12,"[0.6934788227081299, -0.054582253098487854, 0.029989950358867645]","[0.8538570404052734, -0.05174458026885986, -0.9466032981872559, 0.17472827434539795]",False,"[0.6960107684135437, -0.12399110943078995, 0.029999999329447746]","[[0.6772168874740601, -0.05322830379009247, 0.07395622134208679, 0.07936683297157288, 0.6934788227081299, -0.054582253098487854, 0.029989950358867645, -4.131081254854507e-08, 1.5969026208040304e-06, 1.8453230263282272e-11]]","[0.22007006406784058, -0.24980419874191284, 0.11138014495372772, 0.2815917134284973, 0.24539485573768616, 0.03283035755157471]","[0, 10]",3.827128834,-0.06945502012968063,1.0,12.0,1747877401.1632574,2.0,,
13,"[0.6934854984283447, -0.05805312097072601, 0.029989248141646385]","[0.48000550270080566, -0.3391212224960327, -0.855201244354248, -0.1276305913925171]",False,"[0.6960107684135437, -0.12399110943078995, 0.029999999329447746]","[[0.6832294464111328, -0.06361023336648941, 0.022980298846960068, 0.06904996931552887, 0.6934854984283447, -0.05805312097072601, 0.029989248141646385, -4.776752393809147e-05, -5.925605961465408e-08, 0.04501159116625786]]","[0.12531143426895142, -0.12177623808383942, 0.13685506582260132, 0.30787140130996704, 0.23986047506332397, 0.06389029324054718]","[0, 10]",3.955548694,-0.06598632782697678,1.0,13.0,1747877401.29081,3.0,,
14,"[0.6874529719352722, -0.07302208989858627, 0.03154097869992256]","[-0.14844805002212524, -0.8349565267562866, 0.658167839050293, -0.7606972455978394]",False,"[0.6960107684135437, -0.12399110943078995, 0.029999999329447746]","[[0.672724723815918, -0.08447404950857162, 0.02486066147685051, 0.055436260998249054, 0.6874529719352722, -0.07302208989858627, 0.03154097869992256, 0.009639045223593712, 0.04305534064769745, 0.028934473171830177]]","[-0.03967306762933731, 0.366395503282547, 0.28132012486457825, 0.1512148678302765, 0.07936298847198486, -0.11280523240566254]","[0, 10]",4.08419873,-0.05170543119311333,1.0,14.0,1747877401.4192383,4.0,,
15,"[0.6699828505516052, 0.07848551124334335, 0.029999999329447746]","[-0.29647505283355713, -0.9244949221611023, 0.22900629043579102, -0.7387734651565552]",True,"[0.5514182448387146, 0.12594228982925415, 0.029999999329447746]","[[0.6384396553039551, -2.194472251484947e-12, 0.19740013778209686, 0, 0.6699828505516052, 0.07848551124334335, 0.029999999329447746, 0, 0, 0]]","[-0.14927393198013306, 0.20721152424812317, 0.16436593234539032, -0.06745486706495285, 0.021497756242752075, -0.009426534175872803]","[0, 10]",4.297970636,-0.027839412912726402,1.0,15.0,1747877401.5479016,5.0,,
16,"[0.6528379321098328, 0.18602707982063293, 0.029989998787641525]","[0.22588789463043213, 0.6273270845413208, -0.22068631649017334, 0.3356435298919678]",False,"[0.6162370443344116, 0.0650598555803299, 0.029999999329447746]","[[0.6455969214439392, 0.021081561222672462, 0.18709389865398407, 0.029483694583177567, 0.6528379321098328, 0.18602707982063293, 0.029989998787641525, -1.4674657222712995e-07, 1.1813904166046996e-07, 9.284202773978192e-14]]","[0.1293238252401352, -0.22570239007472992, 0.3257629871368408, 0.40408962965011597, -0.020286090672016144, -0.2323819100856781]","[0, 10]",4.420578123,-0.12638312578201294,2.0,16.0,1747877401.7616313,0.0,,
17,"[0.6528379321098328, 0.18602707982063293, 0.029989998787641525]","[0.2254042625427246, 0.9328691959381104, -0.31307709217071533, 0.8816810846328735]",False,"[0.6162370443344116, 0.0650598555803299, 0.029999999329447746]","[[0.6515840888023376, 0.058877941220998764, 0.17052897810935974, 0.07385842502117157, 0.6528379321098328, 0.18602707982063293, 0.029989998787641525, -1.499974899843437e-07, 1.181441788844495e-07, 9.245794912017893e-14]]","[0.1402488350868225, -0.1787019819021225, 0.21362578868865967, 0.5760483145713806, 0.11718729138374329, -0.11408822983503342]","[0, 10]",4.543303659,-0.12638312578201294,2.0,17.0,1747877401.8842869,1.0,,
18,"[0.6528379321098328, 0.18602707982063293, 0.029989998787641525]","[0.11081850528717041, 0.967808723449707, -0.21296930313110352, 0.8096427917480469]",False,"[0.6162370443344116, 0.0650598555803299, 0.029999999329447746]","[[0.6533607244491577, 0.09963018447160721, 0.15883100032806396, 0.07925335317850113, 0.6528379321098328, 0.18602707982063293, 0.029989998787641525, -1.5061067415444995e-07, 1.181441788844495e-07, 9.238550408626617e-14]]","[-0.03019774705171585, 0.051100194454193115, 0.28886663913726807, 0.5725581645965576, 0.11212776601314545, -0.02509123831987381]","[0, 10]",4.665766294,-0.12638312578201294,2.0,18.0,1747877402.0070024,2.0,,
19,"[0.6528379321098328, 0.18602707982063293, 0.029989998787641525]","[0.40683019161224365, 0.9637670516967773, -0.7256052494049072, 0.7998292446136475]",False,"[0.6162370443344116, 0.0650598555803299, 0.029999999329447746]","[[0.6662379503250122, 0.14033658802509308, 0.13714788854122162, 0.07990927994251251, 0.6528379321098328, 0.18602707982063293, 0.029989998787641525, -1.5072637893354113e-07, 1.181441788844495e-07, 9.237183636262927e-14]]","[0.09603451192378998, -0.07436847686767578, 0.21506744623184204, 0.49978482723236084, 0.16618403792381287, 0.03440600633621216]","[0, 10]",4.789272787,-0.12638312578201294,2.0,19.0,1747877402.1294627,3.0,,
20,"[0.6528379321098328, 0.18602707982063293, 0.029989998787641525]","[0.39722418785095215, 0.882000207901001, -0.9300950169563293, 0.4915095567703247]",False,"[0.6162370443344116, 0.0650598555803299, 0.029999999329447746]","[[0.6690561175346375, 0.17450092732906342, 0.08784107863903046, 0.07998894900083542, 0.6528379321098328, 0.18602707982063293, 0.029989998787641525, -5.2662823435412065e-08, 5.0117739819333096e-11, 9.556437807973009e-14]]","[0.11285966634750366, -0.058016762137413025, 0.10884559154510498, 0.42599809169769287, 0.24986007809638977, -0.1797506958246231]","[0, 10]",4.913703527,-0.12638312578201294,2.0,20.0,1747877402.2529585,4.0,,
21,"[0.6528379321098328, 0.18602707982063293, 0.029989998787641525]","[-0.016872942447662354, 0.30653607845306396, -0.9449619650840759, 0.07771217823028564]",False,"[0.6162370443344116, 0.0650598555803299, 0.029999999329447746]","[[0.6603490114212036, 0.18580769002437592, 0.0314759835600853, 0.07999885082244873, 0.6528379321098328, 0.18602707982063293, 0.029989998787641525, -9.934758793406218e-09, 3.803687741126937e-16, 9.556464235400963e-14]]","[0.07895544916391373, 0.03693374991416931, 0.0806007981300354, 0.23958981037139893, 0.3392307162284851, 0.08127544820308685]","[0, 10]",5.038829891,-0.12638312578201294,2.0,21.0,1747877402.3773885,5.0,,
22,"[0.6448825001716614, 0.18161384761333466, 0.03178922459483147]","[-0.4474228024482727, -0.9527201652526855, 0.7811257839202881, -0.7228649854660034]",False,"[0.6162370443344116, 0.0650598555803299, 0.029999999329447746]","[[0.6365084052085876, 0.1677551120519638, 0.024788055568933487, 0.05424658954143524, 0.6448825001716614, 0.18161384761333466, 0.03178922459483147, 0.010776150040328503, 0.022701798006892204, 0.07323198765516281]]","[-0.027464695274829865, 0.619254469871521, 0.24557840824127197, 0.20092493295669556, 0.046509623527526855, -0.06995127350091934]","[0, 10]",5.163716262,-0.120035819709301,2.0,22.0,1747877402.5025735,6.0,,
23,"[0.6256737112998962, 0.1563047617673874, 0.03627048060297966]","[-0.5995786786079407, -0.9293721914291382, 0.4549654722213745, -0.7072291374206543]",False,"[0.6162370443344116, 0.0650598555803299, 0.029999999329447746]","[[0.6147108674049377, 0.1416802853345871, 0.0314369760453701, 0.0504818856716156, 0.6256737112998962, 0.1563047617673874, 0.03627048060297966, -0.00515957735478878, 0.1440347284078598, 0.01779397577047348]]","[0.062488432973623276, 0.5207775831222534, 0.25473928451538086, 0.05144321918487549, -0.002149127423763275, 0.15839238464832306]","[0, 10]",5.288589148,-0.09194564819335938,2.0,23.0,1747877402.6274543,7.0,,
24,"[0.6063642501831055, 0.1145743727684021, 0.032568059861660004]","[-0.6788485050201416, -0.9407747983932495, -0.03440499305725098, -0.6044878363609314]",False,"[0.6162370443344116, 0.0650598555803299, 0.029999999329447746]","[[0.5947189331054688, 0.10632337629795074, 0.02784227579832077, 0.053763896226882935, 0.6063642501831055, 0.1145743727684021, 0.032568059861660004, -0.0032346274238079786, 0.09169057011604309, 0.034336432814598083]]","[0.16316227614879608, 0.4108674228191376, 0.21812087297439575, -0.04221189767122269, -0.06732296943664551, 0.20353682339191437]","[0, 10]",5.413590582,-0.050554465502500534,2.0,24.0,1747877402.7522902,8.0,,
25,"[0.5601064562797546, 0.0931784138083458, 0.029999999329447746]","[-0.3726547956466675, -0.9114401936531067, -0.004895150661468506, -0.5229641795158386]",True,"[0.4389825761318207, 0.29256293177604675, 0.029999999329447746]","[[0.6384396553039551, -2.194472251484947e-12, 0.19740013778209686, 0, 0.5601064562797546, 0.0931784138083458, 0.029999999329447746, 0, 0, 0]]","[0.2874583303928375, 0.27907636761665344, 0.05387887358665466, -0.33259376883506775, -0.13163067400455475, 0.18412519991397858]","[0, 10]",5.629578411,-0.027401039376854897,2.0,25.0,1747877402.8772905,9.0,,
26,"[0.48554766178131104, 0.12061068415641785, 0.029986348003149033]","[-0.25118231773376465, -0.7307173013687134, 0.7167141437530518, -0.5105147361755371]",False,"[0.46614453196525574, -0.12851232290267944, 0.029999999329447746]","[[0.6252308487892151, -0.022985246032476425, 0.20461003482341766, 1.7082118830558102e-08, 0.48554766178131104, 0.12061068415641785, 0.029986348003149033, -0.00011509648902574554, 3.0948183393775253e-06, 7.579095129273128e-10]]","[0.2281489372253418, 0.1583903729915619, 0.5038014650344849, 0.1796981692314148, 0.068518728017807, -0.19817893207073212]","[0, 10]",5.753554045,-0.249877467751503,3.0,26.0,1747877403.093248,0.0,,
27,"[0.48554766178131104, 0.12061068415641785, 0.02998925745487213]","[-0.5239444375038147, 0.850001335144043, -0.4992561340332031, 0.8747581243515015]",False,"[0.46614453196525574, -0.12851232290267944, 0.029999999329447746]","[[0.6171768307685852, -0.028936931863427162, 0.19466498494148254, 0.07027387619018555, 0.48554766178131104, 0.12061068415641785, 0.02998925745487213, -1.6889260223251767e-05, 3.6207754874340026e-06, 1.0876265443826583e-09]]","[0.04883698374032974, -0.029146745800971985, 0.3525311350822449, 0.34380751848220825, 0.04617971181869507, -0.19197067618370056]","[0, 10]",5.890926648,-0.249877467751503,3.0,27.0,1747877403.2172396,1.0,,
28,"[0.48554766178131104, 0.12061068415641785, 0.029989806935191154]","[-0.8537160158157349, 0.9574418067932129, -0.6908390522003174, 0.8103022575378418]",False,"[0.46614453196525574, -0.12851232290267944, 0.029999999329447746]","[[0.5854134559631348, 0.009853745810687542, 0.16219544410705566, 0.07881753146648407, 0.48554766178131104, 0.12061068415641785, 0.029989806935191154, 1.6437454632978188e-06, 3.7211132166703464e-06, 1.1556586798633361e-09]]","[0.04995620250701904, -0.0918770283460617, 0.25236761569976807, 0.3431690037250519, 0.15349560976028442, -0.059982940554618835]","[0, 10]",6.023372232,-0.249877467751503,3.0,28.0,1747877403.3544405,2.0,,
29,"[0.48554766178131104, 0.12061068415641785, 0.02998986467719078]","[-0.7756540775299072, 0.9663863182067871, -0.5675145983695984, 0.7060590982437134]",False,"[0.46614453196525574, -0.12851232290267944, 0.029999999329447746]","[[0.557245671749115, 0.05290472134947777, 0.13705548644065857, 0.07985623180866241, 0.48554766178131104, 0.12061068415641785, 0.02998986467719078, 4.02872183258296e-06, 1.1445075642768643e-06, 1.1626005713694099e-09]]","[-0.05160713940858841, -0.034119173884391785, 0.2658329904079437, 0.34330928325653076, 0.10312572121620178, -0.15717996656894684]","[0, 10]",6.151864447,-0.249877467751503,3.0,29.0,1747877403.4870524,3.0,,
30,"[0.48554766178131104, 0.12061068415641785, 0.02998991124331951]","[-0.6967825889587402, 0.931535005569458, -0.8851079344749451, 0.43212616443634033]",False,"[0.46614453196525574, -0.12851232290267944, 0.029999999329447746]","[[0.5327557921409607, 0.0938713327050209, 0.10172493755817413, 0.07998251914978027, 0.48554766178131104, 0.12061068415641785, 0.02998991124331951, 2.778918315016199e-06, 1.5209370474167372e-07, 1.1624828877287996e-09]]","[0.004232756793498993, -0.005749255418777466, 0.16784033179283142, 0.37481674551963806, 0.15218591690063477, -0.11538051068782806]","[0, 10]",6.280181768,-0.249877467751503,3.0,30.0,1747877403.6155386,4.0,,
31,"[0.48554766178131104, 0.12061068415641785, 0.02998998388648033]","[-0.6631135940551758, 0.6367076635360718, -0.9629500508308411, 0.19368672370910645]",False,"[0.46614453196525574, -0.12851232290267944, 0.029999999329447746]","[[0.5030587315559387, 0.12111566215753555, 0.05407993122935295, 0.07999787479639053, 0.48554766178131104, 0.12061068415641785, 0.02998998388648033, 5.245728971203789e-07, 2.778052632379513e-08, 1.1622852680304163e-09]]","[-0.04608800262212753, 0.10720202326774597, 0.12427833676338196, 0.3972713351249695, 0.17273953557014465, -0.07377496361732483]","[0, 10]",6.4081773349999995,-0.249877467751503,3.0,31.0,1747877403.7438765,5.0,,
32,"[0.48563021421432495, 0.11501068621873856, 0.029995186254382133]","[0.007107138633728027, -0.8156113028526306, -0.19503116607666016, -0.3478093147277832]",False,"[0.46614453196525574, -0.12851232290267944, 0.029999999329447746]","[[0.49428021907806396, 0.11108856648206711, 0.03637642040848732, 0.05770164728164673, 0.48563021421432495, 0.11501068621873856, 0.029995186254382133, 0.00017338062752969563, -1.8653104234545026e-06, 0.050286270678043365]]","[0.05285877734422684, 0.502519965171814, 0.12605972588062286, 0.3399890065193176, 0.14963284134864807, 0.014409467577934265]","[0, 10]",6.536717178,-0.24430134892463684,3.0,32.0,1747877403.8718727,6.0,,
33,"[0.4832116365432739, 0.09242403507232666, 0.032371386885643005]","[0.048682570457458496, -0.9515764117240906, 0.3387448787689209, -0.8583681583404541]",False,"[0.46614453196525574, -0.12851232290267944, 0.029999999329447746]","[[0.49106350541114807, 0.07928016036748886, 0.0397181436419487, 0.0532415546476841, 0.4832116365432739, 0.09242403507232666, 0.032371386885643005, 0.008392692543566227, -0.029952364042401314, 0.004881109111011028]]","[0.1683414727449417, 0.6376800537109375, 0.24743042886257172, 0.22508716583251953, 0.023578442633152008, 0.21402601897716522]","[0, 10]",6.665338837,-0.2216072678565979,3.0,33.0,1747877404.0004177,7.0,,
34,"[0.4909060001373291, 0.05254350230097771, 0.03444588929414749]","[0.2280975580215454, -0.9671249389648438, 0.14224863052368164, -0.7511531114578247]",False,"[0.46614453196525574, -0.12851232290267944, 0.029999999329447746]","[[0.49809420108795166, 0.04320976883172989, 0.04225688800215721, 0.05309883877635002, 0.4909060001373291, 0.05254350230097771, 0.03444588929414749, 0.009011399932205677, -0.06945697218179703, -0.0023963928688317537]]","[0.27040642499923706, 0.547405481338501, 0.10898640751838684, 0.00364077091217041, 0.022796422243118286, 0.34737706184387207]","[0, 10]",6.793748073,-0.18279525637626648,3.0,34.0,1747877404.1290443,8.0,,
35,"[0.4992043077945709, 0.009606724604964256, 0.036988142877817154]","[0.21111595630645752, -0.9613653421401978, 0.18395984172821045, -0.7244051694869995]",False,"[0.46614453196525574, -0.12851232290267944, 0.029999999329447746]","[[0.5055943727493286, 0.0036456543020904064, 0.047382332384586334, 0.05497531220316887, 0.4992043077945709, 0.009606724604964256, 0.036988142877817154, 0.009111249819397926, -0.24329924583435059, -0.002821780275553465]]","[0.40281301736831665, 0.3998109996318817, 0.1396203637123108, -0.18762749433517456, -0.1432163566350937, 0.3708372712135315]","[0, 10]",6.92374997,-0.1421923041343689,3.0,35.0,1747877404.2574239,9.0,,
36,"[0.5011465549468994, -0.03326895087957382, 0.03756633773446083]","[0.02714359760284424, -0.9685038924217224, 0.027901291847229004, -0.5491697788238525]",False,"[0.46614453196525574, -0.12851232290267944, 0.029999999329447746]","[[0.5069867372512817, -0.035220324993133545, 0.04848476126790047, 0.05704138055443764, 0.5011465549468994, -0.03326895087957382, 0.03756633773446083, 0.001276262104511261, -0.30072593688964844, 0.01266569085419178]]","[0.49211353063583374, 0.3228422701358795, 0.15923435986042023, -0.2632938027381897, -0.1645190268754959, 0.2693275213241577]","[0, 10]",7.053553872,-0.10175308585166931,3.0,36.0,1747877404.3874266,10.0,,
37,"[0.4927375912666321, -0.07619719952344894, 0.03247642517089844]","[-0.30135101079940796, -0.9549920558929443, -0.16455203294754028, -0.489027202129364]",False,"[0.46614453196525574, -0.12851232290267944, 0.029999999329447746]","[[0.49728596210479736, -0.07356593757867813, 0.04242335632443428, 0.0557030625641346, 0.4927375912666321, -0.07619719952344894, 0.03247642517089844, -0.001755319070070982, -0.08471079170703888, 0.004534241743385792]]","[0.6020107269287109, 0.26687178015708923, 0.07155773043632507, -0.4029586911201477, -0.2195768654346466, 0.16273514926433563]","[0, 10]",7.184201011,-0.05873836204409599,3.0,37.0,1747877404.517251,11.0,,
38,"[0.640383780002594, 0.09666614234447479, 0.029999999329447746]","[-0.7831550240516663, -0.8590140342712402, -0.25484591722488403, -0.3415813446044922]",True,"[0.681587278842926, -0.2993979752063751, 0.029999999329447746]","[[0.6384396553039551, -2.194472251484947e-12, 0.19740013778209686, 0, 0.640383780002594, 0.09666614234447479, 0.029999999329447746, 0, 0, 0]]","[0.6047369241714478, 0.10935911536216736, 0.06948921084403992, -0.4594862461090088, -0.2640403211116791, 0.11112110316753387]","[0, 10]",7.412644214,-0.011961599811911583,3.0,38.0,1747877404.6478996,12.0,,
39,"[0.547755241394043, -0.0069543602876365185, 0.029989872127771378]","[0.6325651407241821, -0.774299681186676, -0.6682537794113159, 0.4737046957015991]",False,"[0.6369633078575134, -0.015483495779335499, 0.029999999329447746]","[[0.6620330214500427, -0.022189613431692123, 0.18186141550540924, 0.041611332446336746, 0.547755241394043, -0.0069543602876365185, 0.029989872127771378, 3.4093625345121836e-06, 1.5367468222393654e-06, 1.9606155240992074e-11]]","[0.30586057901382446, -0.3459233045578003, 0.2305247038602829, 0.18557077646255493, 0.21676552295684814, 0.07710713148117065]","[0, 10]",7.539292438,-0.0896148532629013,4.0,39.0,1747877404.8763175,0.0,,
40,"[0.547755241394043, -0.0069543602876365185, 0.029989873990416527]","[-0.9138861894607544, 0.21446311473846436, -0.9216985106468201, 0.46323561668395996]",False,"[0.6369633078575134, -0.015483495779335499, 0.029999999329447746]","[[0.6297677159309387, -0.03366484120488167, 0.13594837486743927, 0.07533283531665802, 0.547755241394043, -0.0069543602876365185, 0.029989873990416527, 4.290050128474832e-06, 5.646077738674649e-07, 2.0531472355589386e-11]]","[0.2695164680480957, -0.276750773191452, 0.2397429347038269, 0.20128709077835083, 0.1027040183544159, -0.05281534045934677]","[0, 10]",7.666913825,-0.0896148532629013,4.0,40.0,1747877405.0029998,1.0,,
41,"[0.547755241394043, -0.0069543602876365185, 0.02998993918299675]","[-0.9621251821517944, 0.5605075359344482, -0.9266422986984253, 0.3345015048980713]",False,"[0.6369633078575134, -0.015483495779335499, 0.029999999329447746]","[[0.5973231196403503, -0.010678808204829693, 0.09161631762981415, 0.07943271845579147, 0.547755241394043, -0.0069543602876365185, 0.02998993918299675, 2.0151610442553647e-06, 4.266345499104318e-08, 2.0333654898729847e-11]]","[0.09474502503871918, -0.2154085785150528, 0.26991742849349976, 0.2685500383377075, 0.1552298665046692, -0.07410410046577454]","[0, 10]",7.795394198,-0.0896148532629013,4.0,41.0,1747877405.1306045,2.0,,
42,"[0.547755241394043, -0.0069543602876365185, 0.02998998761177063]","[-0.9675836563110352, 0.09732651710510254, -0.9395982623100281, 0.10370087623596191]",False,"[0.6369633078575134, -0.015483495779335499, 0.029999999329447746]","[[0.5604209303855896, -0.00644485792145133, 0.044714707881212234, 0.0799311175942421, 0.547755241394043, -0.0069543602876365185, 0.02998998761177063, 3.8024742821107793e-07, 8.050294653116907e-09, 2.0292198477100953e-11]]","[0.0570308193564415, -0.1520415097475052, 0.22443532943725586, 0.23965448141098022, 0.16536131501197815, -0.04290388524532318]","[0, 10]",7.924267787,-0.0896148532629013,4.0,42.0,1747877405.2590768,3.0,,
43,"[0.5498413443565369, -0.002518034540116787, 0.02998826466500759]","[0.6772041320800781, 0.4953458309173584, 0.5562828779220581, -0.633427619934082]",False,"[0.6369633078575134, -0.015483495779335499, 0.029999999329447746]","[[0.5526916980743408, 0.009623735211789608, 0.029433708637952805, 0.05601182207465172, 0.5498413443565369, -0.002518034540116787, 0.02998826466500759, -4.294420432415791e-05, -1.2936619896208867e-05, 0.036508236080408096]]","[-0.14971458911895752, 0.18407490849494934, 0.1993906944990158, 0.45395535230636597, -0.08951961994171143, -0.23422279953956604]","[0, 10]",8.052875084,-0.08808141946792603,4.0,43.0,1747877405.3879743,4.0,,
44,"[0.5724155306816101, 0.018484098836779594, 0.03000182844698429]","[0.9639166593551636, 0.5425628423690796, 0.2561495304107666, -0.8982441425323486]",False,"[0.6369633078575134, -0.015483495779335499, 0.029999999329447746]","[[0.5791344046592712, 0.029447242617607117, 0.028639137744903564, 0.05470409244298935, 0.5724155306816101, 0.018484098836779594, 0.03000182844698429, 0.0003511569811962545, -0.0034854423720389605, -0.005135138053447008]]","[-0.31356772780418396, 0.09629198908805847, -0.06739544868469238, 0.5091187357902527, -0.07509206235408783, -0.025439146906137466]","[0, 10]",8.181587916,-0.07293976843357086,4.0,44.0,1747877405.5165777,5.0,,
45,"[0.5990321040153503, 0.040543023496866226, 0.030554642900824547]","[0.9121766090393066, -0.7101432681083679, 0.305014967918396, -0.8077355027198792]",False,"[0.6369633078575134, -0.015483495779335499, 0.029999999329447746]","[[0.604290783405304, 0.026314089074730873, 0.029404371976852417, 0.05393905192613602, 0.5990321040153503, 0.040543023496866226, 0.030554642900824547, 0.015187764540314674, -0.0037498646415770054, 0.038020893931388855]]","[-0.12103115767240524, 0.18322235345840454, 0.06190559267997742, 0.1464606523513794, -0.1146976500749588, 0.22661809623241425]","[0, 10]",8.311518878,-0.06766130775213242,4.0,45.0,1747877405.645321,6.0,,
46,"[0.6205976009368896, 0.040727727115154266, 0.03143714740872383]","[0.760818362236023, -0.8691610097885132, 0.13416457176208496, -0.7595523595809937]",False,"[0.6369633078575134, -0.015483495779335499, 0.029999999329447746]","[[0.6264669895172119, 0.02956201322376728, 0.030068274587392807, 0.05439568683505058, 0.6205976009368896, 0.040727727115154266, 0.03143714740872383, 0.03602844104170799, -0.013316655531525612, 0.04043346270918846]]","[0.10134334117174149, 0.16474291682243347, 0.22059576213359833, -0.042209871113300323, -0.11431322991847992, 0.3408798575401306]","[0, 10]",8.440665901,-0.058562807738780975,4.0,46.0,1747877405.775221,7.0,,
47,"[0.5982331037521362, -0.12333427369594574, 0.029999999329447746]","[0.3686927556991577, -0.9140759110450745, 0.2248365879058838, -0.6452450156211853]",True,"[0.49728089570999146, 0.08173146098852158, 0.029999999329447746]","[[0.6384396553039551, -2.194472251484947e-12, 0.19740013778209686, 0, 0.5982331037521362, -0.12333427369594574, 0.029999999329447746, 0, 0, 0]]","[0.20575493574142456, -0.01016417145729065, 0.05840611457824707, -0.4249097406864166, -0.2403872013092041, 0.16483356058597565]","[0, 10]",8.659444241,-0.0383685864508152,4.0,47.0,1747877405.904366,8.0,,
48,"[0.40578410029411316, -0.06797356903553009, 0.029989998787641525]","[-0.5911343097686768, 0.658595085144043, -0.26648497581481934, -0.5176622271537781]",False,"[0.5147778987884521, 0.12397444993257523, 0.029999999329447746]","[[0.6211945414543152, 0.021664408966898918, 0.18754518032073975, 2.226402706639874e-08, 0.40578410029411316, -0.06797356903553009, 0.029989998787641525, -1.4674657222712995e-07, 1.1813904166046996e-07, 9.284202773978192e-14]]","[-0.015255860984325409, -0.28353166580200195, 0.3569132089614868, 0.3967840075492859, -0.1511579155921936, -0.2121269851922989]","[0, 10]",8.786437512,-0.22073444724082947,5.0,48.0,1747877406.1231227,0.0,,
49,"[0.40578410029411316, -0.06797356903553009, 0.029989998787641525]","[-0.9645833969116211, -0.5774646401405334, -0.4505200982093811, 0.9464435577392578]",False,"[0.5147778987884521, 0.12397444993257523, 0.029999999329447746]","[[0.5912460684776306, 0.021705390885472298, 0.17055660486221313, 0.07027387619018555, 0.40578410029411316, -0.06797356903553009, 0.029989998787641525, -1.499974899843437e-07, 1.181441788844495e-07, 9.245794912017893e-14]]","[0.12759838998317719, -0.2118692398071289, 0.23132950067520142, 0.20447176694869995, 0.20467817783355713, -0.14254307746887207]","[0, 10]",8.913351608,-0.22073444724082947,5.0,49.0,1747877406.2501526,1.0,,
50,"[0.40578410029411316, -0.06797356903553009, 0.029989998787641525]","[-0.9568789601325989, -0.8935390114784241, -0.7269546985626221, 0.6155506372451782]",False,"[0.5147778987884521, 0.12397444993257523, 0.029999999329447746]","[[0.5597838163375854, -0.017334602773189545, 0.1411363184452057, 0.07881750911474228, 0.40578410029411316, -0.06797356903553009, 0.029989998787641525, -1.5061067415444995e-07, 1.181441788844495e-07, 9.238550408626617e-14]]","[0.05563163757324219, -0.01433911919593811, 0.28919416666030884, 0.1424657702445984, 0.2030368149280548, -0.13708773255348206]","[0, 10]",9.040559375,-0.22073444724082947,5.0,50.0,1747877406.377034,2.0,,
51,"[0.40578410029411316, -0.06797356903553009, 0.029989998787641525]","[-0.9772564768791199, -0.8560868501663208, -0.8927855491638184, 0.5035130977630615]",False,"[0.5147778987884521, 0.12397444993257523, 0.029999999329447746]","[[0.5230727195739746, -0.05354609712958336, 0.10054008662700653, 0.07985622435808182, 0.40578410029411316, -0.06797356903553009, 0.029989998787641525, -1.5072637893354113e-07, 1.181441788844495e-07, 9.237183636262927e-14]]","[0.011059723794460297, 0.11444896459579468, 0.3229542374610901, 0.05660691857337952, 0.21808865666389465, -0.061316028237342834]","[0, 10]",9.167478259,-0.22073444724082947,5.0,51.0,1747877406.5042503,3.0,,
52,"[0.40578410029411316, -0.06797356903553009, 0.029989996924996376]","[-0.9910844564437866, -0.32113826274871826, -0.9281043410301208, 0.3381662368774414]",False,"[0.5147778987884521, 0.12397444993257523, 0.029999999329447746]","[[0.48404955863952637, -0.06738221645355225, 0.05841641500592232, 0.07998216897249222, 0.40578410029411316, -0.06797356903553009, 0.029989996924996376, -8.815656826755003e-08, 5.289856552792571e-09, 9.55141524140897e-14]]","[-0.14168864488601685, 0.08705008029937744, 0.19951175153255463, 0.09266224503517151, 0.16661113500595093, -0.004662036895751953]","[0, 10]",9.294659959,-0.22073444724082947,5.0,52.0,1747877406.6311693,4.0,,
53,"[0.40578410029411316, -0.06797356903553009, 0.029989998787641525]","[-0.9934446215629578, 0.04542553424835205, -0.43291759490966797, 0.14507365226745605]",False,"[0.5147778987884521, 0.12397444993257523, 0.029999999329447746]","[[0.44070497155189514, -0.06495489925146103, 0.03690657019615173, 0.07999780774116516, 0.40578410029411316, -0.06797356903553009, 0.029989998787641525, -1.6385016010644904e-08, 1.3948778697915024e-15, 9.556415446303201e-14]]","[-0.31874310970306396, 0.06392493844032288, 0.12086491286754608, 0.07308660447597504, -0.010622285306453705, -0.13621488213539124]","[0, 10]",9.426961743,-0.22073444724082947,5.0,53.0,1747877406.75825,5.0,,
54,"[0.40329509973526, -0.05958317965269089, 0.029989665374159813]","[-0.8842201232910156, 0.4697839021682739, -0.32491862773895264, -0.021434783935546875]",False,"[0.5147778987884521, 0.12397444993257523, 0.029999999329447746]","[[0.409323126077652, -0.048914629966020584, 0.024816744029521942, 0.07865267246961594, 0.40329509973526, -0.05958317965269089, 0.029989665374159813, 1.4619701687479392e-05, 7.074856512190308e-06, 0.0076584783382713795]]","[-0.442438006401062, -0.016162171959877014, 0.08359330892562866, 0.1335902214050293, -0.09243197739124298, -0.12519317865371704]","[0, 10]",9.55465603,-0.2147599160671234,5.0,54.0,1747877406.890642,6.0,,
55,"[0.4087667763233185, -0.03481080010533333, 0.03014885075390339]","[0.9606881141662598, 0.9605175256729126, 0.27101123332977295, -0.8640739321708679]",False,"[0.5147778987884521, 0.12397444993257523, 0.029999999329447746]","[[0.4177527129650116, -0.02118566818535328, 0.022667577490210533, 0.05329574644565582, 0.4087667763233185, -0.03481080010533333, 0.03014885075390339, 0.002242450136691332, -0.005173685494810343, -0.0009778898674994707]]","[-0.4543330669403076, -0.1227976381778717, -0.10121086239814758, 0.3152538239955902, -0.2580280900001526, 0.1880349963903427]","[0, 10]",9.68132086,-0.190921813249588,5.0,55.0,1747877407.0183632,7.0,,
56,"[0.4432070255279541, 0.005939244758337736, 0.02992364577949047]","[0.97599196434021, 0.9706062078475952, -0.1254778504371643, -0.9270763993263245]",False,"[0.5147778987884521, 0.12397444993257523, 0.029999999329447746]","[[0.4563204348087311, 0.015511727891862392, 0.021968334913253784, 0.05315901339054108, 0.4432070255279541, 0.005939244758337736, 0.02992364577949047, 0.0006852099904790521, -0.0022170187439769506, -0.00911589153110981]]","[-0.20417380332946777, -0.2902107834815979, -0.10398480296134949, 0.07713666558265686, -0.3792717456817627, 0.3267946243286133]","[0, 10]",9.808000057,-0.13803879916667938,5.0,56.0,1747877407.1450195,8.0,,
57,"[0.4874500036239624, 0.0484752357006073, 0.03015538863837719]","[0.951343297958374, 0.9715994596481323, -0.1454949975013733, -0.9016561508178711]",False,"[0.5147778987884521, 0.12397444993257523, 0.029999999329447746]","[[0.4995567798614502, 0.0527125746011734, 0.022741958498954773, 0.05332627147436142, 0.4874500036239624, 0.0484752357006073, 0.03015538863837719, -0.0019357457058504224, -0.0014786988031119108, -0.010601629503071308]]","[0.015051372349262238, -0.47720688581466675, -0.1928786337375641, -0.03308720886707306, -0.46547532081604004, 0.34819382429122925]","[0, 10]",9.935654634,-0.08029302954673767,5.0,57.0,1747877407.2716992,9.0,,
58,"[0.4517209827899933, 0.2896359860897064, 0.029999999329447746]","[0.6732965707778931, 0.9383329153060913, -0.46309202909469604, -0.6493250131607056]",True,"[0.6297171711921692, 0.0041176797822117805, 0.029999999329447746]","[[0.6384396553039551, -2.194472251484947e-12, 0.19740013778209686, 0, 0.4517209827899933, 0.2896359860897064, 0.029999999329447746, 0, 0, 0]]","[-0.031379081308841705, -0.39395812153816223, -0.23888763785362244, -0.17779964208602905, -0.5040752291679382, 0.17115585505962372]","[0, 10]",10.160131059,-0.03453041613101959,5.0,58.0,1747877407.3993511,10.0,,
59,"[0.6619226932525635, 0.11313363909721375, 0.029989833012223244]","[-0.1898096799850464, 0.2834852933883667, -0.07159703969955444, 0.42058420181274414]",False,"[0.44950732588768005, 0.07805342972278595, 0.029999999329447746]","[[0.6325682997703552, 0.011309816502034664, 0.19460608065128326, 0.03694560378789902, 0.6619226932525635, 0.11313363909721375, 0.029989833012223244, -1.4345158660944435e-06, -4.691837148129707e-06, -1.1313135324375612e-11]]","[0.15954457223415375, -0.1746690273284912, 0.36471545696258545, 0.2772059440612793, -0.002038806676864624, -0.20180411636829376]","[0, 10]",10.28704503,-0.21529260277748108,6.0,59.0,1747877407.6238234,0.0,,
60,"[0.6619226932525635, 0.11313363909721375, 0.029989831149578094]","[0.4197643995285034, 0.909092903137207, -0.7430000305175781, 0.8923666477203369]",False,"[0.44950732588768005, 0.07805342972278595, 0.029999999329447746]","[[0.6493392586708069, 0.04085664823651314, 0.17572875320911407, 0.07476567476987839, 0.6619226932525635, 0.11313363909721375, 0.029989831149578094, -4.93193226702715e-07, -5.682096343662124e-06, -1.6195742663649426e-11]]","[0.1370115578174591, -0.19124898314476013, 0.2009812593460083, 0.5856320261955261, 0.1822448968887329, -0.024109922349452972]","[0, 10]",10.414202309,-0.21529260277748108,6.0,60.0,1747877407.7507386,1.0,,
61,"[0.6619226932525635, 0.11313363909721375, 0.029989831149578094]","[0.6372798681259155, 0.9637622833251953, -0.6928824186325073, 0.7066031694412231]",False,"[0.44950732588768005, 0.07805342972278595, 0.029999999329447746]","[[0.6609918475151062, 0.08283724635839462, 0.13231253623962402, 0.07936360687017441, 0.6619226932525635, 0.11313363909721375, 0.029989831149578094, -3.155719241476618e-07, -5.868957032362232e-06, -1.7221599146743927e-11]]","[0.04128874093294144, 0.013040006160736084, 0.2328321635723114, 0.5789991021156311, 0.1524437963962555, 0.03302793204784393]","[0, 10]",10.541822263,-0.21529260277748108,6.0,61.0,1747877407.8778899,2.0,,
62,"[0.6619226932525635, 0.11313363909721375, 0.029989931732416153]","[0.5593957901000977, 0.6149375438690186, -0.9667876362800598, 0.5451626777648926]",False,"[0.44950732588768005, 0.07805342972278595, 0.029999999329447746]","[[0.6735120415687561, 0.10734420269727707, 0.0832119882106781, 0.07992271333932877, 0.6619226932525635, 0.11313363909721375, 0.029989931732416153, -7.7949469101668e-09, -2.2815524971520063e-06, -1.888996598031767e-11]]","[0.18410858511924744, -0.11471125483512878, 0.1896679550409317, 0.48208755254745483, 0.18796372413635254, 0.09870776534080505]","[0, 10]",10.670441038,-0.21529260277748108,6.0,62.0,1747877408.0055287,3.0,,
63,"[0.6619226932525635, 0.11313363909721375, 0.02998998761177063]","[0.3143610954284668, 0.08408176898956299, -0.9536333680152893, 0.025331974029541016]",False,"[0.44950732588768005, 0.07805342972278595, 0.029999999329447746]","[[0.6744910478591919, 0.10917250066995621, 0.02678319253027439, 0.07999058812856674, 0.6619226932525635, 0.11313363909721375, 0.02998998761177063, -1.4708302353838576e-09, -4.3051369402746786e-07, -1.8898542453182898e-11]]","[0.2398785948753357, 0.042035698890686035, 0.12457481026649475, 0.4890655279159546, 0.284831166267395, -0.008336395025253296]","[0, 10]",10.800717232,-0.21529260277748108,6.0,63.0,1747877408.134148,4.0,,
64,"[0.6534108519554138, 0.10779376327991486, 0.03149781748652458]","[-0.8664942979812622, -0.6087089776992798, 0.8780819177627563, -0.9323266744613647]",False,"[0.44950732588768005, 0.07805342972278595, 0.029999999329447746]","[[0.6459264159202576, 0.09319733828306198, 0.025303777307271957, 0.05197985842823982, 0.6534108519554138, 0.10779376327991486, 0.03149781748652458, 0.006175580900162458, 0.044128626585006714, 0.009140891954302788]]","[-0.06675641983747482, 0.6057032346725464, 0.39671969413757324, 0.29571494460105896, -0.0068199411034584045, -0.18813341856002808]","[0, 10]",10.930751199,-0.20606644451618195,6.0,64.0,1747877408.2644176,5.0,,
65,"[0.6221222877502441, 0.08273185044527054, 0.03887972980737686]","[-0.9793156981468201, -0.545222282409668, 0.971200704574585, -0.8838832378387451]",False,"[0.44950732588768005, 0.07805342972278595, 0.029999999329447746]","[[0.6076438426971436, 0.07191190868616104, 0.038187239319086075, 0.0522553026676178, 0.6221222877502441, 0.08273185044527054, 0.03887972980737686, 0.02139597199857235, 0.32265403866767883, 0.021605731919407845]]","[-0.09397733956575394, 0.5986956357955933, 0.20992305874824524, 0.21590083837509155, -0.020069122314453125, -0.04750464856624603]","[0, 10]",11.058759205,-0.17290650308132172,6.0,65.0,1747877408.3945587,6.0,,
66,"[0.5854454636573792, 0.05491787567734718, 0.044522497802972794]","[-0.9903535842895508, -0.25070905685424805, 0.6407808065414429, -0.5693661570549011]",False,"[0.44950732588768005, 0.07805342972278595, 0.029999999329447746]","[[0.568936824798584, 0.0616905577480793, 0.05416512489318848, 0.05192262679338455, 0.5854454636573792, 0.05491787567734718, 0.044522497802972794, -0.011177285574376583, 0.7845557928085327, 0.00858457013964653]]","[-0.09299474209547043, 0.3880041539669037, 0.23977431654930115, 0.071051687002182, -0.045867349952459335, 0.07243700325489044]","[0, 10]",11.186737566,-0.13865545392036438,6.0,66.0,1747877408.5225098,7.0,,
67,"[0.5515991449356079, 0.038117874413728714, 0.03747096285223961]","[-0.9878872036933899, 0.4952704906463623, -0.28131943941116333, -0.3023107051849365]",False,"[0.44950732588768005, 0.07805342972278595, 0.029999999329447746]","[[0.5438175201416016, 0.05464572459459305, 0.04977433755993843, 0.052088815718889236, 0.5515991449356079, 0.038117874413728714, 0.03747096285223961, -0.008606001734733582, 1.2673401832580566, -0.08826691657304764]]","[-0.026261471211910248, 0.18668729066848755, 0.13304373621940613, -0.24831411242485046, -0.15844325721263885, 0.042117759585380554]","[0, 10]",11.314365569,-0.1098790392279625,6.0,67.0,1747877408.6504374,8.0,,
68,"[0.5118151307106018, 0.03916064649820328, 0.030160920694470406]","[-0.9992360472679138, 0.9223423004150391, 0.2563788890838623, -0.7416211366653442]",False,"[0.44950732588768005, 0.07805342972278595, 0.029999999329447746]","[[0.5026398301124573, 0.0573209673166275, 0.04557555913925171, 0.04897371307015419, 0.5118151307106018, 0.03916064649820328, 0.030160920694470406, -2.2292699813842773, 1.5499067306518555, -2.3289520740509033]]","[0.16631701588630676, -0.15267708897590637, 0.14307567477226257, -0.4176056981086731, -0.2962707579135895, -0.04663321375846863]","[0, 10]",11.441653745,-0.0734502300620079,6.0,68.0,1747877408.778072,9.0,,
69,"[0.5533089637756348, 0.11962929368019104, 0.029999999329447746]","[-0.9966017603874207, 0.9993886947631836, -0.5010430812835693, 0.9806686639785767]",True,"[0.4247357249259949, -0.18711304664611816, 0.029999999329447746]","[[0.6384396553039551, -2.194472251484947e-12, 0.19740013778209686, 0, 0.5533089637756348, 0.11962929368019104, 0.029999999329447746, 0, 0, 0]]","[0.30083343386650085, -0.04380708932876587, -0.1743384301662445, -0.43743205070495605, -0.1662280112504959, -0.11597521603107452]","[0, 10]",11.661745607,-0.03081364929676056,6.0,69.0,1747877408.9053476,10.0,,
70,"[0.5892062783241272, -0.25223636627197266, 0.029989857226610184]","[-0.7735158205032349, 0.7364170551300049, 0.30065226554870605, -0.6027743220329285]",False,"[0.6753441691398621, 0.2719152271747589, 0.029999999329447746]","[[0.6091926097869873, 0.022594880312681198, 0.19613158702850342, 5.1007900125910055e-09, 0.5892062783241272, -0.25223636627197266, 0.029989857226610184, 4.909812560072169e-06, 4.2067799199685396e-07, 3.188017991956338e-12]]","[-0.016336984932422638, -0.2205437570810318, 0.39417901635169983, 0.40185850858688354, -0.1438901424407959, -0.3114636540412903]","[0, 10]",11.788920128,-0.5311822891235352,7.0,70.0,1747877409.1254382,0.0,,
71,"[0.5892062783241272, -0.25223636627197266, 0.029989834874868393]","[0.038182616233825684, -0.9811756014823914, 0.3224616050720215, 0.7636384963989258]",False,"[0.6753441691398621, 0.2719152271747589, 0.029999999329447746]","[[0.6110814213752747, 0.030863329768180847, 0.21007771790027618, 0.0670798048377037, 0.5892062783241272, -0.25223636627197266, 0.029989834874868393, 5.72323597225477e-06, 3.018887753114541e-07, 3.4818944602554858e-12]]","[0.1162831112742424, -0.14221955835819244, 0.334510862827301, 0.24690482020378113, 0.2250339686870575, -0.18563206493854523]","[0, 10]",11.917033613,-0.5311822891235352,7.0,71.0,1747877409.252631,1.0,,
72,"[0.5892062783241272, -0.25223636627197266, 0.029989831149578094]","[0.6616661548614502, -0.9900721311569214, 0.040459632873535156, 0.6064647436141968]",False,"[0.6753441691398621, 0.2719152271747589, 0.029999999329447746]","[[0.6316820383071899, -0.005936369765549898, 0.21118956804275513, 0.07842922955751419, 0.5892062783241272, -0.25223636627197266, 0.029989831149578094, 5.8767213886312675e-06, 2.794740510125848e-07, 3.5265098133341333e-12]]","[0.0006406158208847046, 0.017056316137313843, 0.30092084407806396, 0.31566953659057617, 0.2143768072128296, -0.32277998328208923]","[0, 10]",12.044498891,-0.5311822891235352,7.0,72.0,1747877409.3807034,2.0,,
73,"[0.5892062783241272, -0.25223636627197266, 0.029989831149578094]","[0.5333065986633301, -0.9891531467437744, -0.08089625835418701, 0.5590389966964722]",False,"[0.6753441691398621, 0.2719152271747589, 0.029999999329447746]","[[0.6473110914230347, -0.04975837469100952, 0.20588469505310059, 0.07980905473232269, 0.5892062783241272, -0.25223636627197266, 0.029989831149578094, 5.905682428419823e-06, 2.752445311671181e-07, 3.534542450389644e-12]]","[-0.048631198704242706, 0.26511988043785095, 0.3853449821472168, 0.09517349302768707, 0.17286300659179688, -0.3158033490180969]","[0, 10]",12.171346839,-0.5311822891235352,7.0,73.0,1747877409.508215,3.0,,
74,"[0.5892062783241272, -0.25223636627197266, 0.029989831149578094]","[0.09612405300140381, -0.9895343780517578, -0.09768867492675781, 0.4693641662597656]",False,"[0.6753441691398621, 0.2719152271747589, 0.029999999329447746]","[[0.6492408514022827, -0.0912233293056488, 0.20142978429794312, 0.07997683435678482, 0.5892062783241272, -0.25223636627197266, 0.029989831149578094, 5.9111471273354255e-06, 2.7444644956631237e-07, 3.5360442872389708e-12]]","[-0.135202556848526, 0.31339558959007263, 0.3449118137359619, -0.04465258866548538, 0.21484750509262085, -0.2790473699569702]","[0, 10]",12.296223737,-0.5311822891235352,7.0,74.0,1747877409.6350439,4.0,,
75,"[0.5892062783241272, -0.25223636627197266, 0.029989831149578094]","[-0.2814462184906006, -0.9879316091537476, -0.29381728172302246, 0.4290884733200073]",False,"[0.6753441691398621, 0.2719152271747589, 0.029999999329447746]","[[0.6388444900512695, -0.13414990901947021, 0.18873323500156403, 0.07999715209007263, 0.5892062783241272, -0.25223636627197266, 0.029989831149578094, 5.912178494327236e-06, 2.742958713497501e-07, 3.5363272640059895e-12]]","[-0.19351929426193237, 0.180801659822464, 0.21245180070400238, -0.17675179243087769, 0.19643476605415344, -0.20388063788414001]","[0, 10]",12.419970849,-0.5311822891235352,7.0,75.0,1747877409.7599285,5.0,,
76,"[0.5892062783241272, -0.25223636627197266, 0.029989831149578094]","[-0.3480222225189209, -0.9847479462623596, -0.4070488214492798, 0.4368884563446045]",False,"[0.6753441691398621, 0.2719152271747589, 0.029999999329447746]","[[0.624990701675415, -0.17704732716083527, 0.16970369219779968, 0.07999960333108902, 0.5892062783241272, -0.25223636627197266, 0.029989831149578094, 5.912373126193415e-06, 2.742674496403197e-07, 3.536380606752876e-12]]","[-0.19671034812927246, -0.003461092710494995, 0.14483824372291565, -0.16342350840568542, 0.11696572601795197, -0.07963752746582031]","[0, 10]",12.543622444,-0.5311822891235352,7.0,76.0,1747877409.8836336,6.0,,
77,"[0.5892062783241272, -0.25223636627197266, 0.029989831149578094]","[-0.573722243309021, -0.9907665848731995, -0.7655248045921326, 0.38416028022766113]",False,"[0.6753441691398621, 0.2719152271747589, 0.029999999329447746]","[[0.6037938594818115, -0.21986396610736847, 0.13609547913074493, 0.07999993860721588, 0.5892062783241272, -0.25223636627197266, 0.029989831149578094, 5.912409960728837e-06, 2.7426207793723734e-07, 3.536390798253297e-12]]","[-0.1986510157585144, -0.19698753952980042, 0.017271727323532104, -0.21835896372795105, -0.015665993094444275, -0.06609471142292023]","[0, 10]",12.667057735,-0.5311822891235352,7.0,77.0,1747877410.0073404,7.0,,
78,"[0.5892062783241272, -0.25223636627197266, 0.02998991869390011]","[-0.19134271144866943, -0.7749279141426086, -0.9899566173553467, 0.3046586513519287]",False,"[0.6753441691398621, 0.2719152271747589, 0.029999999329447746]","[[0.5912841558456421, -0.2550576627254486, 0.08988793194293976, 0.07999996840953827, 0.5892062783241272, -0.25223636627197266, 0.02998991869390011, 2.7052840323449345e-06, 5.401264288260044e-13, 3.4132549217580355e-12]]","[0.00774972140789032, -0.4053645730018616, -0.1519450545310974, -0.25502651929855347, -0.0959630012512207, -0.01764439418911934]","[0, 10]",12.791133447,-0.5311822891235352,7.0,78.0,1747877410.1307735,8.0,,
79,"[0.5892062783241272, -0.25223636627197266, 0.02998998388648033]","[0.13078558444976807, 0.45781683921813965, -0.9902985692024231, 0.044280290603637695]",False,"[0.6753441691398621, 0.2719152271747589, 0.029999999329447746]","[[0.5853077173233032, -0.24786494672298431, 0.03446032851934433, 0.07999997586011887, 0.5892062783241272, -0.25223636627197266, 0.02998998388648033, 5.104689648760541e-07, -4.591219006116787e-17, 3.4132549217580355e-12]]","[0.06051091477274895, -0.6068253517150879, -0.3039010465145111, -0.21362009644508362, -0.19880370795726776, -0.03464924544095993]","[0, 10]",12.915953365,-0.5311822891235352,7.0,79.0,1747877410.2548437,9.0,,
80,"[0.5789403915405273, -0.23549070954322815, 0.032652296125888824]","[-0.43108975887298584, 0.991065502166748, 0.8899590969085693, -0.9301939606666565]",False,"[0.6753441691398621, 0.2719152271747589, 0.029999999329447746]","[[0.5641425251960754, -0.21921925246715546, 0.0265659149736166, 0.05103348568081856, 0.5789403915405273, -0.23549070954322815, 0.032652296125888824, -0.00645769527181983, 0.08597459644079208, -0.06477885693311691]]","[-0.1028970405459404, -0.41481614112854004, -0.21553745865821838, -0.24941834807395935, -0.5580411553382874, -0.20829080045223236]","[0, 10]",13.042307907,-0.5164896249771118,7.0,80.0,1747877410.379679,10.0,,
81,"[0.5664262175559998, -0.19723418354988098, 0.03675892576575279]","[0.2921038866043091, 0.9963409900665283, 0.60877525806427, -0.9412720203399658]",False,"[0.6753441691398621, 0.2719152271747589, 0.029999999329447746]","[[0.5530798435211182, -0.1832033395767212, 0.0334027074277401, 0.051372651010751724, 0.5664262175559998, -0.19723418354988098, 0.03675892576575279, -0.004461622331291437, 0.18193940818309784, -0.03578183054924011]]","[-0.04280591756105423, -0.5223443508148193, -0.24290719628334045, -0.0008846744894981384, -0.6068022847175598, -0.10293884575366974]","[0, 10]",13.169383691,-0.4816741347312927,7.0,81.0,1747877410.5060208,11.0,,
82,"[0.5725139379501343, -0.15103387832641602, 0.03427893668413162]","[0.6925878524780273, 0.9814186096191406, 0.47006797790527344, -0.8705997467041016]",False,"[0.6753441691398621, 0.2719152271747589, 0.029999999329447746]","[[0.5586839914321899, -0.14149600267410278, 0.030785925686359406, 0.0541679672896862, 0.5725139379501343, -0.15103387832641602, 0.03427893668413162, 0.00038969324668869376, 0.15691469609737396, -0.01657462865114212]]","[0.13605007529258728, -0.7825914621353149, -0.2475285828113556, -0.12910030782222748, -0.7324934005737305, 0.16134847700595856]","[0, 10]",13.296947135,-0.4352910816669464,7.0,82.0,1747877410.633108,12.0,,
83,"[0.5916609764099121, -0.10258538275957108, 0.032516829669475555]","[0.7964270114898682, 0.9792354106903076, 0.5015196800231934, -0.8631995320320129]",False,"[0.6753441691398621, 0.2719152271747589, 0.029999999329447746]","[[0.5779861807823181, -0.10024701803922653, 0.028475146740674973, 0.05555470660328865, 0.5916609764099121, -0.10258538275957108, 0.032516829669475555, 0.00029697795980609953, 0.08812949806451797, -0.008765988051891327]]","[0.29633015394210815, -0.5795219540596008, -0.24865612387657166, -0.2560587525367737, -0.5654029846191406, 0.041994839906692505]","[0, 10]",13.425457558,-0.38374459743499756,7.0,83.0,1747877410.7606575,13.0,,
84,"[0.605023980140686, -0.054391566663980484, 0.03408471867442131]","[0.5754715204238892, 0.9833211898803711, 0.6579650640487671, -0.8758787512779236]",False,"[0.6753441691398621, 0.2719152271747589, 0.029999999329447746]","[[0.5907148718833923, -0.0546928308904171, 0.0310535728931427, 0.05503421649336815, 0.605023980140686, -0.054391566663980484, 0.03408471867442131, -0.0003722082474268973, 0.14748796820640564, 0.011318609118461609]]","[0.5205442905426025, -0.5927020311355591, -0.0780288577079773, -0.16942930221557617, -0.5648180246353149, 0.0415872186422348]","[0, 10]",13.554927435,-0.33382293581962585,7.0,84.0,1747877410.8891726,14.0,,
85,"[0.6144712567329407, -0.006343371234834194, 0.0366542674601078]","[0.4152141809463501, 0.983331561088562, 0.5951063632965088, -0.8508113026618958]",False,"[0.6753441691398621, 0.2719152271747589, 0.029999999329447746]","[[0.599237859249115, -0.012016823515295982, 0.03605741262435913, 0.05620921030640602, 0.6144712567329407, -0.006343371234834194, 0.0366542674601078, -0.00321765523403883, 0.2539511024951935, -0.002258537570014596]]","[0.4708278477191925, -0.920304536819458, 0.08684226870536804, -0.09937087446451187, -0.3775215148925781, 0.2181105762720108]","[0, 10]",13.685111875,-0.2849169075489044,7.0,85.0,1747877411.018643,15.0,,
86,"[0.6228761076927185, 0.041542261838912964, 0.04006671532988548]","[0.36527085304260254, 0.9844397306442261, 0.5373537540435791, -0.7973248362541199]",False,"[0.6753441691398621, 0.2719152271747589, 0.029999999329447746]","[[0.6071302890777588, 0.029916195198893547, 0.04389650374650955, 0.05579725652933121, 0.6228761076927185, 0.041542261838912964, 0.04006671532988548, -0.0053076664917171, 0.44060221314430237, 0.007371156010776758]]","[0.6485165953636169, -0.828833818435669, -0.0491962730884552, -0.1968943476676941, -0.35180050134658813, -0.036409758031368256]","[0, 10]",13.815107095,-0.23648667335510254,7.0,86.0,1747877411.1488047,16.0,,
87,"[0.6244264841079712, 0.08805591613054276, 0.03930619731545448]","[-0.04030168056488037, 0.9679336547851562, -0.04563283920288086, -0.6786342859268188]",False,"[0.6753441691398621, 0.2719152271747589, 0.029999999329447746]","[[0.6072806715965271, 0.07223596423864365, 0.04268202558159828, 0.05494527891278267, 0.6244264841079712, 0.08805591613054276, 0.03930619731545448, 0.000293615972623229, 0.40051883459091187, 0.0032152968924492598]]","[0.6432960033416748, -1.0657737255096436, -0.05558815598487854, -0.22559787333011627, -0.18276987969875336, -0.08129198849201202]","[0, 10]",13.94546705,-0.19100645184516907,7.0,87.0,1747877411.2788134,17.0,,
88,"[0.6185435056686401, 0.1303258240222931, 0.03468979150056839]","[-0.15758103132247925, 0.9676461219787598, -0.22206836938858032, -0.5799612402915955]",False,"[0.6753441691398621, 0.2719152271747589, 0.029999999329447746]","[[0.5999152660369873, 0.11557161808013916, 0.03279753029346466, 0.054754722863435745, 0.6185435056686401, 0.1303258240222931, 0.03468979150056839, -9.723738912725821e-06, 0.17226921021938324, 0.00471319817006588]]","[1.1741164922714233, -1.3068761825561523, -0.28287646174430847, -0.2965307831764221, 0.11779190599918365, 0.01532147079706192]","[0, 10]",14.074479205,-0.15262985229492188,7.0,88.0,1747877411.409136,18.0,,
89,"[0.6173332333564758, 0.17046146094799042, 0.029503855854272842]","[0.23808836936950684, 0.9288918972015381, -0.15751218795776367, -0.7507134079933167]",False,"[0.6753441691398621, 0.2719152271747589, 0.029999999329447746]","[[0.6021509170532227, 0.15568393468856812, 0.022554272785782814, 0.053229909390211105, 0.6173332333564758, 0.17046146094799042, 0.029503855854272842, -0.006781683303415775, -0.008797328919172287, 0.003790333168581128]]","[1.193893313407898, -1.4235104322433472, -0.28692105412483215, -0.1482904553413391, 0.3289559483528137, 0.10263510048389435]","[0, 10]",14.204462785,-0.11686908453702927,7.0,89.0,1747877411.5382006,19.0,,
90,"[0.6246903538703918, 0.20557792484760284, 0.03029702790081501]","[0.5488464832305908, 0.8091890811920166, 0.339493989944458, -0.742964506149292]",False,"[0.6753441691398621, 0.2719152271747589, 0.029999999329447746]","[[0.6088200211524963, 0.1911320686340332, 0.023761272430419922, 0.05564787611365318, 0.6246903538703918, 0.20557792484760284, 0.03029702790081501, -0.0021777041256427765, 0.01277124509215355, 0.03131784871220589]]","[1.3649723529815674, -1.7590328454971313, -0.34038832783699036, -0.16020271182060242, 0.5027339458465576, -0.0815538763999939]","[0, 10]",14.335124898,-0.08346576988697052,7.0,90.0,1747877411.6681669,20.0,,
92,"[0.6475719809532166, -0.12411496788263321, 0.029999999329447746]","[0.3480879068374634, 0.3495253324508667, 0.005037546157836914, -0.3748558759689331]",True,"[0.693686306476593, 0.1038910374045372, 0.029999999329447746]","[[0.6384396553039551, -2.194472251484947e-12, 0.19740013778209686, 0, 0.6475719809532166, -0.12411496788263321, 0.029999999329447746, 0, 0, 0]]","[1.9090169668197632, -1.912877082824707, -0.9394357204437256, -0.5703554749488831, 0.9995944499969482, -0.4618600606918335]","[0, 10]",14.715450826,-0.04871901124715805,7.0,92.0,1747877411.9292078,22.0,,
93,"[0.4127545952796936, -0.16774941980838776, 0.029989976435899734]","[0.16287016868591309, -0.43249523639678955, 0.3139312267303467, 0.31466710567474365]",False,"[0.4820868968963623, 0.11982966959476471, 0.029999999329447746]","[[0.6423973441123962, -0.01597672887146473, 0.20831860601902008, 0.027640368789434433, 0.4127545952796936, -0.16774941980838776, 0.029989976435899734, -5.076583988739003e-07, -4.23762486434498e-07, 6.406125087864145e-13]]","[0.16961884498596191, -0.21780140697956085, 0.30563807487487793, 0.1334575116634369, 0.12325723469257355, -0.17809681594371796]","[0, 10]",14.843209891,-0.2958186864852905,8.0,93.0,1747877412.1791344,0.0,,
94,"[0.4127545952796936, -0.16774941980838776, 0.029989995062351227]","[-0.9693709015846252, -0.9072033762931824, -0.5162862539291382, 0.6407054662704468]",False,"[0.4820868968963623, 0.11982966959476471, 0.029999999329447746]","[[0.6176620125770569, -0.04940919950604439, 0.1945480853319168, 0.07363436371088028, 0.4127545952796936, -0.16774941980838776, 0.029989995062351227, 1.1700480229137611e-07, -2.8076473768123833e-07, 3.7574769142477427e-13]]","[0.12560148537158966, -0.23615218698978424, 0.3034687936306, 0.19886499643325806, 0.2511790990829468, -0.1536209136247635]","[0, 10]",14.970717082,-0.2958186864852905,8.0,94.0,1747877412.306816,1.0,,
95,"[0.4127545952796936, -0.16774941980838776, 0.029989998787641525]","[-0.976764440536499, -0.9625845551490784, -0.7816876173019409, 0.6668105125427246]",False,"[0.4820868968963623, 0.11982966959476471, 0.029999999329447746]","[[0.582138180732727, -0.09507133811712265, 0.15898288786411285, 0.07922612130641937, 0.4127545952796936, -0.16774941980838776, 0.029989998787641525, 1.444860942001469e-07, -1.4923369917596574e-07, 3.6979073232343285e-13]]","[0.03565434366464615, -0.08157730102539062, 0.3207204043865204, 0.0376267284154892, 0.2063063383102417, -0.17688503861427307]","[0, 10]",15.098523886,-0.2958186864852905,8.0,95.0,1747877412.4344308,2.0,,
96,"[0.4127545952796936, -0.16774941980838776, 0.029989998787641525]","[-0.983073353767395, -0.957532525062561, -0.9281443953514099, 0.6032975912094116]",False,"[0.4820868968963623, 0.11982966959476471, 0.029999999329447746]","[[0.5472626090049744, -0.13796673715114594, 0.11755598336458206, 0.0799059048295021, 0.4127545952796936, -0.16774941980838776, 0.029989998787641525, 1.4957069538468204e-07, -1.240105689248594e-07, 3.690960839915214e-13]]","[-0.011861570179462433, 0.08510282635688782, 0.3638806939125061, -0.03910079598426819, 0.21986722946166992, -0.08755813539028168]","[0, 10]",15.225980654,-0.2958186864852905,8.0,96.0,1747877412.5622408,3.0,,
97,"[0.4127545952796936, -0.16774941980838776, 0.029989998787641525]","[-0.9889934062957764, -0.595474898815155, -0.9398610591888428, 0.4209580421447754]",False,"[0.4820868968963623, 0.11982966959476471, 0.029999999329447746]","[[0.5078330039978027, -0.16711357235908508, 0.07308857142925262, 0.07998853176832199, 0.4127545952796936, -0.16774941980838776, 0.029989998787641525, 1.505301412407789e-07, -1.192511263070628e-07, 3.689793696276533e-13]]","[-0.11661619693040848, 0.05394360423088074, 0.25536802411079407, -0.037242427468299866, 0.16855454444885254, -0.039492443203926086]","[0, 10]",15.355168729,-0.2958186864852905,8.0,97.0,1747877412.6896865,4.0,,
98,"[0.4127545952796936, -0.16774941980838776, 0.029989998787641525]","[-0.9920506477355957, -0.04879188537597656, -0.7108606100082397, 0.1931997537612915]",False,"[0.4820868968963623, 0.11982966959476471, 0.029999999329447746]","[[0.46804478764533997, -0.1694728434085846, 0.03963010385632515, 0.07999838143587112, 0.4127545952796936, -0.16774941980838776, 0.029989998787641525, 3.188586106261937e-08, -2.0934827482665952e-10, 3.7223040405195973e-13]]","[-0.27087220549583435, -0.043909087777137756, 0.12597888708114624, -0.026087120175361633, 0.05529344081878662, -0.10810519754886627]","[0, 10]",15.48422451,-0.2958186864852905,8.0,98.0,1747877412.8188782,5.0,,
99,"[0.4121662676334381, -0.16766220331192017, 0.029989995062351227]","[-0.9946188926696777, 0.247170090675354, -0.427966833114624, 0.057279229164123535]",False,"[0.4820868968963623, 0.11982966959476471, 0.029999999329447746]","[[0.43085333704948425, -0.15997080504894257, 0.02195143513381481, 0.07999963313341141, 0.4121662676334381, -0.16766220331192017, 0.029989995062351227, -1.1279553291387856e-06, -1.2107697102692327e-06, 0.029095379635691643]]","[-0.42760616540908813, -0.03887861967086792, 0.09865197539329529, 0.04763270914554596, -0.04955757409334183, -0.15382438898086548]","[0, 10]",15.612308147,-0.29587239027023315,8.0,99.0,1747877412.9479635,6.0,,
100,"[0.41150933504104614, -0.16032545268535614, 0.032296862453222275]","[0.6307576894760132, 0.975865364074707, 0.6627382040023804, -0.8253171443939209]",False,"[0.4820868968963623, 0.11982966959476471, 0.029999999329447746]","[[0.43656283617019653, -0.14609988033771515, 0.028861504048109055, 0.05368133261799812, 0.41150933504104614, -0.16032545268535614, 0.032296862453222275, -0.004757401999086142, -0.07501786202192307, -0.013476023450493813]]","[-0.5894652009010315, -0.2198026478290558, -0.062059491872787476, 0.3174862265586853, -0.2886478900909424, 0.06906570494174957]","[0, 10]",15.741051827,-0.28891757130622864,8.0,100.0,1747877413.0760722,7.0,,
101,"[0.42975547909736633, -0.13712453842163086, 0.03688914701342583]","[0.8715875148773193, 0.9734506607055664, 0.4818878173828125, -0.9593057036399841]",False,"[0.4820868968963623, 0.11982966959476471, 0.029999999329447746]","[[0.4545523524284363, -0.12245529890060425, 0.03639010339975357, 0.052561599761247635, 0.42975547909736633, -0.13712453842163086, 0.03688914701342583, -0.04534020274877548, -0.21016396582126617, 0.012565274722874165]]","[-0.293488085269928, -0.43569421768188477, -0.12116169929504395, 0.020096033811569214, -0.4706253111362457, 0.17402683198451996]","[0, 10]",15.870461026,-0.2623194754123688,8.0,101.0,1747877413.2047632,8.0,,
102,"[0.45247191190719604, -0.0949234887957573, 0.04150214046239853]","[0.5247762203216553, 0.9700615406036377, 0.2584209442138672, -0.8659725785255432]",False,"[0.4820868968963623, 0.11982966959476471, 0.029999999329447746]","[[0.47639942169189453, -0.08576065301895142, 0.046520039439201355, 0.053627897053956985, 0.45247191190719604, -0.0949234887957573, 0.04150214046239853, -0.06490853428840637, -0.4317396581172943, 0.00228178221732378]]","[-0.11299604922533035, -0.4998452365398407, -0.09319224953651428, -0.08411464095115662, -0.5359436869621277, 0.14534235000610352]","[0, 10]",15.999883609,-0.2170904576778412,8.0,102.0,1747877413.334249,9.0,,
103,"[0.4695098400115967, -0.048695825040340424, 0.03558523207902908]","[0.26570117473602295, 0.9675149917602539, -0.39421623945236206, -0.8387623429298401]",False,"[0.4820868968963623, 0.11982966959476471, 0.029999999329447746]","[[0.49007120728492737, -0.04625255614519119, 0.03465159982442856, 0.05280302092432976, 0.4695098400115967, -0.048695825040340424, 0.03558523207902908, 0.003190115559846163, -0.20181947946548462, 0.017431501299142838]]","[-0.03717181831598282, -0.654667854309082, -0.28276893496513367, -0.17093516886234283, -0.5950253009796143, 0.1418682336807251]","[0, 10]",16.127555388,-0.16908642649650574,8.0,103.0,1747877413.4635751,10.0,,
105,"[0.47240015864372253, 0.04355916008353233, 0.0318908728659153]","[-0.03747987747192383, 0.959972620010376, 0.11208558082580566, -0.542708158493042]",False,"[0.4820868968963623, 0.11982966959476471, 0.029999999329447746]","[[0.4903106391429901, 0.03105447255074978, 0.029371585696935654, 0.05569344758987427, 0.47240015864372253, 0.04355916008353233, 0.0318908728659153, -0.0031390758231282234, -0.06250949949026108, -0.002046538982540369]]","[0.047358714044094086, -0.647397518157959, -0.3091184198856354, -0.042582809925079346, -0.6721293330192566, -0.002590864896774292]","[0, 10]",16.385316363,-0.07690642774105072,8.0,105.0,1747877413.7194176,12.0,,
106,"[0.6460195779800415, -0.2309180498123169, 0.029999999329447746]","[-0.14581751823425293, 0.9143720865249634, -0.29781389236450195, -0.42066794633865356]",True,"[0.45552772283554077, -0.05054054781794548, 0.029999999329447746]","[[0.6384396553039551, -2.194472251484947e-12, 0.19740013778209686, 0, 0.6460195779800415, -0.2309180498123169, 0.029999999329447746, 0, 0, 0]]","[0.4457032084465027, -0.4806581437587738, -0.1637422740459442, -0.31212106347084045, -0.5655842423439026, 0.15720750391483307]","[0, 10]",16.625520864,-0.035743579268455505,8.0,106.0,1747877413.8490095,13.0,,
107,"[0.6846659779548645, 0.16641831398010254, 0.029986348003149033]","[0.7292443513870239, 0.9079298973083496, 0.7531847953796387, 0.40919971466064453]",False,"[0.47703737020492554, -0.08878593146800995, 0.029999999329447746]","[[0.6530188322067261, 0.024404484778642654, 0.20990705490112305, 0.035945042967796326, 0.6846659779548645, 0.16641831398010254, 0.029986348003149033, -0.00011509648902574554, 3.0948183393775253e-06, 7.579095129273128e-10]]","[0.0180354043841362, -0.09258782863616943, 0.44464945793151855, 0.6245457530021667, -0.11562537401914597, -0.5454356670379639]","[0, 10]",16.758668433,-0.3289967179298401,9.0,107.0,1747877414.0892148,0.0,,
108,"[0.6846659779548645, 0.16641831398010254, 0.02998925745487213]","[0.5795520544052124, 0.965529203414917, -0.7485071420669556, 0.9020609855651855]",False,"[0.47703737020492554, -0.08878593146800995, 0.029999999329447746]","[[0.6786563396453857, 0.07045988738536835, 0.20827335119247437, 0.07464390993118286, 0.6846659779548645, 0.16641831398010254, 0.02998925745487213, -1.6889260223251767e-05, 3.6207754874340026e-06, 1.0876265443826583e-09]]","[0.13666588068008423, -0.20208561420440674, 0.16955462098121643, 0.6847681403160095, 0.18166404962539673, -0.04076598584651947]","[0, 10]",16.884622294,-0.3289967179298401,9.0,108.0,1747877414.2188964,1.0,,
109,"[0.6846659779548645, 0.16641831398010254, 0.029989806935191154]","[0.48734724521636963, 0.9774351119995117, -0.717587947845459, 0.8016196489334106]",False,"[0.47703737020492554, -0.08878593146800995, 0.029999999329447746]","[[0.6844676733016968, 0.10921359807252884, 0.16517621278762817, 0.07934878766536713, 0.6846659779548645, 0.16641831398010254, 0.029989806935191154, 1.6437454632978188e-06, 3.7211132166703464e-06, 1.1556586798633361e-09]]","[-0.012413688004016876, 0.06576138734817505, 0.24578316509723663, 0.6072856187820435, 0.17159488797187805, 0.03351534157991409]","[0, 10]",17.01422192,-0.3289967179298401,9.0,109.0,1747877414.3483431,2.0,,
110,"[0.6846659779548645, 0.16641831398010254, 0.02998986467719078]","[0.6282066106796265, 0.9238742589950562, -0.9346579313278198, 0.6576497554779053]",False,"[0.47703737020492554, -0.08878593146800995, 0.029999999329447746]","[[0.696313202381134, 0.14622095227241516, 0.11765880137681961, 0.07992079854011536, 0.6846659779548645, 0.16641831398010254, 0.02998986467719078, 4.02872183258296e-06, 1.1445075642768643e-06, 1.1626005713694099e-09]]","[0.21849556267261505, -0.1717776209115982, 0.18917804956436157, 0.4397578239440918, 0.1726468801498413, 0.11327779293060303]","[0, 10]",17.1457463,-0.3289967179298401,9.0,110.0,1747877414.4778903,3.0,,
111,"[0.6846659779548645, 0.16641831398010254, 0.029989968985319138]","[0.3878251314163208, 0.4984956979751587, -0.968694269657135, 0.3447962999343872]",False,"[0.47703737020492554, -0.08878593146800995, 0.029999999329447746]","[[0.6983225345611572, 0.16433385014533997, 0.0614437498152256, 0.07999054342508316, 0.6846659779548645, 0.16641831398010254, 0.029989968985319138, 8.817686989459617e-07, 1.5208692616397457e-07, 1.1612105721425792e-09]]","[0.2166680097579956, -0.04763917624950409, 0.1088101714849472, 0.43288081884384155, 0.3015085458755493, -0.095950186252594]","[0, 10]",17.27753049,-0.3289967179298401,9.0,111.0,1747877414.6094787,4.0,,
112,"[0.6855888962745667, 0.16084980964660645, 0.029989924281835556]","[0.09290480613708496, -0.416631817817688, -0.7016441822052002, -0.2649812698364258]",False,"[0.47703737020492554, -0.08878593146800995, 0.029999999329447746]","[[0.6956222653388977, 0.16053247451782227, 0.021724319085478783, 0.057951439172029495, 0.6855888962745667, 0.16084980964660645, 0.029989924281835556, -2.227142067567911e-05, -2.3494612833019346e-05, 0.028024980798363686]]","[0.19917696714401245, 0.23342302441596985, 0.12316380441188812, 0.3533782958984375, 0.361358642578125, 0.12093286216259003]","[0, 10]",17.410591409,-0.3252871632575989,9.0,112.0,1747877414.74122,5.0,,
113,"[0.6776362657546997, 0.14403532445430756, 0.03187277168035507]","[-0.950596809387207, -0.965011715888977, 0.8357242345809937, -0.9742341041564941]",False,"[0.47703737020492554, -0.08878593146800995, 0.029999999329447746]","[[0.6694331169128418, 0.13056907057762146, 0.025385530665516853, 0.052995465695858, 0.6776362657546997, 0.14403532445430756, 0.03187277168035507, 0.01615222543478012, 0.044919587671756744, 0.03321775421500206]]","[0.05745025351643562, 0.6972163915634155, 0.2690255641937256, 0.1903400719165802, 0.022594928741455078, -0.054267629981040955]","[0, 10]",17.544953561,-0.3073258399963379,9.0,113.0,1747877414.8743303,6.0,,
114,"[0.6507738828659058, 0.10622045397758484, 0.037762612104415894]","[-0.9726629853248596, -0.9599047303199768, 0.9067244529724121, -0.9264345765113831]",False,"[0.47703737020492554, -0.08878593146800995, 0.029999999329447746]","[[0.6365675330162048, 0.09466046094894409, 0.036606669425964355, 0.052479468286037445, 0.6507738828659058, 0.10622045397758484, 0.037762612104415894, 0.006910726893693209, 0.2997625768184662, -0.001975338440388441]]","[0.06918345391750336, 0.570146918296814, 0.3382508158683777, 0.08524474501609802, -0.04163164645433426, 0.12129829823970795]","[0, 10]",17.675441201,-0.2612893581390381,9.0,114.0,1747877415.0086696,7.0,,
115,"[0.6180175542831421, 0.0639374703168869, 0.04289666563272476]","[-0.9888968467712402, -0.9492422342300415, 0.6439113616943359, -0.7438161373138428]",False,"[0.47703737020492554, -0.08878593146800995, 0.029999999329447746]","[[0.601010262966156, 0.05532025173306465, 0.05095669999718666, 0.0540183000266552, 0.6180175542831421, 0.0639374703168869, 0.04289666563272476, 0.03346563130617142, 0.6651240587234497, 0.04760639742016792]]","[0.1316620409488678, 0.4139285385608673, 0.2604495882987976, -0.005986414849758148, -0.0733848586678505, 0.16926006972789764]","[0, 10]",17.804789678,-0.20824547111988068,9.0,115.0,1747877415.1391015,8.0,,
116,"[0.5899391174316406, 0.021794240921735764, 0.04231983795762062]","[-0.9888470768928528, -0.7268036007881165, -0.39901185035705566, -0.37391817569732666]",False,"[0.47703737020492554, -0.08878593146800995, 0.029999999329447746]","[[0.5777593851089478, 0.023984871804714203, 0.04724464192986488, 0.0523495152592659, 0.5899391174316406, 0.021794240921735764, 0.04231983795762062, -0.0005802859668619931, 0.8486810922622681, 0.03478056937456131]]","[0.2763504385948181, 0.2897016108036041, 0.09001371264457703, -0.33854544162750244, -0.1693054884672165, 0.1878548115491867]","[0, 10]",17.933783779,-0.15851359069347382,9.0,116.0,1747877415.2684438,9.0,,
117,"[0.5592865943908691, -0.018126733601093292, 0.04238127917051315]","[-0.9969612956047058, -0.5224332213401794, -0.12018293142318726, -0.5000656843185425]",False,"[0.47703737020492554, -0.08878593146800995, 0.029999999329447746]","[[0.544862687587738, -0.0017304373905062675, 0.044570084661245346, 0.051762230694293976, 0.5592865943908691, -0.018126733601093292, 0.04238127917051315, -2.8889175155200064e-05, 0.8263153433799744, 0.0005252676783129573]]","[0.42921772599220276, 0.21504929661750793, 0.1393861621618271, -0.4934147596359253, -0.24088528752326965, 0.1199013888835907]","[0, 10]",18.062616383,-0.10913731902837753,9.0,117.0,1747877415.397502,10.0,,
118,"[0.5338783860206604, -0.04493682086467743, 0.04241306707262993]","[-0.9944751262664795, -0.4773334264755249, -0.282234787940979, -0.43278980255126953]",False,"[0.47703737020492554, -0.08878593146800995, 0.029999999329447746]","[[0.5173309445381165, -0.028979649767279625, 0.04247971624135971, 0.051685936748981476, 0.5338783860206604, -0.04493682086467743, 0.04241306707262993, 6.908829527674243e-05, 0.7959364056587219, -0.016960838809609413]]","[0.49161672592163086, 0.16973340511322021, 0.08158469200134277, -0.5046368837356567, -0.2869483232498169, 0.06365622580051422]","[0, 10]",18.191985297,-0.0728541687130928,9.0,118.0,1747877415.5262847,11.0,,
119,"[0.4063241481781006, -0.10301713645458221, 0.029999999329447746]","[-0.9863653182983398, -0.29894304275512695, -0.42794930934906006, -0.22602438926696777]",True,"[0.6868606805801392, 0.23937653005123138, 0.029999999329447746]","[[0.6384396553039551, -2.194472251484947e-12, 0.19740013778209686, 0, 0.4063241481781006, -0.10301713645458221, 0.029999999329447746, 0, 0, 0]]","[0.4682476222515106, 0.17195367813110352, 0.009931057691574097, -0.4596335291862488, -0.20149719715118408, -0.02564830332994461]","[0, 10]",18.575128664,-0.04863845184445381,9.0,119.0,1747877415.6556919,12.0,,
120,"[0.4451308250427246, 0.2903706133365631, 0.029989998787641525]","[-0.9940847158432007, 0.9993261098861694, 0.9302762746810913, -0.968420684337616]",False,"[0.5813272595405579, 0.2878347337245941, 0.029999999329447746]","[[0.5948498845100403, 0.02381880022585392, 0.19248318672180176, 3.063754050458556e-08, 0.4451308250427246, 0.2903706133365631, 0.029989998787641525, -1.4674657222712995e-07, 1.1813904166046996e-07, 9.284202773978192e-14]]","[-0.10370603948831558, -0.06646892428398132, 0.5278321504592896, 0.4240034222602844, -0.28287357091903687, -0.5784997940063477]","[0, 5]",18.703356916,-0.1362200677394867,0.0,120.0,1747877416.0387886,0.0,,
121,"[0.4451308250427246, 0.2903706133365631, 0.029989998787641525]","[-0.9784756898880005, 0.6791898012161255, 0.5310494899749756, 0.742633581161499]",False,"[0.5813272595405579, 0.2878347337245941, 0.029999999329447746]","[[0.5580498576164246, 0.061517827212810516, 0.20552371442317963, 0.0652347132563591, 0.4451308250427246, 0.2903706133365631, 0.029989998787641525, -1.499974899843437e-07, 1.181441788844495e-07, 9.245794912017893e-14]]","[-0.04178699105978012, -0.14797185361385345, 0.2988680601119995, 0.3874585032463074, -0.065672867000103, -0.3607196807861328]","[0, 5]",18.830956357,-0.1362200677394867,0.0,121.0,1747877416.1670437,1.0,,
122,"[0.4451308250427246, 0.2903706133365631, 0.029989998787641525]","[-0.9444506764411926, 0.8591517210006714, 0.11226296424865723, 0.3528249263763428]",False,"[0.5813272595405579, 0.2878347337245941, 0.029999999329447746]","[[0.5275176167488098, 0.09603534638881683, 0.2128492146730423, 0.07820494472980499, 0.4451308250427246, 0.2903706133365631, 0.029989998787641525, -1.5061067415444995e-07, 1.181441788844495e-07, 9.238550408626617e-14]]","[-0.10761456936597824, -0.08289523422718048, 0.2377968579530716, 0.5373311638832092, 0.014805793762207031, -0.1672511100769043]","[0, 5]",18.958127887,-0.1362200677394867,0.0,122.0,1747877416.2945983,2.0,,
123,"[0.4451308250427246, 0.2903706133365631, 0.029989998787641525]","[-0.9347143173217773, 0.9183685779571533, -0.34528112411499023, 0.21591079235076904]",False,"[0.5813272595405579, 0.2878347337245941, 0.029999999329447746]","[[0.49290409684181213, 0.1389569640159607, 0.20026442408561707, 0.07978183031082153, 0.4451308250427246, 0.2903706133365631, 0.029989998787641525, -1.5072637893354113e-07, 1.181441788844495e-07, 9.237183636262927e-14]]","[-0.16361409425735474, 0.0072626471519470215, 0.2342967838048935, 0.4315130114555359, 0.05485808849334717, -0.1881745457649231]","[0, 5]",19.085123352,-0.1362200677394867,0.0,123.0,1747877416.4218473,3.0,,
124,"[0.4451308250427246, 0.2903706133365631, 0.029989998787641525]","[-0.8147895336151123, 0.9304115772247314, -0.8810939192771912, 0.11094975471496582]",False,"[0.5813272595405579, 0.2878347337245941, 0.029999999329447746]","[[0.46245139837265015, 0.18028505146503448, 0.16800878942012787, 0.0799734964966774, 0.4451308250427246, 0.2903706133365631, 0.029989998787641525, -1.5074820680638368e-07, 1.181441788844495e-07, 9.236925460620604e-14]]","[-0.11500590294599533, 0.08376029133796692, 0.1930445432662964, 0.378117173910141, 0.17146188020706177, -0.06428606808185577]","[0, 5]",19.211699553,-0.1362200677394867,0.0,124.0,1747877416.5488384,4.0,,
125,"[0.4451308250427246, 0.2903706133365631, 0.029989998787641525]","[-0.6927242279052734, 0.9126436710357666, -0.7538105249404907, 0.12312674522399902]",False,"[0.5813272595405579, 0.2878347337245941, 0.029999999329447746]","[[0.43093812465667725, 0.21753951907157898, 0.13292202353477478, 0.07999685406684875, 0.4451308250427246, 0.2903706133365631, 0.029989998787641525, -1.5075232795425109e-07, 1.181441788844495e-07, 9.2368773491492e-14]]","[-0.11068428307771683, 0.12065595388412476, 0.14055851101875305, 0.3339812457561493, 0.115572988986969, -0.09206466376781464]","[0, 5]",19.338084811,-0.1362200677394867,0.0,125.0,1747877416.6754286,5.0,,
126,"[0.4451308250427246, 0.2903706133365631, 0.029989998787641525]","[-0.39025652408599854, 0.8907263278961182, -0.8574428558349609, 0.12982285022735596]",False,"[0.5813272595405579, 0.2878347337245941, 0.029999999329447746]","[[0.4130071699619293, 0.25101667642593384, 0.0998767837882042, 0.07999973744153976, 0.4451308250427246, 0.2903706133365631, 0.029989998787641525, -6.77491698297672e-08, 5.148935722232295e-10, 9.555987864071427e-14]]","[-0.12096592038869858, 0.1437903642654419, 0.07491740584373474, 0.27641648054122925, 0.1140294075012207, 0.08907146751880646]","[0, 5]",19.464566898,-0.1362200677394867,0.0,126.0,1747877416.8017929,6.0,,
127,"[0.4451308250427246, 0.2903706133365631, 0.029989998787641525]","[-0.19451338052749634, 0.6599328517913818, -0.9534366130828857, 0.07082521915435791]",False,"[0.5813272595405579, 0.2878347337245941, 0.029999999329447746]","[[0.4019030034542084, 0.2732900381088257, 0.06042436510324478, 0.07999987155199051, 0.4451308250427246, 0.2903706133365631, 0.029989998787641525, -1.2759874934431537e-08, 2.6088860944382746e-16, 9.55633277588755e-14]]","[-0.05118759721517563, 0.14709734916687012, 0.07073178887367249, 0.1765715479850769, 0.13710066676139832, 0.13554738461971283]","[0, 5]",19.592992196,-0.1362200677394867,0.0,127.0,1747877416.9282784,7.0,,
128,"[0.45471304655075073, 0.29108256101608276, 0.030512286350131035]","[0.9329061508178711, 0.7409752607345581, -0.6485743522644043, -0.3925042152404785]",False,"[0.5813272595405579, 0.2878347337245941, 0.029999999329447746]","[[0.41932207345962524, 0.290493369102478, 0.02210174687206745, 0.04606778919696808, 0.45471304655075073, 0.29108256101608276, 0.030512286350131035, -0.010770401917397976, -0.028804050758481026, -0.3483288288116455]]","[0.17067211866378784, 0.3106277287006378, -0.0920061469078064, 0.134308859705925, 0.17558026313781738, 0.21882466971874237]","[0, 5]",19.721177845,-0.1266569197177887,0.0,128.0,1747877417.056716,8.0,,
129,"[0.511216938495636, 0.3066590130329132, 0.03093840181827545]","[0.9963316917419434, 0.21068823337554932, -0.7063058614730835, -0.851008415222168]",False,"[0.5813272595405579, 0.2878347337245941, 0.029999999329447746]","[[0.46788734197616577, 0.30700409412384033, 0.021490661427378654, 0.013045827858150005, 0.511216938495636, 0.3066590130329132, 0.03093840181827545, 0.03721718117594719, -0.007007488515228033, -0.6621257066726685]]","[0.4248993396759033, 0.4970468580722809, -0.018775254487991333, 0.1774420142173767, 0.04401251673698425, 0.37095320224761963]","[0, 5]",19.849170928,-0.07259955257177353,0.0,129.0,1747877417.1848953,9.0,,
130,"[0.42305225133895874, 0.04553357511758804, 0.029999999329447746]","[0.935456395149231, -0.5846256017684937, -0.8405964374542236, 0.7065680027008057]",True,"[0.6650261878967285, -0.28331679105758667, 0.029999999329447746]","[[0.6384396553039551, -2.194472251484947e-12, 0.19740013778209686, 0, 0.42305225133895874, 0.04553357511758804, 0.029999999329447746, 0, 0, 0]]","[0.49398183822631836, 0.45115765929222107, -0.010506957769393921, -0.3002999424934387, -0.133833110332489, 0.275593101978302]","[0, 5]",20.068094723,-0.030666854232549667,0.0,130.0,1747877417.3128486,10.0,,
131,"[0.42473548650741577, 0.1848176121711731, 0.029989857226610184]","[0.455303430557251, -0.9580391645431519, -0.1502060890197754, 0.17911028861999512]",False,"[0.5133331418037415, -0.23714539408683777, 0.029999999329447746]","[[0.6525329351425171, -0.023197656497359276, 0.18999746441841125, 0.01573369652032852, 0.42473548650741577, 0.1848176121711731, 0.029989857226610184, 4.909812560072169e-06, 4.2067799199685396e-07, 3.188017991956338e-12]]","[0.31873753666877747, -0.031726762652397156, 0.34565070271492004, 0.1952650249004364, 0.21050190925598145, -0.05904563516378403]","[0, 5]",20.19133638,-0.4311639070510864,1.0,131.0,1747877417.5317914,0.0,,
132,"[0.42473548650741577, 0.1848176121711731, 0.029989834874868393]","[-0.9789301156997681, 0.96307373046875, 0.8113934993743896, 0.8948338031768799]",False,"[0.5133331418037415, -0.23714539408683777, 0.029999999329447746]","[[0.6076381802558899, -0.04449925199151039, 0.1749851107597351, 0.07218674570322037, 0.42473548650741577, 0.1848176121711731, 0.029989834874868393, 5.72323597225477e-06, 3.018887753114541e-07, 3.4818944602554858e-12]]","[0.25381457805633545, -0.11049480736255646, 0.26988685131073, 0.1680079698562622, -0.03981560468673706, -0.37713438272476196]","[0, 5]",20.314657162,-0.4311639070510864,1.0,132.0,1747877417.655035,1.0,,
133,"[0.42473548650741577, 0.1848176121711731, 0.029989831149578094]","[-0.9765170216560364, 0.9761996269226074, 0.44679927825927734, 0.9368810653686523]",False,"[0.5133331418037415, -0.23714539408683777, 0.029999999329447746]","[[0.5682483315467834, -0.017203601077198982, 0.17764317989349365, 0.07905002683401108, 0.42473548650741577, 0.1848176121711731, 0.029989831149578094, 5.8767213886312675e-06, 2.794740510125848e-07, 3.5265098133341333e-12]]","[-0.05108063668012619, -0.1262272745370865, 0.2639719247817993, 0.39935797452926636, 0.031589657068252563, -0.23018717765808105]","[0, 5]",20.43858675,-0.4311639070510864,1.0,133.0,1747877417.7783363,2.0,,
134,"[0.42473548650741577, 0.1848176121711731, 0.029989831149578094]","[-0.8400295376777649, 0.9908792972564697, -0.3205072283744812, 0.879418134689331]",False,"[0.5133331418037415, -0.23714539408683777, 0.029999999329447746]","[[0.5441707372665405, 0.03304307162761688, 0.170538991689682, 0.07988453656435013, 0.42473548650741577, 0.1848176121711731, 0.029989831149578094, 5.905682428419823e-06, 2.752445311671181e-07, 3.534542450389644e-12]]","[-0.2707727551460266, -0.022997885942459106, 0.24636049568653107, 0.5648648142814636, 0.08273901045322418, -0.19729919731616974]","[0, 5]",20.562135764,-0.4311639070510864,1.0,134.0,1747877417.9022489,3.0,,
135,"[0.42473548650741577, 0.1848176121711731, 0.029989831149578094]","[-0.8960182666778564, 0.9897927045822144, -0.6814700365066528, 0.8051166534423828]",False,"[0.5133331418037415, -0.23714539408683777, 0.029999999329447746]","[[0.5093632936477661, 0.07548417896032333, 0.1411929577589035, 0.07998599112033844, 0.42473548650741577, 0.1848176121711731, 0.029989831149578094, 5.9111471273354255e-06, 2.7444644956631237e-07, 3.5360442872389708e-12]]","[-0.14354228973388672, -0.0698290467262268, 0.15351712703704834, 0.38331523537635803, 0.11552581191062927, -0.08047272264957428]","[0, 5]",20.684880868,-0.4311639070510864,1.0,135.0,1747877418.0258443,4.0,,
136,"[0.42473548650741577, 0.1848176121711731, 0.029989831149578094]","[-0.7519396543502808, 0.9905495643615723, -0.5615510940551758, 0.5555459260940552]",False,"[0.5133331418037415, -0.23714539408683777, 0.029999999329447746]","[[0.47955191135406494, 0.1182897612452507, 0.1175968199968338, 0.07999830693006516, 0.42473548650741577, 0.1848176121711731, 0.029989831149578094, 5.912178494327236e-06, 2.742958713497501e-07, 3.5363272640059895e-12]]","[-0.24408048391342163, -0.04605655372142792, 0.06920593976974487, 0.291946679353714, 0.10236009955406189, -0.12106300890445709]","[0, 5]",20.807453573,-0.4311639070510864,1.0,136.0,1747877418.1485674,5.0,,
137,"[0.42473548650741577, 0.1848176121711731, 0.0299899410456419]","[-0.6638964414596558, 0.9878830909729004, -0.6783311367034912, 0.21594583988189697]",False,"[0.5133331418037415, -0.23714539408683777, 0.029999999329447746]","[[0.4527188241481781, 0.15898649394512177, 0.09180829674005508, 0.07999979704618454, 0.42473548650741577, 0.1848176121711731, 0.0299899410456419, 1.9380020148673793e-06, 6.438606158648552e-12, 3.4131699203077126e-12]]","[-0.29462096095085144, 0.005219489336013794, 0.009000062942504883, 0.2517838478088379, 0.04265183210372925, 0.008070766925811768]","[0, 5]",20.930261163,-0.4311639070510864,1.0,137.0,1747877418.2711623,6.0,,
138,"[0.42473548650741577, 0.1848176121711731, 0.02998998947441578]","[-0.5348311066627502, 0.779327392578125, -0.9757336378097534, 0.03403818607330322]",False,"[0.5133331418037415, -0.23714539408683777, 0.029999999329447746]","[[0.4302104115486145, 0.18885138630867004, 0.05492999404668808, 0.08000002801418304, 0.42473548650741577, 0.1848176121711731, 0.02998998947441578, 3.656880380731309e-07, 1.2008418348238847e-12, 3.4131638487755467e-12]]","[-0.29347893595695496, 0.07563444972038269, -0.026452690362930298, 0.14281946420669556, 0.03520315885543823, 0.101612389087677]","[0, 5]",21.054162452,-0.4311639070510864,1.0,138.0,1747877418.3940492,7.0,,
139,"[0.42536067962646484, 0.17799583077430725, 0.029989250004291534]","[0.07063150405883789, -0.8514347672462463, -0.5398300290107727, -0.34176838397979736]",False,"[0.5133331418037415, -0.23714539408683777, 0.029999999329447746]","[[0.42442482709884644, 0.17376923561096191, 0.03074684552848339, 0.05827001482248306, 0.42536067962646484, 0.17799583077430725, 0.029989250004291534, -1.3035466508881655e-05, 2.5614004698581994e-05, 0.05973202362656593]]","[0.22061432898044586, 0.44288113713264465, -0.055854737758636475, -0.06336319446563721, 0.17413461208343506, 0.2410743683576584]","[0, 5]",21.178176439,-0.4243599772453308,1.0,139.0,1747877418.5178385,8.0,,
140,"[0.4373711347579956, 0.14506739377975464, 0.0346359945833683]","[0.6310732364654541, -0.9757976531982422, 0.7173913717269897, -0.926023006439209]",False,"[0.5133331418037415, -0.23714539408683777, 0.029999999329447746]","[[0.4357004463672638, 0.13612902164459229, 0.034636370837688446, 0.05627579614520073, 0.4373711347579956, 0.14506739377975464, 0.0346359945833683, -0.006497632246464491, 0.01779801957309246, 0.01660507544875145]]","[0.4667796194553375, 0.4675964415073395, 0.06179434061050415, -0.12060743570327759, -0.14342129230499268, 0.40471935272216797]","[0, 5]",21.302991126,-0.38971570134162903,1.0,140.0,1747877418.6418762,9.0,,
141,"[0.4662269353866577, 0.10308969765901566, 0.041060466319322586]","[0.8951406478881836, -0.9818875193595886, 0.29320526123046875, -0.7690242528915405]",False,"[0.5133331418037415, -0.23714539408683777, 0.029999999329447746]","[[0.4645979702472687, 0.09945216774940491, 0.04100415110588074, 0.05620475858449936, 0.4662269353866577, 0.10308969765901566, 0.041060466319322586, -0.0069261156022548676, -0.019614871591329575, 0.016939952969551086]]","[0.6323277354240417, 0.3789352476596832, 0.08829274773597717, -0.25002405047416687, -0.18610945343971252, 0.3593006134033203]","[0, 5]",21.427169928,-0.3436586260795593,1.0,141.0,1747877418.7666993,10.0,,
142,"[0.4972817599773407, 0.06160964071750641, 0.045993976294994354]","[0.7980678081512451, -0.9829855561256409, 0.15361511707305908, -0.6617608070373535]",False,"[0.5133331418037415, -0.23714539408683777, 0.029999999329447746]","[[0.4956516623497009, 0.05719367042183876, 0.04634178429841995, 0.0575190968811512, 0.4972817599773407, 0.06160964071750641, 0.045993976294994354, 0.0005119601846672595, -0.030720146372914314, 0.004404332954436541]]","[0.8023829460144043, 0.3288048803806305, -0.054786235094070435, -0.28345537185668945, -0.22286999225616455, 0.32848429679870605]","[0, 5]",21.551486485,-0.2996131181716919,1.0,142.0,1747877418.8908596,11.0,,
143,"[0.5108955502510071, 0.02013404667377472, 0.044009316712617874]","[0.3636791706085205, -0.9818567633628845, -0.038716256618499756, -0.649742841720581]",False,"[0.5133331418037415, -0.23714539408683777, 0.029999999329447746]","[[0.5099269151687622, 0.016291487962007523, 0.044627103954553604, 0.0582704171538353, 0.5108955502510071, 0.02013404667377472, 0.044009316712617874, 0.00017604514141567051, -0.038030050694942474, 0.004694361239671707]]","[0.842646062374115, 0.14563113451004028, 0.0773867666721344, -0.45141980051994324, -0.23284859955310822, 0.3097119927406311]","[0, 5]",21.676220347,-0.25767210125923157,1.0,143.0,1747877419.0151646,12.0,,
144,"[0.5021135210990906, -0.02145254984498024, 0.04288296401500702]","[-0.27960729598999023, -0.9719258546829224, -0.0006928443908691406, -0.6019852757453918]",False,"[0.5133331418037415, -0.23714539408683777, 0.029999999329447746]","[[0.5006362795829773, -0.02410379983484745, 0.04374977946281433, 0.058036334812641144, 0.5021135210990906, -0.02145254984498024, 0.04288296401500702, -0.0015978096053004265, -0.026074962690472603, 0.005501353181898594]]","[0.7699044346809387, -0.0533064603805542, 0.22017356753349304, -0.5013202428817749, -0.2638126611709595, 0.35678863525390625]","[0, 5]",21.801309846,-0.21636833250522614,1.0,144.0,1747877419.1399453,13.0,,
145,"[0.492841899394989, -0.06293240934610367, 0.039107464253902435]","[-0.23768854141235352, -0.9662104845046997, -0.06478774547576904, -0.5206997990608215]",False,"[0.5133331418037415, -0.23714539408683777, 0.029999999329447746]","[[0.49128666520118713, -0.06383446604013443, 0.03996890410780907, 0.05839703977108002, 0.492841899394989, -0.06293240934610367, 0.039107464253902435, -0.0018026352627202868, -0.025607014074921608, 0.004038539249449968]]","[0.815301239490509, -0.11293013393878937, 0.3501167297363281, -0.4333943724632263, -0.29480308294296265, 0.3027304410934448]","[0, 5]",21.926126682,-0.1756502240896225,1.0,145.0,1747877419.2649767,14.0,,
146,"[0.48451659083366394, -0.10432955622673035, 0.03182588517665863]","[-0.19036823511123657, -0.9623937010765076, -0.13708537817001343, -0.3244549632072449]",False,"[0.5133331418037415, -0.23714539408683777, 0.029999999329447746]","[[0.4830648601055145, -0.1027965098619461, 0.032890189439058304, 0.058916736394166946, 0.48451659083366394, -0.10432955622673035, 0.03182588517665863, -0.0008891179459169507, -0.02244534343481064, 0.004547180142253637]]","[0.9970582127571106, -0.1354358196258545, 0.3766585886478424, -0.42341139912605286, -0.1778300255537033, 0.411915123462677]","[0, 5]",22.050923781,-0.1359182596206665,1.0,146.0,1747877419.38981,15.0,,
147,"[0.47618985176086426, -0.14555451273918152, 0.031849637627601624]","[-0.15302717685699463, -0.9498305320739746, 0.09905028343200684, -0.16943752765655518]",False,"[0.5133331418037415, -0.23714539408683777, 0.029999999329447746]","[[0.47457611560821533, -0.14104516804218292, 0.032498691231012344, 0.059601329267024994, 0.47618985176086426, -0.14555451273918152, 0.031849637627601624, 0.0007230789051391184, -0.01738884113729, 0.0029673464596271515]]","[1.1363147497177124, -0.4572741985321045, 0.1600525975227356, -0.5850710868835449, -0.03943991661071777, 0.4653130769729614]","[0, 5]",22.177843721,-0.09885309636592865,1.0,147.0,1747877419.5146196,16.0,,
148,"[0.48077666759490967, -0.1852833330631256, 0.03061779774725437]","[0.18332982063293457, -0.9520304799079895, -0.007677674293518066, -0.28523504734039307]",False,"[0.5133331418037415, -0.23714539408683777, 0.029999999329447746]","[[0.47859469056129456, -0.17952005565166473, 0.03135165944695473, 0.0598338320851326, 0.48077666759490967, -0.1852833330631256, 0.03061779774725437, 0.003024082165211439, -0.001058430876582861, 0.0022236842196434736]]","[1.3299545049667358, -0.8143948316574097, 0.03296065330505371, -0.6467145681381226, -0.11620528995990753, 0.07293564081192017]","[0, 5]",22.303812304,-0.061237066984176636,1.0,148.0,1747877419.6415734,17.0,,
149,"[0.6586781144142151, -0.19635039567947388, 0.029999999329447746]","[0.14388084411621094, -0.8666543960571289, -0.0955650806427002, -0.3860851526260376]",True,"[0.5049061179161072, -0.17742492258548737, 0.029999999329447746]","[[0.6384396553039551, -2.194472251484947e-12, 0.19740013778209686, 0, 0.6586781144142151, -0.19635039567947388, 0.029999999329447746, 0, 0, 0]]","[1.5124207735061646, -1.1970590353012085, -0.1655590832233429, -0.8071762323379517, -0.026114419102668762, 0.09299717843532562]","[0, 5]",22.545338929,-0.029003558680415154,1.0,149.0,1747877419.7674806,18.0,,
150,"[0.6327692866325378, 0.08289306610822678, 0.029999999329447746]","[0.6902813911437988, -0.9355080723762512, 0.08417773246765137, 0.26708507537841797]",True,"[0.4754354953765869, -0.04815174266695976, 0.029999999329447746]","[[0.6384396553039551, -2.194472251484947e-12, 0.19740013778209686, 0, 0.6327692866325378, 0.08289306610822678, 0.029999999329447746, 0, 0, 0]]","[0.18736550211906433, -0.1508420705795288, 0.40628403425216675, 0.28268274664878845, 0.012060075998306274, -0.17875489592552185]","[0, 5]",22.754157663,-0.03758564963936806,2.0,150.0,1747877420.0090108,0.0,,
151,"[0.48226168751716614, -0.08226530998945236, 0.02998640015721321]","[-0.7444456815719604, -0.5616440176963806, -0.338952898979187, 0.5452004671096802]",False,"[0.5758553743362427, -0.07282654196023941, 0.029999999329447746]","[[0.6170138716697693, -0.02024482749402523, 0.18529817461967468, 0.04789156839251518, 0.48226168751716614, -0.08226530998945236, 0.02998640015721321, -0.00012001329014310613, -1.8152587699660216e-07, -1.3285830768872131e-11]]","[0.18907737731933594, -0.17432241141796112, 0.37068238854408264, -0.028809912502765656, 0.14976614713668823, -0.11017327010631561]","[0, 5]",22.882814868,-0.09406844526529312,3.0,151.0,1747877420.2178223,0.0,,
152,"[0.48226168751716614, -0.08226530998945236, 0.029989320784807205]","[-0.9048001766204834, -0.8466799259185791, -0.9073266386985779, 0.5492233037948608]",False,"[0.5758553743362427, -0.07282654196023941, 0.029999999329447746]","[[0.5911047458648682, -0.05527125671505928, 0.15035070478916168, 0.07609644532203674, 0.48226168751716614, -0.08226530998945236, 0.029989320784807205, -2.2741502107237466e-05, -1.564595919489875e-07, -2.97203338328611e-11]]","[0.2055870145559311, -0.08186544477939606, 0.2872539460659027, 0.07380467653274536, 0.33671054244041443, -0.058688584715127945]","[0, 5]",23.01188161,-0.09406844526529312,3.0,152.0,1747877420.3465075,1.0,,
153,"[0.48226168751716614, -0.08226530998945236, 0.02998987026512623]","[-0.9728350043296814, -0.3669655919075012, -0.9510246515274048, 0.29256176948547363]",False,"[0.5758553743362427, -0.07282654196023941, 0.029999999329447746]","[[0.5535351037979126, -0.0720367506146431, 0.10422557592391968, 0.07952515035867691, 0.48226168751716614, -0.08226530998945236, 0.02998987026512623, -4.274170805729227e-06, -8.922672378730567e-08, -3.250196639603686e-11]]","[0.038384146988391876, -0.015090987086296082, 0.24312898516654968, 0.10764750838279724, 0.305080384016037, -0.12854258716106415]","[0, 5]",23.141362164,-0.09406844526529312,3.0,153.0,1747877420.475579,2.0,,
154,"[0.48226168751716614, -0.08226530998945236, 0.029989974573254585]","[-0.9821913242340088, -0.2742975950241089, -0.9497047662734985, 0.13213181495666504]",False,"[0.5758553743362427, -0.07282654196023941, 0.029999999329447746]","[[0.5159598588943481, -0.0833040401339531, 0.05930366739630699, 0.07994195073843002, 0.48226168751716614, -0.08226530998945236, 0.029989974573254585, -8.055093303482863e-07, -1.6586916729011136e-08, -3.268390419419731e-11]]","[-0.020566053688526154, 0.030002892017364502, 0.20695127546787262, 0.05012822151184082, 0.21969226002693176, -0.0078099071979522705]","[0, 5]",23.270863388,-0.09406844526529312,3.0,154.0,1747877420.605079,3.0,,
155,"[0.48226168751716614, -0.08226530998945236, 0.029989995062351227]","[-0.8613166213035583, 0.21203100681304932, -0.5997244119644165, -0.00617671012878418]",False,"[0.5758553743362427, -0.07282654196023941, 0.029999999329447746]","[[0.47858357429504395, -0.07447046041488647, 0.029188020154833794, 0.07939949631690979, 0.48226168751716614, -0.08226530998945236, 0.029989995062351227, -1.5199424296952202e-07, -3.1298392766387906e-09, -3.269034695718709e-11]]","[-0.10458464175462723, 0.07292476296424866, 0.13292630016803741, 0.018392279744148254, 0.1072409600019455, -0.08157414197921753]","[0, 5]",23.399929068,-0.09406844526529312,3.0,155.0,1747877420.734519,4.0,,
156,"[0.50686115026474, -0.07121843844652176, 0.030055556446313858]","[0.9636540412902832, 0.7957333326339722, -0.3508358597755432, -0.8398219347000122]",False,"[0.5758553743362427, -0.07282654196023941, 0.029999999329447746]","[[0.5056467652320862, -0.06381667405366898, 0.02192525565624237, 0.05471913143992424, 0.50686115026474, -0.07121843844652176, 0.030055556446313858, -0.005154891405254602, -0.0024594105780124664, -0.05934897065162659]]","[-0.1333794891834259, 0.03915435075759888, 0.034660160541534424, 0.24130606651306152, -0.06227105110883713, 0.1880713552236557]","[0, 5]",23.529960801,-0.06901299953460693,3.0,156.0,1747877420.8636358,5.0,,
157,"[0.6207103729248047, 0.24746665358543396, 0.029999999329447746]","[0.9804459810256958, 0.5285499095916748, -0.44568145275115967, -0.9465367794036865]",True,"[0.4247978925704956, -0.10987311601638794, 0.029999999329447746]","[[0.6384396553039551, -2.194472251484947e-12, 0.19740013778209686, 0, 0.6207103729248047, 0.24746665358543396, 0.029999999329447746, 0, 0, 0]]","[-0.17530018091201782, -0.00531497597694397, 0.09417705237865448, -0.17633496224880219, -0.06171657145023346, 0.033738553524017334]","[0, 5]",23.750010901,-0.024073205888271332,3.0,157.0,1747877420.9936514,6.0,,
158,"[0.6439323425292969, 0.2977801263332367, 0.029989872127771378]","[0.7075282335281372, -0.7844098210334778, 0.17851829528808594, 0.7764008045196533]",False,"[0.6021323204040527, 0.10086242109537125, 0.029999999329447746]","[[0.6576371192932129, -0.022282904013991356, 0.20037436485290527, 0.06820084154605865, 0.6439323425292969, 0.2977801263332367, 0.029989872127771378, 1.5367468222393654e-06, 3.4093625345121836e-06, -1.4366828039735768e-11]]","[0.3053135871887207, 0.06139552593231201, 0.4835379123687744, 0.3428976535797119, 0.16683250665664673, -0.15656334161758423]","[0, 5]",23.877985359,-0.2013052999973297,4.0,158.0,1747877421.213637,0.0,,
159,"[0.6439323425292969, 0.2977801263332367, 0.029989873990416527]","[0.40233540534973145, 0.9541630744934082, 0.49546027183532715, 0.7834551334381104]",False,"[0.6021323204040527, 0.10086242109537125, 0.029999999329447746]","[[0.6675529479980469, -0.03379489853978157, 0.2167537361383438, 0.07856549322605133, 0.6439323425292969, 0.2977801263332367, 0.029989873990416527, 5.646077738674649e-07, 4.290050128474832e-06, -1.8109276231359495e-11]]","[0.16810037195682526, 0.005466461181640625, 0.3917694091796875, 0.3819119334220886, 0.02779209613800049, -0.17984791100025177]","[0, 5]",24.004746967,-0.2013052999973297,4.0,159.0,1747877421.3415108,1.0,,
160,"[0.6439323425292969, 0.2977801263332367, 0.029989875853061676]","[0.27023613452911377, 0.9614726305007935, 0.34177184104919434, 0.7990977764129639]",False,"[0.6021323204040527, 0.10086242109537125, 0.029999999329447746]","[[0.6752263307571411, -0.0005635022534988821, 0.23051166534423828, 0.07982560992240906, 0.6439323425292969, 0.2977801263332367, 0.029989875853061676, 3.811716453583358e-07, 4.456233909877483e-06, -1.89114678778024e-11]]","[0.10271744430065155, 0.11568698287010193, 0.37912097573280334, 0.5185902714729309, 0.11290958523750305, -0.0827910453081131]","[0, 5]",24.132174725,-0.2013052999973297,4.0,160.0,1747877421.468451,2.0,,
161,"[0.6439323425292969, 0.2977801263332367, 0.029989875853061676]","[0.11820614337921143, 0.9656553268432617, 0.17709243297576904, 0.6967345476150513]",False,"[0.6021323204040527, 0.10086242109537125, 0.029999999329447746]","[[0.6774502992630005, 0.043838754296302795, 0.23749731481075287, 0.0799788162112236, 0.6439323425292969, 0.2977801263332367, 0.029989875853061676, 3.465584654804843e-07, 4.4875928324472625e-06, -1.9066255518840336e-11]]","[0.13473770022392273, 0.1621873676776886, 0.34511810541152954, 0.4461519122123718, 0.11819274723529816, -0.12142786383628845]","[0, 5]",24.259997043,-0.2013052999973297,4.0,161.0,1747877421.595881,3.0,,
162,"[0.6439323425292969, 0.2977801263332367, 0.029989875853061676]","[-0.04949355125427246, 0.9658780097961426, -0.03883051872253418, 0.6681451797485352]",False,"[0.6021323204040527, 0.10086242109537125, 0.029999999329447746]","[[0.6747908592224121, 0.08491688221693039, 0.23576529324054718, 0.07999739795923233, 0.6439323425292969, 0.2977801263332367, 0.029989875853061676, 3.400271850750869e-07, 4.493510004976997e-06, -1.9095584488648676e-11]]","[0.13860470056533813, 0.22125935554504395, 0.24046573042869568, 0.41467803716659546, 0.18201732635498047, -0.3682712912559509]","[0, 5]",24.38840962,-0.2013052999973297,4.0,162.0,1747877421.7236967,4.0,,
163,"[0.6439323425292969, 0.2977801263332367, 0.029989875853061676]","[-0.20610171556472778, 0.9615921974182129, -0.3914988040924072, 0.4883401393890381]",False,"[0.6021323204040527, 0.10086242109537125, 0.029999999329447746]","[[0.667381763458252, 0.1272817999124527, 0.21825368702411652, 0.07999969273805618, 0.6439323425292969, 0.2977801263332367, 0.029989875853061676, 3.3879479133247514e-07, 4.494626409723423e-06, -1.910112346070747e-11]]","[0.07182986289262772, 0.2166394293308258, 0.21409747004508972, 0.20278418064117432, 0.21074450016021729, -0.17263838648796082]","[0, 5]",24.516045162,-0.2013052999973297,4.0,163.0,1747877421.8521283,5.0,,
164,"[0.6439323425292969, 0.2977801263332367, 0.029989875853061676]","[0.023006319999694824, 0.9586091041564941, -0.5415220260620117, 0.42190277576446533]",False,"[0.6021323204040527, 0.10086242109537125, 0.029999999329447746]","[[0.6650995016098022, 0.16870933771133423, 0.19153626263141632, 0.07999993860721588, 0.6439323425292969, 0.2977801263332367, 0.029989875853061676, 3.385622449059156e-07, 4.494837412494235e-06, -1.9102167764240008e-11]]","[-0.03214148432016373, 0.1967196762561798, 0.07952186465263367, 0.1518675684928894, 0.20729073882102966, -0.05681326240301132]","[0, 5]",24.644231245,-0.2013052999973297,4.0,164.0,1747877421.9797578,6.0,,
165,"[0.6439323425292969, 0.2977801263332367, 0.029989875853061676]","[0.0038743019104003906, 0.9606971740722656, -0.5577659010887146, 0.36182355880737305]",False,"[0.6021323204040527, 0.10086242109537125, 0.029999999329447746]","[[0.6601631045341492, 0.2081488072872162, 0.15849024057388306, 0.08000000566244125, 0.6439323425292969, 0.2977801263332367, 0.029989875853061676, 3.3851836178655503e-07, 4.494876975513762e-06, -1.910236552271627e-11]]","[-0.08899620920419693, 0.24130871891975403, 0.044123709201812744, 0.07735171914100647, 0.21551093459129333, -0.05107135698199272]","[0, 5]",24.772365012,-0.2013052999973297,4.0,165.0,1747877422.1079276,7.0,,
166,"[0.6439323425292969, 0.2977801263332367, 0.029989875853061676]","[0.053450822830200195, 0.9600924253463745, -0.5960180163383484, 0.3496493101119995]",False,"[0.6021323204040527, 0.10086242109537125, 0.029999999329447746]","[[0.6551528573036194, 0.24762369692325592, 0.12399287521839142, 0.08000000566244125, 0.6439323425292969, 0.2977801263332367, 0.029989875853061676, 3.385100910691108e-07, 4.494884706218727e-06, -1.910240368663274e-11]]","[-0.052428074181079865, 0.16739484667778015, 0.05529683828353882, -0.11286110430955887, 0.13331258296966553, -0.06676983088254929]","[0, 5]",24.90183037,-0.2013052999973297,4.0,166.0,1747877422.2360415,8.0,,
167,"[0.6439323425292969, 0.2977801263332367, 0.029989955946803093]","[0.15917038917541504, 0.9440097808837891, -0.901660680770874, 0.23995137214660645]",False,"[0.6021323204040527, 0.10086242109537125, 0.029999999329447746]","[[0.6522206664085388, 0.2847122550010681, 0.08094639331102371, 0.08000001311302185, 0.6439323425292969, 0.2977801263332367, 0.029989955946803093, 2.6818217785384846e-13, 1.4713360769746942e-06, -2.0525968078000112e-11]]","[0.1555423140525818, 0.14011329412460327, -0.12619683146476746, -0.18746009469032288, -0.00749032199382782, -0.003565870225429535]","[0, 5]",25.032029282,-0.2013052999973297,4.0,167.0,1747877422.3655539,9.0,,
168,"[0.6439323425292969, 0.2977801263332367, 0.02998999133706093]","[0.4379088878631592, 0.4055945873260498, -0.9703593850135803, 0.05512571334838867]",False,"[0.6021323204040527, 0.10086242109537125, 0.029999999329447746]","[[0.6541787385940552, 0.29528921842575073, 0.027973758056759834, 0.07999998331069946, 0.6439323425292969, 0.2977801263332367, 0.02998999133706093, 4.073727710414768e-14, 2.7763130105995515e-07, -2.0525968078000112e-11]]","[0.37894219160079956, 0.08788853883743286, -0.21044591069221497, -0.1296250820159912, -0.12365272641181946, 0.15936467051506042]","[0, 5]",25.163690015,-0.2013052999973297,4.0,168.0,1747877422.4957504,10.0,,
169,"[0.6295276880264282, 0.2870791256427765, 0.033085647970438004]","[-0.6357017159461975, -0.9623869061470032, 0.5685596466064453, -0.8600532412528992]",False,"[0.6021323204040527, 0.10086242109537125, 0.029999999329447746]","[[0.6358558535575867, 0.27400702238082886, 0.0252743698656559, 0.0542122982442379, 0.6295276880264282, 0.2870791256427765, 0.033085647970438004, -0.0009590086410753429, -0.0030282866209745407, -0.006211177911609411]]","[0.5299311280250549, 0.33697065711021423, 0.064321368932724, -0.22154660522937775, -0.3365637958049774, 0.11458702385425568]","[0, 5]",25.294308312,-0.18824635446071625,4.0,169.0,1747877422.627377,11.0,,
170,"[0.6063371300697327, 0.2431868463754654, 0.04306301102042198]","[-0.5317305326461792, -0.9752342700958252, 0.8268067836761475, -0.9018497467041016]",False,"[0.6021323204040527, 0.10086242109537125, 0.029999999329447746]","[[0.6113383769989014, 0.23636981844902039, 0.03534785658121109, 0.05398426577448845, 0.6063371300697327, 0.2431868463754654, 0.04306301102042198, -0.006811431609094143, 0.02156827785074711, 0.012981572188436985]]","[0.6849564909934998, 0.2924560606479645, 0.11933927237987518, -0.40717408061027527, -0.26555442810058594, 0.05399826169013977]","[0, 5]",25.424780669,-0.14298449456691742,4.0,170.0,1747877422.7580085,12.0,,
171,"[0.5935961008071899, 0.19652000069618225, 0.05472264811396599]","[-0.26926684379577637, -0.9647640585899353, 0.590930700302124, -0.7565083503723145]",False,"[0.6021323204040527, 0.10086242109537125, 0.029999999329447746]","[[0.5978938341140747, 0.1987486183643341, 0.047110769897699356, 0.056327976286411285, 0.5935961008071899, 0.19652000069618225, 0.05472264811396599, -0.0008182330057024956, 0.003699512453749776, 0.009846637956798077]]","[0.7760826945304871, 0.24345526099205017, 0.29086458683013916, -0.41901251673698425, -0.20360496640205383, 0.1646374613046646]","[0, 5]",25.554923408,-0.0991687923669815,4.0,171.0,1747877422.8884654,13.0,,
172,"[0.5855032801628113, 0.15107287466526031, 0.05264061689376831]","[-0.44499051570892334, -0.9342474937438965, -0.041106462478637695, -0.26674115657806396]",False,"[0.6021323204040527, 0.10086242109537125, 0.029999999329447746]","[[0.5902232527732849, 0.16109010577201843, 0.046127840876579285, 0.05738934129476547, 0.5855032801628113, 0.15107287466526031, 0.05264061689376831, 0.006476270034909248, -0.024018093943595886, 0.000719425908755511]]","[0.8116016983985901, -0.031472817063331604, 0.24582041800022125, -0.5120681524276733, -0.21903792023658752, 0.27057087421417236]","[0, 5]",25.685218233,-0.05753445252776146,4.0,172.0,1747877423.0186007,14.0,,
173,"[0.6456499099731445, -0.20982611179351807, 0.029999999329447746]","[-0.2344856858253479, -0.8213440179824829, -0.2188267707824707, -0.2772965431213379]",True,"[0.507262647151947, 0.24567192792892456, 0.029999999329447746]","[[0.6384396553039551, -2.194472251484947e-12, 0.19740013778209686, 0, 0.6456499099731445, -0.20982611179351807, 0.029999999329447746, 0, 0, 0]]","[0.8453055024147034, -0.2427540123462677, 0.2857154309749603, -0.3355317711830139, -0.2303190380334854, 0.3030555844306946]","[0, 5]",25.925290559,-0.028119269758462906,4.0,173.0,1747877423.1489205,15.0,,
174,"[0.6919296979904175, -0.032194849103689194, 0.029989998787641525]","[-0.16632723808288574, 0.17108798027038574, -0.33859705924987793, 0.27131032943725586]",False,"[0.592361569404602, 0.0867694839835167, 0.029999999329447746]","[[0.6337791085243225, 0.007122065406292677, 0.18307340145111084, 0.023832809180021286, 0.6919296979904175, -0.032194849103689194, 0.029989998787641525, -1.4674657222712995e-07, 1.1813904166046996e-07, 9.284202773978192e-14]]","[0.16270475089550018, -0.24663740396499634, 0.36504799127578735, 0.3059827983379364, 0.014171764254570007, -0.11666512489318848]","[0, 5]",26.053966783,-0.1551332324743271,5.0,174.0,1747877423.3889356,0.0,,
175,"[0.6919296979904175, -0.032194849103689194, 0.029989998787641525]","[0.3460594415664673, -0.794585645198822, -0.9378684163093567, 0.7774031162261963]",False,"[0.592361569404602, 0.0867694839835167, 0.029999999329447746]","[[0.6491855382919312, -0.012846146710216999, 0.1573781669139862, 0.07317125052213669, 0.6919296979904175, -0.032194849103689194, 0.029989998787641525, -1.499974899843437e-07, 1.181441788844495e-07, 9.245794912017893e-14]]","[0.27981579303741455, -0.1276136040687561, 0.2671228349208832, 0.33515751361846924, 0.30080294609069824, 0.07006292045116425]","[0, 5]",26.18889674,-0.1551332324743271,5.0,175.0,1747877423.5176668,1.0,,
176,"[0.6919296979904175, -0.032194849103689194, 0.029989996924996376]","[0.827784538269043, -0.3740529417991638, -0.9779876470565796, 0.3919926881790161]",False,"[0.592361569404602, 0.0867694839835167, 0.029999999329447746]","[[0.6663467884063721, -0.030264178290963173, 0.10427402704954147, 0.07916974276304245, 0.6919296979904175, -0.032194849103689194, 0.029989996924996376, -9.712272230899544e-08, 1.1499686536353693e-08, 9.545658127873072e-14]]","[0.23933686316013336, -0.06904791295528412, 0.21993911266326904, 0.3432137072086334, 0.24896356463432312, -0.02824024111032486]","[0, 5]",26.316961044,-0.1551332324743271,5.0,176.0,1747877423.6525986,2.0,,
177,"[0.6919296979904175, -0.032194849103689194, 0.029989998787641525]","[0.7955483198165894, 0.13097214698791504, -0.9840265512466431, 0.10353803634643555]",False,"[0.592361569404602, 0.0867694839835167, 0.029999999329447746]","[[0.6816954016685486, -0.024374816566705704, 0.04758353531360626, 0.07989916950464249, 0.6919296979904175, -0.032194849103689194, 0.029989998787641525, -1.778393077245255e-08, 2.4497340564237895e-15, 9.558285017424381e-14]]","[0.10957002639770508, -0.05789858102798462, 0.1501615047454834, 0.39066416025161743, 0.2240811288356781, 0.028378091752529144]","[0, 5]",26.44528078,-0.1551332324743271,5.0,177.0,1747877423.7804837,3.0,,
178,"[0.6947874426841736, -0.018649425357580185, 0.03019319660961628]","[0.21704614162445068, 0.9423058032989502, -0.2954733371734619, -0.4054076671600342]",False,"[0.592361569404602, 0.0867694839835167, 0.029999999329447746]","[[0.6837221384048462, -0.015859823673963547, 0.022588234394788742, 0.057073939591646194, 0.6947874426841736, -0.018649425357580185, 0.03019319660961628, 0.005292105488479137, 0.00036608584923669696, -0.04167378693819046]]","[-0.2766358554363251, -0.01871579885482788, 0.11746525764465332, 0.41392695903778076, -0.0038058236241340637, -0.16926565766334534]","[0, 5]",26.575530392,-0.146983802318573,5.0,178.0,1747877423.9090216,4.0,,
179,"[0.6751130819320679, 0.00697309011593461, 0.035696208477020264]","[-0.8089059591293335, 0.9367806911468506, 0.8244824409484863, -0.7559412717819214]",False,"[0.592361569404602, 0.0867694839835167, 0.029999999329447746]","[[0.6570948958396912, 0.020095644518733025, 0.030187252908945084, 0.05337951332330704, 0.6751130819320679, 0.00697309011593461, 0.035696208477020264, -0.017522940412163734, 0.1324368566274643, -0.07448448240756989]]","[-0.47149473428726196, 0.026615649461746216, 0.1860867142677307, 0.27771690487861633, -0.2483324259519577, -0.29318946599960327]","[0, 5]",26.705834318,-0.1150987446308136,5.0,179.0,1747877424.0392416,5.0,,
180,"[0.651760458946228, 0.04627981036901474, 0.043690506368875504]","[-0.8018406629562378, 0.7856690883636475, 0.3582814931869507, -0.5050997138023376]",False,"[0.592361569404602, 0.0867694839835167, 0.029999999329447746]","[[0.6314513087272644, 0.054469186812639236, 0.04039064049720764, 0.05451718717813492, 0.651760458946228, 0.04627981036901474, 0.043690506368875504, -0.001335980137810111, 0.1867455393075943, 0.0009712532046250999]]","[-0.44976431131362915, -0.027020782232284546, 0.12987011671066284, 0.06296932697296143, -0.15803450345993042, -0.15644584596157074]","[0, 5]",26.841632054,-0.07317833602428436,5.0,180.0,1747877424.169558,6.0,,
181,"[0.612310528755188, -0.1630004495382309, 0.029999999329447746]","[-0.8521420359611511, 0.6957736015319824, 0.17160022258758545, -0.34294360876083374]",True,"[0.49847349524497986, 0.12975917756557465, 0.029999999329447746]","[[0.6384396553039551, -2.194472251484947e-12, 0.19740013778209686, 0, 0.612310528755188, -0.1630004495382309, 0.029999999329447746, 0, 0, 0]]","[-0.1274196207523346, 0.03007817268371582, 0.13490255177021027, -0.266107439994812, -0.11905912309885025, -0.0180661603808403]","[0, 5]",27.063568775,-0.039169203490018845,5.0,181.0,1747877424.3053248,7.0,,
182,"[0.45680540800094604, 0.20823931694030762, 0.029989998787641525]","[-0.1595781445503235, -0.5560975074768066, -0.05877482891082764, 0.564354419708252]",False,"[0.4011659324169159, -0.2637225091457367, 0.029999999329447746]","[[0.6335345506668091, -0.019566982984542847, 0.1950800120830536, 0.049573864787817, 0.45680540800094604, 0.20823931694030762, 0.029989998787641525, -1.4674657222712995e-07, 1.1813904166046996e-07, 9.284202773978192e-14]]","[0.2869425117969513, -0.044431835412979126, 0.40299516916275024, 0.0448857843875885, 0.15456607937812805, -0.14116612076759338]","[0, 5]",27.191338229,-0.4752301573753357,6.0,182.0,1747877424.527236,0.0,,
183,"[0.45680540800094604, 0.20823931694030762, 0.029989998787641525]","[-0.9472634196281433, 0.9767991304397583, 0.15968084335327148, 0.8532910346984863]",False,"[0.4011659324169159, -0.2637225091457367, 0.029999999329447746]","[[0.5974096655845642, -0.011452946811914444, 0.19010579586029053, 0.07630091160535812, 0.45680540800094604, 0.20823931694030762, 0.029989998787641525, -1.499974899843437e-07, 1.181441788844495e-07, 9.245794912017893e-14]]","[0.19045352935791016, -0.15624023973941803, 0.2745490074157715, 0.12127447128295898, 0.004500269889831543, -0.31658804416656494]","[0, 5]",27.321857333,-0.4752301573753357,6.0,183.0,1747877424.6550307,1.0,,
184,"[0.45680540800094604, 0.20823931694030762, 0.029989998787641525]","[-0.9763344526290894, 0.9860992431640625, -0.4581524133682251, 0.8521673679351807]",False,"[0.4011659324169159, -0.2637225091457367, 0.029999999329447746]","[[0.5694611668586731, 0.03422103077173233, 0.1784244030714035, 0.0795503631234169, 0.45680540800094604, 0.20823931694030762, 0.029989998787641525, -1.5061067415444995e-07, 1.181441788844495e-07, 9.238550408626617e-14]]","[-0.15418580174446106, -0.2369350790977478, 0.26298052072525024, 0.3185604214668274, 0.04310786724090576, -0.08406645059585571]","[0, 5]",27.449017271,-0.4752301573753357,6.0,184.0,1747877424.7855349,2.0,,
185,"[0.45680540800094604, 0.20823931694030762, 0.029989998787641525]","[-0.8751961588859558, 0.991054892539978, -0.6345093846321106, 0.828458309173584]",False,"[0.4011659324169159, -0.2637225091457367, 0.029999999329447746]","[[0.5357992053031921, 0.07749136537313461, 0.15051023662090302, 0.0799454003572464, 0.45680540800094604, 0.20823931694030762, 0.029989998787641525, -1.5072637893354113e-07, 1.181441788844495e-07, 9.237183636262927e-14]]","[-0.23608136177062988, -0.06926541030406952, 0.20667582750320435, 0.4509071707725525, 0.07563573122024536, -0.10042275488376617]","[0, 5]",27.575291464,-0.4752301573753357,6.0,185.0,1747877424.9127111,3.0,,
186,"[0.45680540800094604, 0.20823931694030762, 0.029989998787641525]","[-0.8279070258140564, 0.9900268316268921, -0.5999606251716614, 0.7149710655212402]",False,"[0.4011659324169159, -0.2637225091457367, 0.029999999329447746]","[[0.504706621170044, 0.12075556069612503, 0.12550580501556396, 0.0799933671951294, 0.45680540800094604, 0.20823931694030762, 0.029989998787641525, -1.5074820680638368e-07, 1.181441788844495e-07, 9.236926138246962e-14]]","[-0.15586429834365845, 0.009545087814331055, 0.10622066259384155, 0.3742426633834839, 0.15649297833442688, -0.13025827705860138]","[0, 5]",27.701821222,-0.4752301573753357,6.0,186.0,1747877425.0390165,4.0,,
187,"[0.45680540800094604, 0.20823931694030762, 0.029989998787641525]","[-0.6571334600448608, 0.9878554344177246, -0.570595920085907, 0.44420337677001953]",False,"[0.4011659324169159, -0.2637225091457367, 0.029999999329447746]","[[0.4774668216705322, 0.16300246119499207, 0.10115408897399902, 0.07999923080205917, 0.45680540800094604, 0.20823931694030762, 0.029989998787641525, -5.726037954900676e-08, 1.0895181978831658e-10, 9.556298216943301e-14]]","[-0.22805914282798767, 0.06537708640098572, 0.005483418703079224, 0.32442426681518555, 0.11449287831783295, -0.03390982747077942]","[0, 5]",27.828412144,-0.4752301573753357,6.0,187.0,1747877425.1655335,5.0,,
188,"[0.45680540800094604, 0.20823931694030762, 0.029989998787641525]","[-0.4178299307823181, 0.9492690563201904, -0.9492494463920593, 0.04221534729003906]",False,"[0.4011659324169159, -0.2637225091457367, 0.029999999329447746]","[[0.4609818756580353, 0.2020951360464096, 0.06741350144147873, 0.0799998939037323, 0.45680540800094604, 0.20823931694030762, 0.029989998787641525, -1.0799856120513596e-08, 3.346838668140758e-16, 9.556352427051926e-14]]","[-0.1837393045425415, 0.10659432411193848, -0.0456356406211853, 0.2601619362831116, 0.13677561283111572, 0.1604347825050354]","[0, 5]",27.955701246,-0.4752301573753357,6.0,188.0,1747877425.2921112,6.0,,
189,"[0.4563819169998169, 0.19860801100730896, 0.029989035800099373]","[-0.04413020610809326, -0.7532156109809875, -0.95018470287323, -0.22127008438110352]",False,"[0.4011659324169159, -0.2637225091457367, 0.029999999329447746]","[[0.44478514790534973, 0.1970311999320984, 0.022558603435754776, 0.060912124812603, 0.4563819169998169, 0.19860801100730896, 0.029989035800099373, -0.0030263259541243315, 0.0029924658592790365, 0.1530895233154297]]","[0.22487327456474304, 0.5806235074996948, -0.05018198490142822, 0.11532700061798096, 0.265484482049942, 0.34772926568984985]","[0, 5]",28.083274342,-0.46561604738235474,6.0,189.0,1747877425.4194279,7.0,,
190,"[0.44257670640945435, 0.17092487215995789, 0.035874832421541214]","[-0.6021925806999207, -0.9910673499107361, 0.553993821144104, -0.9748691320419312]",False,"[0.4011659324169159, -0.2637225091457367, 0.029999999329447746]","[[0.42615780234336853, 0.1599656343460083, 0.03202970698475838, 0.05534588173031807, 0.44257670640945435, 0.17092487215995789, 0.035874832421541214, -0.0015069044893607497, 0.20550751686096191, 0.025363333523273468]]","[0.4307667911052704, 0.7114177942276001, 0.1702854335308075, -0.00035531818866729736, -0.015465036034584045, 0.27765434980392456]","[0, 5]",28.21065361,-0.4366551339626312,6.0,190.0,1747877425.5469942,8.0,,
191,"[0.4308208227157593, 0.13188838958740234, 0.03852887824177742]","[-0.22882676124572754, -0.9723005294799805, 0.207955002784729, -0.8635610938072205]",False,"[0.4011659324169159, -0.2637225091457367, 0.029999999329447746]","[[0.4129919409751892, 0.12407170236110687, 0.03680850937962532, 0.0569957010447979, 0.4308208227157593, 0.13188838958740234, 0.03852887824177742, -0.0028576538898050785, 0.2540673613548279, 0.024481110274791718]]","[0.6159293055534363, 0.6653233766555786, 0.13664619624614716, -0.18658819794654846, -0.053485333919525146, 0.4216609597206116]","[0, 5]",28.338043257,-0.39681246876716614,6.0,191.0,1747877425.6743376,9.0,,
192,"[0.42908385396003723, 0.08770875632762909, 0.03536458685994148]","[-0.044518470764160156, -0.9453705549240112, -0.07390928268432617, -0.7529579997062683]",False,"[0.4011659324169159, -0.2637225091457367, 0.029999999329447746]","[[0.41155922412872314, 0.08768220245838165, 0.03262053057551384, 0.058048807084560394, 0.42908385396003723, 0.08770875632762909, 0.03536458685994148, -0.010747846215963364, 0.19266240298748016, 0.006382972467690706]]","[0.821768581867218, 0.5898008346557617, 0.05307450890541077, -0.3594391942024231, -0.17425280809402466, 0.3771980404853821]","[0, 5]",28.465404742,-0.3525792360305786,6.0,192.0,1747877425.8017647,10.0,,
193,"[0.4270564317703247, 0.043811164796352386, 0.035876404494047165]","[-0.04768890142440796, -0.9678109288215637, 0.07578170299530029, -0.7280805110931396]",False,"[0.4011659324169159, -0.2637225091457367, 0.029999999329447746]","[[0.40922632813453674, 0.052189700305461884, 0.03321830555796623, 0.05779638886451721, 0.4270564317703247, 0.043811164796352386, 0.035876404494047165, -0.011539666913449764, 0.20361730456352234, 0.0037411812227219343]]","[0.7936983704566956, 0.4696933925151825, 0.12713336944580078, -0.370584100484848, -0.2363157868385315, 0.22859467566013336]","[0, 5]",28.592852179,-0.3086775243282318,6.0,193.0,1747877425.9291322,11.0,,
194,"[0.41278529167175293, 0.002294450532644987, 0.033208344131708145]","[-0.4429192543029785, -0.9569828510284424, -0.10336720943450928, -0.5447274446487427]",False,"[0.4011659324169159, -0.2637225091457367, 0.029999999329447746]","[[0.39589017629623413, 0.015129459090530872, 0.028866993263363838, 0.05678897723555565, 0.41278529167175293, 0.002294450532644987, 0.033208344131708145, 1.1601772712310776e-05, 0.1140429675579071, 0.006075057666748762]]","[0.8075228333473206, 0.36684146523475647, 0.10317088663578033, -0.4067401885986328, -0.08688748627901077, 0.25496619939804077]","[0, 5]",28.72027402,-0.26628991961479187,6.0,194.0,1747877426.056582,12.0,,
195,"[0.40387406945228577, -0.029327109456062317, 0.033058296889066696]","[-0.17742115259170532, -0.9752441644668579, 0.08187556266784668, -0.4900732636451721]",False,"[0.4011659324169159, -0.2637225091457367, 0.029999999329447746]","[[0.38656362891197205, -0.021660443395376205, 0.02823529578745365, 0.05724797397851944, 0.40387406945228577, -0.029327109456062317, 0.033058296889066696, -0.00265876785852015, 0.09548252820968628, 0.00308502116240561]]","[0.8431175947189331, 0.0925997793674469, 0.2741626501083374, -0.42168527841567993, -0.18504297733306885, 0.3444494605064392]","[0, 5]",28.8476303,-0.23443098366260529,6.0,195.0,1747877426.1840153,13.0,,
196,"[0.4050426781177521, -0.060759223997592926, 0.0319596603512764]","[0.042696595191955566, -0.9764345288276672, 0.015736103057861328, -0.42939722537994385]",False,"[0.4011659324169159, -0.2637225091457367, 0.029999999329447746]","[[0.38783255219459534, -0.05532345175743103, 0.02653413638472557, 0.057750020176172256, 0.4050426781177521, -0.060759223997592926, 0.0319596603512764, -0.004545767791569233, 0.06357865780591965, 0.014733650721609592]]","[0.7293114066123962, 0.020326346158981323, 0.3555268943309784, -0.42948204278945923, -0.17525555193424225, 0.24191252887248993]","[0, 5]",28.975370029,-0.20300975441932678,6.0,196.0,1747877426.3113594,14.0,,
197,"[0.39320579171180725, -0.09235769510269165, 0.029974814504384995]","[-0.29425591230392456, -0.9662830829620361, -0.08149921894073486, -0.34397363662719727]",False,"[0.4011659324169159, -0.2637225091457367, 0.029999999329447746]","[[0.3770126402378082, -0.09058801829814911, 0.02207910269498825, 0.057318348437547684, 0.39320579171180725, -0.09235769510269165, 0.029974814504384995, -0.0010748141212388873, -0.001558626419864595, -0.0044300551526248455]]","[1.0394443273544312, -0.3815486431121826, 0.14936083555221558, -0.7079319953918457, -0.12224744260311127, 0.411254346370697]","[0, 5]",29.102923764,-0.17154958844184875,6.0,197.0,1747877426.4390552,15.0,,
198,"[0.392748087644577, -0.12141117453575134, 0.03374303877353668]","[0.019149065017700195, -0.9494155049324036, 0.20854485034942627, -0.5798403024673462]",False,"[0.4011659324169159, -0.2637225091457367, 0.029999999329447746]","[[0.3761344850063324, -0.12488865107297897, 0.02637522481381893, 0.05612005665898323, 0.392748087644577, -0.12141117453575134, 0.03374303877353668, -0.01041617151349783, 0.017086707055568695, 0.006355650722980499]]","[1.3363622426986694, -0.6056993007659912, 0.0996006578207016, -0.5505306720733643, -0.09044003486633301, 0.30182284116744995]","[0, 5]",29.230962084,-0.14260920882225037,6.0,198.0,1747877426.5666227,16.0,,
199,"[0.3889659345149994, -0.1504194289445877, 0.036274708807468414]","[-0.1298198699951172, -0.9701439738273621, 0.15343153476715088, -0.44754987955093384]",False,"[0.4011659324169159, -0.2637225091457367, 0.029999999329447746]","[[0.37231528759002686, -0.15811379253864288, 0.029476476833224297, 0.05745140463113785, 0.3889659345149994, -0.1504194289445877, 0.036274708807468414, -0.0071289981715381145, 0.04341568797826767, 0.019997255876660347]]","[1.6291488409042358, -1.2206568717956543, -0.14114660024642944, -0.7574314475059509, -0.04557737708091736, 0.13856999576091766]","[0, 5]",29.359174237,-0.11413062363862991,6.0,199.0,1747877426.694661,17.0,,
200,"[0.3682907521724701, -0.18232369422912598, 0.03149492293596268]","[-0.5859712362289429, -0.9828557372093201, -0.04890185594558716, -0.6466197967529297]",False,"[0.4011659324169159, -0.2637225091457367, 0.029999999329447746]","[[0.3520679473876953, -0.19152206182479858, 0.02525700069963932, 0.05757756158709526, 0.3682907521724701, -0.18232369422912598, 0.03149492293596268, -0.008909240365028381, 0.04958115890622139, 0.01688455604016781]]","[1.6663211584091187, -1.4455701112747192, -0.05365970730781555, -0.5165259838104248, 0.30505549907684326, 0.22891448438167572]","[0, 5]",29.487055347,-0.08779965341091156,6.0,200.0,1747877426.8228834,18.0,,
201,"[0.35769951343536377, -0.22163330018520355, 0.03408685326576233]","[-0.2080119252204895, -0.9624548554420471, 0.22022724151611328, -0.6874321699142456]",False,"[0.4011659324169159, -0.2637225091457367, 0.029999999329447746]","[[0.34026920795440674, -0.2258683145046234, 0.027461452409625053, 0.058147937059402466, 0.35769951343536377, -0.22163330018520355, 0.03408685326576233, -0.00404167827218771, 0.057745855301618576, 0.0031864524353295565]]","[1.5663646459579468, -1.3521018028259277, -0.4285060465335846, -0.13644826412200928, 0.41484296321868896, 0.17280147969722748]","[0, 5]",29.617447408,-0.06064267456531525,6.0,201.0,1747877426.9507551,19.0,,
202,"[0.5526719689369202, 0.025718972086906433, 0.029999999329447746]","[0.2931365966796875, -0.9539844989776611, 0.003221869468688965, -0.4243890047073364]",True,"[0.41756290197372437, 0.10133839398622513, 0.029999999329447746]","[[0.6384396553039551, -2.194472251484947e-12, 0.19740013778209686, 0, 0.5526719689369202, 0.025718972086906433, 0.029999999329447746, 0, 0, 0]]","[1.6831626892089844, -1.5848790407180786, -0.1429154872894287, -0.3961403965950012, 0.670861542224884, -0.01794007420539856]","[0, 5]",29.865065201,-0.03489985316991806,6.0,202.0,1747877427.0811384,20.0,,
203,"[0.549839198589325, 0.16101376712322235, 0.029989872127771378]","[-0.6116480827331543, 0.9283760786056519, -0.7870240211486816, 0.7238081693649292]",False,"[0.522472620010376, -0.06140756979584694, 0.029999999329447746]","[[0.6249764561653137, 0.02399126999080181, 0.16829685866832733, 0.06358101963996887, 0.549839198589325, 0.16101376712322235, 0.029989872127771378, 1.5367468222393654e-06, 3.4093625345121836e-06, -1.4366828039735768e-11]]","[0.08276581019163132, -0.47471532225608826, 0.08416479825973511, 0.13432496786117554, -0.00619690865278244, -0.12434063106775284]","[0, 5]",29.993778974,-0.2240985929965973,7.0,203.0,1747877427.3287385,0.0,,
204,"[0.549839198589325, 0.16101376712322235, 0.029989873990416527]","[-0.7668845653533936, 0.9638140201568604, -0.44971752166748047, 0.7558872699737549]",False,"[0.522472620010376, -0.06140756979584694, 0.029999999329447746]","[[0.5943767428398132, 0.07291209697723389, 0.1409609168767929, 0.07800383865833282, 0.549839198589325, 0.16101376712322235, 0.029989873990416527, 5.646077738674649e-07, 4.290050128474832e-06, -1.8109276231359495e-11]]","[-0.008595936000347137, -0.3544401526451111, 0.16412347555160522, 0.2683480978012085, -0.04728478565812111, -0.043900877237319946]","[0, 5]",30.121429523,-0.2240985929965973,7.0,204.0,1747877427.4574978,1.0,,
205,"[0.549839198589325, 0.16101376712322235, 0.029989875853061676]","[-0.438610315322876, 0.9676554203033447, -0.5462327599525452, 0.5781593322753906]",False,"[0.522472620010376, -0.06140756979584694, 0.029999999329447746]","[[0.5784024596214294, 0.11540573835372925, 0.11684020608663559, 0.07975731790065765, 0.549839198589325, 0.16101376712322235, 0.029989875853061676, 3.811716453583358e-07, 4.456233909877483e-06, -1.89114678778024e-11]]","[-0.15923747420310974, -0.21704329550266266, 0.20951536297798157, 0.40092039108276367, 0.0195532888174057, 0.027300648391246796]","[0, 5]",30.248514147,-0.2240985929965973,7.0,205.0,1747877427.585169,2.0,,
206,"[0.549839198589325, 0.16101376712322235, 0.02998996339738369]","[0.026299238204956055, 0.8696064949035645, -0.9436951279640198, 0.36089861392974854]",False,"[0.522472620010376, -0.06140756979584694, 0.029999999329447746]","[[0.5776865482330322, 0.15341371297836304, 0.080238938331604, 0.07997050881385803, 0.549839198589325, 0.16101376712322235, 0.02998996339738369, 8.050236033341207e-09, 1.2380461384964292e-06, -2.0447763274256125e-11]]","[0.01464950293302536, -0.18410135805606842, 0.04643401503562927, 0.44847071170806885, 0.15882578492164612, 0.10455459356307983]","[0, 5]",30.379516509,-0.2240985929965973,7.0,206.0,1747877427.7123134,3.0,,
207,"[0.5497625470161438, 0.16025257110595703, 0.02998938038945198]","[-0.40199989080429077, -0.03198885917663574, -0.9361635446548462, -0.014494061470031738]",False,"[0.522472620010376, -0.06140756979584694, 0.029999999329447746]","[[0.556898295879364, 0.15178440511226654, 0.027855664491653442, 0.07874783128499985, 0.5497625470161438, 0.16025257110595703, 0.02998938038945198, -1.917647932714317e-05, 2.6557640921964776e-06, 0.0012305821292102337]]","[0.07494243234395981, 0.12542834877967834, 0.037861526012420654, 0.4338350296020508, 0.2958037853240967, 0.12821510434150696]","[0, 5]",30.51163404,-0.22333374619483948,7.0,207.0,1747877427.8431432,4.0,,
208,"[0.5413907170295715, 0.14414015412330627, 0.03451066091656685]","[0.03717446327209473, -0.9636277556419373, 0.7637505531311035, -0.7156139612197876]",False,"[0.522472620010376, -0.06140756979584694, 0.029999999329447746]","[[0.5405168533325195, 0.13155844807624817, 0.02655947394669056, 0.053577765822410583, 0.5413907170295715, 0.14414015412330627, 0.03451066091656685, -0.005027122795581818, 0.03478582575917244, 0.05142012983560562]]","[0.12802952527999878, 0.7572883367538452, 0.17238058149814606, 0.3285009562969208, 0.12528833746910095, 0.0003619864583015442]","[0, 5]",30.640578143,-0.20646575093269348,7.0,208.0,1747877427.9753485,5.0,,
209,"[0.5319539904594421, 0.10103072226047516, 0.047186389565467834]","[-0.20257031917572021, -0.9691953659057617, 0.48722338676452637, -0.7829668521881104]",False,"[0.522472620010376, -0.06140756979584694, 0.029999999329447746]","[[0.5314093232154846, 0.09474916756153107, 0.038969386368989944, 0.05513047054409981, 0.5319539904594421, 0.10103072226047516, 0.047186389565467834, -0.0028804168105125427, -0.011699254624545574, 0.021927405148744583]]","[0.17761671543121338, 0.7295966148376465, 0.19849659502506256, 0.1790899932384491, 0.03796878457069397, 0.24697090685367584]","[0, 5]",30.76891772,-0.16361989080905914,7.0,209.0,1747877428.1042757,6.0,,
210,"[0.5407782793045044, 0.0533033087849617, 0.04986473172903061]","[0.2522619962692261, -0.9735393524169922, 0.08058619499206543, -0.6409573554992676]",False,"[0.522472620010376, -0.06140756979584694, 0.029999999329447746]","[[0.541682779788971, 0.05717861279845238, 0.042370498180389404, 0.05582268536090851, 0.5407782793045044, 0.0533033087849617, 0.04986473172903061, -0.0004945372929796576, -0.05145306512713432, 0.019573407247662544]]","[0.30105331540107727, 0.5768512487411499, 0.11788660287857056, -0.023626625537872314, 0.02294265478849411, 0.36612045764923096]","[0, 5]",30.897153896,-0.11784859746694565,7.0,210.0,1747877428.2326279,7.0,,
212,"[0.6679659485816956, 0.04089057072997093, 0.029999999329447746]","[-0.43979716300964355, -0.9284509420394897, -0.3870009779930115, -0.33637332916259766]",True,"[0.6358945965766907, 0.29994362592697144, 0.029999999329447746]","[[0.6384396553039551, -2.194472251484947e-12, 0.19740013778209686, 0, 0.6679659485816956, 0.04089057072997093, 0.029999999329447746, 0, 0, 0]]","[0.458359032869339, 0.3363454043865204, 0.1037064790725708, -0.2663883566856384, -0.09813916683197021, 0.17649497091770172]","[0, 5]",31.250827725,-0.023458419367671013,7.0,212.0,1747877428.4923062,9.0,,
213,"[0.41439536213874817, 0.2563435733318329, 0.029989976435899734]","[0.05926239490509033, -0.732337474822998, 0.4647892713546753, 0.8242107629776001]",False,"[0.45616859197616577, -0.15050965547561646, 0.029999999329447746]","[[0.6383247971534729, -0.022685587406158447, 0.20942845940589905, 0.07027383148670197, 0.41439536213874817, 0.2563435733318329, 0.029989976435899734, -5.076583988739003e-07, -4.23762486434498e-07, 6.406125087864145e-13]]","[0.2913919687271118, 0.07599735260009766, 0.4886077046394348, 0.04988068342208862, 0.1930147111415863, -0.2606532871723175]","[0, 5]",31.373483871,-0.40899211168289185,8.0,213.0,1747877428.7145512,0.0,,
214,"[0.41439536213874817, 0.2563435733318329, 0.029989995062351227]","[-0.8518128395080566, 0.9699218273162842, 0.6767925024032593, 0.7323753833770752]",False,"[0.45616859197616577, -0.15050965547561646, 0.029999999329447746]","[[0.6075237989425659, -0.028342805802822113, 0.22664067149162292, 0.07881754636764526, 0.41439536213874817, 0.2563435733318329, 0.029989995062351227, 1.1700480229137611e-07, -2.8076473768123833e-07, 3.7574769142477427e-13]]","[0.18569415807724, -0.061159729957580566, 0.33707931637763977, 0.16110259294509888, 0.006170928478240967, -0.3827891945838928]","[0, 5]",31.496011089,-0.40899211168289185,8.0,214.0,1747877428.8371973,1.0,,
215,"[0.41439536213874817, 0.2563435733318329, 0.029989998787641525]","[-0.7639998197555542, 0.9809367656707764, -0.028184175491333008, 0.7648097276687622]",False,"[0.45616859197616577, -0.15050965547561646, 0.029999999329447746]","[[0.5873300433158875, 0.010995491407811642, 0.2388022243976593, 0.07985624670982361, 0.41439536213874817, 0.2563435733318329, 0.029989998787641525, 1.444860942001469e-07, -1.4923369917596574e-07, 3.6979073232343285e-13]]","[-0.1509762704372406, -0.12385773658752441, 0.3215761184692383, 0.31577882170677185, 0.05382189154624939, -0.1468908190727234]","[0, 5]",31.618424329,-0.40899211168289185,8.0,215.0,1747877428.9597266,2.0,,
216,"[0.41439536213874817, 0.2563435733318329, 0.029989998787641525]","[-0.7783629298210144, 0.9887678623199463, -0.5738154649734497, 0.798316240310669]",False,"[0.45616859197616577, -0.15050965547561646, 0.029999999329447746]","[[0.5601454973220825, 0.05618828162550926, 0.21597261726856232, 0.07998261600732803, 0.41439536213874817, 0.2563435733318329, 0.029989998787641525, 1.4957069538468204e-07, -1.240105689248594e-07, 3.690960839915214e-13]]","[-0.15892943739891052, 0.0017080605030059814, 0.24600037932395935, 0.4360824227333069, 0.10268302261829376, -0.09977972507476807]","[0, 5]",31.740665884,-0.40899211168289185,8.0,216.0,1747877429.0821712,3.0,,
217,"[0.41439536213874817, 0.2563435733318329, 0.029989998787641525]","[-0.8450483083724976, 0.9867150783538818, -0.7301141023635864, 0.7690980434417725]",False,"[0.45616859197616577, -0.15050965547561646, 0.029999999329447746]","[[0.530614972114563, 0.09930712729692459, 0.1867450773715973, 0.07999788224697113, 0.41439536213874817, 0.2563435733318329, 0.029989998787641525, 1.505301412407789e-07, -1.192511263070628e-07, 3.689793696276533e-13]]","[-0.056086234748363495, 0.044062405824661255, 0.1492934376001358, 0.3601590394973755, 0.17950928211212158, -0.12585975229740143]","[0, 5]",31.863011221,-0.40899211168289185,8.0,217.0,1747877429.2044213,4.0,,
218,"[0.41439536213874817, 0.2563435733318329, 0.029989998787641525]","[-0.8302342295646667, 0.9864153861999512, -0.5763751268386841, 0.6621211767196655]",False,"[0.45616859197616577, -0.15050965547561646, 0.029999999329447746]","[[0.49778062105178833, 0.1430208683013916, 0.16250431537628174, 0.07999972254037857, 0.41439536213874817, 0.2563435733318329, 0.029989998787641525, 1.5071117331899586e-07, -1.1835305002705354e-07, 3.689578753195838e-13]]","[-0.1756199300289154, 0.05407688021659851, 0.04891607165336609, 0.26078325510025024, 0.1698637306690216, -0.07997758686542511]","[0, 5]",31.984076302,-0.40899211168289185,8.0,218.0,1747877429.3266895,5.0,,
219,"[0.41439536213874817, 0.2563435733318329, 0.029989998787641525]","[-0.792851448059082, 0.9871292114257812, -0.679254412651062, 0.28633570671081543]",False,"[0.45616859197616577, -0.15050965547561646, 0.029999999329447746]","[[0.46688973903656006, 0.1861361563205719, 0.1357627660036087, 0.07999994605779648, 0.41439536213874817, 0.2563435733318329, 0.029989998787641525, 1.507453362137312e-07, -1.1818359269000211e-07, 3.689538366664913e-13]]","[-0.16975462436676025, 0.19404855370521545, 0.06108441948890686, 0.19597181677818298, 0.1558857262134552, 0.018291756510734558]","[0, 5]",32.107617578,-0.40899211168289185,8.0,219.0,1747877429.4478104,6.0,,
220,"[0.41439536213874817, 0.2563435733318329, 0.029989996924996376]","[-0.5668339133262634, 0.9824659824371338, -0.7255430221557617, 0.15845978260040283]",False,"[0.45616859197616577, -0.15050965547561646, 0.029999999329447746]","[[0.4405297040939331, 0.22634005546569824, 0.10490531474351883, 0.08000000566244125, 0.41439536213874817, 0.2563435733318329, 0.029989996924996376, 8.049887867400685e-08, -2.4407700305317803e-09, 3.7212813668204003e-13]]","[-0.20619133114814758, 0.2110077440738678, 0.06159284710884094, 0.0770811140537262, 0.06826069951057434, 0.02372809499502182]","[0, 5]",32.229845457,-0.40899211168289185,8.0,220.0,1747877429.5713432,7.0,,
221,"[0.41439536213874817, 0.2563435733318329, 0.029989998787641525]","[-0.4793239235877991, 0.7581522464752197, -0.9760986566543579, -0.02050495147705078]",False,"[0.45616859197616577, -0.15050965547561646, 0.029999999329447746]","[[0.41957995295524597, 0.2546122372150421, 0.06664792448282242, 0.0781988799571991, 0.41439536213874817, 0.2563435733318329, 0.029989998787641525, 1.5074816062110585e-08, -1.403554898173065e-12, 3.721488449435345e-13]]","[-0.1166953518986702, 0.26230505108833313, -0.005759060382843018, -0.13391251862049103, 0.004383504390716553, 0.023124441504478455]","[0, 5]",32.351928489,-0.40899211168289185,8.0,221.0,1747877429.6935508,8.0,,
222,"[0.4136123061180115, 0.2434171736240387, 0.029989570379257202]","[-0.1823464035987854, -0.6512404680252075, -0.9131167531013489, -0.25294989347457886]",False,"[0.45616859197616577, -0.15050965547561646, 0.029999999329447746]","[[0.4060896039009094, 0.24186885356903076, 0.03042631223797798, 0.058989930897951126, 0.4136123061180115, 0.2434171736240387, 0.029989570379257202, 0.0035386639647185802, -0.003530681598931551, 0.07567400485277176]]","[0.36630094051361084, 0.5761125087738037, -0.13846656680107117, -0.07042470574378967, -0.004517108201980591, 0.21254654228687286]","[0, 5]",32.473963653,-0.396218866109848,8.0,222.0,1747877429.8156316,9.0,,
223,"[0.42167794704437256, 0.2118743509054184, 0.03269117325544357]","[0.5331873893737793, -0.9826210737228394, 0.6614929437637329, -0.922752857208252]",False,"[0.45616859197616577, -0.15050965547561646, 0.029999999329447746]","[[0.4130285382270813, 0.20125387609004974, 0.0308615081012249, 0.0541689470410347, 0.42167794704437256, 0.2118743509054184, 0.03269117325544357, -0.008645156398415565, 0.008331507444381714, 0.013545231893658638]]","[0.7499377727508545, 0.6133205890655518, 0.044736236333847046, -0.02795320749282837, -0.18154479563236237, 0.3785715103149414]","[0, 5]",32.596320883,-0.3640316128730774,8.0,223.0,1747877429.9376714,10.0,,
224,"[0.4482851028442383, 0.1761653870344162, 0.04379074275493622]","[0.8751890659332275, -0.9801979064941406, 0.5532616376876831, -0.7926538586616516]",False,"[0.45616859197616577, -0.15050965547561646, 0.029999999329447746]","[[0.4388524293899536, 0.16596795618534088, 0.0416785404086113, 0.05627066269516945, 0.4482851028442383, 0.1761653870344162, 0.04379074275493622, -0.006588454358279705, 0.000549341319128871, 0.01838371902704239]]","[0.9559741616249084, 0.621781587600708, 0.07503530383110046, -0.18453365564346313, -0.1637149453163147, 0.4496140480041504]","[0, 5]",32.719406172,-0.3270610272884369,8.0,224.0,1747877430.0600386,11.0,,
225,"[0.48218172788619995, 0.1336950957775116, 0.056057751178741455]","[0.7990081310272217, -0.9769999384880066, 0.3169682025909424, -0.6001816391944885]",False,"[0.45616859197616577, -0.15050965547561646, 0.029999999329447746]","[[0.47297847270965576, 0.12669967114925385, 0.054088760167360306, 0.05705362185835838, 0.48218172788619995, 0.1336950957775116, 0.056057751178741455, 0.0009132648119702935, -0.019916564226150513, 0.0031140961218625307]]","[0.9134689569473267, 0.40686652064323425, 0.15739907324314117, -0.3736564517021179, -0.16751563549041748, 0.3616473078727722]","[0, 5]",32.84237221,-0.2865798771381378,8.0,225.0,1747877430.1831253,12.0,,
226,"[0.48930492997169495, 0.08644562214612961, 0.05053064972162247]","[-0.2154310941696167, -0.9757441282272339, -0.2869035601615906, -0.471688449382782]",False,"[0.45616859197616577, -0.15050965547561646, 0.029999999329447746]","[[0.481708824634552, 0.08462445437908173, 0.0492919385433197, 0.057863663882017136, 0.48930492997169495, 0.08644562214612961, 0.05053064972162247, 0.005035990383476019, -0.04456367716193199, -0.00743007380515337]]","[0.8905766606330872, 0.019179046154022217, 0.17114850878715515, -0.5603702068328857, -0.20666636526584625, 0.3970569372177124]","[0, 5]",32.964556574,-0.24014022946357727,8.0,226.0,1747877430.306081,13.0,,
227,"[0.47067075967788696, 0.03938676044344902, 0.04260459169745445]","[-0.35794031620025635, -0.9618784189224243, 0.04002118110656738, -0.6719477772712708]",False,"[0.45616859197616577, -0.15050965547561646, 0.029999999329447746]","[[0.4615948796272278, 0.044902246445417404, 0.04384186491370201, 0.05571017041802406, 0.47067075967788696, 0.03938676044344902, 0.04260459169745445, -0.015117217786610126, 0.14719940721988678, -0.00959837157279253]]","[0.8188015818595886, -0.08243650197982788, 0.34249234199523926, -0.5144122838973999, -0.24978791177272797, 0.2554628252983093]","[0, 5]",33.086965843,-0.19086602330207825,8.0,227.0,1747877430.4282696,14.0,,
228,"[0.4501376748085022, -0.006685120053589344, 0.03351747989654541]","[-0.6388421058654785, -0.9419249296188354, -0.21657943725585938, -0.4303719997406006]",False,"[0.45616859197616577, -0.15050965547561646, 0.029999999329447746]","[[0.4401467740535736, 0.008369711227715015, 0.0344700962305069, 0.05364597216248512, 0.4501376748085022, -0.006685120053589344, 0.03351747989654541, 0.0135341240093112, 0.11690036207437515, -0.003040654119104147]]","[1.0398160219192505, -0.07611083984375, 0.4866364896297455, -0.48756998777389526, -0.1392279416322708, 0.37391024827957153]","[0, 5]",33.209275088,-0.14399389922618866,8.0,228.0,1747877430.5507104,15.0,,
229,"[0.4331190288066864, -0.04235566034913063, 0.029928963631391525]","[-0.3978894352912903, -0.9422423839569092, -0.33372628688812256, -0.20859456062316895]",False,"[0.45616859197616577, -0.15050965547561646, 0.029999999329447746]","[[0.4248768091201782, -0.03294196352362633, 0.02162066288292408, 0.05218804255127907, 0.4331190288066864, -0.04235566034913063, 0.029928963631391525, -0.008261678740382195, -0.009295354597270489, -0.020771166309714317]]","[1.1695239543914795, -0.4782315790653229, 0.1372315138578415, -0.6355133652687073, 0.005698949098587036, 0.45673704147338867]","[0, 5]",33.332101758,-0.11058288812637329,8.0,229.0,1747877430.6729736,16.0,,
230,"[0.4427957832813263, -0.0781879648566246, 0.030099425464868546]","[0.19565582275390625, -0.9145333766937256, 0.008828282356262207, -0.4155510663986206]",False,"[0.45616859197616577, -0.15050965547561646, 0.029999999329447746]","[[0.4344063103199005, -0.06771340221166611, 0.021932698786258698, 0.0546085499227047, 0.4427957832813263, -0.0781879648566246, 0.030099425464868546, -0.004996960517019033, -0.0013451904524117708, 0.0038226572796702385]]","[1.3543792963027954, -0.9326208829879761, 0.007917940616607666, -0.7681744694709778, -0.11382034420967102, 0.03616709262132645]","[0, 5]",33.456031838,-0.07354773581027985,8.0,230.0,1747877430.7958279,17.0,,
231,"[0.40812626481056213, -0.272271990776062, 0.029999999329447746]","[0.05696249008178711, -0.8852717876434326, 0.12692832946777344, -0.5872370004653931]",True,"[0.5493101477622986, -0.025336740538477898, 0.029999999329447746]","[[0.6384396553039551, -2.194472251484947e-12, 0.19740013778209686, 0, 0.40812626481056213, -0.272271990776062, 0.029999999329447746, 0, 0, 0]]","[1.4551419019699097, -1.2085390090942383, -0.1905132234096527, -0.8565068244934082, -0.0082254558801651, 0.10578005015850067]","[0, 5]",33.697840581,-0.03902418538928032,8.0,231.0,1747877430.9197328,18.0,,
232,"[0.6855748295783997, -0.2170410305261612, 0.029989998787641525]","[0.3126204013824463, -0.6884692907333374, -0.4315842390060425, 0.29752230644226074]",False,"[0.6227982640266418, -0.0061270189471542835, 0.029999999329447746]","[[0.6491279006004333, -0.021600816398859024, 0.18110306560993195, 0.026135141029953957, 0.6855748295783997, -0.2170410305261612, 0.029989998787641525, -1.4674657222712995e-07, 1.1813904166046996e-07, 9.284202773978192e-14]]","[0.26866212487220764, -0.34529930353164673, 0.2314637005329132, 0.11715485155582428, 0.16661828756332397, 0.04216543585062027]","[0, 5]",33.821052458,-0.22005821764469147,9.0,232.0,1747877431.161522,0.0,,
233,"[0.6855748295783997, -0.2170410305261612, 0.029989998787641525]","[0.5332099199295044, -0.9776245355606079, 0.08380007743835449, 0.5213394165039062]",False,"[0.6227982640266418, -0.0061270189471542835, 0.029999999329447746]","[[0.658620297908783, -0.06201917305588722, 0.16600361466407776, 0.07193078100681305, 0.6855748295783997, -0.2170410305261612, 0.029989998787641525, -1.499974899843437e-07, 1.181441788844495e-07, 9.245794912017893e-14]]","[0.2010650932788849, -0.20357947051525116, 0.2812967300415039, 0.2054232954978943, 0.1579427719116211, -0.16555029153823853]","[0, 5]",33.943024474,-0.22005821764469147,9.0,233.0,1747877431.2847714,1.0,,
234,"[0.6855748295783997, -0.2170410305261612, 0.029989998787641525]","[0.616482138633728, -0.9799186587333679, 0.04371833801269531, 0.6623880863189697]",False,"[0.6227982640266418, -0.0061270189471542835, 0.029999999329447746]","[[0.6747854948043823, -0.10223719477653503, 0.16183346509933472, 0.07901895046234131, 0.6855748295783997, -0.2170410305261612, 0.029989998787641525, -1.5061067415444995e-07, 1.181441788844495e-07, 9.238550408626617e-14]]","[0.011395163834095001, 0.0672101080417633, 0.25268784165382385, 0.24079376459121704, 0.19972920417785645, -0.3004935383796692]","[0, 5]",34.063192717,-0.22005821764469147,9.0,234.0,1747877431.40674,2.0,,
235,"[0.6855748295783997, -0.2170410305261612, 0.029989998787641525]","[0.40747547149658203, -0.9725176692008972, -0.3301165699958801, 0.716219425201416]",False,"[0.6227982640266418, -0.0061270189471542835, 0.029999999329447746]","[[0.6842671036720276, -0.14191171526908875, 0.14734844863414764, 0.0798807144165039, 0.6855748295783997, -0.2170410305261612, 0.029989998787641525, -1.5072637893354113e-07, 1.181441788844495e-07, 9.237183636262927e-14]]","[-0.09081809967756271, 0.11003848910331726, 0.2441120445728302, 0.1360897570848465, 0.24280425906181335, -0.2498253881931305]","[0, 5]",34.182691955,-0.22005821764469147,9.0,235.0,1747877431.5268898,3.0,,
236,"[0.6855748295783997, -0.2170410305261612, 0.029989998787641525]","[0.10478067398071289, -0.9652102589607239, -0.6704794764518738, 0.6968313455581665]",False,"[0.6227982640266418, -0.0061270189471542835, 0.029999999329447746]","[[0.6820231080055237, -0.1813729703426361, 0.11382845789194107, 0.07998551428318024, 0.6855748295783997, -0.2170410305261612, 0.029989998787641525, -1.5074820680638368e-07, 1.181441788844495e-07, 9.236926138246962e-14]]","[-0.12036047130823135, -0.01705564558506012, 0.13280020654201508, -0.10433756560087204, 0.29348188638687134, -0.10395447164773941]","[0, 5]",34.301910342,-0.22005821764469147,9.0,236.0,1747877431.6462808,4.0,,
237,"[0.6855748295783997, -0.2170410305261612, 0.029989998787641525]","[0.14734101295471191, -0.7369571924209595, -0.9697069525718689, 0.3045523166656494]",False,"[0.6227982640266418, -0.0061270189471542835, 0.029999999329447746]","[[0.6788483262062073, -0.21281985938549042, 0.06668824702501297, 0.07999821752309799, 0.6855748295783997, -0.2170410305261612, 0.029989998787641525, -2.4860884906274805e-08, 4.6632433293525635e-14, 9.556389696501605e-14]]","[-0.23756250739097595, -0.12482574582099915, 0.0707133412361145, -0.0378560870885849, 0.12024778127670288, 0.04259570688009262]","[0, 5]",34.421110567,-0.22005821764469147,9.0,237.0,1747877431.7656314,5.0,,
238,"[0.6866655349731445, -0.2129891961812973, 0.030093835666775703]","[0.42994117736816406, 0.7330325841903687, -0.8356211185455322, -0.2280280590057373]",False,"[0.6227982640266418, -0.0061270189471542835, 0.029999999329447746]","[[0.6784895658493042, -0.21249675750732422, 0.021389547735452652, 0.06013250723481178, 0.6866655349731445, -0.2129891961812973, 0.030093835666775703, -0.00344617641530931, 2.138518357241992e-05, -0.05150843784213066]]","[-0.4242483973503113, -0.30501770973205566, -0.11654889583587646, -0.014163881540298462, -0.07874424010515213, 0.08398272097110748]","[0, 5]",34.542336595,-0.21649710834026337,9.0,238.0,1747877431.8848433,6.0,,
239,"[0.6712982058525085, -0.1922381967306137, 0.03393527865409851]","[-0.9584682583808899, 0.9871945381164551, 0.9728661775588989, -0.9361189603805542]",False,"[0.6227982640266418, -0.0061270189471542835, 0.029999999329447746]","[[0.6527354717254639, -0.17788909375667572, 0.02744561992585659, 0.05547948554158211, 0.6712982058525085, -0.1922381967306137, 0.03393527865409851, -0.012447820976376534, 0.09625282883644104, -0.18504458665847778]]","[-0.5733550190925598, -0.48247578740119934, 0.0026120245456695557, 0.04318013787269592, -0.45390745997428894, -0.28303036093711853]","[0, 5]",34.6629584,-0.19236710667610168,9.0,239.0,1747877432.0060494,7.0,,
240,"[0.6551326513290405, -0.15685942769050598, 0.04201013222336769]","[-0.5019188523292542, 0.9859833717346191, 0.40989017486572266, -0.7928091883659363]",False,"[0.6227982640266418, -0.0061270189471542835, 0.029999999329447746]","[[0.635714054107666, -0.14260044693946838, 0.03577343374490738, 0.05398179218173027, 0.6551326513290405, -0.15685942769050598, 0.04201013222336769, 0.014057745225727558, 0.057133398950099945, -0.17545020580291748]]","[-0.5126575231552124, -0.6385477781295776, -0.02828630805015564, 0.13279855251312256, -0.5582536458969116, -0.2230156809091568]","[0, 5]",34.784362862,-0.15462863445281982,9.0,240.0,1747877432.1267228,8.0,,
241,"[0.6424945592880249, -0.11218319833278656, 0.04533490166068077]","[-0.6762566566467285, 0.9782038927078247, 0.30886638164520264, -0.6772568225860596]",False,"[0.6227982640266418, -0.0061270189471542835, 0.029999999329447746]","[[0.6176011562347412, -0.10302582383155823, 0.043397318571805954, 0.05220062658190727, 0.6424945592880249, -0.11218319833278656, 0.04533490166068077, -0.019968846812844276, 0.2293005734682083, -0.015832267701625824]]","[-0.38963615894317627, -0.707351803779602, -0.13641425967216492, -0.03903651982545853, -0.48015904426574707, -0.20140492916107178]","[0, 5]",34.907814277,-0.10895419120788574,9.0,241.0,1747877432.2480884,9.0,,
242,"[0.6240379214286804, -0.06460165232419968, 0.04082765430212021]","[-0.6740835905075073, 0.9143472909927368, 0.01027071475982666, -0.606963574886322]",False,"[0.6227982640266418, -0.0061270189471542835, 0.029999999329447746]","[[0.5978878736495972, -0.06449038535356522, 0.043222736567258835, 0.055086832493543625, 0.6240379214286804, -0.06460165232419968, 0.04082765430212021, 0.009340218268334866, 0.3775373101234436, -0.009077065624296665]]","[-0.25746357440948486, -0.6112576723098755, -0.1712677776813507, -0.053587742149829865, -0.39512234926223755, -0.1339607685804367]","[0, 5]",35.032827867,-0.05948157235980034,9.0,242.0,1747877432.3715165,10.0,,
243,"[0.42381349205970764, 0.2935839593410492, 0.029999999329447746]","[-0.46768707036972046, 0.755090594291687, -0.3955270051956177, -0.4045094847679138]",True,"[0.47736719250679016, -0.18255332112312317, 0.029999999329447746]","[[0.6384396553039551, -2.194472251484947e-12, 0.19740013778209686, 0, 0.42381349205970764, 0.2935839593410492, 0.029999999329447746, 0, 0, 0]]","[-0.218095064163208, -0.8152824640274048, -0.4323935806751251, 0.0006463378667831421, -0.46721094846725464, -0.13268795609474182]","[0, 5]",35.415187963,-0.020497120916843414,9.0,243.0,1747877432.496547,11.0,,
244,"[0.6704252362251282, 0.20685136318206787, 0.02998952753841877]","[-0.15392595529556274, 5.996227264404297e-05, 0.6696528196334839, -0.11204153299331665]",False,"[0.4403732120990753, -0.25092196464538574, 0.029999999329447746]","[[0.6287647485733032, 2.337832029297715e-06, 0.20565184950828552, -2.2989479764312648e-10, 0.6704252362251282, 0.20685136318206787, 0.02998952753841877, 3.005894996022107e-06, -2.0607802071026526e-05, -2.8306608328421135e-06]]","[0.24366968870162964, -0.015672683715820312, 0.4535355269908905, 0.21150842308998108, 0.008078888058662415, -0.28029459714889526]","[1, 1]",35.538901201,-0.5123283863067627,0.0,244.0,1747877432.8788793,0.0,,
245,"[0.6704251170158386, 0.2068518102169037, 0.02998943440616131]","[0.755286693572998, 0.9862725734710693, 0.1744159460067749, 0.8318970203399658]",False,"[0.4403732120990753, -0.25092196464538574, 0.029999999329447746]","[[0.6545637845993042, 0.02516675554215908, 0.21633295714855194, 0.07027386128902435, 0.6704251170158386, 0.2068518102169037, 0.02998943440616131, 3.006569613717147e-06, -2.377380405960139e-05, -5.656060693581821e-06]]","[0.12397151440382004, -0.004532337188720703, 0.45726045966148376, 0.6242310404777527, -0.024383366107940674, -0.1979047656059265]","[1, 1]",35.662299181,-0.5123287439346313,0.0,245.0,1747877433.0026255,1.0,,
246,"[0.6704250574111938, 0.2068522572517395, 0.029989415779709816]","[0.4006917476654053, 0.9940154552459717, -0.47110486030578613, 0.7597764730453491]",False,"[0.4403732120990753, -0.25092196464538574, 0.029999999329447746]","[[0.6650744080543518, 0.07329895347356796, 0.1935926377773285, 0.07881753891706467, 0.6704250574111938, 0.2068522572517395, 0.029989415779709816, 3.006697852470097e-06, -2.43706217588624e-05, -8.480304131808225e-06]]","[0.1377163976430893, 0.0006876289844512939, 0.26312077045440674, 0.5598322749137878, 0.17700856924057007, 0.03179880976676941]","[1, 1]",35.786121284000004,-0.5123291015625,0.0,246.0,1747877433.1260026,2.0,,
247,"[0.6704250574111938, 0.2068527191877365, 0.029989412054419518]","[-9.369850158691406e-05, 0.9922757148742676, -0.3332327604293823, 0.7233362197875977]",False,"[0.4403732120990753, -0.25092196464538574, 0.029999999329447746]","[[0.66225266456604, 0.11375706642866135, 0.17136263847351074, 0.07985624670982361, 0.6704250574111938, 0.2068527191877365, 0.029989412054419518, 3.006722863574396e-06, -2.4483129891450517e-05, -1.1304365216346923e-05]]","[0.15756379067897797, 0.014064878225326538, 0.2642045319080353, 0.4649140238761902, 0.13630817830562592, -0.012613087892532349]","[1, 1]",35.911338055,-0.5123295187950134,0.0,247.0,1747877433.2498343,3.0,,
248,"[0.6704250574111938, 0.20685316622257233, 0.029989412054419518]","[0.24343252182006836, 0.990215539932251, -0.5862601399421692, 0.6715736389160156]",False,"[0.4403732120990753, -0.25092196464538574, 0.029999999329447746]","[[0.6668108105659485, 0.15657193958759308, 0.1450861692428589, 0.07998252660036087, 0.6704250574111938, 0.20685316622257233, 0.029989412054419518, 3.006728547916282e-06, -2.4504341126885265e-05, -1.4128427210380323e-05]]","[0.17866608500480652, -0.006586611270904541, 0.16009686887264252, 0.4534676671028137, 0.23448780179023743, -0.21356971561908722]","[1, 1]",36.036384331,-0.5123299360275269,0.0,248.0,1747877433.3750727,4.0,,
249,"[0.670425295829773, 0.20685359835624695, 0.029989562928676605]","[0.16665101051330566, 0.9634032249450684, -0.9835864901542664, 0.40189218521118164]",False,"[0.4403732120990753, -0.25092196464538574, 0.029999999329447746]","[[0.6669113039970398, 0.1954927146434784, 0.10038936138153076, 0.07999788969755173, 0.670425295829773, 0.20685359835624695, 0.029989562928676605, -1.4114984736579572e-08, -1.464702290832065e-05, -1.6324313037330285e-05]]","[0.1442568153142929, -0.021864846348762512, 0.09119261801242828, 0.24154824018478394, 0.2986387014389038, -0.029461219906806946]","[1, 1]",36.161517207,-0.5123304128646851,0.0,249.0,1747877433.500104,5.0,,
250,"[0.6704256534576416, 0.20685359835624695, 0.02998991683125496]","[0.34037554264068604, 0.36844563484191895, -0.9921268820762634, 0.12421786785125732]",False,"[0.4403732120990753, -0.25092196464538574, 0.029999999329447746]","[[0.6676650047302246, 0.207596555352211, 0.044744282960891724, 0.07999984174966812, 0.6704256534576416, 0.20685359835624695, 0.02998991683125496, -1.290367479533927e-09, -2.757926722551929e-06, -1.63252952916082e-05]]","[0.11751177161931992, 0.07933047413825989, -0.07053753733634949, 0.1809203326702118, 0.34147709608078003, 0.07702261209487915]","[1, 1]",36.288071027,-0.5123305320739746,0.0,250.0,1747877433.625222,6.0,,
251,"[0.6736811399459839, 0.20499759912490845, 0.030210837721824646]","[0.21153616905212402, -0.9536446332931519, -0.5538446307182312, -0.7260185480117798]",False,"[0.4403732120990753, -0.25092196464538574, 0.029999999329447746]","[[0.6699709892272949, 0.19901858270168304, 0.021910004317760468, 0.054962970316410065, 0.6736811399459839, 0.20499759912490845, 0.030210837721824646, 0.006578077096492052, -0.0001516935881227255, -0.002033797325566411]]","[0.1948935091495514, 0.47877177596092224, 0.09822806715965271, 0.11700141429901123, 0.18589752912521362, 0.26873230934143066]","[1, 1]",36.414637433,-0.5121477246284485,0.0,251.0,1747877433.7517729,7.0,,
252,"[0.6459672451019287, 0.16665920615196228, 0.03447382152080536]","[-0.9946306347846985, -0.9903026819229126, 0.5259673595428467, -0.9925158023834229]",False,"[0.4403732120990753, -0.25092196464538574, 0.029999999329447746]","[[0.640866219997406, 0.16174951195716858, 0.025961484760046005, 0.054052866995334625, 0.6459672451019287, 0.16665920615196228, 0.03447382152080536, -0.0033806306309998035, 0.03241640329360962, 0.04863595589995384]]","[0.20779284834861755, 0.5056196451187134, 0.24504058063030243, -0.03903071582317352, 0.005927197635173798, 0.15966717898845673]","[1, 1]",36.540669851,-0.46547070145606995,0.0,252.0,1747877433.8783226,8.0,,
253,"[0.6125213503837585, 0.11913462728261948, 0.04864758253097534]","[-0.9789963960647583, -0.9872244000434875, 0.6069581508636475, -0.9611377716064453]",False,"[0.4403732120990753, -0.25092196464538574, 0.029999999329447746]","[[0.6063845753669739, 0.1223483607172966, 0.04012351483106613, 0.05643802508711815, 0.6125213503837585, 0.11913462728261948, 0.04864758253097534, -0.00442732498049736, 0.03331398218870163, 0.03932058811187744]]","[0.3464295566082001, 0.44532832503318787, 0.18250685930252075, -0.22963666915893555, -0.23592700064182281, 0.24472443759441376]","[1, 1]",36.666427496,-0.4085640609264374,0.0,253.0,1747877434.0043895,9.0,,
254,"[0.5847346782684326, 0.07676272839307785, 0.06327582150697708]","[-0.903203010559082, -0.9791203141212463, 0.4767388105392456, -0.705928385257721]",False,"[0.4403732120990753, -0.25092196464538574, 0.029999999329447746]","[[0.5787649750709534, 0.08188249915838242, 0.054704878479242325, 0.057520169764757156, 0.5847346782684326, 0.07676272839307785, 0.06327582150697708, -0.001934966305270791, 0.018506500869989395, 0.03616831824183464]]","[0.4283839166164398, 0.4096563756465912, 0.3089909255504608, -0.3014543652534485, -0.23946933448314667, 0.1415807157754898]","[1, 1]",36.790823895,-0.35961753129959106,0.0,254.0,1747877434.130152,10.0,,
255,"[0.5585820078849792, 0.03618975728750229, 0.0631554052233696]","[-0.8729273676872253, -0.9621209502220154, -0.03436779975891113, -0.4171549081802368]",False,"[0.4403732120990753, -0.25092196464538574, 0.029999999329447746]","[[0.5531432032585144, 0.041793420910835266, 0.05560377240180969, 0.05786718800663948, 0.5585820078849792, 0.03618975728750229, 0.0631554052233696, -0.0006992258713580668, 0.006364232394844294, 0.036081619560718536]]","[0.5233511924743652, 0.3166712820529938, 0.19216251373291016, -0.45803865790367126, -0.1978614330291748, 0.09877133369445801]","[1, 1]",36.913986174,-0.31225910782814026,0.0,255.0,1747877434.2545502,11.0,,
256,"[0.5256550908088684, -0.0031978057231754065, 0.0531778410077095]","[-0.8793656826019287, -0.9591215252876282, -0.1863086223602295, -0.46755921840667725]",False,"[0.4403732120990753, -0.25092196464538574, 0.029999999329447746]","[[0.5201691389083862, 0.0011400734074413776, 0.045576468110084534, 0.05790351703763008, 0.5256550908088684, -0.0031978057231754065, 0.0531778410077095, -0.0011969837360084057, 0.01555710844695568, 0.032107360661029816]]","[0.5319406390190125, 0.3343059718608856, 0.2110007107257843, -0.42860332131385803, -0.19058352708816528, 0.03707854449748993]","[1, 1]",37.04022588,-0.26301610469818115,0.0,256.0,1747877434.3777134,12.0,,
257,"[0.4963935911655426, -0.04341653734445572, 0.04928457736968994]","[-0.7893031239509583, -0.9569988250732422, -0.060688912868499756, -0.41184818744659424]",False,"[0.4403732120990753, -0.25092196464538574, 0.029999999329447746]","[[0.4905508756637573, -0.03866936266422272, 0.04136286675930023, 0.05792440474033356, 0.4963935911655426, -0.04341653734445572, 0.04928457736968994, -0.002049660077318549, 0.013729811646044254, 0.03275508061051369]]","[0.5415046215057373, 0.29153791069984436, 0.24964770674705505, -0.4261929392814636, -0.12801052629947662, 0.013786733150482178]","[1, 1]",37.164144987,-0.2157977819442749,0.0,257.0,1747877434.5039098,13.0,,
258,"[0.46829017996788025, -0.0847916528582573, 0.04399712011218071]","[-0.7592654824256897, -0.9524497389793396, -0.11527955532073975, -0.3429040312767029]",False,"[0.4403732120990753, -0.25092196464538574, 0.029999999329447746]","[[0.46263307332992554, -0.07764985412359238, 0.03619280084967613, 0.057932280004024506, 0.46829017996788025, -0.0847916528582573, 0.04399712011218071, -0.0027630310505628586, 0.012945563532412052, 0.03289998695254326]]","[0.6925582885742188, 0.10537636280059814, 0.3227636516094208, -0.4971785545349121, -0.15475621819496155, 0.14148689806461334]","[1, 1]",37.287846823,-0.16904011368751526,0.0,258.0,1747877434.6278439,14.0,,
259,"[0.43656107783317566, -0.12503688037395477, 0.03404984250664711]","[-0.8408994674682617, -0.9544426202774048, -0.23932421207427979, -0.18633216619491577]",False,"[0.4403732120990753, -0.25092196464538574, 0.029999999329447746]","[[0.43119993805885315, -0.11651921272277832, 0.026399604976177216, 0.05799579620361328, 0.43656107783317566, -0.12503688037395477, 0.03404984250664711, -0.0023790448904037476, 0.017940077930688858, 0.0284416601061821]]","[0.7069651484489441, 0.05719500780105591, 0.38430240750312805, -0.5098475217819214, -0.1456841230392456, 0.1724271923303604]","[1, 1]",37.412357525,-0.12600789964199066,0.0,259.0,1747877434.7515903,15.0,,
260,"[0.41907671093940735, -0.14805413782596588, 0.029816241934895515]","[-0.6470595598220825, -0.9422116875648499, -0.3146325945854187, -0.19159340858459473]",False,"[0.4403732120990753, -0.25092196464538574, 0.029999999329447746]","[[0.4121883809566498, -0.15280567109584808, 0.021790770813822746, 0.05670798197388649, 0.41907671093940735, -0.14805413782596588, 0.029816241934895515, -0.0005801885272376239, 0.00029527288279496133, -0.002317272126674652]]","[1.0159145593643188, -0.47972339391708374, 0.09057852625846863, -0.9051558375358582, -0.14304667711257935, 0.4148521423339844]","[1, 1]",37.537619334,-0.10504934936761856,0.0,260.0,1747877434.876095,16.0,,
261,"[0.4246360659599304, -0.1772591918706894, 0.032119374722242355]","[0.15533888339996338, -0.9167926907539368, 0.06931579113006592, -0.4422982335090637]",False,"[0.4403732120990753, -0.25092196464538574, 0.029999999329447746]","[[0.4170357286930084, -0.18512502312660217, 0.024032361805438995, 0.05556057021021843, 0.4246360659599304, -0.1772591918706894, 0.032119374722242355, -0.0006207083351910114, 0.017262039706110954, -0.002617074176669121]]","[1.1909101009368896, -0.5471770167350769, 0.15244801342487335, -0.49309656023979187, -0.12329897284507751, 0.30471205711364746]","[1, 1]",37.662770592,-0.07535485178232193,0.0,261.0,1747877435.0013568,17.0,,
262,"[0.6376725435256958, -0.10061891376972198, 0.029999999329447746]","[-0.04717457294464111, -0.9256690144538879, 0.0670309066772461, -0.4019089937210083]",True,"[0.5096523761749268, 0.1266845315694809, 0.029999999329447746]","[[0.6384396553039551, -2.194472251484947e-12, 0.19740013778209686, 0, 0.6376725435256958, -0.10061891376972198, 0.029999999329447746, 0, 0, 0]]","[1.5404692888259888, -1.2229434251785278, -0.07255777716636658, -0.9007077813148499, -0.04594951868057251, 0.14703090488910675]","[1, 1]",37.906094414,-0.03775332495570183,0.0,262.0,1747877435.1264594,18.0,,
263,"[0.6603586077690125, 0.2234477996826172, 0.02998952753841877]","[0.9639887809753418, -0.9968288540840149, 0.9998764991760254, -0.9992743134498596]",False,"[0.5506941676139832, 0.26552918553352356, 0.029999999329447746]","[[0.6553390622138977, -0.022884447127580643, 0.20912803709506989, 1.9861053246472693e-08, 0.6603586077690125, 0.2234477996826172, 0.02998952753841877, 3.005894996022107e-06, -2.0607802071026526e-05, -2.8306608328421135e-06]]","[0.36898940801620483, 0.0361347496509552, 0.38227054476737976, 0.42568260431289673, 0.09080351889133453, -0.11549169570207596]","[1, 1]",38.028654535,-0.11746121942996979,1.0,263.0,1747877435.3697646,0.0,,
264,"[0.6603584885597229, 0.2234482616186142, 0.02998943440616131]","[-0.01155465841293335, 0.9507489204406738, 0.1812523603439331, 0.9097862243652344]",False,"[0.5506941676139832, 0.26552918553352356, 0.029999999329447746]","[[0.657986581325531, -0.04621214047074318, 0.21775557100772858, 0.07027387619018555, 0.6603584885597229, 0.2234482616186142, 0.02998943440616131, 3.006569613717147e-06, -2.377380405960139e-05, -5.656060693581821e-06]]","[0.150808185338974, 0.03327789902687073, 0.23209798336029053, 0.4966575503349304, 0.13790267705917358, -0.4089105725288391]","[1, 1]",38.149834196,-0.1174609437584877,1.0,264.0,1747877435.4923582,1.0,,
265,"[0.6603584885597229, 0.22344870865345, 0.029989415779709816]","[-0.026960551738739014, 0.987107515335083, 0.027864933013916016, 0.7994828224182129]",False,"[0.5506941676139832, 0.26552918553352356, 0.029999999329447746]","[[0.6578177213668823, -0.02187996916472912, 0.2191251665353775, 0.07881753891706467, 0.6603584885597229, 0.22344870865345, 0.029989415779709816, 3.006697852470097e-06, -2.43706217588624e-05, -8.480304131808225e-06]]","[0.14935016632080078, 0.10825708508491516, 0.23895660042762756, 0.6750738620758057, 0.2094896137714386, -0.25870048999786377]","[1, 1]",38.272074075,-0.11746078729629517,1.0,265.0,1747877435.6135738,2.0,,
266,"[0.6603584289550781, 0.22344915568828583, 0.029989412054419518]","[0.15428125858306885, 0.9863262176513672, 0.001951456069946289, 0.7370898723602295]",False,"[0.5506941676139832, 0.26552918553352356, 0.029999999329447746]","[[0.662228524684906, 0.02758690156042576, 0.21892598271369934, 0.07985624670982361, 0.6603584289550781, 0.22344915568828583, 0.029989412054419518, 3.006722863574396e-06, -2.4483129891450517e-05, -1.1304365216346923e-05]]","[0.03426506370306015, 0.2968026101589203, 0.31791985034942627, 0.6635094881057739, 0.1590673327445984, -0.25309425592422485]","[1, 1]",38.395238843,-0.11746057122945786,1.0,266.0,1747877435.7357917,3.0,,
267,"[0.6603584289550781, 0.22344960272312164, 0.029989412054419518]","[-0.012214839458465576, 0.9758718013763428, -0.5394731760025024, 0.7551994323730469]",False,"[0.5506941676139832, 0.26552918553352356, 0.029999999329447746]","[[0.662246823310852, 0.06928067654371262, 0.1976316273212433, 0.07998254150152206, 0.6603584289550781, 0.22344960272312164, 0.029989412054419518, 3.006728547916282e-06, -2.4504341126885265e-05, -1.4128427210380323e-05]]","[0.13762420415878296, 0.14619186520576477, 0.29628342390060425, 0.5236064791679382, 0.1859743595123291, -0.09133563935756683]","[1, 1]",38.518989875,-0.11746040731668472,1.0,267.0,1747877435.8589652,4.0,,
268,"[0.6603584289550781, 0.22345006465911865, 0.029989412054419518]","[0.18597674369812012, 0.9809019565582275, -0.3882155418395996, 0.7678308486938477]",False,"[0.5506941676139832, 0.26552918553352356, 0.029999999329447746]","[[0.6638973951339722, 0.11120679974555969, 0.17220978438854218, 0.07999785989522934, 0.6603584289550781, 0.22345006465911865, 0.029989412054419518, 3.0067303669056855e-06, -2.4508342903573066e-05, -1.6952526493696496e-05]]","[0.1247607171535492, 0.1584123969078064, 0.25875335931777954, 0.4485017657279968, 0.1543148159980774, -0.3517496585845947]","[1, 1]",38.642476281,-0.11746024340391159,1.0,268.0,1747877435.9826767,5.0,,
269,"[0.6603583693504333, 0.22345051169395447, 0.029989412054419518]","[0.14816522598266602, 0.9764773845672607, -0.6679582595825195, 0.6890619993209839]",False,"[0.5506941676139832, 0.26552918553352356, 0.029999999329447746]","[[0.6659197807312012, 0.15188068151474, 0.14046308398246765, 0.07999976724386215, 0.6603583693504333, 0.22345051169395447, 0.029989412054419518, 3.006731731147738e-06, -2.4509101422154345e-05, -1.9776665794779547e-05]]","[0.08585777133703232, 0.10965579748153687, 0.14784486591815948, 0.2888081669807434, 0.2520231604576111, -0.22771868109703064]","[1, 1]",38.765911494,-0.11746002733707428,1.0,269.0,1747877436.106173,6.0,,
270,"[0.6603586673736572, 0.2234509438276291, 0.029989561066031456]","[0.3185696601867676, 0.9835796356201172, -0.6496002078056335, 0.507561206817627]",False,"[0.5506941676139832, 0.26552918553352356, 0.029999999329447746]","[[0.6678817868232727, 0.19154608249664307, 0.10338760167360306, 0.07999993860721588, 0.6603586673736572, 0.2234509438276291, 0.029989561066031456, -1.0631890923207266e-08, -1.4661249224445783e-05, -2.1971951355226338e-05]]","[-0.0448407307267189, 0.0702190101146698, 0.0498107373714447, 0.2100098431110382, 0.19957906007766724, -0.11590542644262314]","[1, 1]",38.891116146,-0.11746015399694443,1.0,270.0,1747877436.2296486,7.0,,
271,"[0.6603590250015259, 0.22345095872879028, 0.029989909380674362]","[0.3631715774536133, 0.9085290431976318, -0.9672108292579651, 0.21672463417053223]",False,"[0.5506941676139832, 0.26552918553352356, 0.029999999329447746]","[[0.6707685589790344, 0.2272954136133194, 0.058120328933000565, 0.07999994605779648, 0.6603590250015259, 0.22345095872879028, 0.029989909380674362, 2.079249838971009e-08, -3.2565237688686466e-06, -2.2190803065313958e-05]]","[-0.06874894350767136, 0.1576712727546692, 0.023481249809265137, 0.09397454559803009, 0.23750904202461243, 0.039380013942718506]","[1, 1]",39.016665635,-0.11746048182249069,1.0,271.0,1747877436.3548512,8.0,,
272,"[0.6555425524711609, 0.2430867850780487, 0.02974679134786129]","[-0.18182235956192017, 0.530692458152771, -0.2656078338623047, -0.32513344287872314]",False,"[0.5506941676139832, 0.26552918553352356, 0.029999999329447746]","[[0.6558242440223694, 0.24559926986694336, 0.026761651039123535, 0.056448131799697876, 0.6555425524711609, 0.2430867850780487, 0.02974679134786129, -0.00806434080004692, -0.016012419015169144, 0.0023216602858155966]]","[-0.06883422285318375, 0.2511257827281952, 0.08638954162597656, -0.09788330644369125, 0.07633240520954132, -0.037895567715168]","[1, 1]",39.143253274,-0.10722366720438004,1.0,272.0,1747877436.480392,9.0,,
273,"[0.6260284781455994, 0.24793684482574463, 0.03543797880411148]","[-0.7905483841896057, 0.2815582752227783, 0.7531616687774658, -0.7476664185523987]",False,"[0.5506941676139832, 0.26552918553352356, 0.029999999329447746]","[[0.6266632676124573, 0.2588087022304535, 0.031687382608652115, 0.0570545457303524, 0.6260284781455994, 0.24793684482574463, 0.03543797880411148, -0.011577063240110874, 0.0022156708873808384, 0.002605084329843521]]","[-0.0554312989115715, 0.3091237246990204, 0.2850351929664612, -0.0975901335477829, -0.20661400258541107, -0.1786244511604309]","[1, 1]",39.268950917,-0.07755208015441895,1.0,273.0,1747877436.606991,10.0,,
274,"[0.6114758253097534, 0.2607582211494446, 0.04502382129430771]","[-0.6250898838043213, -0.060054123401641846, 0.28421807289123535, -0.43976378440856934]",False,"[0.5506941676139832, 0.26552918553352356, 0.029999999329447746]","[[0.6118192672729492, 0.2615872025489807, 0.041959501802921295, 0.05745525658130646, 0.6114758253097534, 0.2607582211494446, 0.04502382129430771, -0.0009965993231162429, -0.03207172825932503, 0.005204356275498867]]","[0.08739790320396423, 0.15262147784233093, 0.22389183938503265, -0.16571643948554993, -0.2572005093097687, -0.07503744959831238]","[1, 1]",39.394965005,-0.06279244273900986,1.0,274.0,1747877436.7326794,11.0,,
275,"[0.4956988990306854, 0.05068070814013481, 0.029999999329447746]","[-0.729341983795166, -0.5418147444725037, 0.4283597469329834, -0.5027404427528381]",True,"[0.5410351753234863, -0.2492506057024002, 0.029999999329447746]","[[0.6384396553039551, -2.194472251484947e-12, 0.19740013778209686, 0, 0.4956988990306854, 0.05068070814013481, 0.029999999329447746, 0, 0, 0]]","[0.29050347208976746, 0.11591792106628418, 0.03151240944862366, -0.2855900526046753, -0.21940922737121582, 0.033425673842430115]","[1, 1]",39.63882496,-0.0450340174138546,1.0,275.0,1747877436.8586295,12.0,,
276,"[0.531097948551178, 0.146393820643425, 0.02998952753841877]","[0.13980424404144287, -0.25343358516693115, -0.4807645082473755, 0.2885148525238037]",False,"[0.5562515258789062, 0.009882470592856407, 0.029999999329447746]","[[0.6438002586364746, -0.010120674967765808, 0.1786743402481079, 0.0253433957695961, 0.531097948551178, 0.146393820643425, 0.02998952753841877, 3.005894996022107e-06, -2.0607802071026526e-05, -2.8306608328421135e-06]]","[0.2577372193336487, -0.18295559287071228, 0.34730425477027893, 0.2592092454433441, 0.08939330279827118, -0.022847086191177368]","[1, 1]",39.767597651,-0.1388094127178192,2.0,276.0,1747877437.1024768,0.0,,
277,"[0.5310978293418884, 0.1463942676782608, 0.02998943440616131]","[-0.6925334930419922, 0.870495080947876, 0.10277771949768066, 0.842747688293457]",False,"[0.5562515258789062, 0.009882470592856407, 0.029999999329447746]","[[0.6147077083587646, 0.008443585596978664, 0.15485669672489166, 0.0733550488948822, 0.5310978293418884, 0.1463942676782608, 0.02998943440616131, 3.0065698410908226e-06, -2.377380405960139e-05, -5.656060693581821e-06]]","[0.21626988053321838, -0.15151111781597137, 0.28670668601989746, 0.38417184352874756, 0.005848504602909088, -0.2300952821969986]","[1, 1]",39.896708927,-0.13880987465381622,2.0,277.0,1747877437.2312977,1.0,,
278,"[0.5310978293418884, 0.1463947296142578, 0.029989415779709816]","[-0.8559073805809021, 0.9363648891448975, 0.08110928535461426, 0.7703423500061035]",False,"[0.5562515258789062, 0.009882470592856407, 0.029999999329447746]","[[0.5840724110603333, 0.055461619049310684, 0.1511751413345337, 0.0791921392083168, 0.5310978293418884, 0.1463947296142578, 0.029989415779709816, 3.006697852470097e-06, -2.43706217588624e-05, -8.480304131808225e-06]]","[-0.046316809952259064, -0.019435912370681763, 0.3384110629558563, 0.48840785026550293, 0.06305474042892456, -0.13986389338970184]","[1, 1]",40.032823795,-0.13881032168865204,2.0,278.0,1747877437.3604198,2.0,,
279,"[0.5310978293418884, 0.14639517664909363, 0.029989412054419518]","[-0.7536758780479431, 0.9186623096466064, -0.5952993631362915, 0.6968400478363037]",False,"[0.5562515258789062, 0.009882470592856407, 0.029999999329447746]","[[0.561672568321228, 0.09745602309703827, 0.1326420158147812, 0.07990174740552902, 0.5310978293418884, 0.14639517664909363, 0.029989412054419518, 3.006722863574396e-06, -2.4483129891450517e-05, -1.1304365216346923e-05]]","[-0.0451287105679512, -0.02823963761329651, 0.2194739282131195, 0.5013132691383362, 0.12243825197219849, -0.08508814871311188]","[1, 1]",40.167502088,-0.13881076872348785,2.0,279.0,1747877437.496476,3.0,,
280,"[0.5310981869697571, 0.1463955193758011, 0.029989689588546753]","[-0.16740310192108154, 0.8463886976242065, -0.9096390604972839, 0.4640151262283325]",False,"[0.5562515258789062, 0.009882470592856407, 0.029999999329447746]","[[0.5521731972694397, 0.13423259556293488, 0.09256245195865631, 0.07998808473348618, 0.5310981869697571, 0.1463955193758011, 0.029989689588546753, -6.350672432375859e-09, -1.0337600542698056e-05, -1.288078237848822e-05]]","[0.06844308972358704, -0.0018770992755889893, 0.09522348642349243, 0.3975203037261963, 0.23437395691871643, -0.09737950563430786]","[1, 1]",40.296149187,-0.13881103694438934,2.0,280.0,1747877437.6311846,4.0,,
282,"[0.5319434404373169, 0.1385338008403778, 0.03088155761361122]","[0.2549710273742676, -0.9662520289421082, 0.30867767333984375, -0.6186919212341309]",False,"[0.5562515258789062, 0.009882470592856407, 0.029999999329447746]","[[0.5279610753059387, 0.1280430555343628, 0.02559058368206024, 0.05696931853890419, 0.5319434404373169, 0.1385338008403778, 0.03088155761361122, -0.001538065611384809, 7.788291259203106e-05, 0.040785208344459534]]","[0.044611819088459015, 0.5987908840179443, 0.10006371140480042, 0.2886897325515747, 0.14081475138664246, 0.15301035344600677]","[1, 1]",40.558087065,-0.13093061745166779,2.0,282.0,1747877437.8903656,6.0,,
283,"[0.5517109632492065, 0.08969886600971222, 0.04537760093808174]","[0.4624300003051758, -0.9424033761024475, 0.4092792272567749, -0.734541654586792]",False,"[0.5562515258789062, 0.009882470592856407, 0.029999999329447746]","[[0.5473657846450806, 0.08733530342578888, 0.039497606456279755, 0.05664684996008873, 0.5517109632492065, 0.08969886600971222, 0.04537760093808174, 0.004351797979325056, -0.04384063556790352, 0.006088046357035637]]","[0.20019197463989258, 0.5938397645950317, 0.11177486181259155, 0.06816744804382324, 0.09287117421627045, 0.31871360540390015]","[1, 1]",40.688843887,-0.0814109593629837,2.0,283.0,1747877438.0217073,7.0,,
284,"[0.44530484080314636, 0.2856326103210449, 0.029999999329447746]","[0.429623007774353, -0.9558979272842407, -0.20859289169311523, -0.6436700820922852]",True,"[0.5775043368339539, 0.12143945693969727, 0.029999999329447746]","[[0.6384396553039551, -2.194472251484947e-12, 0.19740013778209686, 0, 0.44530484080314636, 0.2856326103210449, 0.029999999329447746, 0, 0, 0]]","[0.2516699433326721, 0.3611087501049042, 0.16323710978031158, -0.3298683762550354, -0.05148526653647423, 0.20540659129619598]","[1, 1]",40.907364221,-0.031239595264196396,2.0,284.0,1747877438.1525364,8.0,,
285,"[0.4891009032726288, -0.19649870693683624, 0.02998952753841877]","[-0.6909481287002563, 0.7083420753479004, -0.8434053063392639, 0.866949200630188]",False,"[0.4687112867832184, -0.025005530565977097, 0.029999999329447746]","[[0.6238360404968262, 0.02246071957051754, 0.1674467921257019, 0.07027387619018555, 0.4891009032726288, -0.19649870693683624, 0.02998952753841877, 3.005894996022107e-06, -2.0607802071026526e-05, -2.8306608328421135e-06]]","[0.08182364702224731, -0.43571388721466064, 0.1270124912261963, 0.10848274827003479, 0.02563164383172989, -0.04951917380094528]","[1, 1]",41.031136586,-0.17270103096961975,3.0,285.0,1747877438.371061,0.0,,
286,"[0.48910078406333923, -0.19649825990200043, 0.02998943440616131]","[-0.7363303899765015, -0.9606718420982361, 0.19099628925323486, 0.3466447591781616]",False,"[0.4687112867832184, -0.025005530565977097, 0.029999999329447746]","[[0.5837204456329346, 0.026561183854937553, 0.13692045211791992, 0.07881753146648407, 0.48910078406333923, -0.19649825990200043, 0.02998943440616131, 3.0065698410908226e-06, -2.377380405960139e-05, -5.656060693581821e-06]]","[0.11901228129863739, 0.018639981746673584, 0.38573646545410156, 0.07885628938674927, 0.08796718716621399, -0.1368851363658905]","[1, 1]",41.153975205,-0.17270056903362274,3.0,286.0,1747877438.494917,1.0,,
287,"[0.48910075426101685, -0.1964978128671646, 0.029989415779709816]","[-0.6247388124465942, -0.982274055480957, 0.2059868574142456, 0.37811970710754395]",False,"[0.4687112867832184, -0.025005530565977097, 0.029999999329447746]","[[0.5582180619239807, -0.013168113306164742, 0.1334857940673828, 0.07985623180866241, 0.48910075426101685, -0.1964978128671646, 0.029989415779709816, 3.006697852470097e-06, -2.43706217588624e-05, -8.480304131808225e-06]]","[0.003390282392501831, 0.25957581400871277, 0.40015220642089844, 0.05239233374595642, 0.13865230977535248, -0.3065441846847534]","[1, 1]",41.278014473,-0.17270012199878693,3.0,287.0,1747877438.6176643,2.0,,
288,"[0.48910072445869446, -0.1964973658323288, 0.029989412054419518]","[-0.7863550186157227, -0.9812925457954407, -0.12823188304901123, 0.47244417667388916]",False,"[0.4687112867832184, -0.025005530565977097, 0.029999999329447746]","[[0.5331658124923706, -0.05717362090945244, 0.1307128518819809, 0.07998248189687729, 0.48910072445869446, -0.1964973658323288, 0.029989412054419518, 3.006722863574396e-06, -2.4483129891450517e-05, -1.1304365216346923e-05]]","[-0.08333823829889297, 0.28786465525627136, 0.3639414310455322, -0.046849630773067474, 0.16929733753204346, -0.22478048503398895]","[1, 1]",41.401994682,-0.1726996749639511,3.0,288.0,1747877438.7415338,3.0,,
289,"[0.48910069465637207, -0.1964969038963318, 0.029989412054419518]","[-0.729320764541626, -0.9670243859291077, -0.2796475887298584, 0.5529468059539795]",False,"[0.4687112867832184, -0.025005530565977097, 0.029999999329447746]","[[0.5059522390365601, -0.0986405462026596, 0.1196083277463913, 0.07999785989522934, 0.48910069465637207, -0.1964969038963318, 0.029989412054419518, 3.006728547916282e-06, -2.4504341126885265e-05, -1.4128427210380323e-05]]","[-0.11342675238847733, 0.22060459852218628, 0.2161937654018402, -0.19460855424404144, 0.21852698922157288, -0.17140339314937592]","[1, 1]",41.52615825,-0.1726992130279541,3.0,289.0,1747877438.865694,4.0,,
290,"[0.4891010820865631, -0.19649654626846313, 0.029989663511514664]","[-0.5692866444587708, -0.9335678815841675, -0.29096877574920654, 0.5679802894592285]",False,"[0.4687112867832184, -0.025005530565977097, 0.029999999329447746]","[[0.48352789878845215, -0.13838906586170197, 0.10840430110692978, 0.07999974489212036, 0.4891010820865631, -0.19649654626846313, 0.029989663511514664, -6.757491899378465e-09, -1.1211734999960754e-05, -1.5826626622583717e-05]]","[-0.14733248949050903, 0.11549380421638489, 0.17151303589344025, -0.15660282969474792, 0.10676667094230652, -0.06798572093248367]","[1, 1]",41.650767515,-0.17269890010356903,3.0,290.0,1747877438.989863,5.0,,
291,"[0.489101380109787, -0.19649654626846313, 0.029989933595061302]","[-0.10006099939346313, -0.9195058345794678, -0.6879849433898926, 0.4259810447692871]",False,"[0.4687112867832184, -0.025005530565977097, 0.029999999329447746]","[[0.479430228471756, -0.17527978122234344, 0.0858520045876503, 0.07999997586011887, 0.489101380109787, -0.19649654626846313, 0.029989933595061302, -1.9165704578938403e-09, -2.1906087113165995e-06, -1.5917408745735884e-05]]","[-0.16278430819511414, -0.04721561074256897, -0.07217791676521301, -0.2654868960380554, 0.06431972980499268, 0.0717909187078476]","[1, 1]",41.775637353,-0.1726989448070526,3.0,291.0,1747877439.1144447,6.0,,
292,"[0.4891014099121094, -0.19649654626846313, 0.02998998388648033]","[0.26346540451049805, -0.5059814453125, -0.9787132143974304, 0.18954384326934814]",False,"[0.4687112867832184, -0.025005530565977097, 0.029999999329447746]","[[0.48501357436180115, -0.19354452192783356, 0.04458685591816902, 0.07999972999095917, 0.4891014099121094, -0.19649654626846313, 0.02998998388648033, 2.371633754099121e-16, -5.209650453252834e-07, -1.599263123353012e-05]]","[0.06854808330535889, -0.23533445596694946, -0.24070200324058533, -0.34837138652801514, -0.11135468631982803, 0.13327094912528992]","[1, 1]",41.900757022,-0.1726989448070526,3.0,292.0,1747877439.239352,7.0,,
293,"[0.47203367948532104, -0.17752550542354584, 0.031095881015062332]","[-0.4606821537017822, 0.9885810613632202, 0.17159247398376465, -0.7787894010543823]",False,"[0.4687112867832184, -0.025005530565977097, 0.029999999329447746]","[[0.4602710008621216, -0.16690285503864288, 0.02944544330239296, 0.05595605447888374, 0.47203367948532104, -0.17752550542354584, 0.031095881015062332, 0.0032362535130232573, 0.005876730661839247, -0.023440774530172348]]","[-0.029100365936756134, -0.451082319021225, -0.18023160099983215, -0.32377535104751587, -0.46884268522262573, -0.01649188995361328]","[1, 1]",42.025117358,-0.15256009995937347,3.0,293.0,1747877439.364431,8.0,,
294,"[0.4689784646034241, -0.11724699288606644, 0.04634645953774452]","[-0.06890064477920532, 0.9602113962173462, 0.48692142963409424, -0.7914348840713501]",False,"[0.4687112867832184, -0.025005530565977097, 0.029999999329447746]","[[0.4555760324001312, -0.12499880790710449, 0.044151727110147476, 0.05641702935099602, 0.4689784646034241, -0.11724699288606644, 0.04634645953774452, 0.0013463310897350311, -0.011161014437675476, 0.0008948868489824235]]","[0.07001979649066925, -0.4223902225494385, -0.2457970678806305, -0.3307979702949524, -0.553167998790741, 0.031013712286949158]","[1, 1]",42.148937827,-0.09367905557155609,3.0,294.0,1747877439.4888275,9.0,,
295,"[0.49582165479660034, -0.09021925181150436, 0.03502162545919418]","[0.44518423080444336, 0.9437580108642578, -0.5675187706947327, -0.5996013283729553]",False,"[0.4687112867832184, -0.025005530565977097, 0.029999999329447746]","[[0.4832029342651367, -0.09039318561553955, 0.034430358558893204, 0.05717724934220314, 0.49582165479660034, -0.09021925181150436, 0.03502162545919418, -0.0035564578138291836, -0.054440006613731384, -0.003408813616260886]]","[0.13453379273414612, -0.5154969692230225, -0.3535052239894867, -0.21029333770275116, -0.5722297430038452, 0.029315263032913208]","[1, 1]",42.273204459,-0.07080266624689102,3.0,295.0,1747877439.6126428,10.0,,
296,"[0.6288014054298401, 0.17853930592536926, 0.029999999329447746]","[-0.6673586368560791, 0.9093296527862549, 0.22927594184875488, -0.6041821837425232]",True,"[0.6035923361778259, -0.18206913769245148, 0.029999999329447746]","[[0.6384396553039551, -2.194472251484947e-12, 0.19740013778209686, 0, 0.6288014054298401, 0.17853930592536926, 0.029999999329447746, 0, 0, 0]]","[0.2241247594356537, -0.5978385210037231, -0.3149944841861725, -0.19665107131004333, -0.5957995653152466, 0.04935348033905029]","[1, 1]",42.49127464,-0.03766120970249176,3.0,296.0,1747877439.7369363,11.0,,
297,"[0.5560564398765564, 0.14471830427646637, 0.02998952753841877]","[-0.7728856801986694, -0.7040554285049438, 0.722069501876831, 0.6938396692276001]",False,"[0.5283628702163696, -0.1257675588130951, 0.029999999329447746]","[[0.605463445186615, -0.023106995970010757, 0.19637367129325867, 0.06094851344823837, 0.5560564398765564, 0.14471830427646637, 0.02998952753841877, 3.005894996022107e-06, -2.0607802071026526e-05, -2.8306608328421135e-06]]","[0.2269906848669052, 0.11934658885002136, 0.562913179397583, -0.05173996090888977, 0.14478832483291626, -0.43991851806640625]","[1, 1]",42.614149964,-0.27189987897872925,4.0,297.0,1747877439.95495,0.0,,
298,"[0.5560563206672668, 0.14471876621246338, 0.02998943440616131]","[-0.507073700428009, 0.9619882106781006, -0.5423250198364258, 0.7055747509002686]",False,"[0.5283628702163696, -0.1257675588130951, 0.029999999329447746]","[[0.5976596474647522, -0.0260677058249712, 0.18602758646011353, 0.07768379151821136, 0.5560563206672668, 0.14471876621246338, 0.02998943440616131, 3.006569613717147e-06, -2.377380405960139e-05, -5.656060693581821e-06]]","[-0.026537694036960602, -0.24907636642456055, 0.28964680433273315, 0.2936858534812927, 0.1925366222858429, -0.14460593461990356]","[1, 1]",42.73690052,-0.27190032601356506,4.0,298.0,1747877440.077879,1.0,,
299,"[0.5560562610626221, 0.1447192132472992, 0.029989415779709816]","[-0.4849734306335449, 0.9912557601928711, -0.29963845014572144, 0.8785016536712646]",False,"[0.5283628702163696, -0.1257675588130951, 0.029999999329447746]","[[0.5778176784515381, 0.015100304037332535, 0.16313901543617249, 0.07971847057342529, 0.5560562610626221, 0.1447192132472992, 0.029989415779709816, 3.006697852470097e-06, -2.43706217588624e-05, -8.480304131808225e-06]]","[-0.12531214952468872, -0.13068927824497223, 0.2618367075920105, 0.24691170454025269, 0.11864633858203888, -0.19081738591194153]","[1, 1]",42.859311207,-0.2719007432460785,4.0,299.0,1747877440.2006145,2.0,,
300,"[0.5560562610626221, 0.144719660282135, 0.029989412054419518]","[-0.204271137714386, 0.9861234426498413, -0.38061630725860596, 0.8015658855438232]",False,"[0.5283628702163696, -0.1257675588130951, 0.029999999329447746]","[[0.5708691477775574, 0.057855915278196335, 0.14678671956062317, 0.07996577024459839, 0.5560562610626221, 0.144719660282135, 0.029989412054419518, 3.006722863574396e-06, -2.4483129891450517e-05, -1.1304365216346923e-05]]","[-0.11019580811262131, -0.08199112117290497, 0.2457936555147171, 0.25813472270965576, 0.100975900888443, -0.111869215965271]","[1, 1]",42.981896467,-0.2719011902809143,4.0,300.0,1747877440.323006,3.0,,
301,"[0.5560562014579773, 0.14472010731697083, 0.029989412054419518]","[0.11307477951049805, 0.9802272319793701, -0.6297513842582703, 0.6288472414016724]",False,"[0.5283628702163696, -0.1257675588130951, 0.029999999329447746]","[[0.5739459991455078, 0.0991186648607254, 0.12168200314044952, 0.07999584823846817, 0.5560562014579773, 0.14472010731697083, 0.029989412054419518, 3.006728547916282e-06, -2.4504341126885265e-05, -1.4128427210380323e-05]]","[-0.021396435797214508, -0.0594465434551239, 0.14218810200691223, 0.29045721888542175, 0.191957026720047, 0.019017517566680908]","[1, 1]",43.1041102,-0.2719016373157501,4.0,301.0,1747877440.445593,4.0,,
302,"[0.5560567378997803, 0.14472034573554993, 0.02998979203402996]","[0.17776381969451904, 0.9511843919754028, -0.9564825296401978, 0.35094666481018066]",False,"[0.5283628702163696, -0.1257675588130951, 0.029999999329447746]","[[0.5767939686775208, 0.1376654952764511, 0.07920387387275696, 0.07999946177005768, 0.5560567378997803, 0.14472034573554993, 0.02998979203402996, -1.1855188830622865e-08, -6.934624252608046e-06, -1.5060194527904969e-05]]","[-0.04047001153230667, -0.0831720232963562, 0.028797775506973267, 0.32109224796295166, 0.2655891180038452, 0.06285038590431213]","[1, 1]",43.226920917,-0.271901935338974,4.0,302.0,1747877440.5678163,5.0,,
303,"[0.5560517907142639, 0.14467880129814148, 0.029989931732416153]","[-0.33286404609680176, -0.039036571979522705, -0.9590907692909241, -0.01640641689300537]",False,"[0.5283628702163696, -0.1257675588130951, 0.029999999329447746]","[[0.5583580732345581, 0.13687673211097717, 0.025999680161476135, 0.07855870574712753, 0.5560517907142639, 0.14467880129814148, 0.029989931732416153, -5.703781198462821e-07, -1.8980836102855392e-06, 0.00042201628093607724]]","[-0.019136600196361542, 0.18222418427467346, -0.0015861690044403076, 0.16736695170402527, 0.30785542726516724, 0.07467937469482422]","[1, 1]",43.350962819,-0.2718600928783417,4.0,303.0,1747877440.6906593,6.0,,
304,"[0.5429382920265198, 0.12116782367229462, 0.03750855103135109]","[-0.1258595585823059, -0.97550368309021, 0.6828873157501221, -0.806028425693512]",False,"[0.5283628702163696, -0.1257675588130951, 0.029999999329447746]","[[0.5416185259819031, 0.11296646296977997, 0.028426336124539375, 0.05705450475215912, 0.5429382920265198, 0.12116782367229462, 0.03750855103135109, -0.003680254565551877, 0.04028782248497009, 0.040821000933647156]]","[0.13589100539684296, 0.5722520351409912, 0.21403363347053528, 0.12169237434864044, 0.07120117545127869, 0.12739501893520355]","[1, 1]",43.475133801,-0.24747909605503082,4.0,304.0,1747877440.8146505,7.0,,
305,"[0.5381415486335754, 0.07384679466485977, 0.05227437987923622]","[-0.26565802097320557, -0.9759042859077454, 0.3967643976211548, -0.813745379447937]",False,"[0.5283628702163696, -0.1257675588130951, 0.029999999329447746]","[[0.5368258357048035, 0.06629976630210876, 0.04387335479259491, 0.05797494947910309, 0.5381415486335754, 0.07384679466485977, 0.05227437987923622, -0.00210011494345963, -5.548989793169312e-05, 0.002638449426740408]]","[0.26818421483039856, 0.5006726980209351, 0.1776863932609558, 0.035057470202445984, -0.005970694124698639, 0.2552206516265869]","[1, 1]",43.599142374,-0.20109118521213531,4.0,305.0,1747877440.9388855,8.0,,
306,"[0.542457640171051, 0.0328332744538784, 0.05520902946591377]","[0.09292566776275635, -0.973938524723053, 0.08162343502044678, -0.6892235279083252]",False,"[0.5283628702163696, -0.1257675588130951, 0.029999999329447746]","[[0.54103684425354, 0.02629726193845272, 0.04703608900308609, 0.05828028544783592, 0.542457640171051, 0.0328332744538784, 0.05520902946591377, -0.00231359526515007, -0.005300995893776417, 0.008871983736753464]]","[0.45858174562454224, 0.44457027316093445, 0.14878687262535095, -0.17509055137634277, -0.04052264988422394, 0.3412936329841614]","[1, 1]",43.722849031,-0.1612091213464737,4.0,306.0,1747877441.062861,9.0,,
307,"[0.5279873013496399, -0.01294028852134943, 0.043464016169309616]","[-0.4334413409233093, -0.9676804542541504, -0.2700936794281006, -0.44074225425720215]",False,"[0.5283628702163696, -0.1257675588130951, 0.029999999329447746]","[[0.5273259282112122, -0.015712836757302284, 0.03574366867542267, 0.05838837847113609, 0.5279873013496399, -0.01294028852134943, 0.043464016169309616, -0.0011603282764554024, -0.008478625677525997, 0.006708815228193998]]","[0.5722769498825073, 0.37633422017097473, 0.1637684404850006, -0.3653697967529297, -0.17896205186843872, 0.24127314984798431]","[1, 1]",43.846791614,-0.11362840980291367,4.0,307.0,1747877441.186513,10.0,,
308,"[0.5096434354782104, -0.0480191670358181, 0.029840772971510887]","[-0.5460947751998901, -0.9477501511573792, -0.36407434940338135, -0.2656409740447998]",False,"[0.5283628702163696, -0.1257675588130951, 0.029999999329447746]","[[0.5084027647972107, -0.05410615727305412, 0.0216686949133873, 0.0583917498588562, 0.5096434354782104, -0.0480191670358181, 0.029840772971510887, 0.0002982038422487676, -0.0010009100660681725, 0.006534178275614977]]","[0.5845629572868347, 0.26595428586006165, 0.09071898460388184, -0.44627705216407776, -0.2063003033399582, 0.09952519834041595]","[1, 1]",43.971157659,-0.0799703523516655,4.0,308.0,1747877441.310493,11.0,,
309,"[0.5126163363456726, -0.07809580117464066, 0.03162679076194763]","[0.07533812522888184, -0.9217119216918945, 0.04560995101928711, -0.3807411193847656]",False,"[0.5283628702163696, -0.1257675588130951, 0.029999999329447746]","[[0.5112617015838623, -0.08616384863853455, 0.02343691885471344, 0.05855275318026543, 0.5126163363456726, -0.07809580117464066, 0.03162679076194763, -0.0014923934359103441, 0.001932419021613896, 0.013378262519836426]]","[0.5671542286872864, 0.34213200211524963, 0.15182116627693176, -0.3361021876335144, -0.17027388513088226, 0.03367966413497925]","[1, 1]",44.096367956,-0.0502314418554306,4.0,309.0,1747877441.4348567,12.0,,
310,"[0.4763053357601166, -0.0998561903834343, 0.029999999329447746]","[-0.08548504114151001, -0.8577381372451782, -0.2733495235443115, -0.3607138991355896]",True,"[0.4709303081035614, -0.12210635095834732, 0.029999999329447746]","[[0.6384396553039551, -2.194472251484947e-12, 0.19740013778209686, 0, 0.4763053357601166, -0.0998561903834343, 0.029999999329447746, 0, 0, 0]]","[0.6065434217453003, -0.0007432997226715088, 0.15975800156593323, -0.4395524263381958, -0.23722897469997406, 0.17073775827884674]","[1, 1]",44.330378511,-0.02063705027103424,4.0,310.0,1747877441.5601008,13.0,,
311,"[0.5878481864929199, -0.08173233270645142, 0.029989156872034073]","[-0.4447181224822998, -0.1257120966911316, -0.18087953329086304, -0.11908036470413208]",False,"[0.40869101881980896, -0.1293323040008545, 0.029999999329447746]","[[0.6250524520874023, -0.005382833071053028, 0.19055338203907013, -4.96998175947283e-09, 0.5878481864929199, -0.08173233270645142, 0.029989156872034073, 3.70309098798316e-05, 6.186130121932365e-06, -3.4460654205759056e-06]]","[0.14947819709777832, -0.21141542494297028, 0.39245298504829407, 0.1850862205028534, 0.02559385448694229, -0.15829254686832428]","[1, 1]",44.459845293,-0.1853727251291275,5.0,311.0,1747877441.7940676,0.0,,
312,"[0.5878473520278931, -0.0817326009273529, 0.02998896688222885]","[-0.3880290389060974, -0.9459338784217834, -0.928645670413971, 0.9330142736434937]",False,"[0.40869101881980896, -0.1293323040008545, 0.029999999329447746]","[[0.6167491674423218, -0.03203684464097023, 0.1606699377298355, 0.07027385383844376, 0.5878473520278931, -0.0817326009273529, 0.02998896688222885, 4.337637437856756e-05, 6.188112365634879e-06, -6.86728617438348e-06]]","[0.21879908442497253, -0.1482246220111847, 0.29580095410346985, 0.19500437378883362, 0.2952704131603241, 0.010838821530342102]","[1, 1]",44.588041719,-0.18537186086177826,5.0,312.0,1747877441.9235399,1.0,,
313,"[0.5878463983535767, -0.08173248171806335, 0.029988914728164673]","[0.033199310302734375, -0.9098456501960754, -0.966031014919281, 0.53542160987854]",False,"[0.40869101881980896, -0.1293323040008545, 0.029999999329447746]","[[0.6121673583984375, -0.07591097056865692, 0.10997013747692108, 0.07881753891706467, 0.5878463983535767, -0.08173248171806335, 0.029988914728164673, 3.68801956938114e-05, 7.001866038081062e-07, -1.0116638804902323e-05]]","[0.18843844532966614, -0.07634159922599792, 0.21425913274288177, 0.20915722846984863, 0.3137674331665039, -0.0780506283044815]","[1, 1]",44.715457075,-0.18537096679210663,5.0,313.0,1747877442.0517533,2.0,,
314,"[0.5878463983535767, -0.08173158764839172, 0.02998979203402996]","[-0.17241472005844116, -0.08540475368499756, -0.9744654893875122, 0.16978144645690918]",False,"[0.40869101881980896, -0.1293323040008545, 0.029999999329447746]","[[0.6005638837814331, -0.0798809826374054, 0.055199671536684036, 0.07985624670982361, 0.5878463983535767, -0.08173158764839172, 0.02998979203402996, 6.916028723935597e-06, -2.4163693268519637e-09, -1.0162856597162317e-05]]","[0.026318617165088654, -0.03819619119167328, 0.22439166903495789, 0.21163463592529297, 0.2074967622756958, -0.014393933117389679]","[1, 1]",44.843422557,-0.18537119030952454,5.0,314.0,1747877442.1791496,3.0,,
315,"[0.5877910852432251, -0.07714661955833435, 0.03000483848154545]","[0.012559056282043457, 0.09475457668304443, -0.54151451587677, -0.3520440459251404]",False,"[0.40869101881980896, -0.1293323040008545, 0.029999999329447746]","[[0.5996021628379822, -0.0757293701171875, 0.02824026346206665, 0.05617261305451393, 0.5877910852432251, -0.07714661955833435, 0.03000483848154545, 6.403939551091753e-06, -0.00040482552140019834, 0.004374985583126545]]","[-0.16888892650604248, 0.005574434995651245, 0.06999543309211731, 0.2817523777484894, 0.09635308384895325, -0.021673209965229034]","[1, 1]",44.971224026,-0.18654806911945343,5.0,315.0,1747877442.3071253,4.0,,
316,"[0.5430104732513428, -0.08076426386833191, 0.037055231630802155]","[-0.9200304746627808, -0.6078778505325317, 0.9280906915664673, -0.9321861863136292]",False,"[0.40869101881980896, -0.1293323040008545, 0.029999999329447746]","[[0.5573247075080872, -0.09164200723171234, 0.03393223509192467, 0.05619506537914276, 0.5430104732513428, -0.08076426386833191, 0.037055231630802155, 0.007237662561237812, 0.04720953479409218, 0.01925596408545971]]","[-0.27712109684944153, 0.4038906395435333, 0.31998178362846375, 0.22346243262290955, -0.14120188355445862, -0.16501078009605408]","[1, 1]",45.100067612,-0.14300471544265747,5.0,316.0,1747877442.4349234,5.0,,
317,"[0.5058719515800476, -0.12409210205078125, 0.054960671812295914]","[-0.9555134177207947, -0.9008321166038513, 0.5830224752426147, -0.7269479036331177]",False,"[0.40869101881980896, -0.1293323040008545, 0.029999999329447746]","[[0.5182652473449707, -0.1303831934928894, 0.05228693038225174, 0.056348636746406555, 0.5058719515800476, -0.12409210205078125, 0.054960671812295914, 0.0032076823990792036, 0.011627188883721828, 0.005654266569763422]]","[-0.14605936408042908, 0.22869962453842163, 0.22914716601371765, 0.04482211172580719, -0.10482478141784668, 0.09112575650215149]","[1, 1]",45.2287937,-0.10047203302383423,5.0,317.0,1747877442.5637624,6.0,,
318,"[0.4793652892112732, -0.1488817185163498, 0.05275190994143486]","[-0.8686057329177856, 0.09948360919952393, -0.14648747444152832, -0.5135018825531006]",False,"[0.40869101881980896, -0.1293323040008545, 0.029999999329447746]","[[0.49293309450149536, -0.1373702883720398, 0.05210458114743233, 0.05635862424969673, 0.4793652892112732, -0.1488817185163498, 0.05275190994143486, -0.0056463987566530704, -0.020372701808810234, -0.007245998829603195]]","[-0.05716737359762192, 0.0247688889503479, 0.17130926251411438, -0.2737787961959839, -0.23381425440311432, 0.06006534397602081]","[1, 1]",45.357708697,-0.07677683979272842,5.0,318.0,1747877442.692498,7.0,,
319,"[0.6271346807479858, 0.03959358483552933, 0.029999999329447746]","[-0.806601881980896, 0.8082981109619141, -0.18355786800384521, -0.44115424156188965]",True,"[0.4421653747558594, -0.1141858696937561, 0.029999999329447746]","[[0.6384396553039551, -2.194472251484947e-12, 0.19740013778209686, 0, 0.6271346807479858, 0.03959358483552933, 0.029999999329447746, 0, 0, 0]]","[0.11380793154239655, -0.090953528881073, 0.11510446667671204, -0.2554297149181366, -0.18815650045871735, 0.08800314366817474]","[1, 1]",45.57300155,-0.04202394187450409,5.0,319.0,1747877442.8214126,8.0,,
320,"[0.4155353009700775, -0.21119971573352814, 0.02998952753841877]","[-0.3108081817626953, -0.5587748289108276, -0.12924063205718994, 0.6141678094863892]",False,"[0.406147837638855, -0.2752857804298401, 0.029999999329447746]","[[0.6290032863616943, -0.019775206223130226, 0.19238729774951935, 0.053949471563100815, 0.4155353009700775, -0.21119971573352814, 0.02998952753841877, 3.005894996022107e-06, -2.0607802071026526e-05, -2.8306608328421135e-06]]","[0.15208037197589874, -0.19631268084049225, 0.33206406235694885, 0.00101558119058609, 0.14257292449474335, -0.12300442904233932]","[1, 1]",45.697213429,-0.06476996839046478,6.0,320.0,1747877443.036689,0.0,,
321,"[0.41553518176078796, -0.21119926869869232, 0.02998943440616131]","[-0.2767155170440674, -0.840034008026123, -0.29023295640945435, 0.16929173469543457]",False,"[0.406147837638855, -0.2752857804298401, 0.029999999329447746]","[[0.620293915271759, -0.05376036837697029, 0.1805211305618286, 0.06882047653198242, 0.41553518176078796, -0.21119926869869232, 0.02998943440616131, 3.0065698410908226e-06, -2.377380405960139e-05, -5.656060693581821e-06]]","[0.0844055712223053, -0.09330594539642334, 0.2686927616596222, 0.12246224284172058, 0.2332150936126709, -0.16119864583015442]","[1, 1]",45.821810652,-0.06477039307355881,6.0,321.0,1747877443.160924,1.0,,
322,"[0.4155351519584656, -0.2111988067626953, 0.029989415779709816]","[-0.5480269193649292, -0.808692455291748, -0.300337553024292, 0.31106650829315186]",False,"[0.406147837638855, -0.2752857804298401, 0.029999999329447746]","[[0.6020240783691406, -0.08978918194770813, 0.16862472891807556, 0.07864079624414444, 0.4155351519584656, -0.2111988067626953, 0.029989415779709816, 3.006697852470097e-06, -2.43706217588624e-05, -8.480304131808225e-06]]","[-0.05725734680891037, 0.02565363049507141, 0.3021424114704132, 0.03591744601726532, 0.19090425968170166, -0.21892963349819183]","[1, 1]",45.945777819,-0.06477084755897522,6.0,322.0,1747877443.2855647,2.0,,
323,"[0.4155351221561432, -0.2111983597278595, 0.029989412054419518]","[-0.7818861603736877, -0.8638429641723633, -0.5839506387710571, 0.34973955154418945]",False,"[0.406147837638855, -0.2752857804298401, 0.029999999329447746]","[[0.5765142440795898, -0.12645602226257324, 0.14431531727313995, 0.07983477413654327, 0.4155351221561432, -0.2111983597278595, 0.029989412054419518, 3.006722863574396e-06, -2.4483129891450517e-05, -1.1304365216346923e-05]]","[-0.06196492165327072, 0.017403453588485718, 0.18400037288665771, -0.14496470987796783, 0.2335873544216156, -0.12004874646663666]","[1, 1]",46.069559645,-0.06477127969264984,6.0,323.0,1747877443.4095564,3.0,,
324,"[0.4155350923538208, -0.21119791269302368, 0.029989412054419518]","[-0.8882486820220947, -0.7870057821273804, -0.6915066242218018, 0.35952019691467285]",False,"[0.406147837638855, -0.2752857804298401, 0.029999999329447746]","[[0.5435469746589661, -0.1634165495634079, 0.11312943696975708, 0.07997990399599075, 0.4155350923538208, -0.21119791269302368, 0.029989412054419518, 3.006728547916282e-06, -2.4504341126885265e-05, -1.4128427210380323e-05]]","[-0.04071199148893356, 0.12751129269599915, 0.2539578676223755, -0.21572265028953552, 0.13919606804847717, -0.0662478506565094]","[1, 1]",46.193555364,-0.06477171927690506,6.0,324.0,1747877443.5332973,4.0,,
325,"[0.4155350923538208, -0.21119746565818787, 0.029989412054419518]","[-0.9805639386177063, -0.6986909508705139, -0.8156704306602478, 0.29717493057250977]",False,"[0.406147837638855, -0.2752857804298401, 0.029999999329447746]","[[0.5064108371734619, -0.19510766863822937, 0.07627339661121368, 0.07999758422374725, 0.4155350923538208, -0.21119746565818787, 0.029989412054419518, 3.0067303669056855e-06, -2.4508342903573066e-05, -1.6952526493696496e-05]]","[-0.18035846948623657, 0.03158053755760193, 0.10253012180328369, -0.2844216823577881, 0.053574129939079285, -0.033817507326602936]","[1, 1]",46.318117031,-0.06477215886116028,6.0,325.0,1747877443.6573179,5.0,,
326,"[0.4155356287956238, -0.21119727194309235, 0.029989827424287796]","[-0.9896267056465149, -0.3634004592895508, -0.8143163919448853, 0.13717973232269287]",False,"[0.406147837638855, -0.2752857804298401, 0.029999999329447746]","[[0.4667953550815582, -0.21171140670776367, 0.03770812600851059, 0.0799996629357338, 0.4155356287956238, -0.21119727194309235, 0.029989827424287796, -2.173113688996864e-09, -5.776766101917019e-06, -1.7545069567859173e-05]]","[-0.0812559500336647, -0.16222935914993286, -0.18447092175483704, -0.4297115206718445, -0.16186264157295227, -0.16250509023666382]","[1, 1]",46.44316178,-0.06477243453264236,6.0,326.0,1747877443.781838,6.0,,
327,"[0.4154663383960724, -0.2110118865966797, 0.030013825744390488]","[-0.9785104393959045, 0.27660346031188965, -0.40571892261505127, 0.03405940532684326]",False,"[0.406147837638855, -0.2752857804298401, 0.029999999329447746]","[[0.4321308732032776, -0.2022605836391449, 0.021780919283628464, 0.07999861240386963, 0.4154663383960724, -0.2110118865966797, 0.030013825744390488, 7.112120101737673e-07, 0.000788592325989157, 0.0012860551942139864]]","[0.08637122809886932, -0.3065638840198517, -0.19469496607780457, -0.5764626860618591, -0.3968212902545929, -0.11944808065891266]","[1, 1]",46.568220246,-0.06494588404893875,6.0,327.0,1747877443.906891,7.0,,
328,"[0.4050982892513275, -0.21576696634292603, 0.029945673421025276]","[-0.4703916311264038, -0.7583324909210205, -0.09124207496643066, -0.6553206443786621]",False,"[0.406147837638855, -0.2752857804298401, 0.029999999329447746]","[[0.42072468996047974, -0.2227635234594345, 0.021679800003767014, 0.05500980466604233, 0.4050982892513275, -0.21576696634292603, 0.029945673421025276, -0.0008698973688296974, 0.0003872263478115201, 0.011966402642428875]]","[0.2957879602909088, -0.18965233862400055, -0.13577952980995178, -0.4509027302265167, -0.3994178771972656, -0.026195377111434937]","[1, 1]",46.693245464,-0.05952809378504753,6.0,328.0,1747877444.032001,8.0,,
329,"[0.5404934883117676, -0.08336334675550461, 0.029999999329447746]","[-0.3995133638381958, -0.8136857748031616, 0.015302181243896484, -0.6644337177276611]",True,"[0.6778377890586853, 0.20347905158996582, 0.029999999329447746]","[[0.6384396553039551, -2.194472251484947e-12, 0.19740013778209686, 0, 0.5404934883117676, -0.08336334675550461, 0.029999999329447746, 0, 0, 0]]","[0.28327447175979614, -0.18677127361297607, -0.15833711624145508, -0.44330543279647827, -0.49422088265419006, -0.06102617084980011]","[1, 1]",46.919021876,-0.032580144703388214,6.0,329.0,1747877444.1569886,9.0,,
330,"[0.5195195078849792, -0.19068120419979095, 0.02998952753841877]","[-0.9272133111953735, -0.3566032648086548, 0.9981582164764404, -0.8028972148895264]",False,"[0.5052189826965332, -0.2683979868888855, 0.029999999329447746]","[[0.5959216952323914, -0.014026709832251072, 0.1933971792459488, -2.358858175455225e-08, 0.5195195078849792, -0.19068120419979095, 0.02998952753841877, 3.005894996022107e-06, -2.0607802071026526e-05, -2.8306608328421135e-06]]","[0.06921286880970001, 0.05675092339515686, 0.513304591178894, 0.19938892126083374, -0.029242172837257385, -0.3219326138496399]","[1, 1]",47.048544105,-0.07902155071496964,7.0,330.0,1747877444.3826628,0.0,,
331,"[0.5195193886756897, -0.19068075716495514, 0.02998943440616131]","[-0.20789110660552979, -0.965324878692627, -0.7360905408859253, 0.8491644859313965]",False,"[0.5052189826965332, -0.2683979868888855, 0.029999999329447746]","[[0.6011664867401123, -0.046786338090896606, 0.18800827860832214, 0.07027395814657211, 0.5195193886756897, -0.19068075716495514, 0.02998943440616131, 3.0065698410908226e-06, -2.377380405960139e-05, -5.656060693581821e-06]]","[0.033999696373939514, -0.12610691785812378, 0.2220967710018158, 0.030385106801986694, 0.38093215227127075, -0.0074323564767837524]","[1, 1]",47.177759817,-0.07902196794748306,7.0,331.0,1747877444.5122516,1.0,,
332,"[0.5195193886756897, -0.19068029522895813, 0.029989415779709816]","[-0.3363771438598633, -0.8658831715583801, -0.5468207597732544, 0.5582606792449951]",False,"[0.5052189826965332, -0.2683979868888855, 0.029999999329447746]","[[0.5847655534744263, -0.08762522786855698, 0.15644985437393188, 0.07881751656532288, 0.5195193886756897, -0.19068029522895813, 0.029989415779709816, 3.006697852470097e-06, -2.43706217588624e-05, -8.480304131808225e-06]]","[-0.05081325024366379, -0.11089612543582916, 0.10865096747875214, 0.16828101873397827, 0.25782591104507446, -0.34114158153533936]","[1, 1]",47.306338793,-0.07902242243289948,7.0,332.0,1747877444.6414669,2.0,,
333,"[0.5195193886756897, -0.19067984819412231, 0.029989412054419518]","[-0.40132641792297363, -0.937086284160614, -0.7742198705673218, 0.5034549236297607]",False,"[0.5052189826965332, -0.2683979868888855, 0.029999999329447746]","[[0.5700944662094116, -0.12439780682325363, 0.12134391814470291, 0.07985623180866241, 0.5195193886756897, -0.19067984819412231, 0.029989412054419518, 3.006722863574396e-06, -2.4483129891450517e-05, -1.1304365216346923e-05]]","[-0.12193915992975235, -0.023443132638931274, 0.16632887721061707, 0.07615889608860016, 0.212589830160141, -0.12033343315124512]","[1, 1]",47.435517477,-0.0790228620171547,7.0,333.0,1747877444.7700431,3.0,,
334,"[0.5195199251174927, -0.1906796395778656, 0.029989812523126602]","[-0.6120118498802185, -0.9493560194969177, -0.7087679505348206, 0.34021782875061035]",False,"[0.5052189826965332, -0.2683979868888855, 0.029999999329447746]","[[0.5435409545898438, -0.16549259424209595, 0.08354483544826508, 0.07998251169919968, 0.5195199251174927, -0.1906796395778656, 0.029989812523126602, -1.2409009819691619e-08, -6.26488190391683e-06, -1.202778184961062e-05]]","[-0.12899437546730042, -0.002842724323272705, 0.22528335452079773, 0.007821515202522278, 0.06567814946174622, -0.09999697655439377]","[1, 1]",47.564152647,-0.07902316004037857,7.0,334.0,1747877444.8992174,4.0,,
335,"[0.5195200443267822, -0.1906796395778656, 0.029989950358867645]","[-0.6161797046661377, -0.5939794778823853, -0.8228306174278259, 0.05617499351501465]",False,"[0.5052189826965332, -0.2683979868888855, 0.029999999329447746]","[[0.5170648694038391, -0.19238533079624176, 0.044031161814928055, 0.07999785244464874, 0.5195200443267822, -0.1906796395778656, 0.029989950358867645, -6.2485026042224945e-09, -1.6290757685055723e-06, -1.2267541023902595e-05]]","[-0.12033960968255997, -0.059072285890579224, 0.21774683892726898, -0.04810035973787308, 0.005152590572834015, -0.05454135313630104]","[1, 1]",47.693365489,-0.07902318239212036,7.0,335.0,1747877445.027874,5.0,,
336,"[0.5158843398094177, -0.20830212533473969, 0.03212498873472214]","[-0.19879591464996338, -0.8716208338737488, -0.07368248701095581, -0.8690361976623535]",False,"[0.5052189826965332, -0.2683979868888855, 0.029999999329447746]","[[0.5087828040122986, -0.21867035329341888, 0.035504300147295, 0.056603118777275085, 0.5158843398094177, -0.20830212533473969, 0.03212498873472214, 0.0016062776558101177, -0.010155582800507545, 0.01627875305712223]]","[-0.07140197604894638, 0.0020289719104766846, 0.09978914260864258, 0.007828056812286377, -0.10975924134254456, 0.120908722281456]","[1, 1]",47.823206732,-0.06107191741466522,7.0,336.0,1747877445.157045,6.0,,
337,"[0.5712852478027344, -0.18921399116516113, 0.029999999329447746]","[-0.3727629780769348, -0.8989084362983704, 0.20739388465881348, -0.8425458073616028]",True,"[0.5450943112373352, 0.0769144743680954, 0.029999999329447746]","[[0.6384396553039551, -2.194472251484947e-12, 0.19740013778209686, 0, 0.5712852478027344, -0.18921399116516113, 0.029999999329447746, 0, 0, 0]]","[-0.015145577490329742, -0.17398914694786072, 0.0034526288509368896, -0.23421159386634827, -0.15000617504119873, -0.12863945960998535]","[1, 1]",48.050605783,-0.018745984882116318,7.0,337.0,1747877445.2869012,7.0,,
338,"[0.5973483920097351, 0.2584591507911682, 0.02998952753841877]","[0.7634469270706177, -0.6804677248001099, 0.33693480491638184, 0.7949261665344238]",False,"[0.6213891506195068, 0.0963556095957756, 0.029999999329447746]","[[0.6575391292572021, -0.021045459434390068, 0.20177538692951202, 0.06982824951410294, 0.5973483920097351, 0.2584591507911682, 0.02998952753841877, 3.005894996022107e-06, -2.0607802071026526e-05, -2.8306608328421135e-06]]","[0.27873802185058594, 0.06542554497718811, 0.48645809292793274, 0.3546375334262848, 0.15909740328788757, -0.20959977805614471]","[1, 1]",48.177857771,-0.1638765186071396,8.0,338.0,1747877445.5142608,0.0,,
339,"[0.5973482728004456, 0.25845959782600403, 0.02998943440616131]","[-0.22723793983459473, 0.9565379619598389, 0.21549415588378906, 0.712498664855957]",False,"[0.6213891506195068, 0.0963556095957756, 0.029999999329447746]","[[0.6514585018157959, -0.024920912459492683, 0.2093866616487503, 0.07876335829496384, 0.5973482728004456, 0.25845959782600403, 0.02998943440616131, 3.0065698410908226e-06, -2.377380405960139e-05, -5.656060693581821e-06]]","[0.17008134722709656, -0.06553898751735687, 0.3467065095901489, 0.3620060682296753, 0.03202173113822937, -0.1702098399400711]","[1, 1]",48.304959601,-0.1638769805431366,8.0,339.0,1747877445.641576,1.0,,
340,"[0.5973482131958008, 0.25846004486083984, 0.029989415779709816]","[-0.30869126319885254, 0.9671533107757568, 0.12168741226196289, 0.7770185470581055]",False,"[0.6213891506195068, 0.0963556095957756, 0.029999999329447746]","[[0.6424044370651245, 0.013516022823750973, 0.21486493945121765, 0.07984965294599533, 0.5973482131958008, 0.25846004486083984, 0.029989415779709816, 3.006697852470097e-06, -2.43706217588624e-05, -8.480304131808225e-06]]","[0.0397472158074379, 0.08972916007041931, 0.3777862787246704, 0.4988866448402405, 0.1125258207321167, -0.10685749351978302]","[1, 1]",48.434984342999996,-0.1638774424791336,8.0,340.0,1747877445.76864,2.0,,
341,"[0.5973482131958008, 0.25846049189567566, 0.029989412054419518]","[-0.539648175239563, 0.9683185815811157, -0.0027034878730773926, 0.6581411361694336]",False,"[0.6213891506195068, 0.0963556095957756, 0.029999999329447746]","[[0.6250584125518799, 0.057389020919799805, 0.21523816883563995, 0.0799817442893982, 0.5973482131958008, 0.25846049189567566, 0.029989412054419518, 3.006722863574396e-06, -2.4483129891450517e-05, -1.1304365216346923e-05]]","[0.043447867035865784, 0.16324570775032043, 0.34088900685310364, 0.4592403769493103, 0.09950302541255951, -0.17013734579086304]","[1, 1]",48.566197833,-0.16387787461280823,8.0,341.0,1747877445.8986268,3.0,,
342,"[0.5973482131958008, 0.2584609389305115, 0.029989412054419518]","[-0.5711024403572083, 0.9588606357574463, -0.3400176763534546, 0.5630059242248535]",False,"[0.6213891506195068, 0.0963556095957756, 0.029999999329447746]","[[0.6064216494560242, 0.09994113445281982, 0.20246876776218414, 0.07999785989522934, 0.5973482131958008, 0.2584609389305115, 0.029989412054419518, 3.006728547916282e-06, -2.4504341126885265e-05, -1.4128427210380323e-05]]","[0.1031530499458313, 0.19384661316871643, 0.2256583422422409, 0.38668128848075867, 0.1764732003211975, -0.36354392766952515]","[1, 1]",48.694895758,-0.16387832164764404,8.0,342.0,1747877446.0299072,4.0,,
343,"[0.597348153591156, 0.2584613859653473, 0.029989412054419518]","[-0.3257312774658203, 0.9563088417053223, -0.6107796430587769, 0.43748605251312256]",False,"[0.6213891506195068, 0.0963556095957756, 0.029999999329447746]","[[0.5938552618026733, 0.14222759008407593, 0.17672984302043915, 0.07999976724386215, 0.597348153591156, 0.2584613859653473, 0.029989412054419518, 3.0067303669056855e-06, -2.4508342903573066e-05, -1.6952526493696496e-05]]","[-0.011977367103099823, 0.18127453327178955, 0.1470513641834259, 0.23752686381340027, 0.1981257200241089, -0.09215395152568817]","[1, 1]",48.823576301,-0.16387876868247986,8.0,343.0,1747877446.1585283,5.0,,
344,"[0.597348153591156, 0.2584618628025055, 0.029989412054419518]","[0.11513066291809082, 0.9620070457458496, -0.5793825387954712, 0.36094701290130615]",False,"[0.6213891506195068, 0.0963556095957756, 0.029999999329447746]","[[0.5931686162948608, 0.18247589468955994, 0.1462150514125824, 0.0799999088048935, 0.597348153591156, 0.2584618628025055, 0.029989412054419518, 3.006731731147738e-06, -2.4509101422154345e-05, -1.9776665794779547e-05]]","[-0.05865059047937393, 0.1909847855567932, 0.04129183292388916, 0.18651816248893738, 0.23720642924308777, 0.014446482062339783]","[1, 1]",48.951939858,-0.16387924551963806,8.0,344.0,1747877446.2872767,6.0,,
345,"[0.597348153591156, 0.2584623098373413, 0.029989412054419518]","[0.2123197317123413, 0.9626195430755615, -0.6088637113571167, 0.39441394805908203]",False,"[0.6213891506195068, 0.0963556095957756, 0.029999999329447746]","[[0.5952407121658325, 0.21990570425987244, 0.11345023661851883, 0.07999998331069946, 0.597348153591156, 0.2584623098373413, 0.029989412054419518, 3.0067328680161154e-06, -2.4509246941306628e-05, -2.2600850570597686e-05]]","[-0.09761516004800797, 0.21667292714118958, -0.014073103666305542, 0.07871225476264954, 0.21637919545173645, -0.00036785006523132324]","[1, 1]",49.080899817,-0.16387969255447388,8.0,345.0,1747877446.415665,7.0,,
346,"[0.5973487496376038, 0.25846242904663086, 0.029989860951900482]","[0.2601550817489624, 0.915858268737793, -0.9512791037559509, 0.2131965160369873]",False,"[0.6213891506195068, 0.0963556095957756, 0.029999999329447746]","[[0.599853515625, 0.25537240505218506, 0.07251644134521484, 0.08000000566244125, 0.5973487496376038, 0.25846242904663086, 0.029989860951900482, -1.2741640631475093e-08, -4.628038823284442e-06, -2.287488132424187e-05]]","[0.022801078855991364, 0.1563052237033844, 0.008258312940597534, -0.12964454293251038, 0.09027576446533203, 0.08166079223155975]","[1, 1]",49.210790706,-0.16387972235679626,8.0,346.0,1747877446.5445974,8.0,,
347,"[0.5973944067955017, 0.25795212388038635, 0.029991300776600838]","[0.19691693782806396, -0.2482345700263977, -0.9061426520347595, -0.06294792890548706]",False,"[0.6213891506195068, 0.0963556095957756, 0.029999999329447746]","[[0.5971290469169617, 0.25137439370155334, 0.022035881876945496, 0.07455917447805405, 0.5973944067955017, 0.25795212388038635, 0.029991300776600838, -9.092460095416754e-05, 0.0006681695231236517, 0.0057471562176942825]]","[0.27560359239578247, 0.2323145568370819, -0.1532476544380188, -0.17994844913482666, -0.07214627414941788, 0.16085921227931976]","[1, 1]",49.342740973,-0.16336823999881744,8.0,347.0,1747877446.674484,9.0,,
348,"[0.5918312072753906, 0.23047946393489838, 0.036508720368146896]","[-0.02133476734161377, -0.952756941318512, 0.6184996366500854, -0.8024611473083496]",False,"[0.6213891506195068, 0.0963556095957756, 0.029999999329447746]","[[0.5900025963783264, 0.2221214324235916, 0.02784217894077301, 0.0575324185192585, 0.5918312072753906, 0.23047946393489838, 0.036508720368146896, -0.008838349021971226, 0.013980715535581112, 0.03702237457036972]]","[0.526117205619812, 0.406775563955307, 0.126089408993721, -0.2146117091178894, -0.30501317977905273, 0.16742560267448425]","[1, 1]",49.474073817,-0.13749633729457855,8.0,348.0,1747877446.8064291,10.0,,
349,"[0.5959351062774658, 0.1788027286529541, 0.05039972439408302]","[-0.07905805110931396, -0.9635237455368042, 0.3728303909301758, -0.6305782794952393]",False,"[0.6213891506195068, 0.0963556095957756, 0.029999999329447746]","[[0.5945620536804199, 0.17936842143535614, 0.0421038456261158, 0.05627649649977684, 0.5959351062774658, 0.1788027286529541, 0.05039972439408302, -0.003808809444308281, -0.012902014888823032, 0.01754891127347946]]","[0.7111319899559021, 0.4148084223270416, 0.14081314206123352, -0.27462953329086304, -0.22401773929595947, 0.26728248596191406]","[1, 1]",49.605286082,-0.08866557478904724,8.0,349.0,1747877446.937787,11.0,,
350,"[0.4492824077606201, 0.2755987048149109, 0.029999999329447746]","[0.05496537685394287, -0.9332360029220581, -0.24464201927185059, -0.3444470167160034]",True,"[0.6119675636291504, -0.18949589133262634, 0.029999999329447746]","[[0.6384396553039551, -2.194472251484947e-12, 0.19740013778209686, 0, 0.4492824077606201, 0.2755987048149109, 0.029999999329447746, 0, 0, 0]]","[0.7306814789772034, 0.059188276529312134, 0.08884681761264801, -0.429634690284729, -0.24093514680862427, 0.22738634049892426]","[1, 1]",49.834519198,-0.043348945677280426,8.0,350.0,1747877447.0689976,12.0,,
351,"[0.6942639350891113, -0.2983357608318329, 0.02998952753841877]","[-0.995432436466217, 0.9848108291625977, -0.5253360867500305, -0.9047485589981079]",False,"[0.42273128032684326, 0.062171511352062225, 0.029999999329447746]","[[0.6117907166481018, 0.02397342398762703, 0.1800164133310318, 2.357753992043854e-08, 0.6942639350891113, -0.2983357608318329, 0.02998952753841877, 3.005894996022107e-06, -2.0607802071026526e-05, -2.8306608328421135e-06]]","[0.035525932908058167, -0.35563981533050537, 0.37034744024276733, 0.3956855535507202, -0.17628943920135498, -0.14295919239521027]","[1, 1]",49.964063382,-0.4513263404369354,9.0,351.0,1747877447.298132,0.0,,
352,"[0.6942638158798218, -0.29833531379699707, 0.02998943440616131]","[0.7130372524261475, -0.9996833801269531, 0.9901413917541504, 0.27571892738342285]",False,"[0.42273128032684326, 0.062171511352062225, 0.029999999329447746]","[[0.5996143221855164, 0.04879886656999588, 0.18050870299339294, 0.024219855666160583, 0.6942638158798218, -0.29833531379699707, 0.02998943440616131, 3.0065698410908226e-06, -2.377380405960139e-05, -5.656060693581821e-06]]","[0.11028590798377991, -0.029084712266921997, 0.2588680386543274, 0.20564204454421997, 0.20705267786979675, -0.182786226272583]","[1, 1]",50.092990425,-0.451325923204422,9.0,352.0,1747877447.4277835,1.0,,
354,"[0.694263756275177, -0.29833441972732544, 0.029989412054419518]","[0.6062251329421997, -0.9883578419685364, 0.13683593273162842, 0.32285213470458984]",False,"[0.42273128032684326, 0.062171511352062225, 0.029999999329447746]","[[0.6515200734138489, -0.02330404706299305, 0.2230335921049118, 0.0770648866891861, 0.694263756275177, -0.29833441972732544, 0.029989412054419518, 3.006722863574396e-06, -2.4483129891450517e-05, -1.1304365216346923e-05]]","[-0.05422068387269974, 0.29366156458854675, 0.3544810712337494, 0.20729860663414001, 0.12866126000881195, -0.3717004060745239]","[1, 1]",50.348881392,-0.4513251781463623,9.0,354.0,1747877447.6854362,3.0,,
355,"[0.694263756275177, -0.2983339726924896, 0.029989412054419518]","[0.5077981948852539, -0.986678421497345, -0.070770263671875, 0.29586172103881836]",False,"[0.42273128032684326, 0.062171511352062225, 0.029999999329447746]","[[0.6648491621017456, -0.06418445706367493, 0.21726396679878235, 0.07964316010475159, 0.694263756275177, -0.2983339726924896, 0.029989412054419518, 3.006728547916282e-06, -2.4504341126885265e-05, -1.4128427210380323e-05]]","[-0.1180466040968895, 0.24132606387138367, 0.2790185511112213, 0.016989290714263916, 0.21411055326461792, -0.253909170627594]","[1, 1]",50.474679562,-0.45132482051849365,9.0,355.0,1747877447.812556,4.0,,
356,"[0.694263756275177, -0.2983334958553314, 0.029989412054419518]","[0.47747135162353516, -0.9834699630737305, -0.041154682636260986, 0.28365349769592285]",False,"[0.42273128032684326, 0.062171511352062225, 0.029999999329447746]","[[0.6759838461875916, -0.10542327165603638, 0.21320268511772156, 0.07995665818452835, 0.694263756275177, -0.2983334958553314, 0.029989412054419518, 3.0067303669056855e-06, -2.4508342903573066e-05, -1.6952526493696496e-05]]","[-0.18308553099632263, 0.14259383082389832, 0.1973644495010376, -0.0789756178855896, 0.16360774636268616, -0.13509076833724976]","[1, 1]",50.598696953,-0.4513244330883026,9.0,356.0,1747877447.9383872,5.0,,
357,"[0.6942636966705322, -0.2983330488204956, 0.029989412054419518]","[0.32835662364959717, -0.9794274568557739, -0.10848063230514526, 0.34441709518432617]",False,"[0.42273128032684326, 0.062171511352062225, 0.029999999329447746]","[[0.6818872094154358, -0.1455046534538269, 0.2063150405883789, 0.07999467104673386, 0.6942636966705322, -0.2983330488204956, 0.029989412054419518, 3.006731731147738e-06, -2.4509101422154345e-05, -1.9776665794779547e-05]]","[-0.19086498022079468, -0.06806933879852295, 0.0677807629108429, -0.190773144364357, 0.07904404401779175, -0.001269616186618805]","[1, 1]",50.721638609,-0.4513240456581116,9.0,357.0,1747877448.0623882,6.0,,
358,"[0.6942636966705322, -0.2983326017856598, 0.029989412054419518]","[0.1507413387298584, -0.979568600654602, -0.11863654851913452, 0.38847553730010986]",False,"[0.42273128032684326, 0.062171511352062225, 0.029999999329447746]","[[0.6818726658821106, -0.18548575043678284, 0.19912998378276825, 0.07999935746192932, 0.6942636966705322, -0.2983326017856598, 0.029989412054419518, 3.0067328680161154e-06, -2.4509246941306628e-05, -2.2600850570597686e-05]]","[-0.1310921311378479, -0.1842634379863739, 0.03871157765388489, -0.2425626516342163, -0.045119330286979675, 0.029155850410461426]","[1, 1]",50.844326405,-0.4513236880302429,9.0,358.0,1747877448.185352,7.0,,
359,"[0.6942636966705322, -0.298332154750824, 0.029989412054419518]","[-0.13342595100402832, -0.982871949672699, -0.5218313932418823, 0.3970675468444824]",False,"[0.42273128032684326, 0.062171511352062225, 0.029999999329447746]","[[0.6744935512542725, -0.22690097987651825, 0.17739516496658325, 0.0799999088048935, 0.6942636966705322, -0.298332154750824, 0.029989412054419518, 3.006733777510817e-06, -2.450927786412649e-05, -2.542507900216151e-05]]","[0.06687037646770477, -0.358110636472702, -0.07577502727508545, -0.29680314660072327, -0.14065197110176086, -0.027313917875289917]","[1, 1]",50.9662892,-0.45132333040237427,9.0,359.0,1747877448.308039,8.0,,
360,"[0.6942636370658875, -0.29833170771598816, 0.029989412054419518]","[0.30863988399505615, -0.9899251461029053, -0.9526538848876953, 0.515099287033081]",False,"[0.42273128032684326, 0.062171511352062225, 0.029999999329447746]","[[0.6758164167404175, -0.267353892326355, 0.13771504163742065, 0.07999996840953827, 0.6942636370658875, -0.29833170771598816, 0.029989412054419518, 3.0067349143791944e-06, -2.4509286959073506e-05, -2.824935108947102e-05]]","[0.1429990828037262, -0.31756532192230225, -0.1353268325328827, -0.21957671642303467, -0.09964148700237274, -0.04430471360683441]","[1, 1]",51.0890661,-0.4513229429721832,9.0,360.0,1747877448.430005,9.0,,
361,"[0.6942641139030457, -0.2983313798904419, 0.029989713802933693]","[0.515784502029419, -0.8758372068405151, -0.9930282831192017, 0.46136319637298584]",False,"[0.42273128032684326, 0.062171511352062225, 0.029999999329447746]","[[0.6757571697235107, -0.2967100143432617, 0.08298902213573456, 0.07999999076128006, 0.6942641139030457, -0.2983313798904419, 0.029989713802933693, -1.4711134532774395e-08, -9.625973689253442e-06, -2.9719434678554535e-05]]","[0.2183665633201599, -0.4225514829158783, -0.21766498684883118, -0.21059615910053253, -0.21498796343803406, -0.1357223242521286]","[1, 1]",51.212119011,-0.4513229429721832,9.0,361.0,1747877448.5528734,10.0,,
362,"[0.6942643523216248, -0.2983313798904419, 0.029989929869771004]","[0.8625177145004272, 0.1069105863571167, -0.9956774115562439, -0.023672819137573242]",False,"[0.42273128032684326, 0.062171511352062225, 0.029999999329447746]","[[0.6831895709037781, -0.2938123047351837, 0.02444814331829548, 0.07792052626609802, 0.6942643523216248, -0.2983313798904419, 0.029989929869771004, -7.912288602085482e-09, -2.4223966192948865e-06, -2.9967184673296288e-05]]","[0.09509942680597305, -0.5439571142196655, -0.2607788145542145, 0.07282884418964386, -0.24937745928764343, 0.0011174455285072327]","[1, 1]",51.337752791,-0.45132309198379517,9.0,362.0,1747877448.6758282,11.0,,
363,"[0.6730709075927734, -0.27407148480415344, 0.035935189574956894]","[-0.9892763495445251, 0.9829695224761963, 0.9644300937652588, -0.9934759140014648]",False,"[0.42273128032684326, 0.062171511352062225, 0.029999999329447746]","[[0.6613682508468628, -0.265388548374176, 0.02739761397242546, 0.05645102262496948, 0.6730709075927734, -0.27407148480415344, 0.035935189574956894, 0.00012988100934308022, 0.04883628711104393, 0.01938885636627674]]","[0.16973084211349487, -0.6785222291946411, -0.27209582924842834, -0.2606172263622284, -0.6600271463394165, 0.18939991295337677]","[1, 1]",51.463221707,-0.4192427694797516,9.0,363.0,1747877448.8014545,12.0,,
364,"[0.6443358063697815, -0.23708005249500275, 0.054935432970523834]","[-0.9828776121139526, 0.9953279495239258, 0.990778923034668, -0.9945391416549683]",False,"[0.42273128032684326, 0.062171511352062225, 0.029999999329447746]","[[0.6322168707847595, -0.2296200841665268, 0.046334199607372284, 0.05658212676644325, 0.6443358063697815, -0.23708005249500275, 0.054935432970523834, 0.01777242124080658, 0.049009788781404495, 0.00608714809641242]]","[0.2478809356689453, -0.625231146812439, -0.1324809193611145, -0.2293040156364441, -0.6865833401679993, 0.050832733511924744]","[1, 1]",51.588860198,-0.3732048273086548,9.0,364.0,1747877448.9269223,13.0,,
365,"[0.6132895350456238, -0.20104894042015076, 0.07979129999876022]","[-0.9920823574066162, 0.9847441911697388, 0.9811925888061523, -0.9406378269195557]",False,"[0.42273128032684326, 0.062171511352062225, 0.029999999329447746]","[[0.6015464067459106, -0.19382351636886597, 0.07088617235422134, 0.057519372552633286, 0.6132895350456238, -0.20104894042015076, 0.07979129999876022, 0.009911214001476765, 0.03173229098320007, 0.004969283472746611]]","[0.29320111870765686, -0.7941017150878906, -0.10407572984695435, -0.24709975719451904, -0.5595909357070923, 0.0399651825428009]","[1, 1]",51.715921392,-0.3287501037120819,9.0,365.0,1747877449.0525482,14.0,,
366,"[0.5807703733444214, -0.1608581691980362, 0.1041717678308487]","[-0.9905651211738586, 0.9853014945983887, 0.809138298034668, -0.8644012808799744]",False,"[0.42273128032684326, 0.062171511352062225, 0.029999999329447746]","[[0.569006085395813, -0.15558888018131256, 0.09529844671487808, 0.05836625397205353, 0.5807703733444214, -0.1608581691980362, 0.1041717678308487, 0.0052041602320969105, 0.01743738353252411, 0.005693200044333935]]","[0.6610786318778992, -1.1479140520095825, -0.0028318166732788086, -0.7318019866943359, -0.4890356659889221, 0.32216954231262207]","[1, 1]",51.845189525,-0.2832314372062683,9.0,366.0,1747877449.1796155,15.0,,
367,"[0.5551038980484009, -0.12011080980300903, 0.11170834302902222]","[-0.9869298338890076, 0.995002269744873, 0.0019327402114868164, -0.9215484261512756]",False,"[0.42273128032684326, 0.062171511352062225, 0.029999999329447746]","[[0.5441572070121765, -0.11764790117740631, 0.10395023971796036, 0.05863690376281738, 0.5551038980484009, -0.12011080980300903, 0.11170834302902222, -0.0020624566823244095, -0.021283868700265884, 0.006012737285345793]]","[0.9049509167671204, -1.1322330236434937, -0.106692373752594, -0.7888525724411011, -0.4529867172241211, 0.2959901690483093]","[1, 1]",51.976127254,-0.2396364063024521,9.0,367.0,1747877449.3088887,16.0,,
368,"[0.5218880772590637, -0.07903057336807251, 0.08045368641614914]","[-0.9621642231941223, 0.9969427585601807, -0.7142184972763062, -0.8650676608085632]",False,"[0.42273128032684326, 0.062171511352062225, 0.029999999329447746]","[[0.511684000492096, -0.07669837772846222, 0.07385256141424179, 0.05873393639922142, 0.5218880772590637, -0.07903057336807251, 0.08045368641614914, 0.0005091147613711655, -0.005690041929483414, 0.007947861216962337]]","[1.2194710969924927, -1.03592848777771, -0.11016964912414551, -0.8014921545982361, -0.29854902625083923, 0.17003774642944336]","[1, 1]",52.106704025,-0.17976559698581696,9.0,368.0,1747877449.4398344,17.0,,
369,"[0.4825371503829956, -0.039661552757024765, 0.03978342562913895]","[-0.9130043387413025, 0.9900062084197998, -0.80833500623703, -0.7516942024230957]",False,"[0.42273128032684326, 0.062171511352062225, 0.029999999329447746]","[[0.4719092547893524, -0.035821158438920975, 0.033597588539123535, 0.05875334143638611, 0.4825371503829956, -0.039661552757024765, 0.03978342562913895, 0.0019776064436882734, 0.012579069472849369, 0.007083397824317217]]","[1.2434028387069702, -1.2228657007217407, -0.18098226189613342, -0.8096893429756165, -0.12886261940002441, 0.02266518771648407]","[1, 1]",52.236728686,-0.11850075423717499,9.0,369.0,1747877449.5703967,18.0,,
370,"[0.46042269468307495, -0.00599274318665266, 0.03203223645687103]","[-0.5710183382034302, 0.9443657398223877, -0.1303238868713379, -0.8783820271492004]",False,"[0.42273128032684326, 0.062171511352062225, 0.029999999329447746]","[[0.4479496479034424, 0.00040388538036495447, 0.023251613602042198, 0.0560133270919323, 0.46042269468307495, -0.00599274318665266, 0.03203223645687103, -0.016576331108808517, -0.007752174977213144, -0.005543851759284735]]","[0.8728225827217102, -0.9761228561401367, 0.11010503768920898, -0.232253298163414, 0.05955621600151062, -0.22740133106708527]","[1, 1]",52.366652341,-0.07791750133037567,9.0,370.0,1747877449.7004466,19.0,,
371,"[0.6026185750961304, 0.27344179153442383, 0.029999999329447746]","[-0.2871425747871399, 0.7487832307815552, -0.03965109586715698, -0.5814725160598755]",True,"[0.6543101668357849, 0.2984130084514618, 0.029999999329447746]","[[0.6384396553039551, -2.194472251484947e-12, 0.19740013778209686, 0, 0.6026185750961304, 0.27344179153442383, 0.029999999329447746, 0, 0, 0]]","[0.8984768986701965, -0.9846775531768799, 0.012595295906066895, -0.06814377754926682, 0.20834293961524963, -0.15040172636508942]","[1, 1]",52.778950591,-0.04913335293531418,9.0,371.0,1747877449.830339,20.0,,
372,"[0.6810458898544312, -0.08661708235740662, 0.02998952753841877]","[-0.6973158121109009, 0.4350132942199707, -0.7249284982681274, 0.292665958404541]",False,"[0.48306629061698914, 0.04242882505059242, 0.029999999329447746]","[[0.6214901804924011, 0.016349392011761665, 0.17079219222068787, 0.025708958506584167, 0.6810458898544312, -0.08661708235740662, 0.02998952753841877, 3.005894996022107e-06, -2.0607802071026526e-05, -2.8306608328421135e-06]]","[0.12441182881593704, -0.34811097383499146, 0.2879563570022583, 0.24639266729354858, 0.0012335032224655151, -0.08518233895301819]","[1, 10]",52.912602201,-0.23632344603538513,0.0,372.0,1747877450.2426457,0.0,,
373,"[0.6810457706451416, -0.0866166353225708, 0.02998943440616131]","[0.659611701965332, -0.9550083875656128, -0.5635511875152588, 0.7297923564910889]",False,"[0.48306629061698914, 0.04242882505059242, 0.029999999329447746]","[[0.6370603442192078, 0.005771503783762455, 0.1400705724954605, 0.07339946925640106, 0.6810457706451416, -0.0866166353225708, 0.02998943440616131, 3.006569613717147e-06, -2.377380405960139e-05, -5.656060693581821e-06]]","[0.27291935682296753, -0.08006033301353455, 0.24879829585552216, 0.2862960696220398, 0.29844826459884644, 0.07513290643692017]","[1, 10]",53.041477873,-0.23632310330867767,0.0,373.0,1747877450.3763154,1.0,,
374,"[0.6810457110404968, -0.08661618828773499, 0.029989415779709816]","[0.7526293992996216, -0.9723897576332092, 0.13032805919647217, 0.6019425392150879]",False,"[0.48306629061698914, 0.04242882505059242, 0.029999999329447746]","[[0.651945948600769, -0.03736128658056259, 0.12072128057479858, 0.07919752597808838, 0.6810457110404968, -0.08661618828773499, 0.029989415779709816, 3.006697852470097e-06, -2.43706217588624e-05, -8.480304131808225e-06]]","[0.1350977122783661, 0.23543760180473328, 0.31580355763435364, 0.2253638505935669, 0.21057531237602234, -0.2488359659910202]","[1, 10]",53.171314622,-0.2363228052854538,0.0,374.0,1747877450.505136,2.0,,
375,"[0.6810461282730103, -0.08661584556102753, 0.029989687725901604]","[0.7195358276367188, -0.9342713952064514, -0.9604265689849854, 0.40547800064086914]",False,"[0.48306629061698914, 0.04242882505059242, 0.029999999329447746]","[[0.6797887682914734, -0.07633261382579803, 0.0923260748386383, 0.07990240305662155, 0.6810461282730103, -0.08661584556102753, 0.029989687725901604, -1.4255256530759652e-08, -1.0456227755639702e-05, -1.0091615877172444e-05]]","[0.1635216474533081, 0.15544584393501282, 0.18060147762298584, 0.2814456820487976, 0.3436048626899719, -0.003791436553001404]","[1, 10]",53.298932129,-0.23632296919822693,0.0,375.0,1747877450.63502,3.0,,
376,"[0.6810463666915894, -0.08661583811044693, 0.0299899373203516]","[0.5720852613449097, -0.12987267971038818, -0.9795590043067932, 0.03920698165893555]",False,"[0.48306629061698914, 0.04242882505059242, 0.029999999329447746]","[[0.6857685446739197, -0.08290995657444, 0.03839642554521561, 0.07998815178871155, 0.6810463666915894, -0.08661583811044693, 0.0299899373203516, -2.1831259022775384e-09, -2.1073797142889816e-06, -1.0232582098979037e-05]]","[-0.05620289593935013, 0.012519150972366333, 0.011897474527359009, 0.2513187527656555, 0.2980893552303314, 0.024386532604694366]","[1, 10]",53.426432007,-0.23632317781448364,0.0,376.0,1747877450.762646,4.0,,
377,"[0.6762781739234924, -0.0832703560590744, 0.03142668679356575]","[-0.4597811698913574, 0.9697165489196777, 0.5049697160720825, -0.7260122299194336]",False,"[0.48306629061698914, 0.04242882505059242, 0.029999999329447746]","[[0.6634876728057861, -0.06895385682582855, 0.024886198341846466, 0.05338557809591293, 0.6762781739234924, -0.0832703560590744, 0.03142668679356575, -0.009934133850038052, 0.03847656771540642, -0.06537734717130661]]","[-0.5547102093696594, 0.12393081188201904, 0.03342607617378235, 0.37310701608657837, -0.16613887250423431, -0.23114249110221863]","[1, 10]",53.555593528,-0.2305063009262085,0.0,377.0,1747877450.890126,5.0,,
378,"[0.6567471623420715, -0.06309953331947327, 0.03629084303975105]","[-0.8163766860961914, 0.9037106037139893, 0.7648012638092041, -0.7412283420562744]",False,"[0.48306629061698914, 0.04242882505059242, 0.029999999329447746]","[[0.6359075307846069, -0.04801568761467934, 0.03374568000435829, 0.05094929412007332, 0.6567471623420715, -0.06309953331947327, 0.03629084303975105, -0.018874406814575195, 0.1934264898300171, -0.023110277950763702]]","[-0.6035389304161072, -0.08934548497200012, 0.01679164171218872, 0.17316991090774536, -0.24660110473632812, -0.19416914880275726]","[1, 10]",53.685320418,-0.20332451164722443,0.0,378.0,1747877451.0192869,6.0,,
379,"[0.6290556192398071, -0.02937188930809498, 0.041595157235860825]","[-0.9417562484741211, 0.7298316955566406, 0.6058899164199829, -0.7096620798110962]",False,"[0.48306629061698914, 0.04242882505059242, 0.029999999329447746]","[[0.602243959903717, -0.01820981130003929, 0.047066830098629, 0.052072808146476746, 0.6290556192398071, -0.02937188930809498, 0.041595157235860825, -0.04852407053112984, 0.47654417157173157, -0.06817471235990524]]","[-0.5386029481887817, -0.21569353342056274, 0.05413335561752319, -0.054527994245290756, -0.3947440981864929, -0.16332146525382996]","[1, 10]",53.815503932,-0.16310326755046844,0.0,379.0,1747877451.1490428,7.0,,
380,"[0.6033725142478943, 0.001570223132148385, 0.03904937952756882]","[-0.9915512800216675, 0.06854307651519775, -0.2964906692504883, -0.532711386680603]",False,"[0.48306629061698914, 0.04242882505059242, 0.029999999329447746]","[[0.5754393339157104, -0.01397193968296051, 0.04198913276195526, 0.05138792097568512, 0.6033725142478943, 0.001570223132148385, 0.03904937952756882, 0.0010562726529315114, 0.3847143352031708, 0.006444252096116543]]","[-0.2612153887748718, -0.2617356777191162, 0.06266570091247559, -0.13596880435943604, -0.40125226974487305, -0.09369716048240662]","[1, 10]",53.945249277,-0.12737703323364258,0.0,380.0,1747877451.2792199,8.0,,
381,"[0.5741151571273804, 0.01568649150431156, 0.029503734782338142]","[-0.9834909439086914, 0.2402404546737671, 0.10556948184967041, -0.4292105436325073]",False,"[0.48306629061698914, 0.04242882505059242, 0.029999999329447746]","[[0.5298061370849609, -0.00322046154178679, 0.02928580529987812, 0.02399780973792076, 0.5741151571273804, 0.01568649150431156, 0.029503734782338142, -0.016884155571460724, -0.03139593079686165, 0.209439218044281]]","[-0.03667668253183365, -0.3259742259979248, 0.100670725107193, -0.2972608208656311, -0.3767913579940796, -0.10797859728336334]","[1, 10]",54.073936956,-0.09489624202251434,0.0,381.0,1747877451.408924,9.0,,
382,"[0.5576145052909851, 0.02669290080666542, 0.032231405377388]","[-0.18900197744369507, 0.8351421356201172, 0.9404027462005615, -0.5614112615585327]",False,"[0.48306629061698914, 0.04242882505059242, 0.029999999329447746]","[[0.5085523128509521, 0.02269403263926506, 0.03978092223405838, 0.00291661499068141, 0.5576145052909851, 0.02669290080666542, 0.032231405377388, 0.005940471775829792, -0.03296198695898056, 0.2489030808210373]]","[0.0823717936873436, -0.2340853363275528, 0.05370357632637024, -0.2899373471736908, -0.4106970429420471, 0.040698401629924774]","[1, 10]",54.20153408,-0.07622359693050385,0.0,382.0,1747877451.537641,10.0,,
383,"[0.5480180978775024, 0.035825397819280624, 0.029945986345410347]","[-0.020509064197540283, 0.45722687244415283, 0.9901645183563232, -0.3767200708389282]",False,"[0.48306629061698914, 0.04242882505059242, 0.029999999329447746]","[[0.5073973536491394, 0.0424162894487381, 0.07289072871208191, 0.0003548225504346192, 0.5480180978775024, 0.035825397819280624, 0.029945986345410347, -0.001366952434182167, -0.001456585363484919, 0.1403852254152298]]","[0.1306997835636139, -0.13706248998641968, -0.01087692379951477, -0.06363329291343689, -0.44500532746315, -0.1634172797203064]","[1, 10]",54.330250301,-0.06528665125370026,0.0,383.0,1747877451.665249,11.0,,
384,"[0.5440897345542908, 0.03848535940051079, 0.029981704428792]","[0.20551514625549316, -0.500959038734436, 0.6330623626708984, 0.8392380475997925]",False,"[0.48306629061698914, 0.04242882505059242, 0.029999999329447746]","[[0.5164170861244202, 0.025761811062693596, 0.09930419921875, 0.07031656801700592, 0.5440897345542908, 0.03848535940051079, 0.029981704428792, -0.0002584572939667851, -0.00027435741503722966, 0.09662513434886932]]","[0.4171198010444641, -0.4289858937263489, -0.21017363667488098, -0.3851260542869568, -0.48258501291275024, 0.15796305239200592]","[1, 10]",54.458597231,-0.061150744557380676,0.0,384.0,1747877451.7939572,12.0,,
385,"[0.5440406203269958, 0.038499146699905396, 0.029988236725330353]","[0.6425813436508179, 0.5628658533096313, -0.8275271654129028, 0.8064076900482178]",False,"[0.48306629061698914, 0.04242882505059242, 0.029999999329447746]","[[0.5539849400520325, 0.040415067225694656, 0.09099145978689194, 0.07882291823625565, 0.5440406203269958, 0.038499146699905396, 0.029988236725330353, -3.071134051424451e-05, -2.6946952857542783e-05, 0.09596790373325348]]","[0.5555201172828674, -0.4765917956829071, -0.21187683939933777, -0.4941977560520172, -0.3636086583137512, 0.13421116769313812]","[1, 10]",54.587123744,-0.06110084429383278,0.0,385.0,1747877451.922319,13.0,,
386,"[0.5440393090248108, 0.038507621735334396, 0.029984712600708008]","[-0.7105536460876465, 0.20129799842834473, -0.9916055798530579, 0.33388805389404297]",False,"[0.48306629061698914, 0.04242882505059242, 0.029999999329447746]","[[0.5439124703407288, 0.05057571828365326, 0.06140002980828285, 0.08042672276496887, 0.5440393090248108, 0.038507621735334396, 0.029984712600708008, -0.0002632270334288478, 7.097078650986077e-06, 0.0959620475769043]]","[0.7093075513839722, -0.7175067663192749, -0.18839296698570251, -0.5178214311599731, -0.39666807651519775, 0.20092712342739105]","[1, 10]",54.716447905,-0.06109899282455444,0.0,386.0,1747877452.0508456,14.0,,
387,"[0.5413824319839478, 0.04139607399702072, 0.029988616704940796]","[-0.9194860458374023, 0.7126456499099731, -0.6889476776123047, -0.2767457962036133]",False,"[0.48306629061698914, 0.04242882505059242, 0.029999999329447746]","[[0.541645884513855, 0.0467088557779789, 0.060922812670469284, 0.06079428270459175, 0.5413824319839478, 0.04139607399702072, 0.029988616704940796, -4.758330760523677e-05, 2.407686565675249e-07, 0.05142242833971977]]","[0.775040328502655, -1.1062939167022705, -0.2716831862926483, -0.5113787651062012, -0.4037383794784546, 0.2915436625480652]","[1, 10]",54.846005346,-0.058325301855802536,0.0,387.0,1747877452.1801639,15.0,,
388,"[0.5367389917373657, 0.04574847221374512, 0.029989684000611305]","[-0.9058494567871094, 0.644418478012085, -0.7176189422607422, -0.25917935371398926]",False,"[0.48306629061698914, 0.04242882505059242, 0.029999999329447746]","[[0.5304135084152222, 0.05659068375825882, 0.057038478553295135, 0.056756891310214996, 0.5367389917373657, 0.04574847221374512, 0.029989684000611305, -8.200498996302485e-06, -3.2206939977186266e-06, -0.04830538108944893]]","[1.119667649269104, -1.06136155128479, -0.044099897146224976, -0.7801722884178162, -0.32143107056617737, 0.2979009747505188]","[1, 10]",54.975375531,-0.053775276988744736,0.0,388.0,1747877452.309725,16.0,,
389,"[0.5907698273658752, -0.0449037067592144, 0.029999999329447746]","[-0.7960273027420044, 0.6304014921188354, 0.01157081127166748, -0.45694398880004883]",True,"[0.6798688173294067, 0.2527812421321869, 0.029999999329447746]","[[0.6384396553039551, -2.194472251484947e-12, 0.19740013778209686, 0, 0.5907698273658752, -0.0449037067592144, 0.029999999329447746, 0, 0, 0]]","[1.346887230873108, -1.0776573419570923, -0.14468273520469666, -0.898368239402771, -0.15152019262313843, 0.000920124351978302]","[1, 10]",55.219617924,-0.04421338438987732,0.0,389.0,1747877452.439084,17.0,,
390,"[0.5224974751472473, 0.13211902976036072, 0.02998952753841877]","[-0.9679388403892517, 0.9944794178009033, 0.9666187763214111, -0.8095096349716187]",False,"[0.43146151304244995, -0.014653414487838745, 0.029999999329447746]","[[0.5959885716438293, 0.023860344663262367, 0.1930723786354065, 1.251006320757142e-08, 0.5224974751472473, 0.13211902976036072, 0.02998952753841877, 3.005894996022107e-06, -2.0607802071026526e-05, -2.8306608328421135e-06]]","[-0.14395606517791748, -0.03952817618846893, 0.6060364246368408, 0.4623115062713623, -0.30167585611343384, -0.5550578236579895]","[1, 10]",55.348291571,-0.1727127581834793,1.0,390.0,1747877452.6833017,0.0,,
391,"[0.5224973559379578, 0.13211947679519653, 0.02998943440616131]","[-0.3441023826599121, 0.6329730749130249, -0.6041812300682068, 0.9079587459564209]",False,"[0.43146151304244995, -0.014653414487838745, 0.029999999329447746]","[[0.5930556058883667, 0.05907581001520157, 0.18415097892284393, 0.07027383893728256, 0.5224973559379578, 0.13211947679519653, 0.02998943440616131, 3.006569613717147e-06, -2.377380405960139e-05, -5.656060693581821e-06]]","[-0.03390911966562271, -0.266286700963974, 0.21066626906394958, 0.35582396388053894, 0.04561610519886017, -0.11725268512964249]","[1, 10]",55.475762667,-0.17271308600902557,1.0,391.0,1747877452.8120015,1.0,,
392,"[0.5224973559379578, 0.13211993873119354, 0.029989415779709816]","[-0.567877471446991, 0.8518474102020264, -0.8963462114334106, 0.6361109018325806]",False,"[0.43146151304244995, -0.014653414487838745, 0.029999999329447746]","[[0.5713658332824707, 0.08920759707689285, 0.13818278908729553, 0.07881752401590347, 0.5224973559379578, 0.13211993873119354, 0.029989415779709816, 3.006697852470097e-06, -2.43706217588624e-05, -8.480304131808225e-06]]","[-0.08698789030313492, -0.22451378405094147, 0.1450866162776947, 0.5177580714225769, 0.11774861812591553, -0.06931469589471817]","[1, 10]",55.602888645,-0.1727134734392166,1.0,392.0,1747877452.9394197,2.0,,
393,"[0.5224977731704712, 0.1321202665567398, 0.029989691451191902]","[-0.385786771774292, 0.7106585502624512, -0.9053249955177307, 0.36642980575561523]",False,"[0.43146151304244995, -0.014653414487838745, 0.029999999329447746]","[[0.553402304649353, 0.12164034694433212, 0.09237994253635406, 0.0798562541604042, 0.5224977731704712, 0.1321202665567398, 0.029989691451191902, -1.1579909475756267e-08, -1.0292513252352364e-05, -1.0041985660791397e-05]]","[-0.08779128640890121, -0.15580931305885315, 0.19335007667541504, 0.42696911096572876, 0.12528979778289795, -0.010685160756111145]","[1, 10]",55.730837288000004,-0.1727139800786972,1.0,393.0,1747877453.0666232,3.0,,
394,"[0.5224980115890503, 0.1321202665567398, 0.0299899410456419]","[-0.4094388484954834, 0.11632716655731201, -0.9550412893295288, 0.12347221374511719]",False,"[0.43146151304244995, -0.014653414487838745, 0.029999999329447746]","[[0.5339987874031067, 0.1261844038963318, 0.04285402223467827, 0.07998264580965042, 0.5224980115890503, 0.1321202665567398, 0.0299899410456419, -1.8854173777782535e-09, -1.9417234398133587e-06, -1.0042934263765346e-05]]","[0.0735166072845459, 0.03981104493141174, 0.15222835540771484, 0.39968764781951904, 0.2421894371509552, 0.018837347626686096]","[1, 10]",55.859484362,-0.17271409928798676,1.0,394.0,1747877453.1945403,4.0,,
395,"[0.5177227854728699, 0.12660497426986694, 0.0308004729449749]","[-0.3749842047691345, -0.9479014277458191, 0.4103426933288574, -0.7370956540107727]",False,"[0.43146151304244995, -0.014653414487838745, 0.029999999329447746]","[[0.5017727017402649, 0.11205504834651947, 0.02608637325465679, 0.055153995752334595, 0.5177227854728699, 0.12660497426986694, 0.0308004729449749, 0.00896001048386097, 0.018267713487148285, 0.12421178817749023]]","[0.03322615474462509, 0.6805202960968018, 0.30869752168655396, 0.3525090217590332, 0.0705268383026123, -0.1416006237268448]","[1, 10]",55.987570047,-0.16551610827445984,1.0,395.0,1747877453.323193,5.0,,
396,"[0.5012115836143494, 0.10047408938407898, 0.03599671274423599]","[-0.6553125381469727, -0.8944267630577087, 0.32728374004364014, -0.6307090520858765]",False,"[0.43146151304244995, -0.014653414487838745, 0.029999999329447746]","[[0.48138153553009033, 0.08468448370695114, 0.035472571849823, 0.05351097881793976, 0.5012115836143494, 0.10047408938407898, 0.03599671274423599, 0.04549132660031319, 0.17202045023441315, 0.13058167695999146]]","[0.06566727161407471, 0.7143795490264893, 0.20829585194587708, 0.19059643149375916, 0.08208709955215454, 0.03522360324859619]","[1, 10]",56.114859792,-0.1347418874502182,1.0,396.0,1747877453.4512491,6.0,,
397,"[0.48042574524879456, 0.05972463637590408, 0.03387356922030449]","[-0.5581209063529968, -0.9090993404388428, -0.037056028842926025, -0.49260544776916504]",False,"[0.43146151304244995, -0.014653414487838745, 0.029999999329447746]","[[0.4601682722568512, 0.04899287223815918, 0.032935332506895065, 0.05375206843018532, 0.48042574524879456, 0.05972463637590408, 0.03387356922030449, 0.021654600277543068, 0.11501310020685196, 0.10467609763145447]]","[0.13077504932880402, 0.4899979531764984, 0.20574693381786346, -0.030906647443771362, -0.02534748613834381, 0.19905857741832733]","[1, 10]",56.241836377,-0.08913246542215347,1.0,397.0,1747877453.5785806,7.0,,
398,"[0.4701543152332306, -0.10109890252351761, 0.029999999329447746]","[-0.6623432636260986, -0.8879828453063965, -0.016654789447784424, -0.4248157739639282]",True,"[0.6123642921447754, 0.12210866808891296, 0.029999999329447746]","[[0.6384396553039551, -2.194472251484947e-12, 0.19740013778209686, 0, 0.4701543152332306, -0.10109890252351761, 0.029999999329447746, 0, 0, 0]]","[0.1682145595550537, 0.26261481642723083, 0.18179422616958618, -0.31514814496040344, -0.07591971755027771, 0.1348533034324646]","[1, 10]",56.467564645,-0.04324420168995857,1.0,398.0,1747877453.7055407,8.0,,
399,"[0.5755478143692017, 0.1827840805053711, 0.0299898199737072]","[-0.10890263319015503, -0.12191593647003174, 0.3301432132720947, 0.6185723543167114]",False,"[0.5146197080612183, 0.12580588459968567, 0.029999999329447746]","[[0.6334880590438843, -0.005162755958735943, 0.20631597936153412, 0.05433661863207817, 0.5755478143692017, 0.1827840805053711, 0.0299898199737072, 1.0719993042584974e-05, 3.3503115446364973e-06, 3.5290363484818954e-06]]","[0.19564709067344666, -0.007664620876312256, 0.487455278635025, 0.21632912755012512, 0.0470348596572876, -0.2808684706687927]","[1, 10]",56.594867395,-0.08341911435127258,2.0,399.0,1747877453.9312441,0.0,,
400,"[0.5755476355552673, 0.182784304022789, 0.029989777132868767]","[-0.30256712436676025, 0.8301942348480225, -0.4379414916038513, 0.8583559989929199]",False,"[0.5146197080612183, 0.12580588459968567, 0.029999999329447746]","[[0.627292811870575, 0.0173824280500412, 0.19321228563785553, 0.07687995582818985, 0.5755476355552673, 0.182784304022789, 0.029989777132868767, 1.2199959201097954e-05, 3.350321094330866e-06, 7.288826509466162e-06]]","[0.15007781982421875, -0.16399943828582764, 0.2488919198513031, 0.45460015535354614, 0.156574547290802, -0.06900502741336823]","[1, 10]",56.722960299,-0.08341913670301437,2.0,400.0,1747877454.0585892,1.0,,
401,"[0.575547456741333, 0.1827845722436905, 0.02998976781964302]","[-0.3112375736236572, 0.945732831954956, -0.2890002727508545, 0.7946599721908569]",False,"[0.5146197080612183, 0.12580588459968567, 0.029999999329447746]","[[0.6158545613288879, 0.06239540874958038, 0.18033050000667572, 0.07962073385715485, 0.575547456741333, 0.1827845722436905, 0.02998976781964302, 1.2479092220019083e-05, 3.350324277562322e-06, 1.104863258660771e-05]]","[-0.022116802632808685, 0.05134907364845276, 0.3353910446166992, 0.5019177794456482, 0.11794760823249817, -0.07182635366916656]","[1, 10]",56.850756745,-0.08341918885707855,2.0,401.0,1747877454.1866558,2.0,,
402,"[0.5755473375320435, 0.18278485536575317, 0.02998976595699787]","[-0.17216384410858154, 0.9085990190505981, -0.5788746476173401, 0.8102786540985107]",False,"[0.5146197080612183, 0.12580588459968567, 0.029999999329447746]","[[0.6098066568374634, 0.10099414736032486, 0.15711362659931183, 0.07995394617319107, 0.5755473375320435, 0.18278485536575317, 0.02998976595699787, 1.2531740139820613e-05, 3.35032586917805e-06, 1.4808519154030364e-05]]","[0.038317933678627014, 0.025385558605194092, 0.23850414156913757, 0.4702032804489136, 0.1449587047100067, -0.04330544173717499]","[1, 10]",56.978691746,-0.08341929316520691,2.0,402.0,1747877454.3144624,3.0,,
403,"[0.5755471587181091, 0.18278513848781586, 0.02998976595699787]","[0.018517494201660156, 0.9229965209960938, -0.6820485591888428, 0.6495412588119507]",False,"[0.5146197080612183, 0.12580588459968567, 0.029999999329447746]","[[0.6065295338630676, 0.13957682251930237, 0.12203963845968246, 0.07999436557292938, 0.5755471587181091, 0.18278513848781586, 0.02998976595699787, 1.2541671821963973e-05, 3.3503274607937783e-06, 1.85684984899126e-05]]","[0.08522029221057892, 0.03305232524871826, 0.12945887446403503, 0.3872089385986328, 0.22480705380439758, -0.21460147202014923]","[1, 10]",57.106198677,-0.08341936022043228,2.0,403.0,1747877454.4424024,4.0,,
405,"[0.5755469799041748, 0.18278558552265167, 0.029989982023835182]","[-0.3770524263381958, 0.08993637561798096, -0.9158501029014587, -0.0035346150398254395]",False,"[0.5146197080612183, 0.12580588459968567, 0.029999999329447746]","[[0.5855671167373657, 0.17896631360054016, 0.026408255100250244, 0.07968893647193909, 0.5755469799041748, 0.18278558552265167, 0.029989982023835182, 5.644746465804928e-07, 1.1936796440181752e-08, 1.9702132703969255e-05]]","[-0.04724285751581192, 0.24312373995780945, -0.04250490665435791, 0.17711219191551208, 0.2752360701560974, 0.08342862129211426]","[1, 10]",57.365788768,-0.08341953158378601,2.0,405.0,1747877454.6989167,6.0,,
406,"[0.5681551098823547, 0.1751115322113037, 0.03116861917078495]","[-0.5825272798538208, -0.8551290035247803, 0.6019206047058105, -0.6056007146835327]",False,"[0.5146197080612183, 0.12580588459968567, 0.029999999329447746]","[[0.5600236058235168, 0.16078777611255646, 0.026033775880932808, 0.054467350244522095, 0.5681551098823547, 0.1751115322113037, 0.03116861917078495, 0.0028356516268104315, 0.03496038541197777, 0.08766601234674454]]","[0.028678521513938904, 0.5571593046188354, 0.2225240170955658, 0.05082002282142639, 0.04884636402130127, 0.06148219108581543]","[1, 10]",57.495821968,-0.07279045879840851,2.0,406.0,1747877454.829497,7.0,,
407,"[0.6872219443321228, -0.2993223965167999, 0.029999999329447746]","[-0.7704363465309143, -0.8331858515739441, 0.22165536880493164, -0.48891037702560425]",True,"[0.4565682113170624, -0.24190565943717957, 0.029999999329447746]","[[0.6384396553039551, -2.194472251484947e-12, 0.19740013778209686, 0, 0.6872219443321228, -0.2993223965167999, 0.029999999329447746, 0, 0, 0]]","[0.17904016375541687, 0.40258297324180603, 0.1344311684370041, -0.2356056421995163, 0.04173876345157623, 0.17702297866344452]","[1, 10]",57.716336202,-0.03815339505672455,2.0,407.0,1747877454.9595315,8.0,,
408,"[0.5160335302352905, 0.07140703499317169, 0.0299898199737072]","[0.4135007858276367, 0.5183922052383423, 0.3731565475463867, 0.7355520725250244]",False,"[0.5697045922279358, -0.06174052134156227, 0.029999999329447746]","[[0.6489263772964478, 0.018406454473733902, 0.2081732302904129, 0.06461317092180252, 0.5160335302352905, 0.07140703499317169, 0.0299898199737072, 1.0719993042584974e-05, 3.3503115446364973e-06, 3.5290363484818954e-06]]","[0.10464715957641602, -0.154086172580719, 0.33295759558677673, 0.34868037700653076, -0.027935951948165894, -0.3417203426361084]","[1, 10]",57.845881235,-0.1435578465461731,3.0,408.0,1747877455.180019,0.0,,
409,"[0.516033411026001, 0.0714072734117508, 0.029989777132868767]","[-0.9422960877418518, 0.6651298999786377, -0.916885495185852, 0.7486013174057007]",False,"[0.5697045922279358, -0.06174052134156227, 0.029999999329447746]","[[0.6354981064796448, 0.04715424031019211, 0.18922452628612518, 0.0781293585896492, 0.516033411026001, 0.0714072734117508, 0.029989777132868767, 1.2199959201097954e-05, 3.350321094330866e-06, 7.288826509466162e-06]]","[0.1046011820435524, -0.29046767950057983, 0.21252018213272095, 0.433455228805542, 0.0859665721654892, -0.02927538752555847]","[1, 10]",57.974904553,-0.14355811476707458,3.0,409.0,1747877455.3095624,1.0,,
410,"[0.5160332322120667, 0.07140754163265228, 0.02998976781964302]","[-0.9380759000778198, 0.48239660263061523, -0.9406493306159973, 0.5435458421707153]",False,"[0.5697045922279358, -0.06174052134156227, 0.029999999329447746]","[[0.5955491065979004, 0.06814443320035934, 0.13659518957138062, 0.07977274805307388, 0.5160332322120667, 0.07140754163265228, 0.02998976781964302, 1.2479092220019083e-05, 3.350324277562322e-06, 1.104863258660771e-05]]","[-0.07935085147619247, -0.04493945837020874, 0.2870866358280182, 0.44487589597702026, 0.1424817144870758, -0.009992100298404694]","[1, 10]",58.104934231,-0.14355842769145966,3.0,410.0,1747877455.438596,2.0,,
411,"[0.5160330533981323, 0.07140793651342392, 0.029989859089255333]","[-0.9300969839096069, 0.09824836254119873, -0.9731441736221313, 0.24968016147613525]",False,"[0.5697045922279358, -0.06174052134156227, 0.029999999329447746]","[[0.5633373856544495, 0.07338222116231918, 0.09151685982942581, 0.07997259497642517, 0.5160330533981323, 0.07140793651342392, 0.029989859089255333, 4.6775289774814155e-06, 8.857062652745107e-12, 1.3189146557124332e-05]]","[0.1286475956439972, -0.10078173875808716, 0.16175033152103424, 0.2849758267402649, 0.20115062594413757, 0.05311863124370575]","[1, 10]",58.234631356,-0.14355887472629547,3.0,411.0,1747877455.5686321,3.0,,
412,"[0.5160330533981323, 0.07140804827213287, 0.029989972710609436]","[-0.893827497959137, -0.18346673250198364, -0.9525538086891174, 0.0535738468170166]",False,"[0.5697045922279358, -0.06174052134156227, 0.029999999329447746]","[[0.5262463688850403, 0.06577236205339432, 0.042366497218608856, 0.07999660819768906, 0.5160330533981323, 0.07140804827213287, 0.029989972710609436, 8.902078434402938e-07, 8.915008176124672e-10, 1.3197693078836892e-05]]","[0.08218570053577423, 0.17903205752372742, 0.15451940894126892, 0.3008141815662384, 0.24391049146652222, 0.10465887188911438]","[1, 10]",58.363635268,-0.14355897903442383,3.0,412.0,1747877455.6983387,4.0,,
413,"[0.5178013443946838, 0.06887233257293701, 0.02999814972281456]","[0.576386570930481, -0.9423650503158569, 0.40267252922058105, -0.6652292013168335]",False,"[0.5697045922279358, -0.06174052134156227, 0.029999999329447746]","[[0.5251972079277039, 0.05505865067243576, 0.027080876752734184, 0.05393847078084946, 0.5178013443946838, 0.06887233257293701, 0.02999814972281456, 0.00028397439746186137, 4.6059196279202297e-07, 0.02572406455874443]]","[0.055379338562488556, 0.6038026809692383, 0.0939769446849823, 0.36556509137153625, 0.12420687079429626, 0.016829103231430054]","[1, 10]",58.493245791,-0.1405477374792099,3.0,413.0,1747877455.8273487,5.0,,
414,"[0.5340185761451721, 0.05342664197087288, 0.030192462727427483]","[0.7527024745941162, -0.9165403842926025, 0.4879584312438965, -0.8557407855987549]",False,"[0.5697045922279358, -0.06174052134156227, 0.029999999329447746]","[[0.5406795740127563, 0.03749512508511543, 0.027079228311777115, 0.04897703230381012, 0.5340185761451721, 0.05342664197087288, 0.030192462727427483, 0.006651224568486214, -0.00012861558934673667, 0.02301802858710289]]","[0.11767692118883133, 0.5541830062866211, 0.15095704793930054, 0.25952261686325073, 0.0064122676849365234, 0.28291261196136475]","[1, 10]",58.621779087,-0.12056950479745865,3.0,414.0,1747877455.9569633,6.0,,
415,"[0.5564988851547241, 0.021278003230690956, 0.030167387798428535]","[0.802240252494812, -0.947391927242279, 0.3157789707183838, -0.8375470638275146]",False,"[0.5697045922279358, -0.06174052134156227, 0.029999999329447746]","[[0.5619438290596008, 0.005761376582086086, 0.027431663125753403, 0.04873000830411911, 0.5564988851547241, 0.021278003230690956, 0.030167387798428535, 0.003806105814874172, -0.0031088937539607286, 0.033862918615341187]]","[0.24343617260456085, 0.43288299441337585, 0.09996762871742249, -0.0032433345913887024, -0.025443322956562042, 0.392636775970459]","[1, 10]",58.750793994,-0.08406244218349457,3.0,415.0,1747877456.085491,7.0,,
416,"[0.5435678958892822, -0.19096247851848602, 0.029999999329447746]","[0.49874627590179443, -0.9451600313186646, 0.18844139575958252, -0.6343343257904053]",True,"[0.6729878783226013, 0.26485273241996765, 0.029999999329447746]","[[0.6384396553039551, -2.194472251484947e-12, 0.19740013778209686, 0, 0.5435678958892822, -0.19096247851848602, 0.029999999329447746, 0, 0, 0]]","[0.28741762042045593, 0.22552147507667542, 0.16202476620674133, -0.36609238386154175, -0.10493205487728119, 0.18110160529613495]","[1, 10]",58.969474207,-0.039054349064826965,3.0,416.0,1747877456.2144659,8.0,,
417,"[0.589948296546936, -0.13673575222492218, 0.02998952753841877]","[-0.39762574434280396, -0.6536720395088196, 0.03194832801818848, 0.3284423351287842]",False,"[0.641376793384552, -0.2768552899360657, 0.029999999329447746]","[[0.6259818077087402, -0.022056130692362785, 0.19842226803302765, 0.02885112538933754, 0.589948296546936, -0.13673575222492218, 0.02998952753841877, 3.005894996022107e-06, -2.0607802071026526e-05, -2.8306608328421135e-06]]","[0.17229697108268738, -0.15817518532276154, 0.36067521572113037, -0.002429455518722534, 0.13970300555229187, -0.1933652013540268]","[1, 10]",59.096647019,-0.14925943315029144,4.0,417.0,1747877456.4331617,0.0,,
418,"[0.5899482369422913, -0.13673529028892517, 0.02998943440616131]","[0.16803765296936035, -0.976050853729248, -0.898266077041626, 0.8962299823760986]",False,"[0.641376793384552, -0.2768552899360657, 0.029999999329447746]","[[0.6368253231048584, -0.06242230907082558, 0.1807762086391449, 0.07378143072128296, 0.5899482369422913, -0.13673529028892517, 0.02998943440616131, 3.0065698410908226e-06, -2.377380405960139e-05, -5.656060693581821e-06]]","[0.18238553404808044, -0.15665489435195923, 0.22670243680477142, 0.19880515336990356, 0.38143330812454224, -0.04751649498939514]","[1, 10]",59.228559423,-0.14925988018512726,4.0,418.0,1747877456.5603464,1.0,,
419,"[0.5899481773376465, -0.13673484325408936, 0.029989415779709816]","[0.27570629119873047, -0.9714010953903198, -0.9448167681694031, 0.6067829132080078]",False,"[0.641376793384552, -0.2768552899360657, 0.029999999329447746]","[[0.63746178150177, -0.10272158682346344, 0.12546321749687195, 0.07924399524927139, 0.5899481773376465, -0.13673484325408936, 0.029989415779709816, 3.006697852470097e-06, -2.43706217588624e-05, -8.480304131808225e-06]]","[0.13774624466896057, -0.021421164274215698, 0.17536579072475433, 0.1999395489692688, 0.40498942136764526, -0.13842442631721497]","[1, 10]",59.35449066,-0.14926032721996307,4.0,419.0,1747877456.6922815,2.0,,
420,"[0.5899487137794495, -0.13673463463783264, 0.029989812523126602]","[-0.7974586486816406, -0.7092748880386353, -0.9555100798606873, 0.14152348041534424]",False,"[0.641376793384552, -0.2768552899360657, 0.029999999329447746]","[[0.6086559891700745, -0.135328009724617, 0.07439347356557846, 0.07990805059671402, 0.5899487137794495, -0.13673463463783264, 0.029989812523126602, -1.48771599484121e-08, -6.255565494939219e-06, -9.219680578098632e-06]]","[-0.0077971890568733215, 0.06274762749671936, 0.20164400339126587, 0.047540485858917236, 0.2976069450378418, -0.10165111720561981]","[1, 10]",59.47990495,-0.14926034212112427,4.0,420.0,1747877456.8181942,3.0,,
421,"[0.589948832988739, -0.13673463463783264, 0.02998996153473854]","[-0.3741472363471985, 0.008257627487182617, -0.8693262338638306, -0.00816488265991211]",False,"[0.641376793384552, -0.2768552899360657, 0.029999999329447746]","[[0.5903880596160889, -0.13620534539222717, 0.026165546849370003, 0.07919088006019592, 0.589948832988739, -0.13673463463783264, 0.02998996153473854, -1.441591512829632e-09, -1.3038799124842626e-06, -9.317294825450517e-06]]","[-0.0633017048239708, 0.017498821020126343, 0.10599415004253387, -0.025828346610069275, 0.18979820609092712, -0.026123248040676117]","[1, 10]",59.606592227,-0.14926029741764069,4.0,421.0,1747877456.9436002,4.0,,
422,"[0.5941436886787415, -0.1391393542289734, 0.030642561614513397]","[0.7354238033294678, -0.9429733753204346, 0.5833190679550171, -0.8373767733573914]",False,"[0.641376793384552, -0.2768552899360657, 0.029999999329447746]","[[0.5931261777877808, -0.1544061154127121, 0.02294527180492878, 0.052832040935754776, 0.5941436886787415, -0.1391393542289734, 0.030642561614513397, 0.018052421510219574, 0.004009594209492207, 0.01695959083735943]]","[-0.09591179341077805, 0.15898671746253967, 0.1351081132888794, 0.07797582447528839, 0.032013654708862305, 0.127463236451149]","[1, 10]",59.733137985,-0.1455921083688736,4.0,422.0,1747877457.0703034,5.0,,
423,"[0.609938383102417, -0.1611596941947937, 0.03085145726799965]","[0.7364840507507324, -0.946768045425415, 0.46426451206207275, -0.8910937309265137]",False,"[0.641376793384552, -0.2768552899360657, 0.029999999329447746]","[[0.6090459227561951, -0.17419131100177765, 0.02306516282260418, 0.052036453038454056, 0.609938383102417, -0.1611596941947937, 0.03085145726799965, 0.02412538230419159, -0.006084459368139505, 0.007758907042443752]]","[0.10067558288574219, 0.08413499593734741, 0.1633438616991043, -0.041859306395053864, -0.0816839188337326, 0.3040577173233032]","[1, 10]",59.858540689,-0.11989400535821915,4.0,423.0,1747877457.19685,6.0,,
424,"[0.6208534240722656, -0.1964593082666397, 0.031026285141706467]","[0.4972226619720459, -0.958413302898407, 0.5249428749084473, -0.8288000822067261]",False,"[0.641376793384552, -0.2768552899360657, 0.029999999329447746]","[[0.6174579858779907, -0.20598718523979187, 0.024427851662039757, 0.052699826657772064, 0.6208534240722656, -0.1964593082666397, 0.031026285141706467, 0.003337716916576028, 0.009447530843317509, -0.0009334644419141114]]","[0.33205488324165344, -0.1317591667175293, 0.06747233867645264, -0.3442729115486145, -0.2783963978290558, 0.3911207914352417]","[1, 10]",59.982856534,-0.08298058807849884,4.0,424.0,1747877457.3222222,7.0,,
425,"[0.43852466344833374, 0.032975904643535614, 0.029999999329447746]","[0.4411494731903076, -0.965654730796814, 0.7862374782562256, -0.688641369342804]",True,"[0.43602991104125977, -0.09665890783071518, 0.029999999329447746]","[[0.6384396553039551, -2.194472251484947e-12, 0.19740013778209686, 0, 0.43852466344833374, 0.032975904643535614, 0.029999999329447746, 0, 0, 0]]","[0.4639677405357361, -0.16144877672195435, -0.004468262195587158, -0.5498137474060059, -0.37030482292175293, 0.23861746490001678]","[1, 10]",60.204689393,-0.047924112528562546,4.0,425.0,1747877457.4465234,8.0,,
426,"[0.6828182339668274, 0.2594078779220581, 0.02998983860015869]","[-0.05722165107727051, -0.8952175378799438, 0.3203233480453491, -0.26235687732696533]",False,"[0.694861650466919, -0.08056655526161194, 0.029999999329447746]","[[0.6358593702316284, -0.02423710934817791, 0.20709529519081116, 3.807453907711533e-08, 0.6828182339668274, 0.2594078779220581, 0.02998983860015869, 6.299248525465373e-06, 2.2848787466500653e-06, -8.363443157577422e-06]]","[0.2609330713748932, 0.127691388130188, 0.5275366306304932, 0.21571463346481323, 0.11120939254760742, -0.21047402918338776]","[1, 10]",60.332347426,-0.3401876986026764,5.0,426.0,1747877457.6683598,0.0,,
427,"[0.682818591594696, 0.2594074606895447, 0.029989853501319885]","[0.862220287322998, 0.9590699672698975, 0.7307322025299072, 0.7679119110107422]",False,"[0.694861650466919, -0.08056655526161194, 0.029999999329447746]","[[0.6556516885757446, -0.04228825494647026, 0.2263360470533371, 0.06745520234107971, 0.682818591594696, 0.2594074606895447, 0.029989853501319885, 5.45747616342851e-06, 2.588247070889338e-06, -1.5728781363577582e-05]]","[0.17413294315338135, 0.10309547185897827, 0.466766357421875, 0.5259735584259033, -0.022448234260082245, -0.2219877392053604]","[1, 10]",60.458383862,-0.3401872515678406,5.0,427.0,1747877457.7960577,1.0,,
428,"[0.6828189492225647, 0.25940704345703125, 0.029989857226610184]","[0.46480560302734375, 0.9839009046554565, 0.4097975492477417, 0.6047235727310181]",False,"[0.694861650466919, -0.08056655526161194, 0.029999999329447746]","[[0.6699585318565369, -0.012698055244982243, 0.24285002052783966, 0.07847477495670319, 0.6828189492225647, 0.25940704345703125, 0.029989857226610184, 5.298760243022116e-06, 2.645440872584004e-06, -2.309414412593469e-05]]","[0.18674775958061218, 0.008178561925888062, 0.35579052567481995, 0.4735028147697449, 0.08194683492183685, -0.08058875799179077]","[1, 10]",60.584856446,-0.34018683433532715,5.0,428.0,1747877457.9221025,2.0,,
429,"[0.6828193664550781, 0.25940659642219543, 0.029989857226610184]","[0.15471410751342773, 0.9894794225692749, 0.39614856243133545, 0.6277161836624146]",False,"[0.694861650466919, -0.08056655526161194, 0.029999999329447746]","[[0.6724988222122192, 0.034816890954971313, 0.2565613090991974, 0.07981456071138382, 0.6828193664550781, 0.25940659642219543, 0.029989857226610184, 5.268778750178171e-06, 2.6562681796349352e-06, -3.0459421395789832e-05]]","[0.11636194586753845, 0.08808740973472595, 0.35735008120536804, 0.44759219884872437, 0.09081006050109863, -0.13547444343566895]","[1, 10]",60.711868048,-0.34018635749816895,5.0,429.0,1747877458.0485594,3.0,,
430,"[0.6828197240829468, 0.259406179189682, 0.029989857226610184]","[-0.1447504758834839, 0.9864159822463989, -0.1057898998260498, 0.6255807876586914]",False,"[0.694861650466919, -0.08056655526161194, 0.029999999329447746]","[[0.6679246425628662, 0.07710500806570053, 0.252818763256073, 0.07997742295265198, 0.6828197240829468, 0.259406179189682, 0.029989857226610184, 5.263059392746072e-06, 2.6583627459331183e-06, -3.782458952628076e-05]]","[0.13804039359092712, 0.12369635701179504, 0.31446927785873413, 0.3996964693069458, 0.16182956099510193, -0.18509690463542938]","[1, 10]",60.839004843,-0.3401859402656555,5.0,430.0,1747877458.1755772,4.0,,
431,"[0.6828200817108154, 0.2594057619571686, 0.029989857226610184]","[-0.25588083267211914, 0.9836735725402832, -0.30537980794906616, 0.6160862445831299]",False,"[0.694861650466919, -0.08056655526161194, 0.029999999329447746]","[[0.6591098308563232, 0.12088452279567719, 0.23967476189136505, 0.07999727129936218, 0.6828200817108154, 0.2594057619571686, 0.029989857226610184, 5.2619129746744875e-06, 2.658812491063145e-06, -4.518964487942867e-05]]","[0.08821910619735718, 0.15294170379638672, 0.24284309148788452, 0.2937939763069153, 0.17779719829559326, -0.38576817512512207]","[1, 10]",60.966647944,-0.3401854932308197,5.0,431.0,1747877458.3027613,5.0,,
432,"[0.6828204989433289, 0.25940531492233276, 0.029989857226610184]","[0.10640299320220947, 0.9757640361785889, -0.6866152286529541, 0.6189582347869873]",False,"[0.694861650466919, -0.08056655526161194, 0.029999999329447746]","[[0.6613019108772278, 0.16414029896259308, 0.2161380797624588, 0.07999954372644424, 0.6828204989433289, 0.25940531492233276, 0.029989857226610184, 5.2616283028328326e-06, 2.658952553247218e-06, -5.255458381725475e-05]]","[-0.004003897309303284, 0.09545710682868958, 0.11290252208709717, 0.17859986424446106, 0.2152528166770935, -0.08800730109214783]","[1, 10]",61.093928314,-0.3401850461959839,5.0,432.0,1747877458.4304502,6.0,,
433,"[0.6828208565711975, 0.25940489768981934, 0.029989857226610184]","[0.25808465480804443, 0.9775762557983398, -0.8942260146141052, 0.5084364414215088]",False,"[0.694861650466919, -0.08056655526161194, 0.029999999329447746]","[[0.663158118724823, 0.20366904139518738, 0.16949650645256042, 0.0799999088048935, 0.6828208565711975, 0.25940489768981934, 0.029989857226610184, 5.261505975795444e-06, 2.659034180396702e-06, -5.9919409977737814e-05]]","[-0.06428458541631699, 0.0803782045841217, 0.03606152534484863, 0.09822802245616913, 0.2577294409275055, 0.03944474458694458]","[1, 10]",61.221325299,-0.34018459916114807,5.0,433.0,1747877458.5577319,7.0,,
434,"[0.6828212141990662, 0.2594044506549835, 0.029989857226610184]","[0.5699043273925781, 0.9719445705413818, -0.9569125175476074, 0.4239656925201416]",False,"[0.694861650466919, -0.08056655526161194, 0.029999999329447746]","[[0.6704836487770081, 0.23998266458511353, 0.11753402650356293, 0.07999996095895767, 0.6828212141990662, 0.2594044506549835, 0.029989857226610184, 5.261414571577916e-06, 2.6591046662360895e-06, -6.728412699885666e-05]]","[-0.05263888090848923, 0.1648803949356079, -0.07246232032775879, 0.045259684324264526, 0.3552689552307129, 0.026343360543251038]","[1, 10]",61.351564038,-0.34018415212631226,5.0,434.0,1747877458.6850843,8.0,,
435,"[0.6828212141990662, 0.2594045102596283, 0.029989955946803093]","[0.543189525604248, 0.7975634336471558, -0.9866157174110413, 0.19068264961242676]",False,"[0.694861650466919, -0.08056655526161194, 0.029999999329447746]","[[0.6734929084777832, 0.2664376497268677, 0.06032893806695938, 0.07999997586011887, 0.6828212141990662, 0.2594045102596283, 0.029989955946803093, 1.0586937833068077e-06, 4.6365866523956356e-07, -6.860806024633348e-05]]","[0.11883165687322617, 0.06429469585418701, -0.0668676495552063, -0.1957293450832367, 0.07474720478057861, 0.09245578944683075]","[1, 10]",61.482703402,-0.34018421173095703,5.0,435.0,1747877458.8152847,9.0,,
436,"[0.6830247044563293, 0.2599649727344513, 0.030195917934179306]","[0.47545313835144043, -0.8476899266242981, -0.8500598669052124, -0.26509523391723633]",False,"[0.694861650466919, -0.08056655526161194, 0.029999999329447746]","[[0.6793467998504639, 0.2591029405593872, 0.022320112213492393, 0.05880102887749672, 0.6830247044563293, 0.2599649727344513, 0.030195917934179306, 0.0068856049329042435, -1.8997000097442651e-06, 0.001884486060589552]]","[0.3479527235031128, 0.13219839334487915, -0.04765543341636658, -0.19796104729175568, -0.10039687901735306, 0.19092713296413422]","[1, 10]",61.613869929,-0.3407372534275055,5.0,436.0,1747877458.9464095,10.0,,
437,"[0.6742366552352905, 0.24683107435703278, 0.03288958966732025]","[-0.6221312284469604, -0.9910462498664856, 0.7260611057281494, -0.9792323708534241]",False,"[0.694861650466919, -0.08056655526161194, 0.029999999329447746]","[[0.6612865328788757, 0.23125915229320526, 0.026298826560378075, 0.05306367948651314, 0.6742366552352905, 0.24683107435703278, 0.03288958966732025, 0.02515977807343006, 0.01717301458120346, 0.11710874736309052]]","[0.433908611536026, 0.3132687509059906, 0.16155269742012024, -0.2658737897872925, -0.3089058995246887, 0.10175926983356476]","[1, 10]",61.745644792,-0.3280593752861023,5.0,437.0,1747877459.077621,11.0,,
438,"[0.6598409414291382, 0.21289031207561493, 0.03627026081085205]","[-0.6279170513153076, -0.989024817943573, 0.45679593086242676, -0.9722864031791687]",False,"[0.694861650466919, -0.08056655526161194, 0.029999999329447746]","[[0.6435937881469727, 0.19951646029949188, 0.03281096741557121, 0.05273771658539772, 0.6598409414291382, 0.21289031207561493, 0.03627026081085205, -0.009951312094926834, 0.10525945574045181, 0.0014335025334730744]]","[0.5406084060668945, 0.29012057185173035, 0.19675025343894958, -0.33953070640563965, -0.28277742862701416, 0.035321518778800964]","[1, 10]",61.876961699,-0.2956056594848633,5.0,438.0,1747877459.2093089,12.0,,
439,"[0.644038200378418, 0.17027854919433594, 0.03767361491918564]","[-0.6329586505889893, -0.9880174994468689, 0.37648963928222656, -0.9146950840950012]",False,"[0.694861650466919, -0.08056655526161194, 0.029999999329447746]","[[0.6242664456367493, 0.16100789606571198, 0.038098324090242386, 0.05392913520336151, 0.644038200378418, 0.17027854919433594, 0.03767361491918564, 0.034839432686567307, 0.25988274812698364, 0.05201144888997078]]","[0.6279433965682983, 0.20449215173721313, 0.2772645354270935, -0.4262409210205078, -0.1993938833475113, 0.07289616763591766]","[1, 10]",62.006959006,-0.2560569941997528,5.0,439.0,1747877459.3406587,13.0,,
440,"[0.6307722330093384, 0.12773370742797852, 0.033756986260414124]","[-0.49898338317871094, -0.9790436029434204, -0.11639142036437988, -0.7841877341270447]",False,"[0.694861650466919, -0.08056655526161194, 0.029999999329447746]","[[0.611156702041626, 0.12488887459039688, 0.03218385577201843, 0.0529920868575573, 0.6307722330093384, 0.12773370742797852, 0.033756986260414124, -0.0006522333133034408, 0.13444727659225464, 0.018217045813798904]]","[0.7382034063339233, -0.007124349474906921, 0.30423521995544434, -0.4438825845718384, -0.2162933498620987, 0.2250274270772934]","[1, 10]",62.137074732,-0.21796919405460358,5.0,440.0,1747877459.470658,14.0,,
441,"[0.6224530935287476, 0.09150243550539017, 0.029927115887403488]","[0.10930144786834717, -0.9614955186843872, 0.513941764831543, -0.7437581419944763]",False,"[0.694861650466919, -0.08056655526161194, 0.029999999329447746]","[[0.6038341522216797, 0.0839117243885994, 0.025413090363144875, 0.05530240014195442, 0.6224530935287476, 0.09150243550539017, 0.029927115887403488, -0.0001538858050480485, -0.0022477523889392614, -0.014756899327039719]]","[0.7604554891586304, -0.03357967734336853, 0.34840354323387146, -0.21712052822113037, -0.2027556151151657, 0.15914423763751984]","[1, 10]",62.267166985,-0.1866835504770279,5.0,441.0,1747877459.6007674,15.0,,
442,"[0.6276361346244812, 0.05891410633921623, 0.03028068132698536]","[0.45353877544403076, -0.9597785472869873, 0.7284330129623413, -0.6834205389022827]",False,"[0.694861650466919, -0.08056655526161194, 0.029999999329447746]","[[0.6087745428085327, 0.04813390597701073, 0.026028849184513092, 0.054761145263910294, 0.6276361346244812, 0.05891410633921623, 0.03028068132698536, 0.00019198673544451594, 0.009599387645721436, 0.02466864138841629]]","[0.9211227297782898, -0.40817782282829285, 0.3607737421989441, -0.4602518677711487, -0.13565227389335632, 0.20787276327610016]","[1, 10]",62.397451874,-0.15483607351779938,5.0,442.0,1747877459.7308705,16.0,,
443,"[0.6368293762207031, 0.019941143691539764, 0.030954958871006966]","[0.6036779880523682, -0.9686281085014343, 0.7752389907836914, -0.595093846321106]",False,"[0.694861650466919, -0.08056655526161194, 0.029999999329447746]","[[0.6175106167793274, 0.011364620178937912, 0.027186090126633644, 0.05643932893872261, 0.6368293762207031, 0.019941143691539764, 0.030954958871006966, 0.003120908746495843, 0.029484516009688377, 0.015246445313096046]]","[1.2368465662002563, -0.6802245378494263, 0.10079538822174072, -0.4777035713195801, -0.01647120714187622, 0.020307593047618866]","[1, 10]",62.527488705,-0.11606229841709137,5.0,443.0,1747877459.861106,17.0,,
444,"[0.6496598124504089, -0.02005443535745144, 0.03134823963046074]","[0.6271224021911621, -0.933831512928009, 0.5456383228302002, -0.6006518602371216]",False,"[0.694861650466919, -0.08056655526161194, 0.029999999329447746]","[[0.6297321915626526, -0.027460599318146706, 0.028144899755716324, 0.05708860605955124, 0.6496598124504089, -0.02005443535745144, 0.03134823963046074, 0.0025193693581968546, 0.043722402304410934, 0.0002870025928132236]]","[1.3049287796020508, -1.025793433189392, -0.0762563943862915, -0.5685098767280579, -0.05428053438663483, 0.07801194489002228]","[1, 10]",62.657379168,-0.07554298639297485,5.0,444.0,1747877459.9911954,18.0,,
445,"[0.44835758209228516, 0.12200504541397095, 0.029999999329447746]","[0.5675047636032104, -0.8504164218902588, 0.210227370262146, -0.6617844104766846]",True,"[0.572409451007843, -0.13730579614639282, 0.029999999329447746]","[[0.6384396553039551, -2.194472251484947e-12, 0.19740013778209686, 0, 0.44835758209228516, 0.12200504541397095, 0.029999999329447746, 0, 0, 0]]","[1.4386054277420044, -1.2436519861221313, -0.04608079791069031, -0.4515358805656433, 0.22569072246551514, 0.10780872404575348]","[1, 10]",62.904561034,-0.03878306597471237,5.0,445.0,1747877460.121071,19.0,,
446,"[0.5665989518165588, -0.2988071143627167, 0.02998983860015869]","[-0.31512153148651123, -0.47046637535095215, 0.07133984565734863, -0.30037450790405273]",False,"[0.47775453329086304, 0.11028000712394714, 0.029999999329447746]","[[0.6282979249954224, -0.01743626780807972, 0.19981127977371216, -3.459232189584327e-08, 0.5665989518165588, -0.2988071143627167, 0.02998983860015869, 6.299248525465373e-06, 2.2848787466500653e-06, -8.363443157577422e-06]]","[0.16023597121238708, -0.21417224407196045, 0.3263694643974304, 0.1803683042526245, 0.06487627327442169, -0.1190287172794342]","[1, 10]",63.028241448,-0.4186234772205353,6.0,446.0,1747877460.3682191,0.0,,
447,"[0.5665993690490723, -0.2988075315952301, 0.029989853501319885]","[0.07791996002197266, -0.973923921585083, 0.19869863986968994, 0.6754902601242065]",False,"[0.47775453329086304, 0.11028000712394714, 0.029999999329447746]","[[0.6303609013557434, -0.05200204625725746, 0.20767536759376526, 0.05933665111660957, 0.5665993690490723, -0.2988075315952301, 0.029989853501319885, 5.45747616342851e-06, 2.588247070889338e-06, -1.5728781363577582e-05]]","[0.10601244866847992, -0.17134182155132294, 0.2920560836791992, 0.2266657054424286, 0.18338972330093384, -0.22170774638652802]","[1, 10]",63.151916912,-0.4186239540576935,6.0,447.0,1747877460.491936,1.0,,
448,"[0.5665997266769409, -0.29880794882774353, 0.029989857226610184]","[0.04644811153411865, -0.9823182821273804, -0.12194526195526123, 0.5182052850723267]",False,"[0.47775453329086304, 0.11028000712394714, 0.029999999329447746]","[[0.6305544972419739, -0.09647442400455475, 0.20280645787715912, 0.07748778164386749, 0.5665997266769409, -0.29880794882774353, 0.029989857226610184, 5.298760243022116e-06, 2.645440872584004e-06, -2.309414412593469e-05]]","[-0.00965050607919693, 0.016255319118499756, 0.2552005648612976, 0.19547519087791443, 0.2055283784866333, -0.3014833331108093]","[1, 10]",63.273134503,-0.4186244308948517,6.0,448.0,1747877460.615625,2.0,,
449,"[0.5666000843048096, -0.29880836606025696, 0.029989857226610184]","[0.07807934284210205, -0.986041784286499, -0.17359930276870728, 0.46912550926208496]",False,"[0.47775453329086304, 0.11028000712394714, 0.029999999329447746]","[[0.6309972405433655, -0.13741426169872284, 0.1943477839231491, 0.07969457656145096, 0.5666000843048096, -0.29880836606025696, 0.029989857226610184, 5.268778750178171e-06, 2.6562681796349352e-06, -3.0459421395789832e-05]]","[-0.06338242441415787, 0.20922183990478516, 0.35698455572128296, 0.06402325630187988, 0.1687069535255432, -0.26319700479507446]","[1, 10]",63.395938727,-0.4186249375343323,6.0,449.0,1747877460.7368631,3.0,,
450,"[0.566600501537323, -0.2988088130950928, 0.029989857226610184]","[-0.14737486839294434, -0.9892556071281433, -0.4062349200248718, 0.4526181221008301]",False,"[0.47775453329086304, 0.11028000712394714, 0.029999999329447746]","[[0.6237066388130188, -0.17926007509231567, 0.17537343502044678, 0.07996285706758499, 0.566600501537323, -0.2988088130950928, 0.029989857226610184, 5.263059392746072e-06, 2.6583627459331183e-06, -3.782458952628076e-05]]","[-0.13642436265945435, 0.17642226815223694, 0.28692251443862915, -0.09803083539009094, 0.20366859436035156, -0.20550790429115295]","[1, 10]",63.514931544,-0.41862544417381287,6.0,450.0,1747877460.859665,4.0,,
453,"[0.5666013360023499, -0.2988097071647644, 0.029989931732416153]","[-0.11893695592880249, -0.8129146695137024, -0.97586989402771, 0.26439452171325684]",False,"[0.47775453329086304, 0.11028000712394714, 0.029999999329447746]","[[0.5786418318748474, -0.2986678183078766, 0.07429568469524384, 0.0799998939037323, 0.5666013360023499, -0.2988097071647644, 0.029989931732416153, 1.8690128626985825e-06, 6.920791406628268e-07, -5.513758151209913e-05]]","[-0.14075076580047607, -0.28111451864242554, -0.12748712301254272, -0.2383517622947693, -0.08550359308719635, 0.03622042387723923]","[1, 10]",63.870560242,-0.4186265170574188,6.0,453.0,1747877461.2151904,7.0,,
454,"[0.5665859580039978, -0.29835379123687744, 0.02999749220907688]","[0.019855737686157227, 0.7651525735855103, -0.9335677623748779, -0.11541277170181274]",False,"[0.47775453329086304, 0.11028000712394714, 0.029999999329447746]","[[0.5642373561859131, -0.29144948720932007, 0.02196209505200386, 0.07151883840560913, 0.5665859580039978, -0.29835379123687744, 0.02999749220907688, -0.0002445601858198643, -1.3766738447884563e-05, -0.004631130024790764]]","[-0.1457635462284088, -0.6063708662986755, -0.356837660074234, -0.14995168149471283, -0.2654262185096741, 0.01769920438528061]","[1, 10]",63.990680879,-0.4181777238845825,6.0,454.0,1747877461.3342407,8.0,,
455,"[0.5533127784729004, -0.2822743356227875, 0.03354589641094208]","[-0.9693666696548462, 0.9916679859161377, 0.9840445518493652, -0.9706825613975525]",False,"[0.47775453329086304, 0.11028000712394714, 0.029999999329447746]","[[0.5427103042602539, -0.2662436068058014, 0.0272552277892828, 0.05176106095314026, 0.5533127784729004, -0.2822743356227875, 0.03354589641094208, -0.019712181761860847, 0.10467558354139328, -0.11340247839689255]]","[-0.3049859404563904, -0.6180801391601562, -0.21781334280967712, -0.26241496205329895, -0.6015781164169312, -0.3090931475162506]","[1, 10]",64.111236309,-0.39977559447288513,6.0,455.0,1747877461.4543955,9.0,,
456,"[0.5190944075584412, -0.23797546327114105, 0.04292600229382515]","[-0.7105194926261902, 0.9940524101257324, 0.7655810117721558, -0.9392156600952148]",False,"[0.47775453329086304, 0.11028000712394714, 0.029999999329447746]","[[0.5062148571014404, -0.2255047857761383, 0.04283738136291504, 0.04942871630191803, 0.5190944075584412, -0.23797546327114105, 0.04292600229382515, 0.013421822339296341, 0.34895604848861694, 0.006854413077235222]]","[-0.26819390058517456, -0.5578551292419434, -0.288977712392807, -0.16039597988128662, -0.6227914094924927, -0.19785787165164948]","[1, 10]",64.235124682,-0.3509386479854584,6.0,456.0,1747877461.5749438,10.0,,
457,"[0.49515828490257263, -0.19117839634418488, 0.03926864638924599]","[-0.505274772644043, 0.9599112272262573, 0.06103205680847168, -0.6613484621047974]",False,"[0.47775453329086304, 0.11028000712394714, 0.029999999329447746]","[[0.4847140610218048, -0.18761982023715973, 0.040622975677251816, 0.05234473571181297, 0.49515828490257263, -0.19117839634418488, 0.03926864638924599, -0.0005781256477348506, 0.4005123972892761, -0.03133266791701317]]","[-0.046267665922641754, -0.6493333578109741, -0.27243301272392273, -0.1986677348613739, -0.6658393144607544, -0.20125672221183777]","[1, 10]",64.36114184,-0.30210256576538086,6.0,457.0,1747877461.6988418,11.0,,
458,"[0.47625505924224854, -0.15080301463603973, 0.03415296971797943]","[-0.465404748916626, 0.9667150974273682, -0.10092800855636597, -0.6090897917747498]",False,"[0.47775453329086304, 0.11028000712394714, 0.029999999329447746]","[[0.46577188372612, -0.14934971928596497, 0.033402614295482635, 0.053870610892772675, 0.47625505924224854, -0.15080301463603973, 0.03415296971797943, -0.017305733636021614, 0.13077300786972046, -0.02464037388563156]]","[0.11052560061216354, -0.6982052326202393, -0.24428370594978333, -0.22166913747787476, -0.7012541890144348, 0.05953952670097351]","[1, 10]",64.486322512,-0.26112034916877747,6.0,458.0,1747877461.824869,12.0,,
459,"[0.46725183725357056, -0.11590389907360077, 0.029858214780688286]","[0.2515401840209961, 0.9714845418930054, 0.45794427394866943, -0.7716412544250488]",False,"[0.47775453329086304, 0.11028000712394714, 0.029999999329447746]","[[0.4589249789714813, -0.11181188374757767, 0.028771700337529182, 0.053813423961400986, 0.46725183725357056, -0.11590389907360077, 0.029858214780688286, -0.001464627217501402, 0.00018093435210175812, -0.0054357899352908134]]","[0.42388007044792175, -0.5638806819915771, -0.1527576446533203, -0.2995419204235077, -0.5615348815917969, 0.02003447711467743]","[1, 10]",64.615341412,-0.22642765939235687,6.0,459.0,1747877461.9500415,13.0,,
460,"[0.4616895914077759, -0.08416029810905457, 0.03343639522790909]","[-0.07764989137649536, 0.9808804988861084, 0.5382442474365234, -0.8073337078094482]",False,"[0.47775453329086304, 0.11028000712394714, 0.029999999329447746]","[[0.44949930906295776, -0.073131263256073, 0.034611061215400696, 0.05175988748669624, 0.4616895914077759, -0.08416029810905457, 0.03343639522790909, -0.020124569535255432, 0.09906179457902908, -0.014477592892944813]]","[0.6670218110084534, -0.7821298837661743, -0.25149133801460266, -0.4471326470375061, -0.5298938751220703, 0.11948268115520477]","[1, 10]",64.754275175,-0.19513309001922607,6.0,460.0,1747877462.079008,14.0,,
461,"[0.4561181962490082, -0.04876329377293587, 0.034605469554662704]","[-0.15861821174621582, 0.9876357316970825, 0.07964086532592773, -0.8048771619796753]",False,"[0.47775453329086304, 0.11028000712394714, 0.029999999329447746]","[[0.4441395699977875, -0.036956675350666046, 0.036995720118284225, 0.05276593565940857, 0.4561181962490082, -0.04876329377293587, 0.034605469554662704, -0.0013624962884932756, 0.16833865642547607, -0.007494369056075811]]","[0.7712478041648865, -0.9778274297714233, -0.011027485132217407, -0.466124951839447, -0.296652615070343, 0.16473935544490814]","[1, 10]",64.883629777,-0.1605743169784546,6.0,461.0,1747877462.2179883,15.0,,
463,"[0.4567413330078125, 0.03387809917330742, 0.03267690911889076]","[0.06773042678833008, 0.9634374380111694, -0.10217887163162231, -0.7639082670211792]",False,"[0.47775453329086304, 0.11028000712394714, 0.029999999329447746]","[[0.44437944889068604, 0.03567838296294212, 0.03539958968758583, 0.05568800866603851, 0.4567413330078125, 0.03387809917330742, 0.03267690911889076, -0.00036947615444660187, 0.09453129023313522, -0.02517849951982498]]","[1.1901915073394775, -1.2261576652526855, -0.20991554856300354, -0.6253726482391357, -0.13188686966896057, -0.07867111265659332]","[1, 10]",65.140836635,-0.07928411662578583,6.0,463.0,1747877462.476224,17.0,,
464,"[0.4928623139858246, 0.2965027391910553, 0.029999999329447746]","[0.2793809175491333, 0.7375255823135376, -0.12373852729797363, -0.8036572337150574]",True,"[0.45342519879341125, -0.15430937707424164, 0.029999999329447746]","[[0.6384396553039551, -2.194472251484947e-12, 0.19740013778209686, 0, 0.4928623139858246, 0.2965027391910553, 0.029999999329447746, 0, 0, 0]]","[1.2200325727462769, -1.2509641647338867, -0.1296265423297882, -0.4055609703063965, 0.1359829306602478, -0.09246574342250824]","[1, 10]",65.403998293,-0.04543420299887657,6.0,464.0,1747877462.6045632,18.0,,
465,"[0.46099933981895447, -0.21437154710292816, 0.0299898199737072]","[-0.3882606625556946, 0.9686882495880127, -0.5711133480072021, 0.4119464159011841]",False,"[0.46434730291366577, 0.2492942363023758, 0.029999999329447746]","[[0.6287552714347839, 0.024167731404304504, 0.17405197024345398, 0.03618622571229935, 0.46099933981895447, -0.21437154710292816, 0.0299898199737072, -3.3503115446364973e-06, -1.0719993042584974e-05, -3.5290004234411754e-06]]","[-0.015105627477169037, -0.35455483198165894, 0.21256427466869354, 0.3394109606742859, -0.05686487257480621, -0.15911051630973816]","[1, 10]",65.528050944,-0.46367788314819336,7.0,465.0,1747877462.867689,0.0,,
466,"[0.46099957823753357, -0.2143717110157013, 0.029989777132868767]","[-0.98553067445755, -0.9838557839393616, 0.9549579620361328, 0.12749671936035156]",False,"[0.46434730291366577, 0.2492942363023758, 0.029999999329447746]","[[0.5737144351005554, 0.04340595006942749, 0.14979127049446106, 0.047385841608047485, 0.46099957823753357, -0.2143717110157013, 0.029989777132868767, -3.350321094330866e-06, -1.2199959201097954e-05, -7.288785582204582e-06]]","[0.11573862284421921, 0.050882190465927124, 0.4555470049381256, 0.1455097496509552, 0.010305613279342651, -0.3562712073326111]","[1, 10]",65.651895474,-0.4636780321598053,7.0,466.0,1747877462.9917648,1.0,,
467,"[0.46099984645843506, -0.21437188982963562, 0.02998976781964302]","[-0.8371465802192688, -0.9869473576545715, 0.2698476314544678, 0.564501166343689]",False,"[0.46434730291366577, 0.2492942363023758, 0.029999999329447746]","[[0.5390501618385315, 0.012051313184201717, 0.14762341976165771, 0.07603506743907928, 0.46099984645843506, -0.21437188982963562, 0.02998976781964302, -3.350324277562322e-06, -1.2479092220019083e-05, -1.1048590749851428e-05]]","[-0.012081973254680634, 0.20737633109092712, 0.4261913001537323, 0.06314285099506378, 0.07380446791648865, -0.36908596754074097]","[1, 10]",65.775908245,-0.4636782109737396,7.0,467.0,1747877463.115598,2.0,,
468,"[0.46100011467933655, -0.21437205374240875, 0.02998976595699787]","[-0.46711838245391846, -0.9858382344245911, 0.04081141948699951, 0.4627702236175537]",False,"[0.46434730291366577, 0.2492942363023758, 0.029999999329447746]","[[0.5236273407936096, -0.03491029515862465, 0.14979806542396545, 0.07951796054840088, 0.46100011467933655, -0.21437205374240875, 0.02998976595699787, -3.35032586917805e-06, -1.2531740139820613e-05, -1.4808477317274082e-05]]","[-0.031466417014598846, 0.3394082486629486, 0.4400942921638489, -0.010814525187015533, 0.1369122564792633, -0.2723706066608429]","[1, 10]",65.900176429,-0.46367835998535156,7.0,468.0,1747877463.2396266,3.0,,
469,"[0.4610004127025604, -0.21437221765518188, 0.02998976595699787]","[-0.3737066984176636, -0.9823215007781982, 0.0160064697265625, 0.411138653755188]",False,"[0.46434730291366577, 0.2492942363023758, 0.029999999329447746]","[[0.5096120238304138, -0.07522831112146378, 0.15065769851207733, 0.07994142174720764, 0.4610004127025604, -0.21437221765518188, 0.02998976595699787, -3.3503274607937783e-06, -1.2541671821963973e-05, -1.8568456653156318e-05]]","[-0.18797361850738525, 0.39017030596733093, 0.377348393201828, -0.09631253778934479, 0.1422073245048523, -0.287667453289032]","[1, 10]",66.024579031,-0.4636785387992859,7.0,469.0,1747877463.3638859,4.0,,
470,"[0.4610006809234619, -0.21437238156795502, 0.02998976595699787]","[-0.47569406032562256, -0.9787768721580505, -0.27213096618652344, 0.3988664150238037]",False,"[0.46434730291366577, 0.2492942363023758, 0.029999999329447746]","[[0.49137046933174133, -0.11661023646593094, 0.14045651257038116, 0.07999292016029358, 0.4610006809234619, -0.21437238156795502, 0.02998976595699787, -3.3503290524095064e-06, -1.2543545381049626e-05, -2.2328533304971643e-05]]","[-0.21307823061943054, 0.24476221203804016, 0.2078370898962021, -0.14940670132637024, 0.1651933789253235, -0.1883815973997116]","[1, 10]",66.148966916,-0.4636786878108978,7.0,470.0,1747877463.4882288,5.0,,
471,"[0.4610009491443634, -0.21437254548072815, 0.02998976595699787]","[-0.29032349586486816, -0.9781694412231445, -0.39369237422943115, 0.4064619541168213]",False,"[0.46434730291366577, 0.2492942363023758, 0.029999999329447746]","[[0.4785878360271454, -0.15656499564647675, 0.1252553015947342, 0.0799991562962532, 0.4610009491443634, -0.21437254548072815, 0.02998976595699787, -3.350330416651559e-06, -1.2543900083983317e-05, -2.6088704544235952e-05]]","[-0.21804648637771606, 0.011659234762191772, 0.059489905834198, -0.1724158227443695, 0.09854254126548767, -0.06348995864391327]","[1, 10]",66.273318032,-0.46367886662483215,7.0,471.0,1747877463.6126955,6.0,,
472,"[0.46100136637687683, -0.21437275409698486, 0.029989851638674736]","[-0.399617075920105, -0.9842183589935303, -0.6239978075027466, 0.28267550468444824]",False,"[0.46434730291366577, 0.2492942363023758, 0.029999999329447746]","[[0.4615466296672821, -0.19491784274578094, 0.10107690840959549, 0.07999991625547409, 0.46100136637687683, -0.21437275409698486, 0.029989851638674736, -9.281057589127784e-10, -4.932845513394568e-06, -2.8344797101453878e-05]]","[-0.1305391490459442, -0.18020246922969818, -0.09927234053611755, -0.26336926221847534, -0.0867319330573082, 0.021789491176605225]","[1, 10]",66.398973771,-0.46367907524108887,7.0,472.0,1747877463.7370458,7.0,,
473,"[0.4610014855861664, -0.21437275409698486, 0.029989972710609436]","[0.2952611446380615, -0.5856696367263794, -0.9922962784767151, 0.153092622756958]",False,"[0.46434730291366577, 0.2492942363023758, 0.029999999329447746]","[[0.471112996339798, -0.2166241854429245, 0.06584543734788895, 0.07999961823225021, 0.4610014855861664, -0.21437275409698486, 0.029989972710609436, -2.875446547534466e-10, -9.307079267273366e-07, -2.834477163560223e-05]]","[0.0554015189409256, -0.3800913393497467, -0.2727123200893402, -0.30689048767089844, -0.1748320460319519, 0.11538098752498627]","[1, 10]",66.523957046,-0.46367907524108887,7.0,473.0,1747877463.86266,8.0,,
474,"[0.4606214165687561, -0.21136049926280975, 0.029989827424287796]","[-0.20184630155563354, 0.8208025693893433, -0.936279296875, -0.16656780242919922]",False,"[0.46434730291366577, 0.2492942363023758, 0.029999999329447746]","[[0.4584706127643585, -0.19965936243534088, 0.02621227502822876, 0.07274128496646881, 0.4606214165687561, -0.21136049926280975, 0.029989827424287796, 2.3405316369462525e-06, -3.397537284399732e-06, -0.0330921895802021]]","[0.0680118054151535, -0.6459277868270874, -0.3962279260158539, -0.3347932696342468, -0.4340391755104065, 0.06906360387802124]","[1, 10]",66.649163188,-0.4606698155403137,7.0,474.0,1747877463.9876752,9.0,,
475,"[0.4497159421443939, -0.18869826197624207, 0.033732857555150986]","[-0.3303684592247009, 0.987499475479126, 0.8561780452728271, -0.9285793900489807]",False,"[0.46434730291366577, 0.2492942363023758, 0.029999999329447746]","[[0.4359242618083954, -0.1723603755235672, 0.02916053496301174, 0.0517616868019104, 0.4497159421443939, -0.18869826197624207, 0.033732857555150986, -0.022050436586141586, 0.1086961105465889, -0.10535305738449097]]","[-0.03244728595018387, -0.4236346185207367, -0.3622625768184662, -0.24894793331623077, -0.6449214220046997, -0.09512816369533539]","[1, 10]",66.773825975,-0.438252717256546,7.0,475.0,1747877464.1128817,10.0,,
476,"[0.44447773694992065, -0.1485658884048462, 0.033888597041368484]","[0.37130260467529297, 0.988814115524292, 0.20169711112976074, -0.9312455654144287]",False,"[0.46434730291366577, 0.2492942363023758, 0.029999999329447746]","[[0.43462690711021423, -0.13629250228405, 0.02973577380180359, 0.05162208154797554, 0.44447773694992065, -0.1485658884048462, 0.033888597041368484, 0.0021145662758499384, 0.13982021808624268, -0.014671195298433304]]","[0.06902065128087997, -0.5579814910888672, -0.34496811032295227, -0.07013268768787384, -0.6850823760032654, -0.00022989511489868164]","[1, 10]",66.897764764,-0.3983749449253082,7.0,476.0,1747877464.2375593,11.0,,
477,"[0.4541996419429779, -0.10643216967582703, 0.031918954104185104]","[0.44705235958099365, 0.9674811363220215, 0.25767266750335693, -0.8095341324806213]",False,"[0.46434730291366577, 0.2492942363023758, 0.029999999329447746]","[[0.44521939754486084, -0.09713679552078247, 0.027689088135957718, 0.053966183215379715, 0.4541996419429779, -0.10643216967582703, 0.031918954104185104, 0.005916564725339413, 0.060292232781648636, -0.014293840155005455]]","[0.21034717559814453, -0.763912558555603, -0.3310171663761139, -0.18716034293174744, -0.7157434821128845, 0.17045824229717255]","[1, 10]",67.021437551,-0.35587629675865173,7.0,477.0,1747877464.3614917,12.0,,
478,"[0.46364516019821167, -0.06445552408695221, 0.033241987228393555]","[0.34445691108703613, 0.9711658954620361, 0.27284765243530273, -0.808637797832489]",False,"[0.46434730291366577, 0.2492942363023758, 0.029999999329447746]","[[0.4546236991882324, -0.05927985534071922, 0.028969334438443184, 0.05448164790868759, 0.46364516019821167, -0.06445552408695221, 0.033241987228393555, -0.0014662460889667273, 0.07377943396568298, -0.004590740893036127]]","[0.548599123954773, -0.5775426626205444, -0.24395260214805603, -0.3103170096874237, -0.5976275205612183, 0.09364081919193268]","[1, 10]",67.145484299,-0.31376728415489197,7.0,478.0,1747877464.4851706,13.0,,
479,"[0.4673559069633484, -0.022572264075279236, 0.03672464191913605]","[0.015025854110717773, 0.9753742218017578, 0.22255241870880127, -0.8461557030677795]",False,"[0.46434730291366577, 0.2492942363023758, 0.029999999329447746]","[[0.4559790790081024, -0.020258191972970963, 0.03528442606329918, 0.055196695029735565, 0.4673559069633484, -0.022572264075279236, 0.03672464191913605, -0.00544899282976985, 0.22288471460342407, 0.002512463601306081]]","[0.7362579107284546, -0.7159314751625061, -0.21855428814888, -0.41235682368278503, -0.4817644953727722, 0.1851448267698288]","[1, 10]",67.269340775,-0.2719663083553314,7.0,479.0,1747877464.609205,14.0,,
480,"[0.4611009657382965, 0.016787972301244736, 0.03607213869690895]","[-0.2549985647201538, 0.9813245534896851, 0.04595446586608887, -0.7965323328971863]",False,"[0.46434730291366577, 0.2492942363023758, 0.029999999329447746]","[[0.4472845792770386, 0.01758255995810032, 0.03511707857251167, 0.055160097777843475, 0.4611009657382965, 0.016787972301244736, 0.03607213869690895, -7.294506212929264e-05, 0.23331469297409058, -0.043144140392541885]]","[0.7248675227165222, -1.082292079925537, -0.10221517086029053, -0.2872477173805237, -0.3645060360431671, 0.302842378616333]","[1, 10]",67.39319636,-0.23260819911956787,7.0,480.0,1747877464.7330682,15.0,,
481,"[0.450740247964859, 0.051033683121204376, 0.03481012582778931]","[-0.250036358833313, 0.9811975955963135, 0.0020319223403930664, -0.8290375471115112]",False,"[0.46434730291366577, 0.2492942363023758, 0.029999999329447746]","[[0.4374488592147827, 0.05620144307613373, 0.03277790546417236, 0.05445064231753349, 0.450740247964859, 0.051033683121204376, 0.03481012582778931, 0.004244212992489338, 0.17227797210216522, -0.02532074972987175]]","[0.9017059803009033, -1.0479322671890259, -0.18126264214515686, -0.46821361780166626, -0.3893336355686188, 0.1492498368024826]","[1, 10]",67.517388668,-0.19878515601158142,7.0,481.0,1747877464.8569095,16.0,,
482,"[0.44855716824531555, 0.08412192016839981, 0.03399575874209404]","[-0.012807965278625488, 0.9809677600860596, 0.04735207557678223, -0.8554459810256958]",False,"[0.46434730291366577, 0.2492942363023758, 0.029999999329447746]","[[0.4359602928161621, 0.09253895282745361, 0.03128105401992798, 0.05357718840241432, 0.44855716824531555, 0.08412192016839981, 0.03399575874209404, 0.001625416218303144, 0.14262017607688904, -0.019601158797740936]]","[1.148687720298767, -1.2212347984313965, -0.25027623772621155, -0.48829182982444763, -0.15740171074867249, -0.06377436220645905]","[1, 10]",67.641129955,-0.1659734547138214,7.0,482.0,1747877464.9811106,17.0,,
483,"[0.44857057929039, 0.11930270493030548, 0.03451009467244148]","[-0.003081202507019043, 0.9601095914840698, 0.07010340690612793, -0.7443469762802124]",False,"[0.46434730291366577, 0.2492942363023758, 0.029999999329447746]","[[0.4360501766204834, 0.12762098014354706, 0.032161496579647064, 0.053403351455926895, 0.44857057929039, 0.11930270493030548, 0.03451009467244148, -0.0018958983710035682, 0.16282035410404205, -0.015195222571492195]]","[1.121993064880371, -1.2316126823425293, -0.1213827133178711, -0.26932021975517273, 0.12391237914562225, -0.2672644257545471]","[1, 10]",67.765544297,-0.13102306425571442,7.0,483.0,1747877465.1048405,18.0,,
484,"[0.4512551724910736, 0.1536795049905777, 0.03276439383625984]","[0.14956259727478027, 0.7153068780899048, 0.005018353462219238, -0.6150726079940796]",False,"[0.46434730291366577, 0.2492942363023758, 0.029999999329447746]","[[0.43940481543540955, 0.15474946796894073, 0.029160151258111, 0.05360850691795349, 0.4512551724910736, 0.1536795049905777, 0.03276439383625984, 5.250151843938511e-06, 0.09742794930934906, -0.00044053641613572836]]","[1.3536336421966553, -1.4401330947875977, -0.28823021054267883, -0.16149957478046417, 0.43488430976867676, 0.11908264458179474]","[1, 10]",67.890506752,-0.0965464785695076,7.0,484.0,1747877465.2292607,19.0,,
485,"[0.4548039436340332, 0.18536584079265594, 0.03469131886959076]","[0.13244152069091797, 0.6190847158432007, 0.1764390468597412, -0.7675278186798096]",False,"[0.46434730291366577, 0.2492942363023758, 0.029999999329447746]","[[0.4423774778842926, 0.1773967295885086, 0.03214721754193306, 0.055707886815071106, 0.4548039436340332, 0.18536584079265594, 0.03469131886959076, -0.005835391581058502, 0.16511274874210358, 0.0028271523769944906]]","[1.5266882181167603, -1.9707951545715332, -0.4788084924221039, -0.1679319441318512, 0.5256341695785522, -0.03188943862915039]","[1, 10]",68.015817122,-0.06480681896209717,7.0,485.0,1747877465.3542342,20.0,,
486,"[0.45088768005371094, 0.20008249580860138, 0.03497559577226639]","[-0.12706774473190308, -0.21340525150299072, -0.0764545202255249, -0.5762965679168701]",False,"[0.46434730291366577, 0.2492942363023758, 0.029999999329447746]","[[0.43860191106796265, 0.18780310451984406, 0.032726045697927475, 0.056714534759521484, 0.45088768005371094, 0.20008249580860138, 0.03497559577226639, 0.013850252144038677, 0.1673274040222168, 0.0531812459230423]]","[1.8506180047988892, -1.991004228591919, -0.7736210823059082, -0.33576956391334534, 0.7573316693305969, -0.15706488490104675]","[1, 10]",68.140739013,-0.05126123130321503,7.0,486.0,1747877465.4795432,21.0,,
487,"[0.44399017095565796, 0.1956416517496109, 0.029950091615319252]","[-0.2933943271636963, -0.17560923099517822, -0.4139084815979004, -0.3316831588745117]",False,"[0.46434730291366577, 0.2492942363023758, 0.029999999329447746]","[[0.43041154742240906, 0.18285201489925385, 0.0218222476541996, 0.055400580167770386, 0.44399017095565796, 0.1956416517496109, 0.029950091615319252, 0.004176344722509384, -0.005490523297339678, 0.05063807964324951]]","[2.0230515003204346, -2.0257885456085205, -1.0790079832077026, -0.5354883670806885, 1.071357011795044, -0.34072983264923096]","[1, 10]",68.265104785,-0.057384803891181946,7.0,487.0,1747877465.6044517,22.0,,
488,"[0.4478025436401367, 0.19795700907707214, 0.029992325231432915]","[0.21585965156555176, 0.27921557426452637, -0.11338114738464355, -0.34022772312164307]",False,"[0.46434730291366577, 0.2492942363023758, 0.029999999329447746]","[[0.43970757722854614, 0.19400882720947266, 0.022032253444194794, 0.05322805792093277, 0.4478025436401367, 0.19795700907707214, 0.029992325231432915, 0.0009920496959239244, -0.0009513896657153964, -0.019327297806739807]]","[2.187762498855591, -2.0733420848846436, -1.7076622247695923, -0.6426065564155579, 1.3850789070129395, -0.21218471229076385]","[1, 10]",68.388618262,-0.05393737554550171,7.0,488.0,1747877465.728825,23.0,,
489,"[0.44223517179489136, 0.1997530162334442, 0.029941942542791367]","[-0.5367038249969482, 0.019397377967834473, -0.03658878803253174, -0.6130355596542358]",False,"[0.46434730291366577, 0.2492942363023758, 0.029999999329447746]","[[0.42448875308036804, 0.1974715292453766, 0.02201327681541443, 0.05269761011004448, 0.44223517179489136, 0.1997530162334442, 0.029941942542791367, 9.233441232936457e-05, -0.001690886216238141, 0.0062505267560482025]]","[1.7802287340164185, -1.6701565980911255, -1.4940134286880493, -0.43489429354667664, 1.2909657955169678, -0.5946077704429626]","[1, 10]",68.513094068,-0.054252028465270996,7.0,489.0,1747877465.852332,24.0,,
490,"[0.4421733617782593, 0.20040972530841827, 0.029984118416905403]","[0.42241382598876953, 0.142686128616333, -0.05029332637786865, -0.37541109323501587]",False,"[0.46434730291366577, 0.2492942363023758, 0.029999999329447746]","[[0.43748313188552856, 0.20150525867938995, 0.021936409175395966, 0.052267540246248245, 0.4421733617782593, 0.20040972530841827, 0.029984118416905403, 2.931640665337909e-06, -0.00019676334341056645, 0.016305580735206604]]","[1.4113996028900146, -1.5511294603347778, -1.4397499561309814, 0.11405277252197266, 1.6311767101287842, -0.6874242424964905]","[1, 10]",68.637450556,-0.0536784864962101,7.0,490.0,1747877465.9768207,25.0,,
491,"[0.4382799565792084, 0.20774812996387482, 0.029999999329447746]","[0.2177572250366211, 0.7445293664932251, 0.32059502601623535, -0.37037891149520874]",True,"[0.5515860915184021, -0.2543603777885437, 0.029999999329447746]","[[0.6384396553039551, -2.194472251484947e-12, 0.19740013778209686, 0, 0.4382799565792084, 0.20774812996387482, 0.029999999329447746, 0, 0, 0]]","[1.3758083581924438, -1.5833234786987305, -1.5648657083511353, 0.4009358286857605, 1.9291448593139648, -0.7550361156463623]","[1, 10]",68.90296938,-0.045360539108514786,7.0,491.0,1747877466.1011446,26.0,,
492,"[0.49357888102531433, 0.03181387111544609, 0.02998989447951317]","[-0.7340520620346069, 0.2665259838104248, -0.7171664237976074, -0.6915158629417419]",False,"[0.4518587589263916, -0.011592394672334194, 0.029999999329447746]","[[0.6202228665351868, 0.010873493738472462, 0.1717585176229477, 4.4060186610295204e-07, 0.49357888102531433, 0.03181387111544609, 0.02998989447951317, -2.8357353585306555e-06, 7.784965418977663e-06, 1.933568000822561e-06]]","[0.15747866034507751, -0.31075435876846313, 0.37575989961624146, 0.3099006712436676, -0.013351455330848694, -0.09797316044569016]","[1, 10]",69.027729485,-0.06020524725317955,8.0,492.0,1747877466.3666613,0.0,,
493,"[0.49357870221138, 0.03181375563144684, 0.029989875853061676]","[-0.464985728263855, -0.040583014488220215, -0.6077190637588501, -0.08766782283782959]",False,"[0.4518587589263916, -0.011592394672334194, 0.029999999329447746]","[[0.6027402877807617, 0.009305285289883614, 0.14004215598106384, -3.0169968745497044e-09, 0.49357870221138, 0.03181375563144684, 0.029989875853061676, -2.8357389965094626e-06, 8.34959701023763e-06, 4.22911125497194e-06]]","[0.25157052278518677, -0.13606667518615723, 0.18355786800384521, 0.38703495264053345, 0.1485675871372223, -0.07067980617284775]","[1, 10]",69.152118275,-0.060205042362213135,8.0,493.0,1747877466.4914415,1.0,,
494,"[0.4935785233974457, 0.031813640147447586, 0.029989873990416527]","[-0.434669554233551, 0.02210867404937744, -0.45340657234191895, 0.2944178581237793]",False,"[0.4518587589263916, -0.011592394672334194, 0.029999999329447746]","[[0.5881595611572266, 0.01032778900116682, 0.118746817111969, 0.025862378999590874, 0.4935785233974457, 0.031813640147447586, 0.029989873990416527, -2.8357405881251907e-06, 8.456109753751662e-06, 6.5246736085100565e-06]]","[0.15545685589313507, 0.0009768009185791016, 0.1932537853717804, 0.31941044330596924, 0.14777907729148865, -0.14422902464866638]","[1, 10]",69.276485705,-0.06020483374595642,8.0,494.0,1747877466.6158328,2.0,,
495,"[0.4935782551765442, 0.031813498586416245, 0.029989924281835556]","[-0.7571184635162354, 0.2871415615081787, -0.5344609618186951, 0.4160870313644409]",False,"[0.4518587589263916, -0.011592394672334194, 0.029999999329447746]","[[0.5628114938735962, 0.021833159029483795, 0.0957866832613945, 0.06241277977824211, 0.4935782551765442, 0.031813498586416245, 0.029989924281835556, -1.1747969133960035e-12, 2.552652176746051e-06, 7.672450919926632e-06]]","[-0.0759708359837532, 0.049029380083084106, 0.2463083267211914, 0.3741014301776886, 0.13696634769439697, -0.14134056866168976]","[1, 10]",69.401387142,-0.06020454689860344,8.0,495.0,1747877466.7402244,3.0,,
496,"[0.4935781955718994, 0.03181349113583565, 0.029989982023835182]","[-0.9301598072052002, 0.2503582239151001, -0.9126377701759338, 0.3221322298049927]",False,"[0.4518587589263916, -0.011592394672334194, 0.029999999329447746]","[[0.53138267993927, 0.03258630633354187, 0.05750802531838417, 0.07786205410957336, 0.4935781955718994, 0.03181349113583565, 0.029989982023835182, -3.3904423712982634e-09, 5.685607220584643e-07, 7.771455784677528e-06]]","[-0.045253150165081024, 0.08368942141532898, 0.20777253806591034, 0.31982994079589844, 0.17653512954711914, -0.07253982126712799]","[1, 10]",69.525552398,-0.06020449846982956,8.0,496.0,1747877466.8650937,4.0,,
497,"[0.4934805631637573, 0.031408023089170456, 0.029989223927259445]","[-0.8048979640007019, -0.17289233207702637, -0.4470161199569702, -0.07282638549804688]",False,"[0.4518587589263916, -0.011592394672334194, 0.029999999329447746]","[[0.49543583393096924, 0.025701558217406273, 0.032504767179489136, 0.07160326093435287, 0.4934805631637573, 0.031408023089170456, 0.029989223927259445, -1.7203476090799086e-05, -4.220556093059713e-06, 0.0035580091644078493]]","[-0.17799484729766846, 0.31733712553977966, 0.18217188119888306, 0.27319079637527466, 0.062362998723983765, -0.0886489525437355]","[1, 10]",69.650869679,-0.05984488129615784,8.0,497.0,1747877466.9892807,5.0,,
498,"[0.4890693426132202, 0.02594897896051407, 0.029994655400514603]","[-0.23955833911895752, -0.8899983763694763, -0.035237908363342285, -0.6394411325454712]",False,"[0.4518587589263916, -0.011592394672334194, 0.029999999329447746]","[[0.48727086186408997, 0.01283714547753334, 0.030991317704319954, 0.05389120429754257, 0.4890693426132202, 0.02594897896051407, 0.029994655400514603, 0.00016531565051991493, -1.787745532055851e-05, 0.046984102576971054]]","[-0.0448959544301033, 0.488046258687973, 0.1665152609348297, 0.28460294008255005, 0.04204943776130676, 0.10784099996089935]","[1, 10]",69.775090762,-0.052858129143714905,8.0,498.0,1747877467.114545,6.0,,
499,"[0.6736282706260681, 0.19888916611671448, 0.029999999329447746]","[-0.22741717100143433, -0.8787616491317749, 0.020922303199768066, -0.6330579519271851]",True,"[0.6076822280883789, 0.06866798549890518, 0.029999999329447746]","[[0.6384396553039551, -2.194472251484947e-12, 0.19740013778209686, 0, 0.6736282706260681, 0.19888916611671448, 0.029999999329447746, 0, 0, 0]]","[-0.1834028661251068, 0.21830597519874573, 0.07154953479766846, -0.00218982994556427, 0.009808413684368134, 0.11606502532958984]","[1, 10]",69.996367762,-0.034812889993190765,8.0,499.0,1747877467.23881,7.0,,
500,"[0.547530472278595, 0.25035080313682556, 0.02998983860015869]","[-0.4122612476348877, 0.9466674327850342, 0.698257327079773, 0.7977336645126343]",False,"[0.6327927112579346, 0.20336253941059113, 0.029999999329447746]","[[0.6202319860458374, 0.024172719568014145, 0.2020745724439621, 0.07007481902837753, 0.547530472278595, 0.25035080313682556, 0.02998983860015869, 6.299248525465373e-06, 2.2848787466500653e-06, -8.363443157577422e-06]]","[0.05495768040418625, -0.16006270051002502, 0.32549697160720825, 0.28847572207450867, -0.14168578386306763, -0.47681891918182373]","[1, 10]",70.124300488,-0.09735271334648132,9.0,500.0,1747877467.4600518,0.0,,
501,"[0.5475308299064636, 0.25035038590431213, 0.029989853501319885]","[-0.8915013670921326, 0.8844819068908691, -0.11288875341415405, 0.6107611656188965]",False,"[0.6327927112579346, 0.20336253941059113, 0.029999999329447746]","[[0.5960060954093933, 0.07136877626180649, 0.2048412412405014, 0.07879334688186646, 0.5475308299064636, 0.25035038590431213, 0.029989853501319885, 5.45747616342851e-06, 2.588247070889338e-06, -1.5728781363577582e-05]]","[-0.047675855457782745, -0.3442120850086212, 0.16706833243370056, 0.5397191643714905, 0.01869361102581024, -0.14770770072937012]","[1, 10]",70.252737828,-0.09735219925642014,9.0,501.0,1747877467.5879905,1.0,,
502,"[0.547531247138977, 0.2503499686717987, 0.029989857226610184]","[-0.8421249389648438, 0.936897873878479, -0.32859236001968384, 0.4573734998703003]",False,"[0.6327927112579346, 0.20336253941059113, 0.029999999329447746]","[[0.5660607814788818, 0.11253146827220917, 0.19147352874279022, 0.07985328882932663, 0.547531247138977, 0.2503499686717987, 0.029989857226610184, 5.298760243022116e-06, 2.645440872584004e-06, -2.309414412593469e-05]]","[-0.2126399278640747, -0.10515066981315613, 0.2805823087692261, 0.5342413783073425, 0.032686829566955566, -0.0897100418806076]","[1, 10]",70.380654945,-0.09735163301229477,9.0,502.0,1747877467.716425,2.0,,
503,"[0.5475316047668457, 0.2503495514392853, 0.029989857226610184]","[-0.7151402235031128, 0.9029221534729004, -0.7037250995635986, 0.36618518829345703]",False,"[0.6327927112579346, 0.20336253941059113, 0.029999999329447746]","[[0.5407018661499023, 0.1542133092880249, 0.16395989060401917, 0.07998224347829819, 0.5475316047668457, 0.2503495514392853, 0.029989857226610184, 5.268778750178171e-06, 2.6562681796349352e-06, -3.0459421395789832e-05]]","[-0.0949050709605217, -0.03758542239665985, 0.19733461737632751, 0.4528194069862366, 0.13409769535064697, -0.00891806185245514]","[1, 10]",70.508176752,-0.09735111892223358,9.0,503.0,1747877467.844364,3.0,,
504,"[0.5475319623947144, 0.25034910440444946, 0.029989857226610184]","[-0.33895379304885864, 0.9330465793609619, -0.7597895860671997, 0.2215193510055542]",False,"[0.6327927112579346, 0.20336253941059113, 0.029999999329447746]","[[0.5246151089668274, 0.19350139796733856, 0.12848344445228577, 0.07999789714813232, 0.5475319623947144, 0.25034910440444946, 0.029989857226610184, 5.263059392746072e-06, 2.6583627459331183e-06, -3.782458952628076e-05]]","[-0.021905355155467987, -0.023045331239700317, 0.08846385776996613, 0.37859034538269043, 0.18931233882904053, -0.07432161271572113]","[1, 10]",70.636040634,-0.0973505899310112,9.0,504.0,1747877467.9718745,4.0,,
505,"[0.5475320816040039, 0.2503490149974823, 0.029989926144480705]","[0.13836312294006348, 0.9074981212615967, -0.9608747959136963, 0.17361760139465332]",False,"[0.6327927112579346, 0.20336253941059113, 0.029999999329447746]","[[0.5261691808700562, 0.22906489670276642, 0.08754423260688782, 0.07999970018863678, 0.5475320816040039, 0.2503490149974823, 0.029989926144480705, 1.632412363505864e-06, 8.53376661780203e-07, -4.154693669988774e-05]]","[-0.09386885911226273, -0.02986094355583191, -0.06255823373794556, 0.3586429953575134, 0.2382853925228119, 0.09069360792636871]","[1, 10]",70.76451135,-0.09735044091939926,9.0,505.0,1747877468.099726,5.0,,
506,"[0.5475322008132935, 0.2503490149974823, 0.029989976435899734]","[0.29213976860046387, 0.5803686380386353, -0.9800901412963867, 0.08893716335296631]",False,"[0.6327927112579346, 0.20336253941059113, 0.029999999329447746]","[[0.5300542116165161, 0.24928146600723267, 0.039632245898246765, 0.08000004291534424, 0.5475322008132935, 0.2503490149974823, 0.029989976435899734, 2.386219080108276e-07, 5.528444830815715e-07, -4.1037033952306956e-05]]","[-0.09219429641962051, 0.09289735555648804, -0.10666510462760925, 0.23792493343353271, 0.26810595393180847, 0.19390659034252167]","[1, 10]",70.89344418,-0.0973503366112709,9.0,506.0,1747877468.2282073,6.0,,
507,"[0.5511306524276733, 0.2506454288959503, 0.02998989075422287]","[0.953606367111206, -0.6905693411827087, -0.3214181661605835, -0.5868649482727051]",False,"[0.6327927112579346, 0.20336253941059113, 0.029999999329447746]","[[0.5498342514038086, 0.247425839304924, 0.021876545622944832, 0.05478547513484955, 0.5511306524276733, 0.2506454288959503, 0.02998989075422287, 2.8496795039245626e-06, -9.102274702854629e-07, 0.0732889249920845]]","[0.2613945007324219, 0.5245587825775146, -0.03902137279510498, 0.06360544264316559, 0.23513227701187134, 0.3250563144683838]","[1, 10]",71.023722819,-0.09436295926570892,9.0,507.0,1747877468.3571472,7.0,,
508,"[0.5642911791801453, 0.24187016487121582, 0.03181097283959389]","[0.7828689813613892, -0.6682422161102295, 0.568889856338501, -0.6800440549850464]",False,"[0.6327927112579346, 0.20336253941059113, 0.029999999329447746]","[[0.5646522045135498, 0.2283765822649002, 0.023880062624812126, 0.0523531436920166, 0.5642911791801453, 0.24187016487121582, 0.03181097283959389, -0.0010725271422415972, 0.004979975055903196, 0.04701840505003929]]","[0.4116964340209961, 0.4933415353298187, 0.12437319755554199, -0.054893553256988525, -0.07970588654279709, 0.3910701274871826]","[1, 10]",71.154509297,-0.07860394567251205,9.0,508.0,1747877468.4874256,8.0,,
509,"[0.5510214567184448, 0.09999089688062668, 0.029999999329447746]","[0.8036098480224609, -0.8045746684074402, 0.27378296852111816, -0.7531589269638062]",True,"[0.5296427011489868, -0.01820051670074463, 0.029999999329447746]","[[0.6384396553039551, -2.194472251484947e-12, 0.19740013778209686, 0, 0.5510214567184448, 0.09999089688062668, 0.029999999329447746, 0, 0, 0]]","[0.44278353452682495, 0.32756176590919495, 0.048934608697891235, -0.3123781681060791, -0.0945339947938919, 0.23303930461406708]","[1, 10]",72.038688205,-0.04978873208165169,9.0,509.0,1747877469.4995043,9.0,"{'_type': 'image-file', 'format': 'png', 'height': 480, 'path': 'media/images/tsne_509_964e379a2e7a158589ec.png', 'sha256': '964e379a2e7a158589ecbfdb8b22f3b86f6409bb71e8c326fd495a8d4ac09562', 'size': 42353, 'width': 640}",
510,,,,,,,,72.119319387,,,,1747877469.5831697,,,"{'width': 640, '_type': 'image-file', 'format': 'png', 'height': 480, 'path': 'media/images/pca_510_e123f420a567b6570457.png', 'sha256': 'e123f420a567b65704571c595d25d310546831cdfe383f251fb8f1036c33a894', 'size': 35205}"
