{"test/observations":[[0.6631311178207397,-0.06263656914234161,-0.0023334191646426916,0.06400135904550552,0.49088507890701294,-0.11537636816501617,0.027130641043186188,0.08246052265167236,-0.06929244101047516,0.027026215568184853]],"test/env_info":[1,1],"global_step":18,"test/achieved_goal":[0.49088507890701294,-0.11537636816501617,0.027130641043186188],"test/reward":-0.1738995760679245,"_step":18,"_timestamp":1.7455770334598284e+09,"test/action":[0.874239444732666,0.7176533937454224,-0.8964023590087891,-0.911070704460144],"test/desired_goal":[0.6000000238418579,0.019999999552965164,0.029999999329447746],"_runtime":74.941949144,"test/done":false,"test/causal_embedding":[0.32315993309020996,-0.3074846863746643,0.8068372011184692,-0.2426210194826126,-0.4904351234436035,2.5408284664154053],"_wandb":{"runtime":74},"test/steps":18,"test/episode":0}