{"_timestamp":1.7455742663142755e+09,"test/episode":1,"test/action":[0.6972326040267944,0.7569617033004761,-0.9155782461166382,0.8458583354949951],"test/desired_goal":[0.6000000238418579,0.019999999552965164,0.029999999329447746],"test/done":false,"_step":14,"_runtime":81.661822116,"_wandb":{"runtime":81},"test/reward":-0.20744168758392334,"global_step":14,"test/steps":6,"test/causal_embedding":[0.07443996518850327,-0.18791645765304565,-0.1559583842754364,-0.08508051186800003,-0.1007281243801117,0.15557755529880524],"test/env_info":[1,1],"test/observations":[[0.5364502668380737,-0.07981915771961212,-0.0026631541550159454,0.08000169694423676,0.4104757010936737,-0.06433620303869247,0.030033232644200325,0.08919991552829742,-0.06411459296941757,0.022218424826860428]],"test/achieved_goal":[0.4104757010936737,-0.06433620303869247,0.030033232644200325]}