{"test/steps":8,"test/episode":1,"_wandb":{"runtime":85},"test/action":[0.44294559955596924,0.9659054279327393,0.6671929359436035,-0.8796683549880981],"test/desired_goal":[0.6000000238418579,0.019999999552965164,0.029999999329447746],"test/achieved_goal":[0.5723416805267334,-0.04728049784898758,0.06118091568350792],"test/observations":[[0.5996097326278687,0.019808458164334297,0.0596633180975914,0.0787520632147789,0.5723416805267334,-0.04728049784898758,0.06118091568350792,0.09246987104415894,-0.055046260356903076,-0.05447149649262428]],"_runtime":85.524854737,"_timestamp":1.7455737293509634e+09,"test/done":true,"global_step":16,"_step":16,"test/env_info":[1,1],"test/reward":-0.07914479076862335,"test/causal_embedding":[0.09320167452096939,0.08660601079463959,0.20918747782707214,-0.06646023690700531,-0.5133288502693176,-0.06979329138994217]}