{"test/observations":[[0.6403931975364685,-0.05850513279438019,0.09181219339370728,0.07999907433986664,0.6433137655258179,-0.044681522995233536,0.02910178154706955,0.08023510873317719,-0.03665924072265625,-0.37941911816596985]],"test/action":[-0.10312938690185547,0.9364726543426514,0.3551061153411865,0.5287132263183594],"test/desired_goal":[0.6000000238418579,0.019999999552965164,0.029999999329447746],"test/reward":-0.07784978300333023,"test/causal_embedding":[-0.4804074168205261,-0.7642164826393127,-0.4517592787742615,-0.4005918800830841,-0.4131799340248108,0.5628166794776917],"_wandb":{"runtime":40},"test/done":false,"_timestamp":1.7455747705959828e+09,"test/achieved_goal":[0.6433137655258179,-0.044681522995233536,0.02910178154706955],"test/env_info":[1,1],"test/episode":0,"_runtime":40.520252037,"_step":7,"global_step":7,"test/steps":7}